dataset,data_root,train_entity,test_entity,tag,L,hidden,latent,p_m,epochs,batch,lr,train_stride,mask,revin,tta,lr_online,online_opt,val_frac,tau_quantile,tau_mode,tau_buffer,buf_size,gate,views,unc_quantile,fuse_lams,global_norm,drop_head,seed,C,params_M,views_used,tau0,u_thr,train_time_s,auroc,auprc,f1_unsup_tau,precision_unsup_tau,recall_unsup_tau,f1_best,n_windows,n_selected,n_updates,n_anomalous_windows,n_anomalous_selected,update_precision,anomaly_leak_rate,normal_kept_rate,ms_per_window,early_fpr,late_fpr,auroc_fused_0.5,auprc_fused_0.5,auroc_fused_1.0,auprc_fused_1.0,auroc_fused_2.0,auprc_fused_2.0,auroc_u_only,auprc_u_only
npy,./data/MSL,M-1,M-1,noMask_fixed,100,256,128,0.15,50,64,0.001,1,0,1,1,0.001,adam,0.1,0.99,fixed,gated,5000,none,8,0.95,"[0.5, 1.0, 2.0]",0,0,1,55,2.887786,0,0.003278373973444104,inf,2.658351421356201,0.3638849970991594,0.41017253601595827,0.32620586772749877,0.37701149425287356,0.287467134092901,0.6680327868852458,2178,1218,29,1167,883,0.27504104375839233,0.7566409707069397,0.33135509490966797,0.02686390644700512,0.6804281373818716,0.0,,,,,,,,
npy,./data/MSL,T-12,T-12,gate_gbuf5k,100,256,128,0.15,50,64,0.001,1,1,1,1,0.001,adam,0.1,0.99,adaptive,gated,5000,unc,8,0.95,"[0.5, 1.0, 2.0]",0,0,6,55,2.887841,8,0.0028986523393541574,0.0018349679885432124,1.436678409576416,0.7812834435142401,0.17520935495603257,0.26330532212885155,0.19915254237288135,0.3884297520661157,0.2616822429906542,2331,2184,36,220,121,0.944597065448761,0.550000011920929,0.9772619605064392,0.10791146054589047,0.0,0.0,0.7993192287455841,0.1821042048180734,0.7998060052471643,0.18372188803282682,0.7965166846225156,0.18666970241015932,0.7554341795847368,0.13067039517443663
npy,./data/MSL,M-4,M-4,gate_noTTA,100,256,128,0.15,50,64,0.001,1,1,1,0,0.001,adam,0.1,0.99,fixed,gated,5000,unc,8,0.95,"[0.5, 1.0, 2.0]",0,0,9,55,2.887841,8,0.0048163700848817825,0.0026543601416051388,2.65655255317688,0.3988032202471591,0.11470847153855464,0.1356255969436485,0.08919597989949749,0.28286852589641437,0.21959755030621173,1939,1175,0,350,321,0.726808488368988,0.9171428680419922,0.5374449491500854,0.07401538178009616,0.3969072103500366,0.4755314886569977,0.3895419998796086,0.11156379372883449,0.3888909944998963,0.1102898736798226,0.3932596419024518,0.10816720966941015,0.4130852081322165,0.10081456667413093
npy,./data/MSL,S-2,S-2,gate_noTTA,100,256,128,0.15,50,64,0.001,1,1,1,0,0.001,adam,0.1,0.99,fixed,gated,5000,unc,8,0.95,"[0.5, 1.0, 2.0]",0,0,2,55,2.887841,8,0.004712443333119154,0.002609675982967019,1.1151819229125977,0.6962855426511814,0.2828765775040967,0.015071590052750565,0.007598784194528876,0.9090909090909091,0.42857142857142855,1728,0,0,110,0,0.0,0.0,0.0,0.0688710974322425,1.0,1.0,0.7138566279535443,0.28352173485981413,0.730226271525831,0.2847739151741742,0.7559571485782939,0.2860490994252426,0.7062474969963957,0.012458285506822722
npy,./data/MSL,F-8,F-8,mask_noTTA,100,256,128,0.15,50,64,0.001,1,1,1,0,0.001,adam,0.1,0.99,fixed,gated,5000,none,8,0.95,"[0.5, 1.0, 2.0]",0,0,0,55,2.887841,8,0.006161646451801062,0.0034982729703187943,4.1697564125061035,0.6020054433462255,0.27131434095687135,0.23764258555133078,0.24271844660194175,0.23277467411545624,0.3990167963949201,2388,2195,0,537,433,0.8027334809303284,0.80633145570755,0.9519178867340088,0.0653350772570126,0.044630403319994606,0.013108614832162857,0.5944057680370529,0.271376637058654,0.5877582008308265,0.27189868022586877,0.582989065558898,0.2780956326430229,0.580782122905028,0.3100967176087217
npy,./data/MSL,C-1,C-1,fixed,100,256,128,0.15,50,64,0.001,1,1,1,1,0.001,adam,0.1,0.99,fixed,gated,5000,none,8,0.95,"[0.5, 1.0, 2.0]",0,0,6,55,2.887841,8,0.005681487265974283,0.002930397167801857,2.7472658157348633,0.6578739097309794,0.21214644204042055,0.23205741626794257,0.1851145038167939,0.3108974358974359,0.31167268351383876,2165,1680,33,464,351,0.7910714149475098,0.756465494632721,0.7813051342964172,0.08661851596612027,0.8786482413609823,0.0,0.6656190889029004,0.21658699128630243,0.6646174863387978,0.21975090515338622,0.6636027480033627,0.224664205936278,0.6648867696511139,0.22220636506953723
npy,./data/MSL,P-15,P-15,noMask_fixed,100,256,128,0.15,50,64,0.001,1,0,1,1,0.001,adam,0.1,0.99,fixed,gated,5000,none,8,0.95,"[0.5, 1.0, 2.0]",0,0,6,55,2.887786,0,0.001697475672699511,inf,4.446725845336914,0.7527168892248257,0.6663148067934076,0.07310704960835508,0.03867403314917127,0.6666666666666666,0.7777777777777778,2757,2206,44,120,27,0.9877606630325317,0.22499999403953552,0.8263177871704102,0.026480460625262117,0.16787439584732056,0.1527272711197535,,,,,,,,
npy,./data/MSL,D-14,D-14,gate_gbuf5k,100,256,128,0.15,50,64,0.001,1,1,1,1,0.001,adam,0.1,0.99,adaptive,gated,5000,unc,8,0.95,"[0.5, 1.0, 2.0]",0,0,4,55,2.887841,8,0.005293536465615034,0.002629682421684265,4.569512605667114,0.42272797141711,0.21345078450009766,0.1613958560523446,0.10647482014388489,0.3333333333333333,0.30158730158730157,2526,1444,36,420,124,0.9141274094581604,0.29523810744285583,0.62678062915802,0.08948577932205261,0.12911726286013922,0.0052910055965185165,0.4582691305537747,0.219386145780384,0.4801636842835345,0.22618431772152225,0.503844668638676,0.23697497846665272,0.5065140046413454,0.21098654707056694
npy,./data/MSL,M-1,M-1,base_noTTA,100,256,128,0.15,50,64,0.001,1,0,1,0,0.001,adam,0.1,0.99,fixed,gated,5000,none,8,0.95,"[0.5, 1.0, 2.0]",0,0,4,55,2.887786,0,0.003366894321516156,inf,2.5484042167663574,0.3848304551233783,0.42258328143889257,0.30142781597038604,0.38,0.24978089395267308,0.6678372841673983,2178,1350,0,1167,932,0.3096296191215515,0.7986289858818054,0.41345202922821045,0.00872592295496917,0.6437308837970098,0.0,,,,,,,,
npy,./data/MSL,D-15,D-15,gate_noTTA,100,256,128,0.15,50,64,0.001,1,1,1,0,0.001,adam,0.1,0.99,fixed,gated,5000,unc,8,0.95,"[0.5, 1.0, 2.0]",0,0,0,55,2.887841,8,0.004260675981640816,0.0032881039660423994,2.555049419403076,0.616375821809405,0.3814877100598804,0.3581616481774961,0.3639291465378422,0.35257410296411856,0.4940357852882703,2059,895,0,658,24,0.97318434715271,0.036474164575338364,0.621698796749115,0.06752387014854991,0.3220064816996455,0.0,0.6774352450696578,0.41765102527885645,0.6996895300993318,0.44003579863757225,0.7235141613970426,0.4747605967545849,0.8028788653194118,0.6439559914737414
npy,./data/MSL,D-14,D-14,base_noTTA,100,256,128,0.15,50,64,0.001,1,0,1,0,0.001,adam,0.1,0.99,fixed,gated,5000,none,8,0.95,"[0.5, 1.0, 2.0]",0,0,2,55,2.887786,0,0.004462463781237602,inf,4.321876525878906,0.4690870645926825,0.2773427850475936,0.12829736211031173,0.0739972337482711,0.481981981981982,0.35040431266846356,2526,476,0,420,112,0.7647058963775635,0.2666666805744171,0.17283950746059418,0.00851331772732527,0.9762845834096273,0.4259259303410848,,,,,,,,
npy,./data/MSL,M-2,M-2,gate_noTTA,100,256,128,0.15,50,64,0.001,1,1,1,0,0.001,adam,0.1,0.99,fixed,gated,5000,unc,8,0.95,"[0.5, 1.0, 2.0]",0,0,7,55,2.887841,8,0.0056137386709451675,0.0026002272497862577,2.880679130554199,0.7021029551542384,0.6985845814178882,0.549651100375738,0.7091412742382271,0.44872918492550395,0.6978131212723657,2178,1051,0,1167,127,0.8791627287864685,0.10882604867219925,0.9139465689659119,0.07507645613124767,0.09785932675004005,0.0,0.7680075853896384,0.7427104750408104,0.7993883546678846,0.7716184247559816,0.8319256026959301,0.8095602807081997,0.8693001567688339,0.8756629503289405
npy,./data/MSL,F-8,F-8,noMask_fixed,100,256,128,0.15,50,64,0.001,1,0,1,1,0.001,adam,0.1,0.99,fixed,gated,5000,none,8,0.95,"[0.5, 1.0, 2.0]",0,0,7,55,2.887786,0,0.005232980474829674,inf,4.138897180557251,0.5957131261041875,0.2642616183041919,0.24512534818941506,0.24444444444444444,0.24581005586592178,0.4012053379250968,2388,1970,35,537,512,0.7401015162467957,0.9534450769424438,0.7876823544502258,0.03015775377027553,0.23849372938275337,0.26404494047164917,,,,,,,,
npy,./data/MSL,D-15,D-15,base_noTTA,100,256,128,0.15,50,64,0.001,1,0,1,0,0.001,adam,0.1,0.99,fixed,gated,5000,none,8,0.95,"[0.5, 1.0, 2.0]",0,0,1,55,2.887786,0,0.003775555407628417,inf,2.4625496864318848,0.6338388538837533,0.38235290270126404,0.36685438455349967,0.3787375415282392,0.35569422776911075,0.5054844606946983,2059,975,0,658,60,0.9384615421295166,0.09118541330099106,0.6531049013137817,0.008498887056977844,0.3025889853015542,0.0,,,,,,,,
npy,./data/MSL,M-7,M-7,gate_gbuf5k,100,256,128,0.15,50,64,0.001,1,1,1,1,0.001,adam,0.1,0.99,adaptive,gated,5000,unc,8,0.95,"[0.5, 1.0, 2.0]",0,0,1,55,2.887841,8,0.002730562351644039,0.0017811335856094956,1.9267842769622803,0.898552190985522,0.5388565612046596,0.26127527216174184,0.15498154981549817,0.8316831683168316,0.649214659685864,2057,840,31,200,15,0.9821428656578064,0.07500000298023224,0.4442649483680725,0.08581480935875165,0.23139158884684244,0.0,0.9135217171352172,0.5758740807135593,0.9202139192021392,0.599444568862003,0.922536195225362,0.6115770128575768,0.9196887571968877,0.5322923853489625
npy,./data/MSL,F-4,F-4,mask_noTTA,100,256,128,0.15,50,64,0.001,1,1,1,0,0.001,adam,0.1,0.99,fixed,gated,5000,none,8,0.95,"[0.5, 1.0, 2.0]",0,0,4,55,2.887841,8,0.003819467965513468,0.002153158187866211,2.670902967453003,0.5336435203281762,0.02883932436401588,0.06349206349206349,0.03695150115473441,0.22535211267605634,0.06722689075630253,3323,3105,0,170,164,0.9471819400787354,0.9647058844566345,0.9327624440193176,0.07012641612858504,0.1181181197365125,0.07822304343183835,0.4931763064210389,0.026184609093215724,0.48179858020099103,0.024550757227907487,0.47241731499111045,0.022680469678441197,0.40053210939765727,0.015859048655168413
npy,./data/MSL,P-15,P-15,gate_gbuf5k,100,256,128,0.15,50,64,0.001,1,1,1,1,0.001,adam,0.1,0.99,adaptive,gated,5000,unc,8,0.95,"[0.5, 1.0, 2.0]",0,0,8,55,2.887841,8,0.0015174138825386763,0.0013345045736059546,4.332680702209473,0.7311665406903503,0.6224901203149749,0.10332103321033209,0.056,0.6666666666666666,0.6666666666666667,2757,2266,44,120,39,0.9827890396118164,0.32499998807907104,0.8445202708244324,0.09231935777134942,0.10990338275829951,0.001212121220305562,0.7371294196691022,0.6292313011588607,0.7403712102124801,0.63907542156716,0.7446712018140589,0.6429720407760967,0.7135298563869992,0.1118936386847348
npy,./data/MSL,D-16,D-16,base_noTTA,100,256,128,0.15,50,64,0.001,1,0,1,0,0.001,adam,0.1,0.99,fixed,gated,5000,none,8,0.95,"[0.5, 1.0, 2.0]",0,0,0,55,2.887786,0,0.0037428480572998524,inf,1.6816024780273438,0.533763241366928,0.36451500318058716,0.4301651048639,0.3031446540880503,0.7403993855606759,0.46725533480500375,2092,0,0,750,0,0.0,0.0,0.0,0.010278895069946522,1.0,1.0,,,,,,,,
npy,./data/MSL,C-1,C-1,gate_noTTA,100,256,128,0.15,50,64,0.001,1,1,1,0,0.001,adam,0.1,0.99,fixed,gated,5000,unc,8,0.95,"[0.5, 1.0, 2.0]",0,0,8,55,2.887841,8,0.00579709280282259,0.0029966039583086967,2.91459584236145,0.6599460776586801,0.21778345739993163,0.2275449101796407,0.18164435946462715,0.30448717948717946,0.3172147001934236,2165,1705,0,464,358,0.7900293469429016,0.7715517282485962,0.791887104511261,0.06859913709257272,0.846390167872111,0.0,0.654770583753678,0.21816408697788545,0.6479219209751996,0.21779208498325042,0.6399961249474568,0.21798443333804812,0.6146917034468264,0.2104434952002277
npy,./data/MSL,T-12,T-12,fixed,100,256,128,0.15,50,64,0.001,1,1,1,1,0.001,adam,0.1,0.99,fixed,gated,5000,none,8,0.95,"[0.5, 1.0, 2.0]",0,0,0,55,2.887841,8,0.003031668718904257,0.0022243806160986423,1.3968265056610107,0.8139511577048488,0.23569136848435704,0.2615803814713897,0.1951219512195122,0.39669421487603307,0.27655310621242485,2331,2216,36,220,138,0.9377256035804749,0.6272727251052856,0.9843676090240479,0.0952503191253649,0.0,0.02432045837243398,0.8266180844628817,0.23874720939536095,0.8241913604329448,0.23888047670931073,0.8175554513599318,0.23750463020547763,0.7499149930741725,0.12430552760493349
npy,./data/MSL,M-7,M-7,gate_noTTA,100,256,128,0.15,50,64,0.001,1,1,1,0,0.001,adam,0.1,0.99,fixed,gated,5000,unc,8,0.95,"[0.5, 1.0, 2.0]",0,0,5,55,2.887841,8,0.0027359803207218647,0.0021262732334434986,1.9772298336029053,0.88436799884368,0.5153865849697684,0.15463917525773196,0.08466603951081844,0.8910891089108911,0.6373626373626373,2057,412,0,200,0,1.0,0.0,0.22186322510242462,0.07196056883371045,1.0,0.29430894056955975,0.8998385969983859,0.5404012273971525,0.9066608850666088,0.5564980816053655,0.9125581171255811,0.5808769591551564,0.8824311628243117,0.4932548413549768
npy,./data/MSL,M-7,M-7,gate_noTTA,100,256,128,0.15,50,64,0.001,1,1,1,0,0.001,adam,0.1,0.99,fixed,gated,5000,unc,8,0.95,"[0.5, 1.0, 2.0]",0,0,9,55,2.887841,8,0.002715430222451687,0.001914363936521113,1.9786722660064697,0.8781045987810461,0.5573938255469609,0.15730337078651685,0.08617424242424243,0.900990099009901,0.6703296703296704,2057,398,0,200,0,1.0,0.0,0.21432417631149292,0.07634077132414659,1.0,0.29430894056955975,0.892852496928525,0.5794136413742135,0.9010286430102864,0.59114847427834,0.9104092891040929,0.6119742131688584,0.9049842210498422,0.4521209698893686
npy,./data/MSL,P-11,P-11,noMask_fixed,100,256,128,0.15,50,64,0.001,1,0,1,1,0.001,adam,0.1,0.99,fixed,gated,5000,none,8,0.95,"[0.5, 1.0, 2.0]",0,0,3,55,2.887786,0,0.0030342123936861753,inf,4.758782625198364,0.7042862296351705,0.11485309010425826,0.08372093023255814,0.0891089108910891,0.07894736842105263,0.20164301717699779,3436,3436,54,426,426,0.8760186433792114,1.0,1.0,0.026586169552608754,0.0,0.0,,,,,,,,
npy,./data/MSL,D-16,D-16,noMask_fixed,100,256,128,0.15,50,64,0.001,1,0,1,1,0.001,adam,0.1,0.99,fixed,gated,5000,none,8,0.95,"[0.5, 1.0, 2.0]",0,0,6,55,2.887786,0,0.003681766800582409,inf,1.6913697719573975,0.511485826001955,0.34847615088500883,0.4184782608695652,0.29672447013487474,0.7096774193548387,0.46181686572566055,2092,0,0,750,0,0.0,0.0,0.0,0.010278781103130508,1.0,1.0,,,,,,,,
npy,./data/MSL,T-5,T-5,base_noTTA,100,256,128,0.15,50,64,0.001,1,0,1,0,0.001,adam,0.1,0.99,fixed,gated,5000,none,8,0.95,"[0.5, 1.0, 2.0]",0,0,5,55,2.887786,0,0.0029719453305006027,inf,2.7320497035980225,0.5530425322852329,0.2083862601772663,0.04466501240694788,0.023872679045092837,0.34615384615384615,0.32258064516129037,2119,1420,0,125,23,0.9838027954101562,0.18400000035762787,0.7006018161773682,0.00896561871502072,0.45597482721010846,0.35007748504479724,,,,,,,,
npy,./data/MSL,P-11,P-11,mask_noTTA,100,256,128,0.15,50,64,0.001,1,1,1,0,0.001,adam,0.1,0.99,fixed,gated,5000,none,8,0.95,"[0.5, 1.0, 2.0]",0,0,8,55,2.887841,8,0.002925823675468564,0.001960450317710638,4.755944728851318,0.7225887139984828,0.12230895801808192,0.08237986270022883,0.0861244019138756,0.07894736842105263,0.220873786407767,3436,3436,0,426,426,0.8760186433792114,1.0,1.0,0.06927843005054905,0.0,0.0,0.7565809367688954,0.13268950413792152,0.7572175449206627,0.13411155080269255,0.7513196356479345,0.13500814263205177,0.7444840556183321,0.1592826571953275
npy,./data/MSL,T-8,T-8,noMask_fixed,100,256,128,0.15,50,64,0.001,1,0,1,1,0.001,adam,0.1,0.99,fixed,gated,5000,none,8,0.95,"[0.5, 1.0, 2.0]",0,0,4,55,2.887786,0,0.004944699350744486,inf,0.8219597339630127,0.5644139095299375,0.10316651404559365,0.13987473903966596,0.07827102803738317,0.6568627450980392,0.16037735849056606,1420,0,0,300,0,0.0,0.0,0.0,0.010210359600228322,1.0,1.0,,,,,,,,
npy,./data/MSL,T-9,T-9,gate_gbuf5k,100,256,128,0.15,50,64,0.001,1,1,1,1,0.001,adam,0.1,0.99,adaptive,gated,5000,unc,8,0.95,"[0.5, 1.0, 2.0]",0,0,1,55,2.887841,8,0.008648497983813286,0.0032666861079633236,0.37509822845458984,0.5731435104529616,0.25690007600803655,0.24228028503562948,0.1650485436893204,0.45535714285714285,0.29411764705882354,997,770,16,290,135,0.8246753215789795,0.4655172526836395,0.8981612324714661,0.0952923429406873,0.0,0.0,0.6267512340301975,0.27211210962692484,0.6619210946573753,0.29277703391900156,0.7016187572590011,0.3167817733820073,0.7098032810685249,0.23845740297029946
npy,./data/MSL,P-10,P-10,fixed,100,256,128,0.15,50,64,0.001,1,1,1,1,0.001,adam,0.1,0.99,fixed,gated,5000,none,8,0.95,"[0.5, 1.0, 2.0]",0,0,8,55,2.887841,8,0.002053881762549281,0.0016972868470475078,6.075168132781982,0.956385344636858,0.5265903080324261,0.3404255319148936,0.21666666666666667,0.7938931297709924,0.5185185185185185,6001,5431,90,230,58,0.9893205761909485,0.25217390060424805,0.931034505367279,0.11133825832596422,0.0005555555690079927,0.21480480208992958,0.9596336798650534,0.5417241394097374,0.9586604581687319,0.5524942408606394,0.955951806982386,0.562554221084553,0.9138858657772537,0.3584074633396142
npy,./data/MSL,T-5,T-5,mask_noTTA,100,256,128,0.15,50,64,0.001,1,1,1,0,0.001,adam,0.1,0.99,fixed,gated,5000,none,8,0.95,"[0.5, 1.0, 2.0]",0,0,1,55,2.887841,8,0.003140907036140561,0.0022964230738580227,2.6190316677093506,0.5999789444132511,0.21383310925381502,0.039387308533916844,0.02088167053364269,0.34615384615384615,0.32258064516129037,2119,1513,0,125,23,0.9847984313964844,0.18400000035762787,0.747241735458374,0.06631209412629226,0.4166666716337204,0.30120868732531864,0.6333345030881528,0.21427130235111416,0.6306148231330713,0.2148872453235885,0.6219118472768108,0.21459812238312775,0.5506737787759686,0.051001669725994195
npy,./data/MSL,F-7,F-7,noMask_fixed,100,256,128,0.15,50,64,0.001,1,0,1,1,0.001,adam,0.1,0.99,fixed,gated,5000,none,8,0.95,"[0.5, 1.0, 2.0]",0,0,0,55,2.887786,0,0.0031206985004246235,inf,2.887176036834717,0.35059545778704826,0.060305569238702374,0.03508771929824561,0.031135531135531136,0.04018912529550828,0.15460526315789475,4955,4635,78,720,661,0.8573894500732422,0.918055534362793,0.9383707046508789,0.030175467913615115,0.028980141505599022,0.024242423940449953,,,,,,,,
npy,./data/MSL,D-16,D-16,base_noTTA,100,256,128,0.15,50,64,0.001,1,0,1,0,0.001,adam,0.1,0.99,fixed,gated,5000,none,8,0.95,"[0.5, 1.0, 2.0]",0,0,5,55,2.887786,0,0.0036932991351932287,inf,1.7457365989685059,0.519329902048796,0.3406211712239292,0.42095835199283466,0.2970922882427307,0.7219662058371735,0.4636197440585009,2092,0,0,750,0,0.0,0.0,0.0,0.008842001453640357,1.0,1.0,,,,,,,,
npy,./data/MSL,P-11,P-11,fixed,100,256,128,0.15,50,64,0.001,1,1,1,1,0.001,adam,0.1,0.99,fixed,gated,5000,none,8,0.95,"[0.5, 1.0, 2.0]",0,0,3,55,2.887841,8,0.002940521342679858,0.001863513607531786,5.04586386680603,0.70413238266516,0.11601621053763356,0.09545454545454546,0.09905660377358491,0.09210526315789473,0.20315717227179136,3436,3436,54,426,426,0.8760186433792114,1.0,1.0,0.09807267760786383,0.0,0.0,0.756339556178017,0.13141190135194933,0.7621141226213402,0.13546546653426836,0.7619536443164155,0.13830185642963908,0.7662945161512793,0.18068849640202445
npy,./data/MSL,D-16,D-16,noMask_fixed,100,256,128,0.15,50,64,0.001,1,0,1,1,0.001,adam,0.1,0.99,fixed,gated,5000,none,8,0.95,"[0.5, 1.0, 2.0]",0,0,7,55,2.887786,0,0.00374522153288126,inf,1.7471816539764404,0.5258393680052666,0.34784923671605783,0.42831541218638,0.30234029095509174,0.7342549923195084,0.4632465543644717,2092,0,0,750,0,0.0,0.0,0.0,0.011950104459977743,1.0,1.0,,,,,,,,
npy,./data/MSL,F-5,F-5,mask_noTTA,100,256,128,0.15,50,64,0.001,1,1,1,0,0.001,adam,0.1,0.99,fixed,gated,5000,none,8,0.95,"[0.5, 1.0, 2.0]",0,0,4,55,2.887841,8,0.0033523691818118095,0.002015473088249564,3.1740190982818604,0.800184749069669,0.46754569867363116,0.2591093117408907,0.16271186440677965,0.6357615894039735,0.5140186915887851,3823,3298,0,250,58,0.9824135899543762,0.23199999332427979,0.9068009853363037,0.06893932772593257,0.18015665809313455,0.07673594852288564,0.8871537930634803,0.5640317369120875,0.9044994828079751,0.628052322137682,0.9168383322708507,0.6740240610860386,0.9344140802674998,0.5702975955670259
npy,./data/MSL,F-5,F-5,gate_gbuf5k,100,256,128,0.15,50,64,0.001,1,1,1,1,0.001,adam,0.1,0.99,adaptive,gated,5000,unc,8,0.95,"[0.5, 1.0, 2.0]",0,0,3,55,2.887841,8,0.0031564102973788977,0.00192977802362293,3.1366324424743652,0.8005833996287458,0.3817544977005869,0.2349304482225657,0.1532258064516129,0.5033112582781457,0.425925925925926,3823,3339,58,250,64,0.980832576751709,0.25600001215934753,0.9165967106819153,0.1005523965023838,0.0835509126385053,0.0017452007159590721,0.885750613342325,0.49175176687423167,0.904430992183288,0.5603597839511063,0.9220295703881662,0.634412005235262,0.9347705827498459,0.5721590769282765
npy,./data/MSL,P-10,P-10,gate_gbuf5k,100,256,128,0.15,50,64,0.001,1,1,1,1,0.001,adam,0.1,0.99,adaptive,gated,5000,unc,8,0.95,"[0.5, 1.0, 2.0]",0,0,3,55,2.887841,8,0.0019839804153889418,0.0017106286250054836,5.355794906616211,0.9519105710291978,0.5157774276463807,0.29787234042553196,0.18958333333333333,0.6946564885496184,0.5257731958762886,6001,5437,92,230,57,0.9895162582397461,0.24782608449459076,0.9322474598884583,0.10283659585534166,0.005000000198682149,0.10707207676023245,0.9567856316157654,0.5311321871774739,0.9577754786498691,0.5407193419832284,0.9574250676843079,0.5516544200553194,0.923882809272846,0.3452622390976523
npy,./data/MSL,C-2,C-2,fixed,100,256,128,0.15,50,64,0.001,1,1,1,1,0.001,adam,0.1,0.99,fixed,gated,5000,none,8,0.95,"[0.5, 1.0, 2.0]",0,0,2,55,2.887841,8,0.006094817072153091,0.0028119401540607214,0.8311975002288818,0.6397730132942819,0.0994102836062756,0.16346153846153846,0.09784172661870504,0.49635036496350365,0.1838006230529595,1952,1218,24,335,130,0.8932676315307617,0.38805970549583435,0.6728509664535522,0.09607291612468782,0.6682239274183909,0.45816586414972943,0.6908602765637752,0.11236988802654478,0.7095393908884973,0.12219161828211386,0.7334088430237435,0.14420911388569918,0.7811134247076859,0.2599990332207551
npy,./data/MSL,M-4,M-4,fixed,100,256,128,0.15,50,64,0.001,1,1,1,1,0.001,adam,0.1,0.99,fixed,gated,5000,none,8,0.95,"[0.5, 1.0, 2.0]",0,0,7,55,2.887841,8,0.004925425164401531,0.0028135678730905056,2.6606061458587646,0.4323678983004746,0.1148243599577486,0.1506849315068493,0.09987029831387809,0.30677290836653387,0.21940559440559443,1939,1333,30,350,338,0.746436595916748,0.9657142758369446,0.6261799931526184,0.10290190139463601,0.3505154599746068,0.4093093276023865,0.42170879994292554,0.11321438402977549,0.41834007004996243,0.11251093241863276,0.4169198973551791,0.10943305578647618,0.4218804691697675,0.1114002059326128
npy,./data/MSL,T-13,T-13,noMask_fixed,100,256,128,0.15,50,64,0.001,1,0,1,1,0.001,adam,0.1,0.99,fixed,gated,5000,none,8,0.95,"[0.5, 1.0, 2.0]",0,0,1,55,2.887786,0,0.002779073780402541,inf,1.3047568798065186,0.7033730158730159,0.2203396155347954,0.15736040609137053,0.21830985915492956,0.12301587301587301,0.31097560975609756,2331,2331,37,450,450,0.80694979429245,1.0,1.0,0.030677239816110057,0.0,0.0,,,,,,,,
npy,./data/MSL,T-12,T-12,gate_noTTA,100,256,128,0.15,50,64,0.001,1,1,1,0,0.001,adam,0.1,0.99,fixed,gated,5000,unc,8,0.95,"[0.5, 1.0, 2.0]",0,0,8,55,2.887841,8,0.002925049513578415,0.0019612719770520926,1.5532848834991455,0.8011016897587234,0.2199512405788731,0.2617801047120419,0.19157088122605365,0.4132231404958678,0.2752293577981651,2331,2155,0,220,136,0.9368909597396851,0.6181818246841431,0.9564187526702881,0.0690820645692777,0.0,0.06723891198635101,0.803109642827742,0.2198308610238906,0.7920157916023896,0.21675684852321325,0.777385652262616,0.21101295845375412,0.7005250743586897,0.09576064633090191
npy,./data/MSL,M-2,M-2,fixed,100,256,128,0.15,50,64,0.001,1,1,1,1,0.001,adam,0.1,0.99,fixed,gated,5000,none,8,0.95,"[0.5, 1.0, 2.0]",0,0,5,55,2.887841,8,0.005833858158439398,0.0028814373072236776,2.9542346000671387,0.7064989631037761,0.6974752118078937,0.5455525606469003,0.7086834733893558,0.44347063978965817,0.7065826330532213,2178,1344,34,1167,350,0.7395833134651184,0.29991430044174194,0.9831849932670593,0.08885711568336732,0.025993884230653446,0.0,0.7523746775129303,0.7273539905490135,0.7752025959437608,0.747705336574497,0.7990234350890619,0.7747510117222314,0.8084905136339511,0.8170400158702815
npy,./data/MSL,F-5,F-5,gate_gbuf5k,100,256,128,0.15,50,64,0.001,1,1,1,1,0.001,adam,0.1,0.99,adaptive,gated,5000,unc,8,0.95,"[0.5, 1.0, 2.0]",0,0,2,55,2.887841,8,0.0031736225355416536,0.001922949799336493,3.2170815467834473,0.8248589356556922,0.4422492085093464,0.2735294117647059,0.17580340264650285,0.6158940397350994,0.4909090909090909,3823,3337,58,250,62,0.9814204573631287,0.24799999594688416,0.9165967106819153,0.10043814517177589,0.09051349014043808,0.0,0.8918743776573046,0.5435612687587218,0.9089232746948217,0.5896622026417138,0.9236013424162438,0.6277221442161284,0.938008959978645,0.5109468585972866
npy,./data/MSL,P-10,P-10,noMask_fixed,100,256,128,0.15,50,64,0.001,1,0,1,1,0.001,adam,0.1,0.99,fixed,gated,5000,none,8,0.95,"[0.5, 1.0, 2.0]",0,0,0,55,2.887786,0,0.0018835094524547458,inf,5.318740606307983,0.9643731800050899,0.5461924972865334,0.37351443123938877,0.24017467248908297,0.8396946564885496,0.5185185185185185,6001,5360,89,230,45,0.9916045069694519,0.19565217196941376,0.9209842085838318,0.02683176435722627,0.002777777767429749,0.23429429779450098,,,,,,,,
npy,./data/MSL,F-8,F-8,base_noTTA,100,256,128,0.15,50,64,0.001,1,0,1,0,0.001,adam,0.1,0.99,fixed,gated,5000,none,8,0.95,"[0.5, 1.0, 2.0]",0,0,7,55,2.887786,0,0.005232980474829674,inf,4.136934995651245,0.5595540275987203,0.23937443410313597,0.22765757290686736,0.2300380228136882,0.22532588454376165,0.3894339622641509,2388,1846,0,537,465,0.7481040358543396,0.8659217953681946,0.7460831999778748,0.008796028156376364,0.2370990295894444,0.32022472222646076,,,,,,,,
npy,./data/MSL,F-7,F-7,gate_gbuf5k,100,256,128,0.15,50,64,0.001,1,1,1,1,0.001,adam,0.1,0.99,adaptive,gated,5000,unc,8,0.95,"[0.5, 1.0, 2.0]",0,0,5,55,2.887841,8,0.004591408185660839,0.004300329368561506,3.2737057209014893,0.45619790159134177,0.0725533453775668,0.06129597197898423,0.048678720445062586,0.08274231678486997,0.15449233016800584,4955,4553,78,720,641,0.8592137098312378,0.8902778029441833,0.9237307906150818,0.09860554569063466,0.01075268785158793,0.0,0.4622451328874738,0.07248031962625591,0.46239725807118537,0.07224211493859142,0.46234212545426984,0.07206612123911078,0.4944415601918003,0.0798533849408467
npy,./data/MSL,T-8,T-8,noMask_fixed,100,256,128,0.15,50,64,0.001,1,0,1,1,0.001,adam,0.1,0.99,fixed,gated,5000,none,8,0.95,"[0.5, 1.0, 2.0]",0,0,6,55,2.887786,0,0.005107548087835312,inf,0.8190898895263672,0.5425851356774184,0.10273308060421218,0.12393162393162392,0.06954436450839328,0.5686274509803921,0.15306122448979595,1420,0,0,300,0,0.0,0.0,0.0,0.010916716615918656,1.0,1.0,,,,,,,,
npy,./data/MSL,M-3,M-3,fixed,100,256,128,0.15,50,64,0.001,1,1,1,1,0.001,adam,0.1,0.99,fixed,gated,5000,none,8,0.95,"[0.5, 1.0, 2.0]",0,0,0,55,2.887841,8,0.004953938070684671,0.002664173487573862,2.5405993461608887,0.4291044776119403,0.10439948932885873,0.1277033985581874,0.08611111111111111,0.24701195219123506,0.21236673773987205,2028,1587,32,350,330,0.7920604944229126,0.9428571462631226,0.7491060495376587,0.09345491021812785,0.24302134290337563,0.23196222384770712,0.41731793508269693,0.10243745046244741,0.4125438544330142,0.10139446692875106,0.4116115495374578,0.09995297610745384,0.4370641102965537,0.09761037501058764
npy,./data/MSL,M-4,M-4,fixed,100,256,128,0.15,50,64,0.001,1,1,1,1,0.001,adam,0.1,0.99,fixed,gated,5000,none,8,0.95,"[0.5, 1.0, 2.0]",0,0,0,55,2.887841,8,0.004933968186378479,0.0029196699615567923,2.6034107208251953,0.4238869926003875,0.12004290447510423,0.15612648221343875,0.1038107752956636,0.3147410358565737,0.21958717610891526,1939,1353,29,350,338,0.7501847743988037,0.9657142758369446,0.6387665271759033,0.08768541041940313,0.35910652577877045,0.3862650493780772,0.41310750283700115,0.11746658056646742,0.4114643830943712,0.11608533745971358,0.41289124420058987,0.11407534079299364,0.4290794293447363,0.10051176744173099
npy,./data/MSL,T-13,T-13,fixed,100,256,128,0.15,50,64,0.001,1,1,1,1,0.001,adam,0.1,0.99,fixed,gated,5000,none,8,0.95,"[0.5, 1.0, 2.0]",0,0,1,55,2.887841,8,0.0026954065542668104,0.0021465665195137262,1.4021475315093994,0.7079388764994825,0.2095188088915193,0.1658291457286432,0.22602739726027396,0.13095238095238096,0.29225352112676056,2331,2331,37,450,450,0.80694979429245,1.0,1.0,0.08688500795892154,0.0,0.0,0.7228763099975222,0.22734501178590832,0.7207573571209935,0.23392697516125155,0.7158489658489658,0.23874297761585683,0.6998593437987377,0.2850886353392359
npy,./data/MSL,D-16,D-16,gate_gbuf5k,100,256,128,0.15,50,64,0.001,1,1,1,1,0.001,adam,0.1,0.99,adaptive,gated,5000,unc,8,0.95,"[0.5, 1.0, 2.0]",0,0,3,55,2.887841,8,0.0038178623653948307,0.00215110182762146,1.7567243576049805,0.5137760089372992,0.35425856658820265,0.3498392282958199,0.3008849557522124,0.41781874039938555,0.46187363834422657,2092,717,30,750,256,0.6429567933082581,0.3413333296775818,0.34351712465286255,0.09633444007450491,0.14920635521411896,0.14354067062959075,0.5220390208869471,0.36777352446549194,0.5279973866379396,0.38199770013352263,0.5369910427514114,0.4103650108979333,0.5449637919684003,0.45769832692932233
npy,./data/MSL,C-1,C-1,fixed,100,256,128,0.15,50,64,0.001,1,1,1,1,0.001,adam,0.1,0.99,fixed,gated,5000,none,8,0.95,"[0.5, 1.0, 2.0]",0,0,0,55,2.887841,8,0.005544409155845642,0.0025387497153133154,2.651381731033325,0.6698816467002943,0.21482774011457467,0.2415005861664713,0.19038817005545286,0.3301282051282051,0.3216374269005848,2165,1666,32,464,351,0.7893157005310059,0.756465494632721,0.7730746865272522,0.08453430810095806,0.9001536170641581,0.0,0.6723446038251365,0.21730447301185302,0.669781486443884,0.21783389167358583,0.6672298628625473,0.2200553696029789,0.6518018994325347,0.20953800538425302
npy,./data/MSL,T-8,T-8,gate_gbuf5k,100,256,128,0.15,50,64,0.001,1,1,1,1,0.001,adam,0.1,0.99,adaptive,gated,5000,unc,8,0.95,"[0.5, 1.0, 2.0]",0,0,1,55,2.887841,8,0.004710169043391943,0.0024396744556725025,0.8617458343505859,0.562663456349371,0.11566484390154319,0.12520064205457465,0.07485604606525911,0.38235294117647056,0.1699346405228758,1420,469,22,300,46,0.9019189476966858,0.15333333611488342,0.3776785731315613,0.09853403333207252,0.2230046863357226,0.0,0.5855162107185853,0.11949281789888308,0.6000387452087398,0.12230835016363348,0.6234657589217762,0.13014944887982322,0.6593050770061025,0.1120441499499015
npy,./data/MSL,M-2,M-2,noMask_fixed,100,256,128,0.15,50,64,0.001,1,0,1,1,0.001,adam,0.1,0.99,fixed,gated,5000,none,8,0.95,"[0.5, 1.0, 2.0]",0,0,0,55,2.887786,0,0.005907085724174976,inf,2.630542516708374,0.7152323449901864,0.7035947363537972,0.5449561403508771,0.7276720351390923,0.43558282208588955,0.7076299797434166,2178,1510,34,1167,520,0.6556291580200195,0.4455869793891907,0.9792284965515137,0.030306197832876438,0.0321100919197003,0.0,,,,,,,,
npy,./data/MSL,P-10,P-10,noMask_fixed,100,256,128,0.15,50,64,0.001,1,0,1,1,0.001,adam,0.1,0.99,fixed,gated,5000,none,8,0.95,"[0.5, 1.0, 2.0]",0,0,8,55,2.887786,0,0.0019185226410627365,inf,5.314251184463501,0.9664679725656349,0.5576409087673255,0.3846153846153846,0.2462526766595289,0.8778625954198473,0.5077720207253886,6001,5363,89,230,46,0.991422712802887,0.20000000298023224,0.9213308095932007,0.03141507449258945,0.0016666667070239782,0.24039039264122644,,,,,,,,
npy,./data/MSL,T-8,T-8,gate_noTTA,100,256,128,0.15,50,64,0.001,1,1,1,0,0.001,adam,0.1,0.99,fixed,gated,5000,unc,8,0.95,"[0.5, 1.0, 2.0]",0,0,7,55,2.887841,8,0.004824239294975996,0.00252611399628222,0.9042274951934814,0.55051406589453,0.11703151702936754,0.1288936627282492,0.07237635705669482,0.5882352941176471,0.16964285714285715,1420,0,0,300,0,0.0,0.0,0.0,0.07395794693852814,1.0,1.0,0.5626496187748211,0.12020695579041732,0.5727302918344472,0.12288193710020413,0.5868792118117536,0.12623682644370054,0.5891624116124925,0.0951945103183116
npy,./data/MSL,F-8,F-8,fixed,100,256,128,0.15,50,64,0.001,1,1,1,1,0.001,adam,0.1,0.99,fixed,gated,5000,none,8,0.95,"[0.5, 1.0, 2.0]",0,0,4,55,2.887841,8,0.005972903221845627,0.00334508647210896,4.36916446685791,0.553232106193,0.24124657983408931,0.20961538461538462,0.21669980119284293,0.20297951582867785,0.38991845811712383,2388,2242,38,537,479,0.7863514423370361,0.8919925689697266,0.9524581432342529,0.09632699653331558,0.055788006633520126,0.009363296131292978,0.5532273313278899,0.24229163479621776,0.5489404574320775,0.24314127846434588,0.5453144248674975,0.24799502761065403,0.5501408585207468,0.2925315697420398
npy,./data/MSL,C-2,C-2,noMask_fixed,100,256,128,0.15,50,64,0.001,1,0,1,1,0.001,adam,0.1,0.99,fixed,gated,5000,none,8,0.95,"[0.5, 1.0, 2.0]",0,0,8,55,2.887786,0,0.005806827452033758,inf,0.8827345371246338,0.6219519636333128,0.09640508685341878,0.15617715617715616,0.09292649098474341,0.48905109489051096,0.18326693227091637,1952,1152,24,335,126,0.890625,0.3761194050312042,0.6345083713531494,0.02792404323327737,0.7221819460391998,0.4858165979385376,,,,,,,,
npy,./data/MSL,F-5,F-5,gate_noTTA,100,256,128,0.15,50,64,0.001,1,1,1,0,0.001,adam,0.1,0.99,fixed,gated,5000,unc,8,0.95,"[0.5, 1.0, 2.0]",0,0,5,55,2.887841,8,0.00322493864223361,0.0019517035689204931,3.3292651176452637,0.8239439711566662,0.43854638620798303,0.2769640479360852,0.17333333333333334,0.6887417218543046,0.4769874476987448,3823,3089,0,250,57,0.9815474152565002,0.2280000001192093,0.8485866189002991,0.07103021438602625,0.20191470781962076,0.09157015383243561,0.8897617053111845,0.524143211002649,0.9058253910551243,0.5751052853208038,0.9167329620790241,0.5989879748826706,0.9292597217173234,0.48584809112982946
npy,./data/MSL,C-1,C-1,gate_noTTA,100,256,128,0.15,50,64,0.001,1,1,1,0,0.001,adam,0.1,0.99,fixed,gated,5000,unc,8,0.95,"[0.5, 1.0, 2.0]",0,0,1,55,2.887841,8,0.005667607765644789,0.002741590142250061,2.335937023162842,0.6565258511979823,0.20013036277271418,0.23820754716981132,0.1884328358208955,0.32371794871794873,0.3126916002452483,2165,1668,0,464,353,0.7883692979812622,0.7607758641242981,0.7730746865272522,0.06836886769354206,0.8755760391553243,0.0,0.6621282576712904,0.20459161072203252,0.6602974595418243,0.20751294843714743,0.6568246899957966,0.21085656324289748,0.6495441887347626,0.22429435605618175
npy,./data/MSL,M-6,M-6,gate_noTTA,100,256,128,0.15,50,64,0.001,1,1,1,0,0.001,adam,0.1,0.99,fixed,gated,5000,unc,8,0.95,"[0.5, 1.0, 2.0]",0,0,7,55,2.887841,8,0.002129873726516962,0.0017497451044619083,2.088850975036621,0.743132371904835,0.6277659062729443,0.18424396442185517,0.104091888011486,0.8011049723756906,0.7137809187279153,1950,0,0,199,0,0.0,0.0,0.0,0.06975577427790715,1.0,0.6666666666666666,0.7421829711216534,0.6389000637474271,0.7397547529191857,0.6382591171920857,0.7390271747488968,0.6374063962021339,0.7600766618950159,0.6296359291357442
npy,./data/MSL,F-8,F-8,mask_noTTA,100,256,128,0.15,50,64,0.001,1,1,1,0,0.001,adam,0.1,0.99,fixed,gated,5000,none,8,0.95,"[0.5, 1.0, 2.0]",0,0,5,55,2.887841,8,0.005934800021350384,0.003442992689087987,4.2857465744018555,0.5739454710404431,0.25773247704739904,0.23863636363636365,0.24277456647398843,0.2346368715083799,0.38369304556354916,2388,2166,0,537,429,0.801939070224762,0.7988826632499695,0.9384116530418396,0.06889458277716709,0.05578800539175669,0.03558052331209183,0.5739855799073675,0.260279808888249,0.5702487704722342,0.26303018098945874,0.5692699231246717,0.2722215648930715,0.5766910184787281,0.30816963070833114
npy,./data/MSL,T-4,T-4,gate_noTTA,100,256,128,0.15,50,64,0.001,1,1,1,0,0.001,adam,0.1,0.99,fixed,gated,5000,unc,8,0.95,"[0.5, 1.0, 2.0]",0,0,1,55,2.887841,8,0.003976329229772091,0.002388923428952694,2.8419272899627686,0.43916821849782745,0.027723983298473257,0.060422960725075525,0.03372681281618887,0.2898550724637681,0.06324110671936758,2118,1294,0,168,134,0.8964451551437378,0.7976190447807312,0.5948718190193176,0.06564086737556206,0.48113207519054413,0.4595293353001277,0.43005964429330956,0.027146437481185056,0.430437481445497,0.02691525446662027,0.4300124146492862,0.026516304812730835,0.40914365908293526,0.024950796428244264
npy,./data/MSL,D-16,D-16,mask_noTTA,100,256,128,0.15,50,64,0.001,1,1,1,0,0.001,adam,0.1,0.99,fixed,gated,5000,none,8,0.95,"[0.5, 1.0, 2.0]",0,0,0,55,2.887841,8,0.003769508097320795,0.002169570419937372,1.7743709087371826,0.5161489815867696,0.3493974378832121,0.4112494236975565,0.2938076416337286,0.685099846390169,0.4605973371716445,2092,0,0,750,0,0.0,0.0,0.0,0.06573902261416725,1.0,1.0,0.5269246114868235,0.3628984363492537,0.5344554830729946,0.377080181041044,0.5436910247970156,0.40314015004382453,0.558282961278353,0.4592385759019237
npy,./data/MSL,M-4,M-4,mask_noTTA,100,256,128,0.15,50,64,0.001,1,1,1,0,0.001,adam,0.1,0.99,fixed,gated,5000,none,8,0.95,"[0.5, 1.0, 2.0]",0,0,5,55,2.887841,8,0.00480083329603076,0.0031652827747166157,2.6118876934051514,0.41355785587365146,0.11139996725102444,0.14995131450827653,0.09922680412371133,0.30677290836653387,0.22124283825473778,1939,1220,0,350,337,0.7237704992294312,0.9628571271896362,0.5556954145431519,0.0709247933398085,0.3865979313850403,0.49067630370457965,0.40616493176705604,0.10907377591414774,0.4052397015184923,0.10756321437974754,0.40692295172973464,0.10579816327533388,0.4183177753451778,0.10061951129629094
npy,./data/MSL,P-10,P-10,gate_noTTA,100,256,128,0.15,50,64,0.001,1,1,1,0,0.001,adam,0.1,0.99,fixed,gated,5000,unc,8,0.95,"[0.5, 1.0, 2.0]",0,0,7,55,2.887841,8,0.002015412086620927,0.0017319938633590937,5.618394374847412,0.9563469784727453,0.5195908854660986,0.3306320907617504,0.20987654320987653,0.7786259541984732,0.4888888888888889,6001,5303,0,230,52,0.9901942014694214,0.22608695924282074,0.9098942875862122,0.08225099302653252,0.0,0.2211861896018187,0.9590453986819943,0.5403917527806824,0.9577499012071274,0.5576063281604878,0.9554466524882376,0.5798803716480162,0.9286798586590514,0.44283223040421266
npy,./data/MSL,T-8,T-8,base_noTTA,100,256,128,0.15,50,64,0.001,1,0,1,0,0.001,adam,0.1,0.99,fixed,gated,5000,none,8,0.95,"[0.5, 1.0, 2.0]",0,0,9,55,2.887786,0,0.004851271398365498,inf,0.8621962070465088,0.5229288610292389,0.09493183667204264,0.12320328542094457,0.06880733944954129,0.5882352941176471,0.14285714285714288,1420,0,0,300,0,0.0,0.0,0.0,0.010212374405122139,1.0,1.0,,,,,,,,
npy,./data/MSL,P-10,P-10,mask_noTTA,100,256,128,0.15,50,64,0.001,1,1,1,0,0.001,adam,0.1,0.99,fixed,gated,5000,none,8,0.95,"[0.5, 1.0, 2.0]",0,0,7,55,2.887841,8,0.002015412086620927,0.0017319938633590937,5.589689493179321,0.9563469784727453,0.5195908854660986,0.3306320907617504,0.20987654320987653,0.7786259541984732,0.4888888888888889,6001,5414,0,230,54,0.9900258779525757,0.2347826063632965,0.9287818670272827,0.08081325072682792,0.0,0.2211861896018187,0.9590453986819943,0.5403917527806824,0.9577499012071274,0.5576063281604878,0.9554466524882376,0.5798803716480162,0.9286798586590514,0.44283223040421266
npy,./data/MSL,M-4,M-4,base_noTTA,100,256,128,0.15,50,64,0.001,1,0,1,0,0.001,adam,0.1,0.99,fixed,gated,5000,none,8,0.95,"[0.5, 1.0, 2.0]",0,0,5,55,2.887786,0,0.004782077390700579,inf,2.5778303146362305,0.37680726450660706,0.09989296814666518,0.11706349206349206,0.07793923381770146,0.2350597609561753,0.22007891275756247,1939,1256,0,350,337,0.7316879034042358,0.9628571271896362,0.5783511400222778,0.008510768628722925,0.388316144545873,0.48513134320576984,,,,,,,,
npy,./data/MSL,M-7,M-7,base_noTTA,100,256,128,0.15,50,64,0.001,1,0,1,0,0.001,adam,0.1,0.99,fixed,gated,5000,none,8,0.95,"[0.5, 1.0, 2.0]",0,0,5,55,2.887786,0,0.002881926018744707,inf,1.9040422439575195,0.8720724627207247,0.44184093128214413,0.15548281505728312,0.0847457627118644,0.9405940594059405,0.5505617977528091,2057,434,0,200,0,1.0,0.0,0.23371028900146484,0.008756116460003665,1.0,0.29430894056955975,,,,,,,,
npy,./data/MSL,M-7,M-7,gate_gbuf5k,100,256,128,0.15,50,64,0.001,1,1,1,1,0.001,adam,0.1,0.99,adaptive,gated,5000,unc,8,0.95,"[0.5, 1.0, 2.0]",0,0,0,55,2.887841,8,0.002640648279339075,0.0019974359311163425,1.9424338340759277,0.8475343884753439,0.5624988667131181,0.228310502283105,0.13489208633093525,0.7425742574257426,0.6136363636363636,2057,1089,31,200,32,0.9706152677536011,0.1599999964237213,0.5691976547241211,0.090675442092443,0.2152103583017985,0.0,0.8924959649249596,0.6086933910459625,0.9074414010744141,0.654395746996037,0.9149093011490929,0.6985386973278845,0.8824648888246488,0.561359177053121
npy,./data/MSL,T-13,T-13,mask_noTTA,100,256,128,0.15,50,64,0.001,1,1,1,0,0.001,adam,0.1,0.99,fixed,gated,5000,none,8,0.95,"[0.5, 1.0, 2.0]",0,0,6,55,2.887841,8,0.002672293223440647,0.001724492758512497,1.4575724601745605,0.7084918448554813,0.21793536043987435,0.15345268542199486,0.2158273381294964,0.11904761904761904,0.29540481400437635,2331,2331,0,450,450,0.80694979429245,1.0,1.0,0.06757525096682201,0.0,0.0,0.722597548355124,0.2320387522660617,0.7199265381083563,0.23379914472421068,0.7134366755578876,0.2335922638925793,0.6814428556852798,0.2195515769770288
npy,./data/MSL,P-10,P-10,fixed,100,256,128,0.15,50,64,0.001,1,1,1,1,0.001,adam,0.1,0.99,fixed,gated,5000,none,8,0.95,"[0.5, 1.0, 2.0]",0,0,1,55,2.887841,8,0.001976204803213477,0.0016722958534955978,5.800981283187866,0.9502569893559472,0.5283935005318998,0.31329113924050633,0.19760479041916168,0.7557251908396947,0.5408163265306123,6001,5410,90,230,53,0.990203320980072,0.23043477535247803,0.9282619953155518,0.09874839858996076,0.0016666667070239782,0.2206306296090285,0.9575427239209195,0.5453843195878739,0.9582550557012759,0.5563633169452066,0.9572626509228981,0.5719418904627314,0.9070745927751398,0.3502985183486715
npy,./data/MSL,P-11,P-11,mask_noTTA,100,256,128,0.15,50,64,0.001,1,1,1,0,0.001,adam,0.1,0.99,fixed,gated,5000,none,8,0.95,"[0.5, 1.0, 2.0]",0,0,4,55,2.887841,8,0.002961066784337163,0.001910308375954628,5.079518795013428,0.7181987702852535,0.12177089609338004,0.08314087759815242,0.08780487804878048,0.07894736842105263,0.22160148975791433,3436,3436,0,426,426,0.8760186433792114,1.0,1.0,0.07189971604086329,0.0,0.0,0.7478395110849394,0.12531089297495854,0.7418858985989315,0.12321291912638374,0.7327028260096872,0.12094560337111641,0.7177703860497934,0.12345254964332114
npy,./data/MSL,T-9,T-9,mask_noTTA,100,256,128,0.15,50,64,0.001,1,1,1,0,0.001,adam,0.1,0.99,fixed,gated,5000,none,8,0.95,"[0.5, 1.0, 2.0]",0,0,3,55,2.887841,8,0.009037165902554989,0.0037286272272467613,0.39143800735473633,0.5700765824622532,0.2745005150562467,0.24941176470588236,0.16932907348242812,0.4732142857142857,0.310126582278481,997,822,0,290,149,0.8187347650527954,0.5137931108474731,0.9519094824790955,0.07523552943376026,0.0,0.0,0.6294824332171893,0.2997009476783637,0.671239837398374,0.32202271360814816,0.7184777874564461,0.37435923363097023,0.7538019018583043,0.31592742568711635
npy,./data/MSL,P-10,P-10,fixed,100,256,128,0.15,50,64,0.001,1,1,1,1,0.001,adam,0.1,0.99,fixed,gated,5000,none,8,0.95,"[0.5, 1.0, 2.0]",0,0,0,55,2.887841,8,0.0019772201776504517,0.001582189230248332,5.446782827377319,0.958119495254745,0.5539920697197934,0.3312302839116719,0.20874751491053678,0.8015267175572519,0.5685279187817258,6001,5412,90,230,52,0.990391731262207,0.22608695924282074,0.9287818670272827,0.09489174664686012,0.0005555555690079927,0.22097596898674965,0.9601759216511775,0.5668733267846655,0.9583253936688155,0.573720427080094,0.954143481780548,0.5784940992249697,0.9203211503710648,0.4143723999021633
npy,./data/MSL,F-5,F-5,base_noTTA,100,256,128,0.15,50,64,0.001,1,0,1,0,0.001,adam,0.1,0.99,fixed,gated,5000,none,8,0.95,"[0.5, 1.0, 2.0]",0,0,7,55,2.887786,0,0.003094204468652606,inf,3.1767897605895996,0.7865287722089632,0.391434411303992,0.2520775623268698,0.159369527145359,0.6026490066225165,0.46153846153846156,3823,3192,0,250,59,0.9815163016319275,0.23600000143051147,0.8768541812896729,0.008632897894138632,0.2201914663116137,0.09157015383243561,,,,,,,,
npy,./data/MSL,T-9,T-9,base_noTTA,100,256,128,0.15,50,64,0.001,1,0,1,0,0.001,adam,0.1,0.99,fixed,gated,5000,none,8,0.95,"[0.5, 1.0, 2.0]",0,0,7,55,2.887786,0,0.008666216395795345,inf,0.3836171627044678,0.5646686265969802,0.28496148470294164,0.22421524663677125,0.1497005988023952,0.44642857142857145,0.32128514056224905,997,806,0,290,136,0.8312655091285706,0.4689655303955078,0.9476661682128906,0.011038278026829511,0.0,0.0,,,,,,,,
npy,./data/MSL,M-4,M-4,fixed,100,256,128,0.15,50,64,0.001,1,1,1,1,0.001,adam,0.1,0.99,fixed,gated,5000,none,8,0.95,"[0.5, 1.0, 2.0]",0,0,5,55,2.887841,8,0.00480083329603076,0.0031652827747166157,2.6281967163085938,0.411883523544323,0.11158251175788397,0.1477832512315271,0.09816753926701571,0.29880478087649404,0.21950153038915612,1939,1289,28,350,333,0.7416601777076721,0.9514285922050476,0.6016362309455872,0.10187260695128418,0.3676975915829341,0.4440886974334717,0.40403578746012037,0.1100442912225423,0.4021407375534238,0.10885378453003801,0.4033312747889249,0.10601984929493935,0.41536149749073104,0.10041843107322795
npy,./data/MSL,T-5,T-5,base_noTTA,100,256,128,0.15,50,64,0.001,1,0,1,0,0.001,adam,0.1,0.99,fixed,gated,5000,none,8,0.95,"[0.5, 1.0, 2.0]",0,0,7,55,2.887786,0,0.0029991082847118378,inf,2.7128257751464844,0.6091205783267826,0.2083644919148369,0.046632124352331605,0.025,0.34615384615384615,0.32258064516129037,2119,1444,0,125,23,0.9840720295906067,0.18400000035762787,0.7126379013061523,0.009437842771882097,0.4449685414632161,0.3374839872121811,,,,,,,,
npy,./data/MSL,C-2,C-2,gate_gbuf5k,100,256,128,0.15,50,64,0.001,1,1,1,1,0.001,adam,0.1,0.99,adaptive,gated,5000,unc,8,0.95,"[0.5, 1.0, 2.0]",0,0,2,55,2.887841,8,0.006094817072153091,0.0028119401540607214,0.8231511116027832,0.5851619644723093,0.1059439135712374,0.18003913894324855,0.12299465240641712,0.3357664233576642,0.1954397394136808,1952,1609,30,335,210,0.8694841265678406,0.6268656849861145,0.8651824593544006,0.08710217280466048,0.19022687276204428,0.0,0.6568427796718761,0.12305594688818475,0.6958484924757263,0.13914207056520606,0.7386640123866399,0.1690618076224583,0.7993959224767179,0.2925987264687773
npy,./data/MSL,D-16,D-16,base_noTTA,100,256,128,0.15,50,64,0.001,1,0,1,0,0.001,adam,0.1,0.99,fixed,gated,5000,none,8,0.95,"[0.5, 1.0, 2.0]",0,0,8,55,2.887786,0,0.003758012782782316,inf,1.7486813068389893,0.5471612105252659,0.37613518675787905,0.43670886075949367,0.3094170403587444,0.7419354838709677,0.4608729846637829,2092,0,0,750,0,0.0,0.0,0.0,0.009324081085380131,1.0,1.0,,,,,,,,
npy,./data/MSL,T-8,T-8,mask_noTTA,100,256,128,0.15,50,64,0.001,1,1,1,0,0.001,adam,0.1,0.99,fixed,gated,5000,none,8,0.95,"[0.5, 1.0, 2.0]",0,0,3,55,2.887841,8,0.004845673684030771,0.002753984183073044,0.8397121429443359,0.556090608438153,0.10521063285714546,0.12742980561555076,0.07160194174757281,0.5784313725490197,0.14237288135593218,1420,0,0,300,0,0.0,0.0,0.0,0.06726241447556187,1.0,1.0,0.5719761440214759,0.1084046982476372,0.5838695393471433,0.11101188250411925,0.6023703765204036,0.11380517504621987,0.6270704470920336,0.10435361915796931
npy,./data/MSL,M-1,M-1,fixed,100,256,128,0.15,50,64,0.001,1,1,1,1,0.001,adam,0.1,0.99,fixed,gated,5000,none,8,0.95,"[0.5, 1.0, 2.0]",0,0,1,55,2.887841,8,0.0035152907948940992,0.002064242959022522,2.793092966079712,0.35852692844181655,0.4057973264069461,0.32000000000000006,0.37252619324796277,0.28045574057843997,0.6678372841673983,2178,1245,27,1167,894,0.2819277048110962,0.76606684923172,0.3471810221672058,0.08151134949851409,0.7048929731051127,0.0,0.3342786782041945,0.3964290274992921,0.3220943760723852,0.39083269408998417,0.3085321746429497,0.38392021726655945,0.31032514103023046,0.38075211435133705
npy,./data/MSL,C-1,C-1,gate_noTTA,100,256,128,0.15,50,64,0.001,1,1,1,0,0.001,adam,0.1,0.99,fixed,gated,5000,unc,8,0.95,"[0.5, 1.0, 2.0]",0,0,7,55,2.887841,8,0.0056020719930529594,0.002479324582964182,2.818789482116699,0.6583156000420345,0.21814330930894296,0.21575757575757576,0.17348927875243664,0.28525641025641024,0.31443298969072164,2165,1638,0,464,338,0.7936508059501648,0.7284482717514038,0.7642562985420227,0.06813584519313609,0.8755760391553243,0.0,0.6588049075241698,0.22278735208812978,0.6547755096679277,0.22574589669041778,0.6497379413619168,0.227616338125776,0.6417793059058429,0.20232575282345622
npy,./data/MSL,T-12,T-12,gate_noTTA,100,256,128,0.15,50,64,0.001,1,1,1,0,0.001,adam,0.1,0.99,fixed,gated,5000,unc,8,0.95,"[0.5, 1.0, 2.0]",0,0,0,55,2.887841,8,0.003031668718904257,0.0022243806160986423,1.4330286979675293,0.7950384589228638,0.22608264441075435,0.2513089005235602,0.1839080459770115,0.39669421487603307,0.2603305785123967,2331,2177,0,220,135,0.9379880428314209,0.6136363744735718,0.9673140645027161,0.0710063919597611,0.0,0.05007153252760569,0.8084212334773382,0.22943951115263223,0.8077125441588611,0.23074923359210003,0.8034067196632652,0.22963429278550895,0.7496501293894892,0.12169664292637372
npy,./data/MSL,F-4,F-4,mask_noTTA,100,256,128,0.15,50,64,0.001,1,1,1,0,0.001,adam,0.1,0.99,fixed,gated,5000,none,8,0.95,"[0.5, 1.0, 2.0]",0,0,8,55,2.887841,8,0.0038029870484024286,0.0022051995620131493,3.0877187252044678,0.5567057973024659,0.026764618028323417,0.06349206349206349,0.03695150115473441,0.22535211267605634,0.06845965770171149,3323,3154,0,170,167,0.9470513463020325,0.9823529124259949,0.9473517537117004,0.07901348122049447,0.09609609718124072,0.06438854336738586,0.5189327549901017,0.02485580760767562,0.5054997246985344,0.023918237782314063,0.49424809075281284,0.022743445063910343,0.4125613123683912,0.01658618757029712
npy,./data/MSL,M-3,M-3,fixed,100,256,128,0.15,50,64,0.001,1,1,1,1,0.001,adam,0.1,0.99,fixed,gated,5000,none,8,0.95,"[0.5, 1.0, 2.0]",0,0,4,55,2.887841,8,0.004830746911466122,0.002701908815652132,2.6098430156707764,0.40705196272479377,0.10052614568359368,0.14741035856573706,0.09827357237715803,0.2948207171314741,0.21159542953872196,2028,1475,32,350,309,0.7905084490776062,0.8828571438789368,0.6948748230934143,0.09049677989892001,0.24466338753700256,0.3083393822113673,0.4172542240419983,0.10138924602832813,0.428490727919877,0.10252883699631545,0.44550157578640665,0.10432555409189426,0.5022192679176684,0.11347382844032348
npy,./data/MSL,S-2,S-2,noMask_fixed,100,256,128,0.15,50,64,0.001,1,0,1,1,0.001,adam,0.1,0.99,fixed,gated,5000,none,8,0.95,"[0.5, 1.0, 2.0]",0,0,2,55,2.887786,0,0.004585641901940107,inf,1.0853750705718994,0.7093011613936724,0.28467425201489976,0.014534883720930234,0.007326007326007326,0.9090909090909091,0.42857142857142855,1728,0,0,110,0,0.0,0.0,0.0,0.013890779680675931,1.0,1.0,,,,,,,,
npy,./data/MSL,C-2,C-2,mask_noTTA,100,256,128,0.15,50,64,0.001,1,1,1,0,0.001,adam,0.1,0.99,fixed,gated,5000,none,8,0.95,"[0.5, 1.0, 2.0]",0,0,5,55,2.887841,8,0.00593255739659071,0.0034693945199251175,0.8767063617706299,0.6032423403427682,0.10303738197113287,0.18,0.1085972850678733,0.5255474452554745,0.19215686274509805,1952,1306,0,335,129,0.9012250900268555,0.3850746154785156,0.7278911471366882,0.0683992612557333,0.704908937215805,0.253291758398215,0.6688976347924246,0.11902457525252375,0.7016642640856081,0.13372003817378214,0.7389347794583134,0.16343415384372018,0.8238336041004051,0.3580644007124753
npy,./data/MSL,F-7,F-7,mask_noTTA,100,256,128,0.15,50,64,0.001,1,1,1,0,0.001,adam,0.1,0.99,fixed,gated,5000,none,8,0.95,"[0.5, 1.0, 2.0]",0,0,0,55,2.887841,8,0.004515376407653093,0.003912145271897316,2.8806443214416504,0.46625245735772847,0.07415964987344194,0.07223113964686999,0.054678007290400975,0.10638297872340426,0.1545205479452055,4955,4597,0,720,649,0.8588209748268127,0.9013888835906982,0.9322314262390137,0.07900243811121381,0.013482005335390568,0.061952862267692886,0.4800984015114505,0.0750704023091727,0.4817498275829504,0.07488481580853758,0.4802740091060705,0.07429645731386467,0.5049726557534714,0.08394822019158214
npy,./data/MSL,T-9,T-9,noMask_fixed,100,256,128,0.15,50,64,0.001,1,0,1,1,0.001,adam,0.1,0.99,fixed,gated,5000,none,8,0.95,"[0.5, 1.0, 2.0]",0,0,2,55,2.887786,0,0.008931953459978104,inf,0.3740677833557129,0.5831700058072009,0.2832597148744101,0.22779043280182232,0.1529051987767584,0.44642857142857145,0.3153846153846154,997,823,16,290,145,0.8238152861595154,0.5,0.9589816331863403,0.0341101180586437,0.0,0.0,,,,,,,,
npy,./data/MSL,P-14,P-14,mask_noTTA,100,256,128,0.15,50,64,0.001,1,1,1,0,0.001,adam,0.1,0.99,fixed,gated,5000,none,8,0.95,"[0.5, 1.0, 2.0]",0,0,1,55,2.887841,8,0.0023312754929065704,0.0017331440467387438,3.5165369510650635,0.9116768828540734,0.47933010299516826,0.35723598435462844,0.23378839590443687,0.7569060773480663,0.4351464435146443,6001,5430,0,280,109,0.979926347732544,0.38928571343421936,0.9300821423530579,0.0807560000731893,0.005000000198682149,0.23590278128782907,0.9183386397769521,0.5030021428427126,0.9187026702098963,0.5209093199048859,0.9190340312450119,0.5512648089262603,0.8920276401773855,0.5315093457168276
npy,./data/MSL,F-8,F-8,gate_noTTA,100,256,128,0.15,50,64,0.001,1,1,1,0,0.001,adam,0.1,0.99,fixed,gated,5000,unc,8,0.95,"[0.5, 1.0, 2.0]",0,0,5,55,2.887841,8,0.005934800021350384,0.003442992689087987,4.284138917922974,0.5739454710404431,0.25773247704739904,0.23863636363636365,0.24277456647398843,0.2346368715083799,0.38369304556354916,2388,2108,0,537,416,0.8026565313339233,0.774674117565155,0.9141004681587219,0.07475690426339257,0.05578800539175669,0.03558052331209183,0.5739855799073675,0.260279808888249,0.5702487704722342,0.26303018098945874,0.5692699231246717,0.2722215648930715,0.5766910184787281,0.30816963070833114
npy,./data/MSL,P-11,P-11,gate_gbuf5k,100,256,128,0.15,50,64,0.001,1,1,1,1,0.001,adam,0.1,0.99,adaptive,gated,5000,unc,8,0.95,"[0.5, 1.0, 2.0]",0,0,3,55,2.887841,8,0.002940521342679858,0.001863513607531786,4.805015325546265,0.705955999766577,0.1167754157556086,0.1024498886414254,0.10407239819004525,0.10087719298245613,0.20319303338171266,3436,3360,54,426,398,0.8815476298332214,0.934272289276123,0.9840531349182129,0.09472246636334065,0.0,0.0,0.7570026896694412,0.13199670999578836,0.7625053713812805,0.1358208629270021,0.7622878635960934,0.13851227730468657,0.7662215714672227,0.17989713208461572
npy,./data/MSL,M-5,M-5,noMask_fixed,100,256,128,0.15,50,64,0.001,1,0,1,1,0.001,adam,0.1,0.99,fixed,gated,5000,none,8,0.95,"[0.5, 1.0, 2.0]",0,0,7,55,2.887786,0,0.004871520679444075,inf,2.4759933948516846,0.4984517143985583,0.13505601875124665,0.17653631284916202,0.132996632996633,0.26245847176079734,0.23524189968930317,2204,2156,35,400,394,0.8172541856765747,0.9850000143051147,0.9767184257507324,0.03151571253034034,0.049773757656415306,0.013636363049348196,,,,,,,,
npy,./data/MSL,P-10,P-10,noMask_fixed,100,256,128,0.15,50,64,0.001,1,0,1,1,0.001,adam,0.1,0.99,fixed,gated,5000,none,8,0.95,"[0.5, 1.0, 2.0]",0,0,9,55,2.887786,0,0.0018708703573793173,inf,5.425551414489746,0.9684387145288827,0.5858585808370507,0.36569579288025883,0.23203285420944558,0.8625954198473282,0.5728643216080401,6001,5271,89,230,36,0.9931702017784119,0.156521737575531,0.9071218371391296,0.030084562945258634,0.0033333334140479565,0.30207208047310513,,,,,,,,
npy,./data/MSL,F-5,F-5,noMask_fixed,100,256,128,0.15,50,64,0.001,1,0,1,1,0.001,adam,0.1,0.99,fixed,gated,5000,none,8,0.95,"[0.5, 1.0, 2.0]",0,0,1,55,2.887786,0,0.0030913911759853363,inf,3.084365129470825,0.7902518523201637,0.3593793593679671,0.23789764868603044,0.15034965034965034,0.5695364238410596,0.3981481481481482,3823,3203,57,250,59,0.9815797805786133,0.23600000143051147,0.8799328207969666,0.02746746672905461,0.22541340440511703,0.08633455137411754,,,,,,,,
npy,./data/MSL,M-4,M-4,mask_noTTA,100,256,128,0.15,50,64,0.001,1,1,1,0,0.001,adam,0.1,0.99,fixed,gated,5000,none,8,0.95,"[0.5, 1.0, 2.0]",0,0,2,55,2.887841,8,0.00492908013984561,0.0029545044526457787,2.555253505706787,0.4107910830098743,0.11004704997965334,0.14457831325301204,0.09420289855072464,0.3107569721115538,0.21950153038915612,1939,1259,0,350,341,0.729150116443634,0.9742857217788696,0.5777218341827393,0.07376048662048938,0.37285222858190536,0.47207725048065186,0.40243948659753825,0.10791230002587793,0.39889239906629775,0.10631034161483743,0.397570323072567,0.10455554159866422,0.4070478020765288,0.10054066509947385
npy,./data/MSL,T-4,T-4,fixed,100,256,128,0.15,50,64,0.001,1,1,1,1,0.001,adam,0.1,0.99,fixed,gated,5000,none,8,0.95,"[0.5, 1.0, 2.0]",0,0,6,55,2.887841,8,0.00419923011213541,0.0023151792120188475,2.8825881481170654,0.46122446225676733,0.02860629653086848,0.04354587869362364,0.024390243902439025,0.2028985507246377,0.06291079812206572,2118,1579,32,168,156,0.9012032747268677,0.9285714030265808,0.7297435998916626,0.0864136770606829,0.4323899398247401,0.2906569379071395,0.443405392275929,0.028059774737066587,0.43329824845491594,0.027699422015779573,0.4288114322726905,0.02805724517443129,0.4206069683966211,0.027863950561507127
npy,./data/MSL,T-13,T-13,fixed,100,256,128,0.15,50,64,0.001,1,1,1,1,0.001,adam,0.1,0.99,fixed,gated,5000,none,8,0.95,"[0.5, 1.0, 2.0]",0,0,9,55,2.887841,8,0.0027139331214129925,0.0018610837869346142,1.4840176105499268,0.7113915125278762,0.21491736117354301,0.16541353383458646,0.22448979591836735,0.13095238095238096,0.31564625850340133,2331,2331,37,450,450,0.80694979429245,1.0,1.0,0.08517219906761533,0.0,0.0,0.7378128325098022,0.2335035240212543,0.7377800370224612,0.2380645078467434,0.7318786712726106,0.2409696314618613,0.704713075925197,0.25911424683107676
npy,./data/MSL,F-5,F-5,gate_gbuf5k,100,256,128,0.15,50,64,0.001,1,1,1,1,0.001,adam,0.1,0.99,adaptive,gated,5000,unc,8,0.95,"[0.5, 1.0, 2.0]",0,0,1,55,2.887841,8,0.003178604878485203,0.002060843864455819,3.0752294063568115,0.824894059052968,0.46839652945658306,0.2807017543859649,0.1801125703564728,0.6357615894039735,0.5185185185185185,3823,3357,58,250,66,0.9803395867347717,0.2639999985694885,0.9210747480392456,0.1120647148034537,0.11488250580926736,0.0017452007159590721,0.8807788964579809,0.543370445219339,0.8977715960598573,0.5930087343844647,0.9129782709102756,0.6256026948514356,0.9288839013664756,0.5162593537303912
npy,./data/MSL,T-5,T-5,gate_gbuf5k,100,256,128,0.15,50,64,0.001,1,1,1,1,0.001,adam,0.1,0.99,adaptive,gated,5000,unc,8,0.95,"[0.5, 1.0, 2.0]",0,0,7,55,2.887841,8,0.0030926379840821028,0.0024141615722328424,2.951457977294922,0.647161005053341,0.2102746055500332,0.050761421319796954,0.02717391304347826,0.38461538461538464,0.32258064516129037,2119,1795,33,125,24,0.9866295456886292,0.19200000166893005,0.8881645202636719,0.1071379284860954,0.11635220299164455,0.0,0.6591977821448625,0.21281739216678114,0.6512843907916901,0.2158949955539859,0.643230628860191,0.21941387789892852,0.5555165637282425,0.045614023559740105
npy,./data/MSL,M-6,M-6,gate_gbuf5k,100,256,128,0.15,50,64,0.001,1,1,1,1,0.001,adam,0.1,0.99,adaptive,gated,5000,unc,8,0.95,"[0.5, 1.0, 2.0]",0,0,2,55,2.887841,8,0.0021380481775850058,0.0019064792431890965,1.9147467613220215,0.7455280561240787,0.6081697185205013,0.2532467532467532,0.15746971736204576,0.6464088397790055,0.6788321167883212,1950,588,29,199,45,0.9234693646430969,0.2261306494474411,0.3101085126399994,0.08257291255853115,0.2752136788330972,0.0034904014319181442,0.7592751428537627,0.6429315533122844,0.7570302980112863,0.6417093036123942,0.7539661883185255,0.6399739200985337,0.7434222201190153,0.6274980063515605
npy,./data/MSL,M-6,M-6,gate_gbuf5k,100,256,128,0.15,50,64,0.001,1,1,1,1,0.001,adam,0.1,0.99,adaptive,gated,5000,unc,8,0.95,"[0.5, 1.0, 2.0]",0,0,5,55,2.887841,8,0.0021033238153904676,0.0016861759359017015,2.0703299045562744,0.7482224614620181,0.6284870681398569,0.25841476655808904,0.1608108108108108,0.6574585635359116,0.697841726618705,1950,430,29,199,37,0.9139534831047058,0.18592964112758636,0.22444318234920502,0.09309120667286408,0.2957264982784788,0.024432810644308727,0.7435109491641724,0.6364959749041272,0.7399884060714328,0.6357251502859343,0.7370426017722148,0.6349479481633481,0.7380777739657152,0.6273766235276401
npy,./data/MSL,P-10,P-10,gate_gbuf5k,100,256,128,0.15,50,64,0.001,1,1,1,1,0.001,adam,0.1,0.99,adaptive,gated,5000,unc,8,0.95,"[0.5, 1.0, 2.0]",0,0,5,55,2.887841,8,0.0020399093627929688,0.0016478841425850987,5.798533201217651,0.954562951841512,0.5181118409287243,0.33049403747870526,0.21271929824561403,0.7404580152671756,0.5053763440860215,6001,5357,91,230,56,0.9895463585853577,0.24347825348377228,0.9185582995414734,0.10789507449696291,0.0038888889054457345,0.11747747279393177,0.9587423059855054,0.5363940743372683,0.9583343457737751,0.5475137125278645,0.9560592322419013,0.5594038855451697,0.9092921570608449,0.3845197936240824
npy,./data/MSL,M-3,M-3,gate_gbuf5k,100,256,128,0.15,50,64,0.001,1,1,1,1,0.001,adam,0.1,0.99,adaptive,gated,5000,unc,8,0.95,"[0.5, 1.0, 2.0]",0,0,2,55,2.887841,8,0.004900000523775816,0.0029435097239911556,2.5374081134796143,0.4636401090733017,0.11281322252683859,0.15061728395061727,0.10912343470483005,0.24302788844621515,0.21240441801189466,2028,1886,32,350,341,0.8191940784454346,0.9742857217788696,0.9207389950752258,0.09665957099117001,0.10673235108455022,0.0,0.4509509934674946,0.11092759788753567,0.44593693456451383,0.10970942209426146,0.4417978406204606,0.10768863035698273,0.4340059803430203,0.09872877521405267
npy,./data/MSL,D-16,D-16,mask_noTTA,100,256,128,0.15,50,64,0.001,1,1,1,0,0.001,adam,0.1,0.99,fixed,gated,5000,none,8,0.95,"[0.5, 1.0, 2.0]",0,0,2,55,2.887841,8,0.0037237585056573153,0.002313600853085518,1.7736859321594238,0.5197428531529914,0.35297564695654843,0.4094052558782849,0.2924901185770751,0.6820276497695853,0.4639249639249639,2092,0,0,750,0,0.0,0.0,0.0,0.06764910645056409,1.0,1.0,0.5259411095816626,0.362553092240704,0.5307279510044487,0.3734254714061439,0.5373481357352325,0.3939815580744514,0.5327059269455583,0.43784345273921177
npy,./data/MSL,D-14,D-14,base_noTTA,100,256,128,0.15,50,64,0.001,1,0,1,0,0.001,adam,0.1,0.99,fixed,gated,5000,none,8,0.95,"[0.5, 1.0, 2.0]",0,0,1,55,2.887786,0,0.004492342006415129,inf,3.9330015182495117,0.46548421080256286,0.25757822806632796,0.13577981651376148,0.07855626326963906,0.5,0.3240223463687151,2526,504,0,420,112,0.7777777910232544,0.2666666805744171,0.18613485991954803,0.008711527947480964,0.9578392704327902,0.41931217908859253,,,,,,,,
npy,./data/MSL,T-12,T-12,base_noTTA,100,256,128,0.15,50,64,0.001,1,0,1,0,0.001,adam,0.1,0.99,fixed,gated,5000,none,8,0.95,"[0.5, 1.0, 2.0]",0,0,5,55,2.887786,0,0.002840269822627306,inf,1.3658862113952637,0.7243270135903704,0.1593732245724204,0.19354838709677422,0.1308139534883721,0.371900826446281,0.2367601246105919,2331,2140,0,220,134,0.9373831748962402,0.6090909242630005,0.9502605199813843,0.009442030335127258,0.0,0.10157367587089539,,,,,,,,
npy,./data/MSL,T-9,T-9,mask_noTTA,100,256,128,0.15,50,64,0.001,1,1,1,0,0.001,adam,0.1,0.99,fixed,gated,5000,none,8,0.95,"[0.5, 1.0, 2.0]",0,0,1,55,2.887841,8,0.008648497983813286,0.0032666861079633236,0.37087130546569824,0.5725174216027875,0.2614383408754919,0.23423423423423423,0.1566265060240964,0.4642857142857143,0.29411764705882354,997,806,0,290,143,0.8225806355476379,0.4931034445762634,0.9377651810646057,0.07523313807388964,0.0,0.0,0.6254264663182346,0.2756431025482999,0.6584004790940766,0.2915641642493676,0.6951854674796748,0.3143289031459643,0.6995045731707318,0.224515754635829
npy,./data/MSL,M-5,M-5,base_noTTA,100,256,128,0.15,50,64,0.001,1,0,1,0,0.001,adam,0.1,0.99,fixed,gated,5000,none,8,0.95,"[0.5, 1.0, 2.0]",0,0,7,55,2.887786,0,0.004871520679444075,inf,2.567774772644043,0.4847693834404798,0.13226948837085067,0.1671957671957672,0.12267080745341614,0.26245847176079734,0.23632734530938126,2204,2094,0,400,374,0.8213944435119629,0.9350000023841858,0.9534367918968201,0.010208404215624025,0.07390648638829589,0.04545454680919647,,,,,,,,
npy,./data/MSL,M-4,M-4,mask_noTTA,100,256,128,0.15,50,64,0.001,1,1,1,0,0.001,adam,0.1,0.99,fixed,gated,5000,none,8,0.95,"[0.5, 1.0, 2.0]",0,0,7,55,2.887841,8,0.004925425164401531,0.0028135678730905056,2.630842447280884,0.4414797441459679,0.11964257989066879,0.16030534351145037,0.1053952321204517,0.3346613545816733,0.2204515272244356,1939,1279,0,350,341,0.733385443687439,0.9742857217788696,0.5903083682060242,0.07247051791839836,0.36082474887371063,0.458659549554189,0.4301674109382281,0.11562779256497767,0.42503739936727625,0.11183246023121259,0.42200309004608316,0.11095598093642507,0.419938600383023,0.10553933437812527
npy,./data/MSL,T-4,T-4,gate_gbuf5k,100,256,128,0.15,50,64,0.001,1,1,1,1,0.001,adam,0.1,0.99,adaptive,gated,5000,unc,8,0.95,"[0.5, 1.0, 2.0]",0,0,9,55,2.887841,8,0.00406811386346817,0.0024032024666666985,2.9185471534729004,0.4362602218443851,0.0275740004391627,0.04659498207885304,0.026584867075664622,0.18840579710144928,0.06065934065934065,2118,1869,34,168,146,0.9218833446502686,0.8690476417541504,0.8835897445678711,0.0949215506246565,0.111635223031044,0.0,0.4305454349175506,0.027282854432717326,0.4311864086578684,0.0273223029781479,0.43787952392518825,0.02771981114836586,0.4538498906971095,0.029256704020063355
npy,./data/MSL,M-7,M-7,mask_noTTA,100,256,128,0.15,50,64,0.001,1,1,1,0,0.001,adam,0.1,0.99,fixed,gated,5000,none,8,0.95,"[0.5, 1.0, 2.0]",0,0,3,55,2.887841,8,0.0027013346552848816,0.0017985600279644132,1.936490535736084,0.8812170268121703,0.540510955920206,0.15303430079155672,0.08397683397683398,0.8613861386138614,0.6701570680628273,2057,435,0,200,0,1.0,0.0,0.2342487871646881,0.06879645177445251,1.0,0.2926829258600871,0.9012165450121655,0.5683168841716323,0.9102936571029365,0.5896747710909607,0.9198814771988147,0.6000621206058407,0.9200838332008384,0.5057942439615369
npy,./data/MSL,T-5,T-5,gate_noTTA,100,256,128,0.15,50,64,0.001,1,1,1,0,0.001,adam,0.1,0.99,fixed,gated,5000,unc,8,0.95,"[0.5, 1.0, 2.0]",0,0,6,55,2.887841,8,0.0031216952484101057,0.0022332926746457815,2.923334836959839,0.6077519651880966,0.21032065010557352,0.04017857142857143,0.02132701421800948,0.34615384615384615,0.32258064516129037,2119,1373,0,125,23,0.9832483530044556,0.18400000035762787,0.6770310997962952,0.07032459217627805,0.4276729573806127,0.3107171480854352,0.6074185850645705,0.2191839219253681,0.6061552498596294,0.23288533527543648,0.6089451151038743,0.2415174313105492,0.5936798147108366,0.06241736732119818
npy,./data/MSL,D-14,D-14,fixed,100,256,128,0.15,50,64,0.001,1,1,1,1,0.001,adam,0.1,0.99,fixed,gated,5000,none,8,0.95,"[0.5, 1.0, 2.0]",0,0,3,55,2.887841,8,0.005035092122852802,0.002962135709822178,4.583189487457275,0.4718594999493876,0.22121511281183967,0.1404903909874089,0.08236208236208237,0.4774774774774775,0.31794871794871793,2526,624,23,420,116,0.8141025900840759,0.27619048953056335,0.2412155717611313,0.07875798150649263,0.894598146279653,0.4007936517397563,0.49089538977179425,0.22831662755337379,0.5045701131843454,0.23637688805712825,0.5210022756839237,0.24802549311918853,0.5143589282166061,0.18198948640133483
npy,./data/MSL,S-2,S-2,fixed,100,256,128,0.15,50,64,0.001,1,1,1,1,0.001,adam,0.1,0.99,fixed,gated,5000,none,8,0.95,"[0.5, 1.0, 2.0]",0,0,9,55,2.887841,8,0.004561437293887138,0.002586745424196124,1.1478025913238525,0.6003704445334401,0.2879546025471749,0.011670313639679067,0.0058823529411764705,0.7272727272727273,0.42857142857142855,1728,0,0,110,0,0.0,0.0,0.0,0.08103582594129774,1.0,1.0,0.6090308370044053,0.2890790125947846,0.6171405686824188,0.2889213338291054,0.6306067280736884,0.286935391317576,0.6805166199439326,0.021449065504532523
npy,./data/MSL,F-5,F-5,mask_noTTA,100,256,128,0.15,50,64,0.001,1,1,1,0,0.001,adam,0.1,0.99,fixed,gated,5000,none,8,0.95,"[0.5, 1.0, 2.0]",0,0,1,55,2.887841,8,0.003178604878485203,0.002060843864455819,3.175614595413208,0.798902745069114,0.44425416735712636,0.2758620689655173,0.17421602787456447,0.6622516556291391,0.5087719298245614,3823,3192,0,250,58,0.9818295836448669,0.23199999332427979,0.8771340847015381,0.07175058399293237,0.2106179272135099,0.09855095545450847,0.8770259614590962,0.531465397096963,0.8970340047170722,0.5918972538905679,0.9142971544779697,0.6413208839859509,0.931282829400391,0.5383697098525934
npy,./data/MSL,D-14,D-14,gate_gbuf5k,100,256,128,0.15,50,64,0.001,1,1,1,1,0.001,adam,0.1,0.99,adaptive,gated,5000,unc,8,0.95,"[0.5, 1.0, 2.0]",0,0,5,55,2.887841,8,0.005060955416411161,0.0027610543183982372,4.720018625259399,0.44893582721298075,0.23812365791464793,0.16953035509736541,0.11367127496159754,0.3333333333333333,0.3194888178913738,2526,1573,37,420,125,0.9205340147018433,0.2976190447807312,0.6875593662261963,0.10810130565579883,0.118577075501283,0.0,0.46914330060397474,0.24016052881321878,0.48315169101685956,0.24029787545451578,0.5017226964792508,0.24442041246246496,0.5053068049322732,0.1617493279629215
npy,./data/MSL,P-10,P-10,fixed,100,256,128,0.15,50,64,0.001,1,1,1,1,0.001,adam,0.1,0.99,fixed,gated,5000,none,8,0.95,"[0.5, 1.0, 2.0]",0,0,9,55,2.887841,8,0.002042789477854967,0.001656471285969019,5.88878059387207,0.9578739518044247,0.538371833192135,0.32956381260096934,0.20901639344262296,0.7786259541984732,0.5347593582887701,6001,5434,90,230,56,0.9896945357322693,0.24347825348377228,0.9319008588790894,0.10784545196650168,0.0005555555690079927,0.2132732756435871,0.9621914241392231,0.5553138111590149,0.9617783484389446,0.5627688936689434,0.9592001422105817,0.5681552386095875,0.9222535261702001,0.40833828733936806
npy,./data/MSL,M-4,M-4,noMask_fixed,100,256,128,0.15,50,64,0.001,1,0,1,1,0.001,adam,0.1,0.99,fixed,gated,5000,none,8,0.95,"[0.5, 1.0, 2.0]",0,0,3,55,2.887786,0,0.004926539957523346,inf,2.481372833251953,0.3805550043809095,0.09800734155520682,0.11526794742163803,0.07723577235772358,0.22709163346613545,0.21988611476127903,1939,1366,30,350,341,0.7503660321235657,0.9742857217788696,0.6450597643852234,0.028884552261643708,0.3642611727118492,0.39349069197972614,,,,,,,,
npy,./data/MSL,T-13,T-13,gate_noTTA,100,256,128,0.15,50,64,0.001,1,1,1,0,0.001,adam,0.1,0.99,fixed,gated,5000,unc,8,0.95,"[0.5, 1.0, 2.0]",0,0,5,55,2.887841,8,0.0026742967311292887,0.0016643888084217906,1.5048391819000244,0.7085364831576952,0.21058793678931378,0.15384615384615383,0.21739130434782608,0.11904761904761904,0.3019571295433364,2331,2292,0,450,429,0.8128272294998169,0.95333331823349,0.9904305934906006,0.0703710182088478,0.0,0.0,0.7174996720451267,0.22154861717181729,0.7087961140991444,0.2224901248465956,0.6994038509190026,0.2242666174144815,0.6653676009736615,0.22236580382959312
npy,./data/MSL,D-16,D-16,gate_noTTA,100,256,128,0.15,50,64,0.001,1,1,1,0,0.001,adam,0.1,0.99,fixed,gated,5000,unc,8,0.95,"[0.5, 1.0, 2.0]",0,0,9,55,2.887841,8,0.0037678119260817766,0.0023079044185578823,1.798811435699463,0.5291669160332755,0.3609372531774391,0.4083140877598152,0.2919418758256275,0.6789554531490015,0.461814270347795,2092,0,0,750,0,0.0,0.0,0.0,0.07362472851463303,1.0,1.0,0.5378159474933669,0.3749374019532937,0.543900492748419,0.38807242587116986,0.5521251022403096,0.4125750649655522,0.5602519600215453,0.46497700129687447
npy,./data/MSL,D-14,D-14,gate_noTTA,100,256,128,0.15,50,64,0.001,1,1,1,0,0.001,adam,0.1,0.99,fixed,gated,5000,unc,8,0.95,"[0.5, 1.0, 2.0]",0,0,3,55,2.887841,8,0.005035092122852802,0.002962135709822178,4.128655433654785,0.4809528629753348,0.24720971729136432,0.145791915175613,0.08547008547008547,0.4954954954954955,0.33628318584070793,2526,602,0,420,108,0.8205980062484741,0.2571428716182709,0.23456789553165436,0.06921727413802702,0.9025033116340637,0.39947088559468585,0.49859409971769525,0.25469749630171745,0.5114196593597342,0.2576221707045325,0.5268808133976673,0.2682705729964808,0.5148050672395242,0.18934383167653396
npy,./data/MSL,P-15,P-15,gate_noTTA,100,256,128,0.15,50,64,0.001,1,1,1,0,0.001,adam,0.1,0.99,fixed,gated,5000,unc,8,0.95,"[0.5, 1.0, 2.0]",0,0,0,55,2.887841,8,0.001516831573098898,0.001315527711994946,4.449980974197388,0.7371966070378768,0.6575241845704511,0.08,0.0425531914893617,0.6666666666666666,0.742857142857143,2757,2005,0,120,21,0.9895262122154236,0.17499999701976776,0.7523701190948486,0.07055200957975225,0.1956521769364675,0.16242424150307974,0.7447551860250273,0.6694035383534522,0.7460485428739396,0.6694177075529385,0.7475098681447888,0.6694341352063266,0.7080708826740573,0.22438299392903358
npy,./data/MSL,T-9,T-9,gate_gbuf5k,100,256,128,0.15,50,64,0.001,1,1,1,1,0.001,adam,0.1,0.99,adaptive,gated,5000,unc,8,0.95,"[0.5, 1.0, 2.0]",0,0,3,55,2.887841,8,0.009037165902554989,0.0037286272272467613,0.3822152614593506,0.5677446283391405,0.2765593598083765,0.2471395881006865,0.16615384615384615,0.48214285714285715,0.3109540636042403,997,809,16,290,146,0.8195303082466125,0.5034482479095459,0.9377651810646057,0.09731208548741929,0.0,0.0,0.6314242160278746,0.2999341932848359,0.6748511904761905,0.3260259008706055,0.7255734610917537,0.37812029274041653,0.7639282084785133,0.33528068305904785
npy,./data/MSL,D-16,D-16,gate_noTTA,100,256,128,0.15,50,64,0.001,1,1,1,0,0.001,adam,0.1,0.99,fixed,gated,5000,unc,8,0.95,"[0.5, 1.0, 2.0]",0,0,1,55,2.887841,8,0.00390821835026145,0.0020524291321635246,1.7891197204589844,0.5210854429748439,0.33807302517206833,0.4123515439429929,0.2984869325997249,0.6666666666666666,0.46390619274459505,2092,0,0,750,0,0.0,0.0,0.0,0.06810132677650817,1.0,1.0,0.5180461627466236,0.3471648446658818,0.5151395455542921,0.356581760290994,0.5131765316097114,0.3761640501925106,0.4916641730005785,0.4265134285771415
npy,./data/MSL,F-7,F-7,noMask_fixed,100,256,128,0.15,50,64,0.001,1,0,1,1,0.001,adam,0.1,0.99,fixed,gated,5000,none,8,0.95,"[0.5, 1.0, 2.0]",0,0,4,55,2.887786,0,0.0030307131819427013,inf,2.8155205249786377,0.29017062013473793,0.05465293684367558,0.03102378490175801,0.027573529411764705,0.03546099290780142,0.1546617915904936,4955,4613,77,720,664,0.8560589551925659,0.9222221970558167,0.932467520236969,0.027448931327381,0.039458526919285454,0.014814814242223898,,,,,,,,
npy,./data/MSL,T-13,T-13,noMask_fixed,100,256,128,0.15,50,64,0.001,1,0,1,1,0.001,adam,0.1,0.99,fixed,gated,5000,none,8,0.95,"[0.5, 1.0, 2.0]",0,0,6,55,2.887786,0,0.0027596717700362206,inf,1.4025952816009521,0.7215954640197064,0.22765428133495766,0.15979381443298968,0.22794117647058823,0.12301587301587301,0.3240628778718259,2331,2330,37,450,449,0.8072961568832397,0.9977777600288391,1.0,0.029819914835402507,0.0,0.0,,,,,,,,
npy,./data/MSL,M-4,M-4,noMask_fixed,100,256,128,0.15,50,64,0.001,1,0,1,1,0.001,adam,0.1,0.99,fixed,gated,5000,none,8,0.95,"[0.5, 1.0, 2.0]",0,0,4,55,2.887786,0,0.004828601609915495,inf,2.4574716091156006,0.41510287891522885,0.10665390250234913,0.14098690835850958,0.09433962264150944,0.2788844621513944,0.21959755030621173,1939,1315,30,350,342,0.7399239540100098,0.977142870426178,0.6123347878456116,0.029143382127042775,0.3900343676408132,0.43202559153238934,,,,,,,,
npy,./data/MSL,T-12,T-12,base_noTTA,100,256,128,0.15,50,64,0.001,1,0,1,0,0.001,adam,0.1,0.99,fixed,gated,5000,none,8,0.95,"[0.5, 1.0, 2.0]",0,0,6,55,2.887786,0,0.0029157972894608974,inf,1.4317600727081299,0.6895403899222947,0.13916500495981252,0.21465968586387435,0.15708812260536398,0.33884297520661155,0.22910216718266252,2331,2143,0,220,136,0.9365375638008118,0.6181818246841431,0.9507342576980591,0.009007844634446807,0.0,0.10586551825205485,,,,,,,,
npy,./data/MSL,T-9,T-9,fixed,100,256,128,0.15,50,64,0.001,1,1,1,1,0.001,adam,0.1,0.99,fixed,gated,5000,none,8,0.95,"[0.5, 1.0, 2.0]",0,0,2,55,2.887841,8,0.008938380517065525,0.0037763111758977175,0.37557101249694824,0.5685794134727062,0.2777633512130115,0.23287671232876714,0.15644171779141106,0.45535714285714285,0.3106060606060606,997,825,16,290,149,0.8193939328193665,0.5137931108474731,0.9561527371406555,0.09379535166167448,0.0,0.0,0.6122241579558654,0.2921369389062581,0.6414960801393729,0.310333325435737,0.6812209639953543,0.3436509412652672,0.7189677700348431,0.25347760099920236
npy,./data/MSL,P-15,P-15,fixed,100,256,128,0.15,50,64,0.001,1,1,1,1,0.001,adam,0.1,0.99,fixed,gated,5000,none,8,0.95,"[0.5, 1.0, 2.0]",0,0,5,55,2.887841,8,0.0015217307955026627,0.0012410172494128346,4.96760892868042,0.7341899722852104,0.6255186433825882,0.08,0.0425531914893617,0.6666666666666666,0.7058823529411765,2757,2155,42,120,27,0.9874709844589233,0.22499999403953552,0.8069776296615601,0.10629724150426932,0.2028985470533371,0.16242424150307974,0.7441337028638615,0.627770092053206,0.7472243218274964,0.6308914593471924,0.7492399428907366,0.6382801455679107,0.720668514319308,0.10044931300297241
npy,./data/MSL,D-14,D-14,mask_noTTA,100,256,128,0.15,50,64,0.001,1,1,1,0,0.001,adam,0.1,0.99,fixed,gated,5000,none,8,0.95,"[0.5, 1.0, 2.0]",0,0,0,55,2.887841,8,0.0053862398490309715,0.002803472802042961,4.557426691055298,0.45983811526882684,0.2670537614292949,0.13793103448275865,0.08087091757387248,0.46846846846846846,0.33139534883720934,2526,730,0,420,119,0.8369863033294678,0.28333333134651184,0.29012346267700195,0.06963247735634363,0.852437416712443,0.38756613930066425,0.48406458893350274,0.27159103548870533,0.500065608679841,0.27230258905639276,0.5185803781309399,0.26717448137488936,0.49936078400497874,0.16030557344951996
npy,./data/MSL,F-4,F-4,fixed,100,256,128,0.15,50,64,0.001,1,1,1,1,0.001,adam,0.1,0.99,fixed,gated,5000,none,8,0.95,"[0.5, 1.0, 2.0]",0,0,1,55,2.887841,8,0.003865581238642335,0.002138499403372407,2.8944709300994873,0.5881195859129711,0.029757791757889847,0.06981519507186859,0.040865384615384616,0.23943661971830985,0.0736543909348442,3323,3211,52,170,169,0.9473684430122375,0.9941176176071167,0.9647954106330872,0.09360831436033246,0.0830830844740073,0.030233874917030334,0.5454415541293118,0.027100575405774544,0.5304365734844759,0.025756088799251883,0.5132922272519029,0.023856687425522105,0.4237919309350583,0.016789669016753
npy,./data/MSL,M-2,M-2,fixed,100,256,128,0.15,50,64,0.001,1,1,1,1,0.001,adam,0.1,0.99,fixed,gated,5000,none,8,0.95,"[0.5, 1.0, 2.0]",0,0,4,55,2.887841,8,0.005533946678042412,0.002706236904487014,2.782369375228882,0.7129463899964202,0.6974137493529615,0.5545598313125989,0.6957671957671958,0.4609991235758107,0.7061157024793389,2178,1260,34,1167,293,0.7674603462219238,0.25107112526893616,0.9564787149429321,0.09047196916312225,0.06727828706304233,0.0,0.7581732727654269,0.7271645861858435,0.7803160990482774,0.7469513080669273,0.8041346236930786,0.7742260514047679,0.8286961029983582,0.8234426919485661
npy,./data/MSL,D-14,D-14,noMask_fixed,100,256,128,0.15,50,64,0.001,1,0,1,1,0.001,adam,0.1,0.99,fixed,gated,5000,none,8,0.95,"[0.5, 1.0, 2.0]",0,0,7,55,2.887786,0,0.00454018684104085,inf,4.191551208496094,0.44573224910303566,0.24325784780277404,0.12273524254821742,0.07051712558764271,0.47297297297297297,0.3176470588235294,2526,467,19,420,112,0.7601712942123413,0.2666666805744171,0.1685660034418106,0.02276755851691239,0.9591567913691202,0.42195767164230347,,,,,,,,
npy,./data/MSL,T-5,T-5,base_noTTA,100,256,128,0.15,50,64,0.001,1,0,1,0,0.001,adam,0.1,0.99,fixed,gated,5000,none,8,0.95,"[0.5, 1.0, 2.0]",0,0,1,55,2.887786,0,0.0029836054891347885,inf,2.5663692951202393,0.5610436552498597,0.21026845984159293,0.04699738903394256,0.025210084033613446,0.34615384615384615,0.32258064516129037,2119,1441,0,125,22,0.9847328066825867,0.17599999904632568,0.7116349339485168,0.008732150781261522,0.45754718283812207,0.3295999877154827,,,,,,,,
npy,./data/MSL,P-15,P-15,noMask_fixed,100,256,128,0.15,50,64,0.001,1,0,1,1,0.001,adam,0.1,0.99,fixed,gated,5000,none,8,0.95,"[0.5, 1.0, 2.0]",0,0,1,55,2.887786,0,0.0016916398890316486,inf,4.264977931976318,0.7436130007558579,0.6609891289523762,0.07161125319693096,0.03783783783783784,0.6666666666666666,0.7647058823529412,2757,2192,44,120,27,0.9876824617385864,0.22499999403953552,0.8210087418556213,0.028089894131123262,0.18115942180156708,0.1587878813346227,,,,,,,,
npy,./data/MSL,M-7,M-7,mask_noTTA,100,256,128,0.15,50,64,0.001,1,1,1,0,0.001,adam,0.1,0.99,fixed,gated,5000,none,8,0.95,"[0.5, 1.0, 2.0]",0,0,7,55,2.887841,8,0.002633169759064913,0.0018954502884298563,2.0952980518341064,0.896841800968418,0.5568227801242324,0.1567291311754685,0.08574091332712022,0.9108910891089109,0.7027027027027027,2057,428,0,200,0,1.0,0.0,0.23047927021980286,0.07147434329198411,1.0,0.3040650486946106,0.9099756690997567,0.578950535808106,0.9147069451470694,0.5920223990724856,0.9185035291850353,0.6009774767256792,0.9039676230396763,0.4325326864726185
npy,./data/MSL,T-4,T-4,mask_noTTA,100,256,128,0.15,50,64,0.001,1,1,1,0,0.001,adam,0.1,0.99,fixed,gated,5000,none,8,0.95,"[0.5, 1.0, 2.0]",0,0,4,55,2.887841,8,0.004021466244012117,0.0024731860030442476,2.7235028743743896,0.46095457857663347,0.0285654947408584,0.05873715124816447,0.032679738562091505,0.2898550724637681,0.061611374407582936,2118,1381,0,168,136,0.9015206098556519,0.8095238208770752,0.6384615302085876,0.07271834203271622,0.4748427669207255,0.42797848333915073,0.44307478476776513,0.02771652105264833,0.43444525409548485,0.027179826165227045,0.42510727876285326,0.026404720388639412,0.3885245459207082,0.023628992160770527
npy,./data/MSL,D-15,D-15,gate_gbuf5k,100,256,128,0.15,50,64,0.001,1,1,1,1,0.001,adam,0.1,0.99,adaptive,gated,5000,unc,8,0.95,"[0.5, 1.0, 2.0]",0,0,8,55,2.887841,8,0.004170671571046114,0.003450418123975396,2.531003952026367,0.6325081216828107,0.3866048254637231,0.3109170305676856,0.3531746031746032,0.27769110764430577,0.4991039426523297,2059,1571,33,658,352,0.775938868522644,0.5349544286727905,0.8700928092002869,0.10055381734143072,0.10517799792190392,0.0,0.6820568142435651,0.4181340357573078,0.6988863602006177,0.4366854035113765,0.7150711077882799,0.46461823141454917,0.764970480163966,0.576165903493612
npy,./data/MSL,M-5,M-5,base_noTTA,100,256,128,0.15,50,64,0.001,1,0,1,0,0.001,adam,0.1,0.99,fixed,gated,5000,none,8,0.95,"[0.5, 1.0, 2.0]",0,0,6,55,2.887786,0,0.004515152890235186,inf,2.526953935623169,0.5224742035373264,0.141031701009795,0.17962760131434832,0.13398692810457516,0.2724252491694352,0.2415993194385368,2204,2020,0,400,337,0.8331683278083801,0.8424999713897705,0.9329268336296082,0.008851884713839273,0.0889894465605418,0.0666666654869914,,,,,,,,
npy,./data/MSL,M-6,M-6,mask_noTTA,100,256,128,0.15,50,64,0.001,1,1,1,0,0.001,adam,0.1,0.99,fixed,gated,5000,none,8,0.95,"[0.5, 1.0, 2.0]",0,0,0,55,2.887841,8,0.002069976646453142,0.0017382166115567088,1.9271762371063232,0.7514019189134833,0.6359465571531072,0.17739975698663427,0.09965870307167235,0.8066298342541437,0.7117437722419929,1950,0,0,199,0,0.0,0.0,0.0,0.07052788367638221,1.0,0.6666666666666666,0.7550191063210572,0.6442508635743872,0.7557792184745702,0.6437040238806295,0.7573704260177221,0.6425565137058856,0.7639807398819312,0.6314632966243922
npy,./data/MSL,M-5,M-5,mask_noTTA,100,256,128,0.15,50,64,0.001,1,1,1,0,0.001,adam,0.1,0.99,fixed,gated,5000,none,8,0.95,"[0.5, 1.0, 2.0]",0,0,4,55,2.887841,8,0.005358290858566761,0.0030582412146031857,2.565988540649414,0.48549623134340736,0.1320419897240274,0.17507136060894388,0.12266666666666666,0.30564784053156147,0.2353416902547513,2204,2032,0,400,383,0.811515748500824,0.9574999809265137,0.9140798449516296,0.07555835260020843,0.09200603344167273,0.07434200976664822,0.5023863180009359,0.13506031596435025,0.5149468471727607,0.13762627837836294,0.5330533254121295,0.14109809394871772,0.5816293341210285,0.16572947557158627
npy,./data/MSL,T-8,T-8,fixed,100,256,128,0.15,50,64,0.001,1,1,1,1,0.001,adam,0.1,0.99,fixed,gated,5000,none,8,0.95,"[0.5, 1.0, 2.0]",0,0,4,55,2.887841,8,0.004916852805763483,0.003438783809542656,0.8507139682769775,0.5707445998865319,0.11661671468649339,0.13362068965517243,0.07506053268765134,0.6078431372549019,0.16279069767441862,1420,0,0,300,0,0.0,0.0,0.0,0.06585675226130956,1.0,1.0,0.5841462908381418,0.12018496917317792,0.5933413591265723,0.12305924941829963,0.605553018666888,0.12816991593396465,0.6149003002753677,0.10933743326037632
npy,./data/MSL,T-4,T-4,noMask_fixed,100,256,128,0.15,50,64,0.001,1,0,1,1,0.001,adam,0.1,0.99,fixed,gated,5000,none,8,0.95,"[0.5, 1.0, 2.0]",0,0,8,55,2.887786,0,0.0036790177691727877,inf,2.8360702991485596,0.4557255822740399,0.02888663574860402,0.05517241379310344,0.03131115459882583,0.2318840579710145,0.06049978079789565,2118,1356,32,168,142,0.8952802419662476,0.8452380895614624,0.6225640773773193,0.028335226381354113,0.5188679297765096,0.4247518628835678,,,,,,,,
npy,./data/MSL,T-9,T-9,gate_noTTA,100,256,128,0.15,50,64,0.001,1,1,1,0,0.001,adam,0.1,0.99,fixed,gated,5000,unc,8,0.95,"[0.5, 1.0, 2.0]",0,0,1,55,2.887841,8,0.008648497983813286,0.0032666861079633236,0.3890955448150635,0.5725174216027875,0.2614383408754919,0.23423423423423423,0.1566265060240964,0.4642857142857143,0.29411764705882354,997,753,0,290,122,0.8379814028739929,0.4206896424293518,0.892503559589386,0.07123095819440745,0.0,0.0,0.6254264663182346,0.2756431025482999,0.6584004790940766,0.2915641642493676,0.6951854674796748,0.3143289031459643,0.6995045731707318,0.224515754635829
npy,./data/MSL,F-5,F-5,fixed,100,256,128,0.15,50,64,0.001,1,1,1,1,0.001,adam,0.1,0.99,fixed,gated,5000,none,8,0.95,"[0.5, 1.0, 2.0]",0,0,8,55,2.887841,8,0.0032965552527457476,0.0018330897437408566,3.4762089252471924,0.81513677928984,0.43424863474229686,0.2551440329218107,0.16089965397923875,0.6158940397350994,0.49107142857142855,3823,3286,57,250,59,0.98204505443573,0.23600000143051147,0.9031625986099243,0.11251005800862353,0.1923411637544632,0.06819504002730052,0.8903342166867748,0.5351056440473592,0.9059377859264061,0.5928128584249883,0.9192267232855831,0.626195572105657,0.937807000444311,0.5155310379744766
npy,./data/MSL,T-8,T-8,gate_gbuf5k,100,256,128,0.15,50,64,0.001,1,1,1,1,0.001,adam,0.1,0.99,adaptive,gated,5000,unc,8,0.95,"[0.5, 1.0, 2.0]",0,0,6,55,2.887841,8,0.0048570227809250355,0.002212949562817812,0.8699116706848145,0.5872389887500519,0.10903335106209693,0.1264957264957265,0.07660455486542443,0.3627450980392157,0.15481171548117154,1420,325,22,300,37,0.8861538171768188,0.12333333492279053,0.2571428716182709,0.09860354410090917,0.21596243605017662,0.0,0.6063348416289592,0.11366838007278049,0.6158412553447632,0.11668410563927442,0.6288243596662376,0.12098610087341988,0.6156752044501639,0.10435339309557656
npy,./data/MSL,P-15,P-15,gate_gbuf5k,100,256,128,0.15,50,64,0.001,1,1,1,1,0.001,adam,0.1,0.99,adaptive,gated,5000,unc,8,0.95,"[0.5, 1.0, 2.0]",0,0,7,55,2.887841,8,0.001551734283566475,0.0012819647090509534,4.6871912479400635,0.7181489879902577,0.6691459613846609,0.09859154929577463,0.053231939163498096,0.6666666666666666,0.8,2757,2192,44,120,35,0.9840328693389893,0.2916666567325592,0.8179749846458435,0.09886086484336923,0.10144927352666855,0.0,0.7391786344167297,0.6693441815597434,0.7439993281263122,0.6693953965791435,0.7461661207692953,0.6694192752135252,0.6979591836734693,0.2777207835566049
npy,./data/MSL,F-8,F-8,fixed,100,256,128,0.15,50,64,0.001,1,1,1,1,0.001,adam,0.1,0.99,fixed,gated,5000,none,8,0.95,"[0.5, 1.0, 2.0]",0,0,1,55,2.887841,8,0.006021629553288221,0.003278575139120221,4.070667266845703,0.5393057346129972,0.22746452947496631,0.19805825242718447,0.20689655172413793,0.18994413407821228,0.38443208895949166,2388,2261,38,537,486,0.7850508689880371,0.9050279259681702,0.9589411020278931,0.08582998959463047,0.044630405182639755,0.009363296131292978,0.545120565344029,0.23246712751943166,0.5455464833118464,0.23642001333919754,0.5495955689251779,0.24469196633368717,0.5837864680322781,0.2824611641280039
npy,./data/MSL,M-2,M-2,gate_gbuf5k,100,256,128,0.15,50,64,0.001,1,1,1,1,0.001,adam,0.1,0.99,adaptive,gated,5000,unc,8,0.95,"[0.5, 1.0, 2.0]",0,0,3,55,2.887841,8,0.006467337720096111,0.0028186419513076544,2.785907506942749,0.6963066744022416,0.6810432658351039,0.45157526254375724,0.675392670157068,0.33917616126205086,0.6969283276450513,2178,1759,35,1167,786,0.5531551837921143,0.673521876335144,0.9624134302139282,0.09298565411808515,0.024464831066628296,0.0,0.7451781239584748,0.7136468361196074,0.7684450259841256,0.7355389309413247,0.7901874436804878,0.7628272019945411,0.7945988816333583,0.8034855658444982
npy,./data/MSL,C-1,C-1,base_noTTA,100,256,128,0.15,50,64,0.001,1,0,1,0,0.001,adam,0.1,0.99,fixed,gated,5000,none,8,0.95,"[0.5, 1.0, 2.0]",0,0,1,55,2.887786,0,0.005532530136406422,inf,2.573361873626709,0.6490499553383775,0.2055411187952583,0.237410071942446,0.1896551724137931,0.3173076923076923,0.31140615570307784,2165,1652,0,464,349,0.7887409329414368,0.7521551847457886,0.7660199999809265,0.00854474567651198,0.918586790561676,0.0,,,,,,,,
npy,./data/MSL,T-8,T-8,fixed,100,256,128,0.15,50,64,0.001,1,1,1,1,0.001,adam,0.1,0.99,fixed,gated,5000,none,8,0.95,"[0.5, 1.0, 2.0]",0,0,5,55,2.887841,8,0.004749177023768425,0.0027364762499928474,0.8524603843688965,0.5641371580389389,0.106593206603511,0.13933547695605572,0.07821901323706378,0.6372549019607843,0.15294117647058822,1420,0,0,300,0,0.0,0.0,0.0,0.07606509705664406,1.0,1.0,0.5806661408388338,0.11376842098241752,0.5915009617114312,0.11946454886243979,0.6064870549490086,0.12936672602205226,0.6411294228347655,0.12011374465515487
npy,./data/MSL,T-9,T-9,fixed,100,256,128,0.15,50,64,0.001,1,1,1,1,0.001,adam,0.1,0.99,fixed,gated,5000,none,8,0.95,"[0.5, 1.0, 2.0]",0,0,5,55,2.887841,8,0.008573578670620918,0.0031154784373939037,0.3760995864868164,0.5518927845528456,0.2725569440229525,0.22907488986784139,0.15204678362573099,0.4642857142857143,0.3108108108108108,997,818,16,290,146,0.8215159177780151,0.5034482479095459,0.9504950642585754,0.09881696825400518,0.0,0.0,0.6182854239256679,0.2946300460447889,0.6600519018583043,0.3201016224497608,0.710565476190476,0.3656327752804816,0.7427500725900116,0.27759874331046064
npy,./data/MSL,M-2,M-2,base_noTTA,100,256,128,0.15,50,64,0.001,1,0,1,0,0.001,adam,0.1,0.99,fixed,gated,5000,none,8,0.95,"[0.5, 1.0, 2.0]",0,0,1,55,2.887786,0,0.005781996063888073,inf,2.694420576095581,0.7226109725839701,0.7182076463544022,0.5667198298777246,0.7202702702702702,0.4671340929009641,0.7038102084831057,2178,1153,0,1167,201,0.8256721496582031,0.17223650217056274,0.9416419267654419,0.008493634513805939,0.09021406931181748,0.0,,,,,,,,
npy,./data/MSL,T-5,T-5,gate_gbuf5k,100,256,128,0.15,50,64,0.001,1,1,1,1,0.001,adam,0.1,0.99,adaptive,gated,5000,unc,8,0.95,"[0.5, 1.0, 2.0]",0,0,2,55,2.887841,8,0.0030923320446163416,0.002363942563533783,2.693835735321045,0.5599908759124088,0.20951321036530735,0.04568527918781726,0.024456521739130436,0.34615384615384615,0.32258064516129037,2119,1791,33,125,22,0.9877163767814636,0.17599999904632568,0.8871614933013916,0.11020811620102901,0.11006289472182591,0.0,0.5797480348119034,0.2133630534493059,0.5842574396406514,0.21743042806210783,0.5898722627737226,0.22499124765806777,0.5875736945536215,0.054417737005924775
npy,./data/MSL,M-2,M-2,base_noTTA,100,256,128,0.15,50,64,0.001,1,0,1,0,0.001,adam,0.1,0.99,fixed,gated,5000,none,8,0.95,"[0.5, 1.0, 2.0]",0,0,7,55,2.887786,0,0.005426627118140459,inf,2.789796829223633,0.7324869462171804,0.7206497883857247,0.6005167958656331,0.7317380352644837,0.50920245398773,0.7061469265367317,2178,1020,0,1167,104,0.8980392217636108,0.0891173928976059,0.9060336351394653,0.010789261704962444,0.14525994410117468,0.0,,,,,,,,
npy,./data/MSL,S-2,S-2,gate_noTTA,100,256,128,0.15,50,64,0.001,1,1,1,0,0.001,adam,0.1,0.99,fixed,gated,5000,unc,8,0.95,"[0.5, 1.0, 2.0]",0,0,8,55,2.887841,8,0.0045976960100233555,0.0028452472761273384,1.2371113300323486,0.7388866639967961,0.297037430543733,0.016176470588235296,0.00815418828762046,1.0,0.42857142857142855,1728,0,0,110,0,0.0,0.0,0.0,0.07000951855270951,1.0,1.0,0.7435923107729274,0.3076043886376408,0.7454445334401282,0.3186079742579114,0.7478474169002803,0.3244286096407681,0.6797657188626351,0.016027358792869945
npy,./data/MSL,M-1,M-1,mask_noTTA,100,256,128,0.15,50,64,0.001,1,1,1,0,0.001,adam,0.1,0.99,fixed,gated,5000,none,8,0.95,"[0.5, 1.0, 2.0]",0,0,2,55,2.887841,8,0.0034127605613321066,0.002172874752432108,2.82004714012146,0.3746042204145116,0.4150013686894476,0.3461538461538462,0.39571589627959414,0.30762489044697633,0.6680339876941108,2178,1175,0,1167,841,0.28425532579421997,0.7206512689590454,0.33036598563194275,0.0679595849183418,0.6972477038701376,0.0,0.35440094555060425,0.40645874353557493,0.3436531767290862,0.40093429531099023,0.329385824147338,0.39311458682591466,0.30831769759662264,0.3798907880835478
npy,./data/MSL,M-1,M-1,mask_noTTA,100,256,128,0.15,50,64,0.001,1,1,1,0,0.001,adam,0.1,0.99,fixed,gated,5000,none,8,0.95,"[0.5, 1.0, 2.0]",0,0,4,55,2.887841,8,0.0033870157785713673,0.00235390174202621,2.7301955223083496,0.3654303119329474,0.41321469720155724,0.32681704260651623,0.38173302107728335,0.2857142857142857,0.6678372841673983,2178,1183,0,1167,846,0.284868985414505,0.7249357104301453,0.3333333432674408,0.0679590375845973,0.6865443388621012,0.0,0.3402956080038514,0.40349748948661135,0.32772787028921996,0.397594338336509,0.3135322672229697,0.3900160036066278,0.3031617619829406,0.37646245223061575
npy,./data/MSL,F-7,F-7,gate_noTTA,100,256,128,0.15,50,64,0.001,1,1,1,0,0.001,adam,0.1,0.99,fixed,gated,5000,unc,8,0.95,"[0.5, 1.0, 2.0]",0,0,6,55,2.887841,8,0.004350400995463133,0.004221555311232805,3.159449815750122,0.4293442332558924,0.06901934247127622,0.056910569105691054,0.04337050805452292,0.08274231678486997,0.15497343835867375,4955,4309,0,720,596,0.8616848587989807,0.8277778029441833,0.8767414689064026,0.07853344398598618,0.02364494154850642,0.09696969514091809,0.4474693363104947,0.0703060021866225,0.4541375752777178,0.07088407374907868,0.4610250684946192,0.07142848712325,0.5067999446631881,0.07984772092299675
npy,./data/MSL,D-16,D-16,fixed,100,256,128,0.15,50,64,0.001,1,1,1,1,0.001,adam,0.1,0.99,fixed,gated,5000,none,8,0.95,"[0.5, 1.0, 2.0]",0,0,5,55,2.887841,8,0.003798873396590352,0.002381641184911132,1.862658977508545,0.5125311708261017,0.3269781241151524,0.41312384473197783,0.29543952412425645,0.6866359447004609,0.4607667502687209,2092,0,0,750,0,0.0,0.0,0.0,0.07481978454735722,1.0,1.0,0.5155564865242285,0.3355978911056774,0.5177319608195183,0.3455772677674449,0.5210535240489158,0.366154859129475,0.5184112354619266,0.4242487353199335
npy,./data/MSL,M-1,M-1,fixed,100,256,128,0.15,50,64,0.001,1,1,1,1,0.001,adam,0.1,0.99,fixed,gated,5000,none,8,0.95,"[0.5, 1.0, 2.0]",0,0,4,55,2.887841,8,0.0033870157785713673,0.00235390174202621,2.6833081245422363,0.3582715618866574,0.40871448454755976,0.3286852589641434,0.3806228373702422,0.2892199824715162,0.6678383128295255,2178,1184,26,1167,868,0.2668918967247009,0.7437874674797058,0.3125618100166321,0.0794394723421067,0.7094801266988119,0.0,0.33268167285924133,0.3988500507221001,0.3196780375504561,0.3928925399859853,0.3050411363888854,0.38526918600675003,0.2961102504598141,0.373554382127021
npy,./data/MSL,T-12,T-12,gate_gbuf5k,100,256,128,0.15,50,64,0.001,1,1,1,1,0.001,adam,0.1,0.99,adaptive,gated,5000,unc,8,0.95,"[0.5, 1.0, 2.0]",0,0,3,55,2.887841,8,0.0028160694055259228,0.0016207481967285275,1.3830900192260742,0.7376382033652005,0.21078381558701287,0.26785714285714285,0.20930232558139536,0.371900826446281,0.2802547770700637,2331,2132,37,220,114,0.9465290904045105,0.5181818008422852,0.9559450745582581,0.0913864243751634,0.0,0.0,0.7721384879146996,0.22243830035970497,0.7794079222875633,0.22957879837817896,0.7885994079938724,0.24597832235913167,0.7862729026554375,0.16652064411836442
npy,./data/MSL,T-4,T-4,base_noTTA,100,256,128,0.15,50,64,0.001,1,0,1,0,0.001,adam,0.1,0.99,fixed,gated,5000,none,8,0.95,"[0.5, 1.0, 2.0]",0,0,9,55,2.887786,0,0.003660343587398529,inf,2.808145761489868,0.4866744932933905,0.03321294334117008,0.05054151624548736,0.0288659793814433,0.2028985507246377,0.06318082788671024,2118,1358,0,168,137,0.8991163372993469,0.8154761791229248,0.626153826713562,0.00849808016624847,0.501572330792745,0.44214433679978055,,,,,,,,
npy,./data/MSL,M-7,M-7,gate_noTTA,100,256,128,0.15,50,64,0.001,1,1,1,0,0.001,adam,0.1,0.99,fixed,gated,5000,unc,8,0.95,"[0.5, 1.0, 2.0]",0,0,7,55,2.887841,8,0.002633169759064913,0.0018954502884298563,2.042893409729004,0.896841800968418,0.5568227801242324,0.1567291311754685,0.08574091332712022,0.9108910891089109,0.7027027027027027,2057,380,0,200,0,1.0,0.0,0.20463111996650696,0.07342109995440019,1.0,0.3040650486946106,0.9099756690997567,0.578950535808106,0.9147069451470694,0.5920223990724856,0.9185035291850353,0.6009774767256792,0.9039676230396763,0.4325326864726185
npy,./data/MSL,P-14,P-14,gate_noTTA,100,256,128,0.15,50,64,0.001,1,1,1,0,0.001,adam,0.1,0.99,fixed,gated,5000,unc,8,0.95,"[0.5, 1.0, 2.0]",0,0,9,55,2.887841,8,0.0022883499041199684,0.0016510143177583814,3.7731175422668457,0.8978586609840583,0.49687037105031445,0.33967391304347827,0.22522522522522523,0.6906077348066298,0.4666666666666667,6001,5243,0,280,99,0.9811176657676697,0.35357141494750977,0.8991435170173645,0.08492278289922058,0.003333333491658171,0.22118055323759714,0.9160228461766068,0.5301074844580431,0.9194671341190791,0.555895742675285,0.9220116135042223,0.5936103532783318,0.9073794569225987,0.5550530730646217
npy,./data/MSL,M-7,M-7,gate_noTTA,100,256,128,0.15,50,64,0.001,1,1,1,0,0.001,adam,0.1,0.99,fixed,gated,5000,unc,8,0.95,"[0.5, 1.0, 2.0]",0,0,6,55,2.887841,8,0.0027680685743689537,0.001818489283323288,2.002743721008301,0.8986967309869675,0.5348660711185231,0.16272965879265092,0.0892514395393474,0.9207920792079208,0.6903553299492386,2057,367,0,200,0,1.0,0.0,0.19763058423995972,0.07268961738137637,1.0,0.2926829258600871,0.9068825130688251,0.5558719515991147,0.9095709570957096,0.5640126756065253,0.9108621811086218,0.5678764488437529,0.8865794608657946,0.4567361217860533
npy,./data/MSL,D-16,D-16,fixed,100,256,128,0.15,50,64,0.001,1,1,1,1,0.001,adam,0.1,0.99,fixed,gated,5000,none,8,0.95,"[0.5, 1.0, 2.0]",0,0,8,55,2.887841,8,0.0037558525800704956,0.0021769721060991287,1.8351473808288574,0.5335148722245497,0.3498913753037247,0.42770804277080426,0.30666666666666664,0.706605222734255,0.46436961628817547,2092,0,0,750,0,0.0,0.0,0.0,0.07147497246415847,1.0,1.0,0.54125820416143,0.3615801016163842,0.5460330759869931,0.37467284532601236,0.551187982524388,0.4020863266272573,0.5334669938356574,0.4532554948481803
npy,./data/MSL,C-2,C-2,base_noTTA,100,256,128,0.15,50,64,0.001,1,0,1,0,0.001,adam,0.1,0.99,fixed,gated,5000,none,8,0.95,"[0.5, 1.0, 2.0]",0,0,9,55,2.887786,0,0.006227889563888311,inf,0.8602516651153564,0.6298919219885744,0.11118445130096949,0.1815823605706874,0.11041009463722397,0.5109489051094891,0.20614035087719296,1952,1360,0,335,134,0.9014706015586853,0.4000000059604645,0.7581942081451416,0.010758149819295914,0.6387345095475515,0.23356433988859257,,,,,,,,
npy,./data/MSL,M-6,M-6,gate_noTTA,100,256,128,0.15,50,64,0.001,1,1,1,0,0.001,adam,0.1,0.99,fixed,gated,5000,unc,8,0.95,"[0.5, 1.0, 2.0]",0,0,0,55,2.887841,8,0.002069976646453142,0.0017382166115567088,1.9444241523742676,0.7514019189134833,0.6359465571531072,0.17739975698663427,0.09965870307167235,0.8066298342541437,0.7117437722419929,1950,0,0,199,0,0.0,0.0,0.0,0.07232262538029598,1.0,0.6666666666666666,0.7550191063210572,0.6442508635743872,0.7557792184745702,0.6437040238806295,0.7573704260177221,0.6425565137058856,0.7639807398819312,0.6314632966243922
npy,./data/MSL,M-2,M-2,noMask_fixed,100,256,128,0.15,50,64,0.001,1,0,1,1,0.001,adam,0.1,0.99,fixed,gated,5000,none,8,0.95,"[0.5, 1.0, 2.0]",0,0,8,55,2.887786,0,0.005244052037596703,inf,2.8855271339416504,0.7463677772154399,0.7362075771129968,0.6149100257069409,0.7437810945273632,0.5241016652059597,0.7142857142857144,2178,1176,33,1167,238,0.7976190447807312,0.2039417326450348,0.9277942776679993,0.03307318884479113,0.11162079373995464,0.0,,,,,,,,
npy,./data/MSL,T-4,T-4,gate_gbuf5k,100,256,128,0.15,50,64,0.001,1,1,1,1,0.001,adam,0.1,0.99,adaptive,gated,5000,unc,8,0.95,"[0.5, 1.0, 2.0]",0,0,3,55,2.887841,8,0.004114286508411169,0.0024544058833271265,2.675398111343384,0.449477775078941,0.028497391941145728,0.05181347150259067,0.029411764705882353,0.21739130434782608,0.06071271447426308,2118,1914,34,168,159,0.9169278740882874,0.9464285969734192,0.8999999761581421,0.08193043969058,0.10534591227769852,0.0,0.42951987693304183,0.027416480235250958,0.4176719833751653,0.02672744452591359,0.4095754729711495,0.026087255359569524,0.3945159636196799,0.02417661146118994
npy,./data/MSL,P-10,P-10,gate_gbuf5k,100,256,128,0.15,50,64,0.001,1,1,1,1,0.001,adam,0.1,0.99,adaptive,gated,5000,unc,8,0.95,"[0.5, 1.0, 2.0]",0,0,6,55,2.887841,8,0.00197730865329504,0.0016390613745898008,5.65025520324707,0.9468014768415438,0.5135473743232873,0.30114566284779054,0.19166666666666668,0.7022900763358778,0.5133689839572193,6001,5338,91,230,56,0.9895091652870178,0.24347825348377228,0.9152659773826599,0.10097680380296317,0.002777777767429749,0.11400900773393612,0.9547560615342118,0.5290695454470801,0.955635925564526,0.5417607047990021,0.9554146806848104,0.5557677483582679,0.9285315094911495,0.4019201988823274
npy,./data/MSL,M-6,M-6,mask_noTTA,100,256,128,0.15,50,64,0.001,1,1,1,0,0.001,adam,0.1,0.99,fixed,gated,5000,none,8,0.95,"[0.5, 1.0, 2.0]",0,0,9,55,2.887841,8,0.0020555041264742613,0.0017333331052213907,2.0423669815063477,0.7605232647556402,0.6298587220429592,0.1859052247873633,0.10443686006825939,0.8453038674033149,0.7117437722419929,1950,0,0,199,0,0.0,0.0,0.0,0.06976127624511719,1.0,0.6666666666666666,0.7574325363493322,0.6382500817923819,0.7516296567960533,0.6363806128559387,0.7430081512416151,0.6331816465097732,0.7174630591408662,0.6187121471492122
npy,./data/MSL,P-10,P-10,fixed,100,256,128,0.15,50,64,0.001,1,1,1,1,0.001,adam,0.1,0.99,fixed,gated,5000,none,8,0.95,"[0.5, 1.0, 2.0]",0,0,6,55,2.887841,8,0.00197730865329504,0.0016390613745898008,5.806917905807495,0.9465840685782395,0.5164406778164276,0.3227848101265823,0.20359281437125748,0.7786259541984732,0.5217391304347827,6001,5413,90,230,53,0.9902087450027466,0.23043477535247803,0.9287818670272827,0.10600111480951906,0.0005555555690079927,0.223123117039601,0.9537598201394226,0.5329772479291389,0.9544350646278034,0.5449735896695147,0.953998329792989,0.5576672318793422,0.9291798976646515,0.40218233377459717
npy,./data/MSL,T-4,T-4,fixed,100,256,128,0.15,50,64,0.001,1,1,1,1,0.001,adam,0.1,0.99,fixed,gated,5000,none,8,0.95,"[0.5, 1.0, 2.0]",0,0,0,55,2.887841,8,0.004090030211955309,0.002119779819622636,2.629875898361206,0.4736053760829083,0.029445227700159882,0.05337519623233909,0.02992957746478873,0.2463768115942029,0.06189555125725337,2118,1500,32,168,152,0.8986666798591614,0.9047619104385376,0.6912820339202881,0.09515850582248879,0.45597484211126965,0.3490789669255416,0.4410978868107845,0.02800284392568645,0.43230642593042395,0.02756644574130617,0.4255930693870942,0.027071923111773602,0.3879780314684371,0.024392971538954436
npy,./data/MSL,F-4,F-4,noMask_fixed,100,256,128,0.15,50,64,0.001,1,0,1,1,0.001,adam,0.1,0.99,fixed,gated,5000,none,8,0.95,"[0.5, 1.0, 2.0]",0,0,2,55,2.887786,0,0.0037757863756269217,inf,2.6178340911865234,0.5305962903652892,0.025370541703270653,0.06224066390041493,0.0364963503649635,0.2112676056338028,0.06683804627249357,3323,3187,52,170,165,0.9482271671295166,0.970588207244873,0.9584522843360901,0.025585334128082213,0.08208208220700423,0.04568786174058914,,,,,,,,
npy,./data/MSL,D-15,D-15,gate_gbuf5k,100,256,128,0.15,50,64,0.001,1,1,1,1,0.001,adam,0.1,0.99,adaptive,gated,5000,unc,8,0.95,"[0.5, 1.0, 2.0]",0,0,0,55,2.887841,8,0.004260675981640816,0.0032881039660423994,2.624218463897705,0.6187215715391964,0.3777652058452773,0.2912621359223301,0.3353658536585366,0.2574102964118565,0.49956933677863913,2059,1516,33,658,318,0.7902374863624573,0.4832826852798462,0.8551034927368164,0.08986284571865799,0.09708738109717767,0.0,0.6776851430022923,0.41345143381652566,0.6986076674444698,0.4355785360888095,0.7211519574823864,0.469836201363686,0.8030665458655262,0.643003904387835
npy,./data/MSL,T-13,T-13,noMask_fixed,100,256,128,0.15,50,64,0.001,1,0,1,1,0.001,adam,0.1,0.99,fixed,gated,5000,none,8,0.95,"[0.5, 1.0, 2.0]",0,0,2,55,2.887786,0,0.00263293762691319,inf,1.2857944965362549,0.7046429300217179,0.22374571592558926,0.1773399014778325,0.23376623376623376,0.14285714285714285,0.29140461215932917,2331,2329,37,450,448,0.8076427578926086,0.995555579662323,1.0,0.027886279812701933,0.0,0.0,,,,,,,,
npy,./data/MSL,M-6,M-6,gate_gbuf5k,100,256,128,0.15,50,64,0.001,1,1,1,1,0.001,adam,0.1,0.99,adaptive,gated,5000,unc,8,0.95,"[0.5, 1.0, 2.0]",0,0,1,55,2.887841,8,0.0020626001060009003,0.001528482767753303,1.9396419525146484,0.7609698676162646,0.631280186901813,0.26304347826086955,0.16373477672530445,0.6685082872928176,0.7025089605734767,1950,240,27,199,13,0.9458333253860474,0.06532663106918335,0.12964020669460297,0.10180595593574719,0.3196581204732259,0.036649214724699654,0.7604020017272587,0.6437161305125779,0.7579205460976965,0.6431995427424233,0.7548919280229986,0.6420837750868137,0.7623836170691022,0.6336971728186899
npy,./data/MSL,D-15,D-15,noMask_fixed,100,256,128,0.15,50,64,0.001,1,0,1,1,0.001,adam,0.1,0.99,fixed,gated,5000,none,8,0.95,"[0.5, 1.0, 2.0]",0,0,5,55,2.887786,0,0.0037612144369632006,inf,2.4940545558929443,0.6370443347727317,0.38677747631872533,0.3768804433887569,0.38263665594855306,0.3712948517940718,0.5067497403946002,2059,917,27,658,42,0.9541984796524048,0.06382978707551956,0.624553918838501,0.023558627291174986,0.3430420734609167,0.0,,,,,,,,
npy,./data/MSL,T-5,T-5,base_noTTA,100,256,128,0.15,50,64,0.001,1,0,1,0,0.001,adam,0.1,0.99,fixed,gated,5000,none,8,0.95,"[0.5, 1.0, 2.0]",0,0,4,55,2.887786,0,0.003067184006795287,inf,2.7016305923461914,0.6073133071308254,0.21382163343313854,0.04987531172069826,0.02666666666666667,0.38461538461538464,0.32258064516129037,2119,1501,0,125,23,0.9846768975257874,0.18400000035762787,0.7412236928939819,0.008969781757694981,0.42610063403844833,0.28544068957368535,,,,,,,,
npy,./data/MSL,P-10,P-10,gate_noTTA,100,256,128,0.15,50,64,0.001,1,1,1,0,0.001,adam,0.1,0.99,fixed,gated,5000,unc,8,0.95,"[0.5, 1.0, 2.0]",0,0,8,55,2.887841,8,0.002053881762549281,0.0016972868470475078,5.844949722290039,0.9518862724585934,0.5231856392823808,0.33333333333333326,0.21095334685598377,0.7938931297709924,0.5120772946859903,6001,5276,0,230,51,0.9903335571289062,0.22173912823200226,0.9053890109062195,0.0795006175931941,0.0005555555690079927,0.21972973023851713,0.9573726339266874,0.5406915457211248,0.9573419409953973,0.5497525718399288,0.9563840657647207,0.5610026393652165,0.9154985235421177,0.3604382555417188
npy,./data/MSL,D-16,D-16,base_noTTA,100,256,128,0.15,50,64,0.001,1,0,1,0,0.001,adam,0.1,0.99,fixed,gated,5000,none,8,0.95,"[0.5, 1.0, 2.0]",0,0,4,55,2.887786,0,0.0036426372826099396,inf,1.7714025974273682,0.5111047938236879,0.32715639029291316,0.41923774954627946,0.29748873148744365,0.7096774193548387,0.4634234234234235,2092,0,0,750,0,0.0,0.0,0.0,0.008843938889512596,1.0,1.0,,,,,,,,
npy,./data/MSL,F-5,F-5,mask_noTTA,100,256,128,0.15,50,64,0.001,1,1,1,0,0.001,adam,0.1,0.99,fixed,gated,5000,none,8,0.95,"[0.5, 1.0, 2.0]",0,0,9,55,2.887841,8,0.0032457751221954823,0.001998253632336855,3.4151790142059326,0.8040184678822875,0.3905222626766051,0.26865671641791045,0.1689419795221843,0.6556291390728477,0.44347826086956516,3823,3279,0,250,58,0.9823116660118103,0.23199999332427979,0.9014833569526672,0.07975067170602378,0.18450826903184256,0.0715003435810407,0.883839900530539,0.48540051788205363,0.8985004065533235,0.5372929805820755,0.9095256409580961,0.5501649590474045,0.9299586773231053,0.48497914528894887
npy,./data/MSL,M-5,M-5,base_noTTA,100,256,128,0.15,50,64,0.001,1,0,1,0,0.001,adam,0.1,0.99,fixed,gated,5000,none,8,0.95,"[0.5, 1.0, 2.0]",0,0,2,55,2.887786,0,0.00443918164819479,inf,2.439681053161621,0.5055426301273478,0.13291488705595883,0.16554379210779596,0.11653116531165311,0.2857142857142857,0.24165610477397548,2204,1960,0,400,318,0.8377550840377808,0.7950000166893005,0.9101995825767517,0.008394519127432101,0.11010558453078072,0.08787878789007664,,,,,,,,
npy,./data/MSL,M-4,M-4,noMask_fixed,100,256,128,0.15,50,64,0.001,1,0,1,1,0.001,adam,0.1,0.99,fixed,gated,5000,none,8,0.95,"[0.5, 1.0, 2.0]",0,0,1,55,2.887786,0,0.004599244799464941,inf,2.298680543899536,0.4230620885233548,0.10417316181951988,0.13293051359516617,0.0889487870619946,0.26294820717131473,0.22074468085106383,1939,1195,30,350,333,0.7213389277458191,0.9514285922050476,0.5424795746803284,0.028368491005073694,0.41237112879753113,0.4958398441473643,,,,,,,,
npy,./data/MSL,M-1,M-1,gate_noTTA,100,256,128,0.15,50,64,0.001,1,1,1,0,0.001,adam,0.1,0.99,fixed,gated,5000,unc,8,0.95,"[0.5, 1.0, 2.0]",0,0,5,55,2.887841,8,0.0034804672468453646,0.0021170643158257008,2.9274771213531494,0.3685919196158547,0.41381571836491415,0.330804248861912,0.3911483253588517,0.28659070990359337,0.6680327868852458,2178,1164,0,1167,849,0.2706185579299927,0.7275063991546631,0.31157270073890686,0.07025586890999169,0.6896024644374847,0.0,0.3428654750589426,0.4037414710848136,0.33053767389613753,0.3979694507637478,0.3171344015010307,0.39054106093145724,0.30823823307945836,0.3796859405276874
npy,./data/MSL,P-10,P-10,gate_noTTA,100,256,128,0.15,50,64,0.001,1,1,1,0,0.001,adam,0.1,0.99,fixed,gated,5000,unc,8,0.95,"[0.5, 1.0, 2.0]",0,0,2,55,2.887841,8,0.001931484672240913,0.0016866966616362333,4.925351619720459,0.9540680283244601,0.5560395634748109,0.3048780487804878,0.19047619047619047,0.7633587786259542,0.5846153846153846,6001,5212,0,230,49,0.9905986189842224,0.2130434811115265,0.894645631313324,0.07727304670616421,0.002222222276031971,0.23331831768155098,0.9568278343962893,0.5693602310738026,0.9560362125434337,0.5746608403294502,0.9545284222938106,0.5751416049668258,0.9200461928615915,0.3560180975189978
npy,./data/MSL,P-14,P-14,gate_gbuf5k,100,256,128,0.15,50,64,0.001,1,1,1,1,0.001,adam,0.1,0.99,adaptive,gated,5000,unc,8,0.95,"[0.5, 1.0, 2.0]",0,0,3,55,2.887841,8,0.0023539061658084393,0.0016097126062959433,3.563828706741333,0.9062630969282366,0.490172289310444,0.3643512450851901,0.23883161512027493,0.7679558011049724,0.459958932238193,6001,5254,92,280,103,0.9803959131240845,0.3678571283817291,0.9003670811653137,0.11184175418548,0.01055555542310079,0.16083332896232605,0.9172661501168163,0.5173684274211684,0.9205190887291511,0.5405037633244735,0.9242387330247477,0.5784664274427217,0.8987117989730607,0.5108044698502223
npy,./data/MSL,D-16,D-16,gate_gbuf5k,100,256,128,0.15,50,64,0.001,1,1,1,1,0.001,adam,0.1,0.99,adaptive,gated,5000,unc,8,0.95,"[0.5, 1.0, 2.0]",0,0,1,55,2.887841,8,0.00390821835026145,0.0020524291321635246,1.7379603385925293,0.5261854888583,0.3507075370266839,0.34143049932523617,0.30445246690734057,0.38863287250384027,0.4632484761563284,2092,619,30,750,262,0.5767366886138916,0.34933334589004517,0.26602086424827576,0.09130952918962584,0.16507937014102936,0.03030303120613098,0.5234015600375048,0.3598825028755134,0.5206455602768967,0.3699674235864172,0.5172860933229597,0.38951665569030447,0.4918387296267481,0.42779197221893006
npy,./data/MSL,D-15,D-15,gate_noTTA,100,256,128,0.15,50,64,0.001,1,1,1,0,0.001,adam,0.1,0.99,fixed,gated,5000,unc,8,0.95,"[0.5, 1.0, 2.0]",0,0,4,55,2.887841,8,0.004287878517061472,0.0033500459976494312,2.6876025199890137,0.6172036729854165,0.38571931586954444,0.3650546021840874,0.36505460218408736,0.36505460218408736,0.49881009043312713,2059,899,0,658,20,0.9777530431747437,0.030395137146115303,0.6274089813232422,0.07456619221936041,0.3203883407016595,0.0,0.6757476627344593,0.4223250389804395,0.6987608970410233,0.4455908323636327,0.7241054836656222,0.48398142569482094,0.7963414119953065,0.6444587303908629
npy,./data/MSL,C-2,C-2,mask_noTTA,100,256,128,0.15,50,64,0.001,1,1,1,0,0.001,adam,0.1,0.99,fixed,gated,5000,none,8,0.95,"[0.5, 1.0, 2.0]",0,0,0,55,2.887841,8,0.005935264751315117,0.002999686636030674,0.8364944458007812,0.6031164908587511,0.10807710449079526,0.16815286624203823,0.10185185185185185,0.48175182481751827,0.19858156028368798,1952,1305,0,335,131,0.8996168375015259,0.3910447657108307,0.7260358929634094,0.07095981816776463,0.7223609387874603,0.2380688445021709,0.6799762030066586,0.12624451242100923,0.7122470616052292,0.1429910402566071,0.746180658841117,0.17213161330720542,0.8159470364353324,0.3177885689514418
npy,./data/MSL,M-3,M-3,gate_gbuf5k,100,256,128,0.15,50,64,0.001,1,1,1,1,0.001,adam,0.1,0.99,adaptive,gated,5000,unc,8,0.95,"[0.5, 1.0, 2.0]",0,0,9,55,2.887841,8,0.00486458744853735,0.002775755012407899,2.662004232406616,0.4297904331501287,0.10409159898922417,0.1342925659472422,0.09605488850771869,0.22310756972111553,0.21110176619007567,2028,1851,32,350,338,0.8173959851264954,0.9657142758369446,0.9016686677932739,0.09024848599405684,0.12479474643866222,0.003300329980750879,0.4404068162318743,0.10559443855923434,0.44966403044538267,0.1068694042300209,0.46563638834852494,0.10900387110038476,0.53988417332801,0.12037752128185018
npy,./data/MSL,P-11,P-11,base_noTTA,100,256,128,0.15,50,64,0.001,1,0,1,0,0.001,adam,0.1,0.99,fixed,gated,5000,none,8,0.95,"[0.5, 1.0, 2.0]",0,0,0,55,2.887786,0,0.003062509698793292,inf,4.659713268280029,0.7308248319619732,0.12596093242055728,0.07529411764705883,0.08121827411167512,0.07017543859649122,0.22574626865671643,3436,3436,0,426,426,0.8760186433792114,1.0,1.0,0.008149391280897004,0.0,0.0,,,,,,,,
npy,./data/MSL,M-1,M-1,base_noTTA,100,256,128,0.15,50,64,0.001,1,0,1,0,0.001,adam,0.1,0.99,fixed,gated,5000,none,8,0.95,"[0.5, 1.0, 2.0]",0,0,8,55,2.887786,0,0.0033646959345787764,inf,2.9030802249908447,0.37513809852982927,0.4176127743414789,0.31917098445595854,0.39036755386565275,0.26993865030674846,0.6676418958455237,2178,1331,0,1167,932,0.2997746169567108,0.7986289858818054,0.39465874433517456,0.009415016139287047,0.6513761480649313,0.0,,,,,,,,
npy,./data/MSL,D-15,D-15,noMask_fixed,100,256,128,0.15,50,64,0.001,1,0,1,1,0.001,adam,0.1,0.99,fixed,gated,5000,none,8,0.95,"[0.5, 1.0, 2.0]",0,0,1,55,2.887786,0,0.003775555407628417,inf,2.4021143913269043,0.6106518222495545,0.37533166602966217,0.3634907926341073,0.37335526315789475,0.3541341653666147,0.4939870490286771,2059,907,27,658,37,0.9592061638832092,0.05623100325465202,0.6209850311279297,0.027200213446670393,0.34951456760366756,0.0,,,,,,,,
npy,./data/MSL,T-4,T-4,noMask_fixed,100,256,128,0.15,50,64,0.001,1,0,1,1,0.001,adam,0.1,0.99,fixed,gated,5000,none,8,0.95,"[0.5, 1.0, 2.0]",0,0,0,55,2.887786,0,0.0037474320270121098,inf,2.5807101726531982,0.4830782932556068,0.02974700006398643,0.05181347150259067,0.029411764705882353,0.21739130434782608,0.06234413965087282,2118,1420,32,168,145,0.8978873491287231,0.863095223903656,0.6538461446762085,0.025026183628157922,0.48899370431900024,0.38530953725179035,,,,,,,,
npy,./data/MSL,M-1,M-1,noMask_fixed,100,256,128,0.15,50,64,0.001,1,0,1,1,0.001,adam,0.1,0.99,fixed,gated,5000,none,8,0.95,"[0.5, 1.0, 2.0]",0,0,6,55,2.887786,0,0.0032023447565734386,inf,2.612010955810547,0.38096446778832505,0.4212760717875041,0.31568228105906315,0.37667071688942894,0.27169149868536374,0.6678372841673983,2178,1191,29,1167,860,0.2779177129268646,0.7369322776794434,0.3273986279964447,0.02641268450804431,0.6896024495363235,0.0,,,,,,,,
npy,./data/MSL,T-8,T-8,gate_noTTA,100,256,128,0.15,50,64,0.001,1,1,1,0,0.001,adam,0.1,0.99,fixed,gated,5000,unc,8,0.95,"[0.5, 1.0, 2.0]",0,0,0,55,2.887841,8,0.00478816032409668,0.002702378900721669,0.848153829574585,0.5479333582409676,0.09763465205372769,0.1281216069489685,0.07203907203907203,0.5784313725490197,0.14965986394557823,1420,0,0,300,0,0.0,0.0,0.0,0.07360787458822761,1.0,1.0,0.5583461330897921,0.10118828175257699,0.5629402078403698,0.1055064122072676,0.5679840037638203,0.10789053241394814,0.5808321917334329,0.09325104148012829
npy,./data/MSL,T-13,T-13,mask_noTTA,100,256,128,0.15,50,64,0.001,1,1,1,0,0.001,adam,0.1,0.99,fixed,gated,5000,none,8,0.95,"[0.5, 1.0, 2.0]",0,0,8,55,2.887841,8,0.0027245176024734974,0.0018999685999006033,1.5448472499847412,0.7107255819377032,0.2163245450045926,0.1725888324873096,0.23943661971830985,0.1349206349206349,0.3051438535309503,2331,2330,0,450,449,0.8072961568832397,0.9977777600288391,1.0,0.06865084503710603,0.0,0.0,0.7020930808809597,0.21667017645300865,0.6911539638812366,0.21238620339962028,0.6797265585144372,0.20836040483126284,0.6414214293002172,0.1871514107205847
npy,./data/MSL,M-2,M-2,gate_gbuf5k,100,256,128,0.15,50,64,0.001,1,1,1,1,0.001,adam,0.1,0.99,adaptive,gated,5000,unc,8,0.95,"[0.5, 1.0, 2.0]",0,0,6,55,2.887841,8,0.005505414679646492,0.00287442933768034,2.8866171836853027,0.7158071126143364,0.7093874109908851,0.4911308203991131,0.6681749622926093,0.38825591586327785,0.7035141589901057,2178,1779,34,1167,817,0.5407532453536987,0.7000856995582581,0.9515331387519836,0.09456909064090613,0.0504587156077226,0.0,0.7573979150979496,0.7356386399137522,0.7775587574526917,0.7530497284779114,0.8003318993716902,0.7773640663575005,0.8144326079174433,0.8099023927794211
npy,./data/MSL,M-4,M-4,gate_noTTA,100,256,128,0.15,50,64,0.001,1,1,1,0,0.001,adam,0.1,0.99,fixed,gated,5000,unc,8,0.95,"[0.5, 1.0, 2.0]",0,0,6,55,2.887841,8,0.004773736000061035,0.002554570557549596,2.674309253692627,0.41301832401786254,0.11012028834655213,0.1633045148895293,0.10759493670886076,0.3386454183266932,0.21988611476127903,1939,1125,0,350,310,0.7244444489479065,0.8857142925262451,0.5129011869430542,0.07040590401345027,0.3951889971892039,0.49624796708424884,0.41128156651513703,0.10953906617461072,0.41459455964613845,0.10901268393846503,0.4220097784575185,0.10846629301462588,0.4563436238259051,0.10843633960799841
npy,./data/MSL,C-2,C-2,fixed,100,256,128,0.15,50,64,0.001,1,1,1,1,0.001,adam,0.1,0.99,fixed,gated,5000,none,8,0.95,"[0.5, 1.0, 2.0]",0,0,6,55,2.887841,8,0.005930072627961636,0.002930531045421958,0.8536820411682129,0.6312381301054848,0.10216178939807648,0.1762545899632803,0.10588235294117647,0.5255474452554745,0.17824074074074076,1952,1199,24,335,129,0.8924103379249573,0.3850746154785156,0.6617192625999451,0.0786471073744727,0.6961113313833872,0.45987526575724286,0.692599287615648,0.11688131407470966,0.7176967256252431,0.1298737958856055,0.7484612040363362,0.1566131083389238,0.8209810157960171,0.31142235960430714
npy,./data/MSL,M-7,M-7,fixed,100,256,128,0.15,50,64,0.001,1,1,1,1,0.001,adam,0.1,0.99,fixed,gated,5000,none,8,0.95,"[0.5, 1.0, 2.0]",0,0,1,55,2.887841,8,0.002730562351644039,0.0017811335856094956,1.9415283203125,0.8849461588494615,0.5565007696963513,0.1615798922800718,0.08884501480750247,0.8910891089108911,0.6733668341708543,2057,434,8,200,0,1.0,0.0,0.23371028900146484,0.0714710979248403,1.0,0.29430894056955975,0.9009997350099974,0.5749814674146982,0.9101876611018765,0.5986650679490553,0.9176796511767965,0.6136193315098718,0.9184457131844571,0.4509681088905177
npy,./data/MSL,D-16,D-16,noMask_fixed,100,256,128,0.15,50,64,0.001,1,0,1,1,0.001,adam,0.1,0.99,fixed,gated,5000,none,8,0.95,"[0.5, 1.0, 2.0]",0,0,0,55,2.887786,0,0.0037428480572998524,inf,1.654015302658081,0.533763241366928,0.36451500318058716,0.4301651048639,0.3031446540880503,0.7403993855606759,0.46725533480500375,2092,0,0,750,0,0.0,0.0,0.0,0.010281630273530861,1.0,1.0,,,,,,,,
npy,./data/MSL,M-6,M-6,base_noTTA,100,256,128,0.15,50,64,0.001,1,0,1,0,0.001,adam,0.1,0.99,fixed,gated,5000,none,8,0.95,"[0.5, 1.0, 2.0]",0,0,9,55,2.887786,0,0.00230230251327157,inf,1.9581718444824219,0.7381842488199037,0.631194116789083,0.17724550898203592,0.09939556749496306,0.8176795580110497,0.7208480565371024,1950,0,0,199,0,0.0,0.0,0.0,0.012564903650528345,1.0,0.6666666666666666,,,,,,,,
npy,./data/MSL,M-6,M-6,noMask_fixed,100,256,128,0.15,50,64,0.001,1,0,1,1,0.001,adam,0.1,0.99,fixed,gated,5000,none,8,0.95,"[0.5, 1.0, 2.0]",0,0,0,55,2.887786,0,0.002239398891106248,inf,1.807286024093628,0.7660274231902233,0.6295151224989682,0.18705035971223022,0.10490921318090114,0.861878453038674,0.7071428571428572,1950,0,0,199,0,0.0,0.0,0.0,0.010769183819110576,1.0,0.6666666666666666,,,,,,,,
npy,./data/MSL,S-2,S-2,mask_noTTA,100,256,128,0.15,50,64,0.001,1,1,1,0,0.001,adam,0.1,0.99,fixed,gated,5000,none,8,0.95,"[0.5, 1.0, 2.0]",0,0,3,55,2.887841,8,0.00474217114970088,0.002568760421127081,1.0849800109863281,0.6724569483380056,0.28843884449918755,0.012012012012012012,0.006056018168054504,0.7272727272727273,0.42857142857142855,1728,0,0,110,0,0.0,0.0,0.0,0.07060873839590284,1.0,1.0,0.6799659591509811,0.2896646757861489,0.6860232278734482,0.2894249951844914,0.6967861433720465,0.2902531308169309,0.6454245094112936,0.009624620353972059
npy,./data/MSL,T-8,T-8,gate_gbuf5k,100,256,128,0.15,50,64,0.001,1,1,1,1,0.001,adam,0.1,0.99,adaptive,gated,5000,unc,8,0.95,"[0.5, 1.0, 2.0]",0,0,7,55,2.887841,8,0.004824239294975996,0.00252611399628222,0.9037139415740967,0.55876126032629,0.10785901512526196,0.11589403973509933,0.0697211155378486,0.3431372549019608,0.1572052401746725,1420,535,22,300,68,0.872897207736969,0.2266666740179062,0.4169642925262451,0.09825397545183209,0.18779342994093895,0.0,0.5688142582368162,0.1096646397580311,0.5753109994880097,0.11192847079736103,0.5854608604203855,0.11191643734772252,0.5821951928266013,0.09368510724666043
npy,./data/MSL,C-2,C-2,gate_noTTA,100,256,128,0.15,50,64,0.001,1,1,1,0,0.001,adam,0.1,0.99,fixed,gated,5000,unc,8,0.95,"[0.5, 1.0, 2.0]",0,0,0,55,2.887841,8,0.005935264751315117,0.002999686636030674,0.8331425189971924,0.6031164908587511,0.10807710449079526,0.16815286624203823,0.10185185185185185,0.48175182481751827,0.19858156028368798,1952,1299,0,335,131,0.8991531729698181,0.3910447657108307,0.7223252654075623,0.06635939000082798,0.7223609387874603,0.2380688445021709,0.6799762030066586,0.12624451242100923,0.7122470616052292,0.1429910402566071,0.746180658841117,0.17213161330720542,0.8159470364353324,0.3177885689514418
npy,./data/MSL,M-7,M-7,gate_noTTA,100,256,128,0.15,50,64,0.001,1,1,1,0,0.001,adam,0.1,0.99,fixed,gated,5000,unc,8,0.95,"[0.5, 1.0, 2.0]",0,0,8,55,2.887841,8,0.0027489475905895233,0.00185577932279557,2.08943510055542,0.8909397509093976,0.5760259746745173,0.1590909090909091,0.087248322147651,0.900990099009901,0.695187165775401,2057,385,0,200,0,1.0,0.0,0.20732364058494568,0.07025848967274474,1.0,0.29430894056955975,0.9049938570499385,0.6023779623396812,0.9126737491267374,0.6155244322325963,0.9213220592132204,0.634336232369153,0.9285249692852497,0.5242658985825764
npy,./data/MSL,D-14,D-14,noMask_fixed,100,256,128,0.15,50,64,0.001,1,0,1,1,0.001,adam,0.1,0.99,fixed,gated,5000,none,8,0.95,"[0.5, 1.0, 2.0]",0,0,5,55,2.887786,0,0.004505716729909182,inf,4.343816041946411,0.45080661185530096,0.22959209766603916,0.12254335260115606,0.07029177718832891,0.4774774774774775,0.31012658227848106,2526,457,18,420,111,0.7571116089820862,0.26428571343421936,0.16429249942302704,0.020390168504873536,0.9644268949826559,0.42328041791915894,,,,,,,,
npy,./data/MSL,F-4,F-4,fixed,100,256,128,0.15,50,64,0.001,1,1,1,1,0.001,adam,0.1,0.99,fixed,gated,5000,none,8,0.95,"[0.5, 1.0, 2.0]",0,0,9,55,2.887841,8,0.003847501240670681,0.001890485524199903,3.021160364151001,0.5370017779010681,0.02488961556365062,0.06276150627615062,0.036855036855036855,0.2112676056338028,0.06493506493506493,3323,3180,52,170,167,0.9474842548370361,0.9823529124259949,0.9555978178977966,0.09707431638237227,0.0860860850661993,0.05104692280292511,0.503091362258901,0.023062099988785577,0.49209191286183224,0.022114496230713744,0.4794742792775753,0.02086975740735325,0.4120107094371661,0.016499942718996914
npy,./data/MSL,M-3,M-3,gate_gbuf5k,100,256,128,0.15,50,64,0.001,1,1,1,1,0.001,adam,0.1,0.99,adaptive,gated,5000,unc,8,0.95,"[0.5, 1.0, 2.0]",0,0,1,55,2.887841,8,0.004843642935156822,0.0026811326388269663,2.6374008655548096,0.46312404964364284,0.1121108597879533,0.1628440366972477,0.1143317230273752,0.28286852589641437,0.21110176619007567,2028,1829,32,350,334,0.8173865675926208,0.954285740852356,0.8909416198730469,0.08699985650869516,0.12643678486347198,0.003300329980750879,0.4567805536914177,0.11128359081575506,0.4558418776917914,0.11062927058916913,0.4575705705960804,0.10997774917013062,0.466256509144658,0.10384817976726533
npy,./data/MSL,M-1,M-1,base_noTTA,100,256,128,0.15,50,64,0.001,1,0,1,0,0.001,adam,0.1,0.99,fixed,gated,5000,none,8,0.95,"[0.5, 1.0, 2.0]",0,0,9,55,2.887786,0,0.003425867995247245,inf,2.6446430683135986,0.38044447667600695,0.4210642774889566,0.3063919704173271,0.38563829787234044,0.2541630148992112,0.6682284040995607,2178,1375,0,1167,945,0.31272727251052856,0.8097686171531677,0.42532145977020264,0.008723405219744497,0.6467889895041784,0.0,,,,,,,,
npy,./data/MSL,M-6,M-6,gate_gbuf5k,100,256,128,0.15,50,64,0.001,1,1,1,1,0.001,adam,0.1,0.99,adaptive,gated,5000,unc,8,0.95,"[0.5, 1.0, 2.0]",0,0,3,55,2.887841,8,0.002141630742698908,0.00151160079985857,1.9145176410675049,0.7611976054988348,0.6397787517475,0.2558139534883721,0.15816993464052287,0.6685082872928176,0.7163120567375887,1950,226,26,199,17,0.9247787594795227,0.08542713522911072,0.11936036497354507,0.08283480619772887,0.3282051289764543,0.04712041715780894,0.7603635524743573,0.6412800708630172,0.760428620440806,0.6402199770863424,0.7616678694381677,0.6383255452828845,0.7560010410874631,0.6281781112711703
npy,./data/MSL,P-14,P-14,noMask_fixed,100,256,128,0.15,50,64,0.001,1,0,1,1,0.001,adam,0.1,0.99,fixed,gated,5000,none,8,0.95,"[0.5, 1.0, 2.0]",0,0,1,55,2.887786,0,0.0023766409140080214,inf,3.4275529384613037,0.8946841289265116,0.4526727469902195,0.42480620155038756,0.2952586206896552,0.7569060773480663,0.4630738522954092,6001,5454,91,280,109,0.9800146818161011,0.38928571343421936,0.9342772364616394,0.02624817320434794,0.0027777778450399637,0.21756944308678308,,,,,,,,
npy,./data/MSL,F-7,F-7,fixed,100,256,128,0.15,50,64,0.001,1,1,1,1,0.001,adam,0.1,0.99,fixed,gated,5000,none,8,0.95,"[0.5, 1.0, 2.0]",0,0,4,55,2.887841,8,0.004544675350189209,0.004443148151040077,3.0198988914489746,0.4644810667957179,0.07354814343408103,0.05733558178752108,0.04456094364351245,0.08037825059101655,0.15449386783818414,4955,4672,78,720,658,0.8591609597206116,0.9138888716697693,0.9478158354759216,0.09769267439240764,0.0077490671537816525,0.03838383903106054,0.46522586761127216,0.07290393122197295,0.4627949275950489,0.07199978703400725,0.456103716704111,0.07054816495258356,0.4706293745561952,0.07602920111407509
npy,./data/MSL,P-11,P-11,mask_noTTA,100,256,128,0.15,50,64,0.001,1,1,1,0,0.001,adam,0.1,0.99,fixed,gated,5000,none,8,0.95,"[0.5, 1.0, 2.0]",0,0,1,55,2.887841,8,0.002940770471468568,0.001998325577005744,4.692284345626831,0.7163061873007284,0.11856536775968829,0.08017817371937638,0.08144796380090498,0.07894736842105263,0.215633423180593,3436,3435,0,426,426,0.8759825229644775,1.0,0.999667763710022,0.06694822844304361,0.0,0.0,0.74865914408034,0.1286346930422857,0.7504509307741685,0.13071946991311523,0.7468527684496999,0.13063136616151366,0.73694555408782,0.14684030036882686
npy,./data/MSL,S-2,S-2,fixed,100,256,128,0.15,50,64,0.001,1,1,1,1,0.001,adam,0.1,0.99,fixed,gated,5000,none,8,0.95,"[0.5, 1.0, 2.0]",0,0,4,55,2.887841,8,0.004450122360140085,0.0022577554918825626,1.0918974876403809,0.6884261113336003,0.28420900508190466,0.014388489208633096,0.007251631617113851,0.9090909090909091,0.42857142857142855,1728,0,0,110,0,0.0,0.0,0.0,0.06684591924702679,1.0,1.0,0.7024429315178214,0.2853265869027587,0.7178614337204645,0.28657002324868186,0.7328794553464156,0.29067617240467125,0.6685522627152582,0.0506252472702986
npy,./data/MSL,M-3,M-3,fixed,100,256,128,0.15,50,64,0.001,1,1,1,1,0.001,adam,0.1,0.99,fixed,gated,5000,none,8,0.95,"[0.5, 1.0, 2.0]",0,0,1,55,2.887841,8,0.004843642935156822,0.0026811326388269663,2.592825412750244,0.47382538077965325,0.115541702671625,0.1725790987535954,0.11363636363636363,0.35856573705179284,0.2113684210526316,2028,1436,32,350,303,0.788997232913971,0.8657143115997314,0.675208568572998,0.10233517934584759,0.26765188823143643,0.3363921791315079,0.4677218630807261,0.11465480659162841,0.465965562058801,0.11390374065158607,0.4663011068731471,0.1132448323967104,0.4703340157493692,0.10483392152986395
npy,./data/MSL,M-3,M-3,gate_noTTA,100,256,128,0.15,50,64,0.001,1,1,1,0,0.001,adam,0.1,0.99,fixed,gated,5000,unc,8,0.95,"[0.5, 1.0, 2.0]",0,0,6,55,2.887841,8,0.004702621139585972,0.0025625203270465136,2.7089219093322754,0.4294442698289995,0.10786418282172527,0.1471698113207547,0.09641532756489493,0.3107569721115538,0.21133361738389433,2028,1289,0,350,276,0.7858805060386658,0.7885714173316956,0.6036948561668396,0.06781868210440792,0.2791461373368899,0.4168880383173625,0.42958868152124974,0.10770093125201376,0.43481935796260585,0.1082196372410513,0.4460431196323448,0.1088114117159451,0.5030729958630298,0.11248121953751815
npy,./data/MSL,T-12,T-12,fixed,100,256,128,0.15,50,64,0.001,1,1,1,1,0.001,adam,0.1,0.99,fixed,gated,5000,none,8,0.95,"[0.5, 1.0, 2.0]",0,0,9,55,2.887841,8,0.0028785904869437218,0.0017681821482256055,1.53123140335083,0.7988861408287371,0.22022413307484787,0.2402088772845953,0.17557251908396945,0.38016528925619836,0.2638888888888889,2331,2189,36,220,132,0.9396985173225403,0.6000000238418579,0.9744197130203247,0.09225397752314256,0.0,0.047210300962130226,0.8139690538997599,0.22477356493179218,0.8068105759353446,0.22456784717346973,0.7935172823554256,0.22676776097584517,0.7290050789401158,0.12388934407059071
npy,./data/MSL,M-2,M-2,mask_noTTA,100,256,128,0.15,50,64,0.001,1,1,1,0,0.001,adam,0.1,0.99,fixed,gated,5000,none,8,0.95,"[0.5, 1.0, 2.0]",0,0,8,55,2.887841,8,0.005625459831207991,0.002816346939653158,3.018423557281494,0.6990748170001606,0.7012852427403458,0.5726184279021344,0.7051282051282052,0.4820333041191937,0.6920415224913494,2178,1112,0,1167,148,0.866906464099884,0.126820906996727,0.9535113573074341,0.06589613670159962,0.0718654418985049,0.0,0.7635321129229363,0.7420385620286011,0.794260578810285,0.7686546459925775,0.8275743417560578,0.8048219739338067,0.8665999061855797,0.8630244225789081
npy,./data/MSL,M-7,M-7,noMask_fixed,100,256,128,0.15,50,64,0.001,1,0,1,1,0.001,adam,0.1,0.99,fixed,gated,5000,none,8,0.95,"[0.5, 1.0, 2.0]",0,0,8,55,2.887786,0,0.002954998519271612,inf,1.87650465965271,0.881636192816362,0.48291095438710074,0.16202090592334495,0.08882521489971347,0.9207920792079208,0.644808743169399,2057,437,8,200,0,1.0,0.0,0.23532579839229584,0.016047760996357237,1.0,0.2894308865070343,,,,,,,,
npy,./data/MSL,T-8,T-8,base_noTTA,100,256,128,0.15,50,64,0.001,1,0,1,0,0.001,adam,0.1,0.99,fixed,gated,5000,none,8,0.95,"[0.5, 1.0, 2.0]",0,0,6,55,2.887786,0,0.005107548087835312,inf,0.8508632183074951,0.5425851356774184,0.10273308060421218,0.12393162393162392,0.06954436450839328,0.5686274509803921,0.15306122448979595,1420,0,0,300,0,0.0,0.0,0.0,0.009510382800035074,1.0,1.0,,,,,,,,
npy,./data/MSL,M-6,M-6,fixed,100,256,128,0.15,50,64,0.001,1,1,1,1,0.001,adam,0.1,0.99,fixed,gated,5000,none,8,0.95,"[0.5, 1.0, 2.0]",0,0,7,55,2.887841,8,0.002129873726516962,0.0017497451044619083,2.053875207901001,0.743132371904835,0.6277659062729443,0.18424396442185517,0.104091888011486,0.8011049723756906,0.7137809187279153,1950,0,0,199,0,0.0,0.0,0.0,0.06872800680307242,1.0,0.6666666666666666,0.7421829711216534,0.6389000637474271,0.7397547529191857,0.6382591171920857,0.7390271747488968,0.6374063962021339,0.7600766618950159,0.6296359291357442
npy,./data/MSL,C-2,C-2,noMask_fixed,100,256,128,0.15,50,64,0.001,1,0,1,1,0.001,adam,0.1,0.99,fixed,gated,5000,none,8,0.95,"[0.5, 1.0, 2.0]",0,0,6,55,2.887786,0,0.006031404249370098,inf,0.8265821933746338,0.6323173847714497,0.10957786916523782,0.1767554479418886,0.10595065312046444,0.5328467153284672,0.18518518518518517,1952,1204,24,335,129,0.8928571343421936,0.3850746154785156,0.664811372756958,0.027925386780598124,0.6786235272884369,0.4671748677889506,,,,,,,,
npy,./data/MSL,T-12,T-12,gate_gbuf5k,100,256,128,0.15,50,64,0.001,1,1,1,1,0.001,adam,0.1,0.99,adaptive,gated,5000,unc,8,0.95,"[0.5, 1.0, 2.0]",0,0,4,55,2.887841,8,0.0026198660489171743,0.001940951100550592,1.4326324462890625,0.7926582649996958,0.1774716343033688,0.27325581395348836,0.21076233183856502,0.3884297520661157,0.26627218934911245,2331,2209,37,220,131,0.9406971335411072,0.5954545736312866,0.9843676090240479,0.09503951659789672,0.0,0.0,0.8064598105150883,0.18084232439082806,0.8048992623188458,0.18179391740146805,0.7980128065170784,0.18470061017622624,0.7508098028197245,0.12616337072999978
npy,./data/MSL,F-4,F-4,mask_noTTA,100,256,128,0.15,50,64,0.001,1,1,1,0,0.001,adam,0.1,0.99,fixed,gated,5000,none,8,0.95,"[0.5, 1.0, 2.0]",0,0,6,55,2.887841,8,0.0039035563822835684,0.0020707848016172647,2.906407117843628,0.5495227407416747,0.029322302812200704,0.06097560975609756,0.035629453681710214,0.2112676056338028,0.06436781609195402,3323,3183,0,170,166,0.9478479623794556,0.9764705896377563,0.9568665027618408,0.0766040401361163,0.0740740733842055,0.05792113517721494,0.512909747353113,0.02694140136027368,0.4984469634878804,0.02555189741818989,0.48127319572463123,0.02330363891996058,0.40170056447308133,0.015798304124586264
npy,./data/MSL,S-2,S-2,gate_noTTA,100,256,128,0.15,50,64,0.001,1,1,1,0,0.001,adam,0.1,0.99,fixed,gated,5000,unc,8,0.95,"[0.5, 1.0, 2.0]",0,0,5,55,2.887841,8,0.00451111514121294,0.0025888343807309866,1.215827226638794,0.6858229875851021,0.2819229176745937,0.012857142857142855,0.0064794816414686825,0.8181818181818182,0.42857142857142855,1728,0,0,110,0,0.0,0.0,0.0,0.07089917306546811,1.0,1.0,0.6949839807769324,0.28131316477172585,0.7015418502202644,0.28092014953077693,0.7020925110132158,0.28031653603913664,0.586553864637565,0.10935306118666932
npy,./data/MSL,M-1,M-1,gate_gbuf5k,100,256,128,0.15,50,64,0.001,1,1,1,1,0.001,adam,0.1,0.99,adaptive,gated,5000,unc,8,0.95,"[0.5, 1.0, 2.0]",0,0,8,55,2.887841,8,0.0035782435443252325,0.002082830062136054,3.0498063564300537,0.3698332633839849,0.4163419914809705,0.22327229769639692,0.3423913043478261,0.1656441717791411,0.6676418958455237,2178,1660,35,1167,1045,0.370481938123703,0.895458459854126,0.6083086133003235,0.09529332265162052,0.27981651326020557,0.0,0.3505326437150511,0.4089309135126779,0.3433449624125119,0.405039156289863,0.33575764402365116,0.39997238195422774,0.35218133957116926,0.4009239487190894
npy,./data/MSL,T-8,T-8,gate_gbuf5k,100,256,128,0.15,50,64,0.001,1,1,1,1,0.001,adam,0.1,0.99,adaptive,gated,5000,unc,8,0.95,"[0.5, 1.0, 2.0]",0,0,8,55,2.887841,8,0.004726326558738947,0.0030021448619663715,0.8762040138244629,0.5718792809996264,0.10057702981642129,0.11900826446280992,0.07157057654075547,0.35294117647058826,0.14657210401891252,1420,788,22,300,114,0.8553299307823181,0.3799999952316284,0.6017857193946838,0.09649068536892744,0.19718309367696443,0.0,0.5862565209570066,0.10247690994542262,0.5964063818893824,0.10552353215819302,0.6108804848686122,0.11206505433753372,0.6356289869511673,0.1118734126361256
npy,./data/MSL,M-6,M-6,noMask_fixed,100,256,128,0.15,50,64,0.001,1,0,1,1,0.001,adam,0.1,0.99,fixed,gated,5000,none,8,0.95,"[0.5, 1.0, 2.0]",0,0,5,55,2.887786,0,0.0022271513007581234,inf,1.9697234630584717,0.7485270978503911,0.6298347873323914,0.18072289156626503,0.10141987829614604,0.8287292817679558,0.7163120567375887,1950,0,0,199,0,0.0,0.0,0.0,0.010514137072440905,1.0,0.6666666666666666,,,,,,,,
npy,./data/MSL,T-4,T-4,gate_noTTA,100,256,128,0.15,50,64,0.001,1,1,1,0,0.001,adam,0.1,0.99,fixed,gated,5000,unc,8,0.95,"[0.5, 1.0, 2.0]",0,0,8,55,2.887841,8,0.004024383146315813,0.002428127685561776,3.0472238063812256,0.44558470299301006,0.04214899363884303,0.050746268656716415,0.028286189683860232,0.2463768115942029,0.06165004533091569,2118,1340,0,168,130,0.9029850959777832,0.773809552192688,0.620512843132019,0.07012252879660573,0.4732704410950343,0.41854452217618626,0.4339189809192238,0.04164727271327598,0.43442501281947477,0.034394256419513394,0.4402410061263596,0.03466646847539573,0.4617844708930451,0.03500737902963444
npy,./data/MSL,P-11,P-11,gate_noTTA,100,256,128,0.15,50,64,0.001,1,1,1,0,0.001,adam,0.1,0.99,fixed,gated,5000,unc,8,0.95,"[0.5, 1.0, 2.0]",0,0,8,55,2.887841,8,0.002925823675468564,0.001960450317710638,4.99538254737854,0.7225887139984828,0.12230895801808192,0.08237986270022883,0.0861244019138756,0.07894736842105263,0.220873786407767,3436,3394,0,426,416,0.8774307370185852,0.9765258431434631,0.9893687963485718,0.06812123952561402,0.0,0.0,0.7565809367688954,0.13268950413792152,0.7572175449206627,0.13411155080269255,0.7513196356479345,0.13500814263205177,0.7444840556183321,0.1592826571953275
npy,./data/MSL,M-1,M-1,base_noTTA,100,256,128,0.15,50,64,0.001,1,0,1,0,0.001,adam,0.1,0.99,fixed,gated,5000,none,8,0.95,"[0.5, 1.0, 2.0]",0,0,7,55,2.887786,0,0.003537166863679886,inf,2.885298013687134,0.3802477441335127,0.42056897958307243,0.2966507177033493,0.377027027027027,0.24452234881682736,0.6682325308279505,2178,1444,0,1167,976,0.32409971952438354,0.8363324999809265,0.462907999753952,0.009182180364379322,0.6146788944800695,0.0,,,,,,,,
npy,./data/MSL,M-6,M-6,fixed,100,256,128,0.15,50,64,0.001,1,1,1,1,0.001,adam,0.1,0.99,fixed,gated,5000,none,8,0.95,"[0.5, 1.0, 2.0]",0,0,5,55,2.887841,8,0.0021033238153904676,0.0016861759359017015,2.184427499771118,0.7498314148142013,0.6372169700723869,0.18872704243191893,0.10658082975679542,0.8232044198895028,0.7253521126760564,1950,0,0,199,0,0.0,0.0,0.0,0.06873057438777043,1.0,0.6666666666666666,0.7434222201190153,0.6360435323556234,0.7394944810533912,0.6347307764502716,0.7357530729825972,0.6332595256614375,0.7308404415157288,0.6231371066598678
npy,./data/MSL,C-2,C-2,gate_noTTA,100,256,128,0.15,50,64,0.001,1,1,1,0,0.001,adam,0.1,0.99,fixed,gated,5000,unc,8,0.95,"[0.5, 1.0, 2.0]",0,0,8,55,2.887841,8,0.00594427390024066,0.003305866615846753,0.9432597160339355,0.6017016375687405,0.10352278107788099,0.17490494296577946,0.1058282208588957,0.5036496350364964,0.1929824561403509,1952,1313,0,335,129,0.901751697063446,0.3850746154785156,0.7322201728820801,0.0678879804298526,0.6892737249533335,0.2577962627013524,0.6865432578999153,0.12473221477163798,0.7252820172528202,0.1433859020315399,0.7677199887116827,0.179092321310047,0.8598723199780335,0.4547951240022924
npy,./data/MSL,P-14,P-14,gate_noTTA,100,256,128,0.15,50,64,0.001,1,1,1,0,0.001,adam,0.1,0.99,fixed,gated,5000,unc,8,0.95,"[0.5, 1.0, 2.0]",0,0,4,55,2.887841,8,0.002270721597597003,0.0017221327871084213,3.3169448375701904,0.9015045657816994,0.4754498656855516,0.3681462140992167,0.24102564102564103,0.7790055248618785,0.42388059701492536,6001,5262,0,280,103,0.9804257154464722,0.3678571283817291,0.9017654061317444,0.07830824658902878,0.00722222247471412,0.2502777849634488,0.9183246386064542,0.5043953167510635,0.921622380964382,0.5239099100219599,0.924849184058454,0.556612224843102,0.9092416125988132,0.5516188340142041
npy,./data/MSL,M-4,M-4,noMask_fixed,100,256,128,0.15,50,64,0.001,1,0,1,1,0.001,adam,0.1,0.99,fixed,gated,5000,none,8,0.95,"[0.5, 1.0, 2.0]",0,0,6,55,2.887786,0,0.004801978822797537,inf,2.523890733718872,0.44001721151209383,0.10940701592653662,0.15082644628099173,0.10181311018131102,0.2908366533864542,0.2204655248133509,1939,1328,29,350,342,0.7424699068069458,0.977142870426178,0.6205160617828369,0.02501329360025454,0.3848797306418419,0.41865240534146625,,,,,,,,
npy,./data/MSL,T-5,T-5,mask_noTTA,100,256,128,0.15,50,64,0.001,1,1,1,0,0.001,adam,0.1,0.99,fixed,gated,5000,none,8,0.95,"[0.5, 1.0, 2.0]",0,0,9,55,2.887841,8,0.0030896812677383423,0.0025369450449943542,3.037006139755249,0.5987331555306007,0.2116592484262419,0.04424778761061947,0.023474178403755867,0.38461538461538464,0.32258064516129037,2119,1456,0,125,23,0.9842032790184021,0.18400000035762787,0.7186559438705444,0.0705634608140471,0.4308176189661026,0.343810544659694,0.6282109769792251,0.22200597828307178,0.6250701852891635,0.22994644241423876,0.6203677709152162,0.24796983861169244,0.58278354856822,0.05520498098343818
npy,./data/MSL,T-12,T-12,mask_noTTA,100,256,128,0.15,50,64,0.001,1,1,1,0,0.001,adam,0.1,0.99,fixed,gated,5000,none,8,0.95,"[0.5, 1.0, 2.0]",0,0,4,55,2.887841,8,0.0026198660489171743,0.001940951100550592,1.4027466773986816,0.8136791355422011,0.1887028639197098,0.19867549668874168,0.1355421686746988,0.371900826446281,0.24770642201834864,2331,2115,0,220,127,0.9399527311325073,0.5772727131843567,0.9417337775230408,0.06862026281696387,0.0,0.11731044451395671,0.8204116840677336,0.19243537170713035,0.8164602042313763,0.192732490902172,0.8064562312761062,0.1914734545973212,0.754682539398473,0.12951977998981523
npy,./data/MSL,D-16,D-16,mask_noTTA,100,256,128,0.15,50,64,0.001,1,1,1,0,0.001,adam,0.1,0.99,fixed,gated,5000,none,8,0.95,"[0.5, 1.0, 2.0]",0,0,5,55,2.887841,8,0.003798873396590352,0.002381641184911132,1.8348894119262695,0.5125311708261017,0.3269781241151524,0.41312384473197783,0.29543952412425645,0.6866359447004609,0.4607667502687209,2092,0,0,750,0,0.0,0.0,0.0,0.07817177653996484,1.0,1.0,0.5155564865242285,0.3355978911056774,0.5177319608195183,0.3455772677674449,0.5210535240489158,0.366154859129475,0.5184112354619266,0.4242487353199335
npy,./data/MSL,F-7,F-7,gate_noTTA,100,256,128,0.15,50,64,0.001,1,1,1,0,0.001,adam,0.1,0.99,fixed,gated,5000,unc,8,0.95,"[0.5, 1.0, 2.0]",0,0,4,55,2.887841,8,0.004544675350189209,0.004443148151040077,3.043117046356201,0.45629183123497574,0.0723151218634284,0.05071851225697379,0.039473684210526314,0.07092198581560284,0.1545205479452055,4955,4451,0,720,617,0.8613794445991516,0.8569444417953491,0.9053128957748413,0.07236766526484946,0.01217906487484773,0.05791245959699154,0.4621042384220228,0.07226125940797563,0.4612752072195141,0.07164107428757253,0.4577691811734365,0.07077845496436869,0.4824777823211138,0.07802632501308965
npy,./data/MSL,D-16,D-16,fixed,100,256,128,0.15,50,64,0.001,1,1,1,1,0.001,adam,0.1,0.99,fixed,gated,5000,none,8,0.95,"[0.5, 1.0, 2.0]",0,0,7,55,2.887841,8,0.0037296044174581766,0.002175709931179881,1.9095046520233154,0.5133610629002334,0.34336396984442485,0.4069548872180452,0.2931618144888287,0.6651305683563749,0.46428571428571425,2092,0,0,750,0,0.0,0.0,0.0,0.07712316786581881,1.0,1.0,0.524751132124404,0.35494167204464044,0.5324705248668382,0.36715593180442263,0.5431434157240609,0.3927289946975066,0.555699523211044,0.4685709132148552
npy,./data/MSL,D-14,D-14,base_noTTA,100,256,128,0.15,50,64,0.001,1,0,1,0,0.001,adam,0.1,0.99,fixed,gated,5000,none,8,0.95,"[0.5, 1.0, 2.0]",0,0,6,55,2.887786,0,0.0044194431975483894,inf,4.52961277961731,0.47174702792680323,0.27962291976717196,0.1360294117647059,0.07872340425531915,0.5,0.35555555555555557,2526,472,0,420,111,0.7648305296897888,0.26428571343421936,0.17141500115394592,0.009106910143782012,0.9736495415369669,0.4285714228947957,,,,,,,,
npy,./data/MSL,T-12,T-12,base_noTTA,100,256,128,0.15,50,64,0.001,1,0,1,0,0.001,adam,0.1,0.99,fixed,gated,5000,none,8,0.95,"[0.5, 1.0, 2.0]",0,0,2,55,2.887786,0,0.003141318680718541,inf,1.3403198719024658,0.7040864171459864,0.18517318721616008,0.23978201634877389,0.17886178861788618,0.36363636363636365,0.24705882352941172,2331,2184,0,220,143,0.9345238208770752,0.6499999761581421,0.966840386390686,0.009223352118859931,0.0,0.06866952776908875,,,,,,,,
npy,./data/MSL,P-10,P-10,gate_gbuf5k,100,256,128,0.15,50,64,0.001,1,1,1,1,0.001,adam,0.1,0.99,adaptive,gated,5000,unc,8,0.95,"[0.5, 1.0, 2.0]",0,0,4,55,2.887841,8,0.0019896391313523054,0.0016770190559327602,5.015937805175781,0.957790825115514,0.5351435147219391,0.311336717428088,0.2,0.7022900763358778,0.5368421052631579,6001,5386,91,230,58,0.9892313480377197,0.25217390060424805,0.9232368469238281,0.09969865614286047,0.006111111181477706,0.11157657857984304,0.9619689003873704,0.5504462897214917,0.9617092893435422,0.5587188238795092,0.9597999332428745,0.5688491859577052,0.9219542700901221,0.3807628949527891
npy,./data/MSL,P-11,P-11,fixed,100,256,128,0.15,50,64,0.001,1,1,1,1,0.001,adam,0.1,0.99,fixed,gated,5000,none,8,0.95,"[0.5, 1.0, 2.0]",0,0,6,55,2.887841,8,0.00293714739382267,0.0020089729223400354,5.365472793579102,0.7118141210298198,0.11641128673379987,0.0821917808219178,0.08571428571428572,0.07894736842105263,0.2062004325883201,3436,3436,54,426,426,0.8760186433792114,1.0,1.0,0.09588326508563112,0.0,0.0,0.7335927511551784,0.12160130526937679,0.7312784152701076,0.12212642781323191,0.726286346346665,0.12241902601835272,0.7189096493880605,0.13610939246367118
npy,./data/MSL,M-5,M-5,base_noTTA,100,256,128,0.15,50,64,0.001,1,0,1,0,0.001,adam,0.1,0.99,fixed,gated,5000,none,8,0.95,"[0.5, 1.0, 2.0]",0,0,1,55,2.887786,0,0.0048010037280619144,inf,2.5109140872955322,0.5003086614382296,0.1344616226140405,0.17245005257623552,0.12615384615384614,0.2724252491694352,0.23501762632197418,2204,2102,0,400,369,0.8244528770446777,0.9225000143051147,0.9606429934501648,0.008619848483270829,0.061840121944745384,0.04242424170176188,,,,,,,,
npy,./data/MSL,F-5,F-5,gate_noTTA,100,256,128,0.15,50,64,0.001,1,1,1,0,0.001,adam,0.1,0.99,fixed,gated,5000,unc,8,0.95,"[0.5, 1.0, 2.0]",0,0,6,55,2.887841,8,0.0032940327655524015,0.0019178802613168955,3.326787233352661,0.824542825080213,0.4806512259244195,0.28885832187070154,0.18229166666666666,0.695364238410596,0.5281385281385281,3823,3126,0,250,60,0.9808061122894287,0.23999999463558197,0.8581024408340454,0.08450289094382607,0.18537859121958414,0.08197154849767685,0.8914757270982279,0.5806171442875188,0.9091322589086107,0.6425762091225331,0.9220664499553054,0.6699587780193602,0.9334429183328328,0.5628503367799306
npy,./data/MSL,P-14,P-14,fixed,100,256,128,0.15,50,64,0.001,1,1,1,1,0.001,adam,0.1,0.99,fixed,gated,5000,none,8,0.95,"[0.5, 1.0, 2.0]",0,0,9,55,2.887841,8,0.0022883499041199684,0.0016510143177583814,3.881754159927368,0.9009379850822197,0.4951898038892383,0.34938101788170567,0.2326007326007326,0.7016574585635359,0.44498777506112475,6001,5476,90,280,109,0.9800949692726135,0.38928571343421936,0.9381226897239685,0.106929481238092,0.005555555845300357,0.20493055135011673,0.915962174437783,0.5294031749396528,0.9196575500378499,0.5553164436023641,0.9217698599602927,0.594718382096832,0.9041769225240563,0.5554426666669198
npy,./data/MSL,T-5,T-5,gate_noTTA,100,256,128,0.15,50,64,0.001,1,1,1,0,0.001,adam,0.1,0.99,fixed,gated,5000,unc,8,0.95,"[0.5, 1.0, 2.0]",0,0,2,55,2.887841,8,0.0030923320446163416,0.002363942563533783,2.8285269737243652,0.569764177428411,0.209239471816983,0.0391304347826087,0.020737327188940093,0.34615384615384615,0.32258064516129037,2119,1376,0,125,21,0.9847383499145508,0.1679999977350235,0.6795386075973511,0.0698246895113662,0.43238992989063263,0.3501147615412871,0.5896617069062324,0.21371912062677692,0.5953818079730488,0.2181727621072769,0.5976101909039865,0.22504732040964573,0.588222908478383,0.055184056262728466
npy,./data/MSL,P-15,P-15,base_noTTA,100,256,128,0.15,50,64,0.001,1,0,1,0,0.001,adam,0.1,0.99,fixed,gated,5000,none,8,0.95,"[0.5, 1.0, 2.0]",0,0,6,55,2.887786,0,0.001697475672699511,inf,4.611234903335571,0.7451079197110944,0.6694058909231331,0.08163265306122448,0.043478260869565216,0.6666666666666666,0.8,2757,2227,0,120,26,0.9883251190185547,0.21666666865348816,0.8346605896949768,0.008524437075211251,0.15821255991856256,0.15151515106360117,,,,,,,,
npy,./data/MSL,F-7,F-7,gate_gbuf5k,100,256,128,0.15,50,64,0.001,1,1,1,1,0.001,adam,0.1,0.99,adaptive,gated,5000,unc,8,0.95,"[0.5, 1.0, 2.0]",0,0,7,55,2.887841,8,0.004445639904588461,0.0042989058420062065,3.14095401763916,0.42856982418310563,0.06794174679260205,0.05391304347826087,0.04264099037138927,0.07328605200945626,0.15469007131102577,4955,4579,78,720,647,0.8587027788162231,0.8986111283302307,0.9284533858299255,0.10364731674117349,0.011424731463193893,0.001346801407635212,0.4321248569997749,0.06783921742609289,0.4332887678013265,0.06783012013163307,0.43526384275360874,0.06796986138039154,0.4748465092630454,0.07616141166425368
npy,./data/MSL,M-6,M-6,fixed,100,256,128,0.15,50,64,0.001,1,1,1,1,0.001,adam,0.1,0.99,fixed,gated,5000,none,8,0.95,"[0.5, 1.0, 2.0]",0,0,9,55,2.887841,8,0.0020555041264742613,0.0017333331052213907,1.981985092163086,0.7605232647556402,0.6298587220429592,0.1859052247873633,0.10443686006825939,0.8453038674033149,0.7117437722419929,1950,0,0,199,0,0.0,0.0,0.0,0.07104812524257562,1.0,0.6666666666666666,0.7574325363493322,0.6382500817923819,0.7516296567960533,0.6363806128559387,0.7430081512416151,0.6331816465097732,0.7174630591408662,0.6187121471492122
npy,./data/MSL,M-4,M-4,base_noTTA,100,256,128,0.15,50,64,0.001,1,0,1,0,0.001,adam,0.1,0.99,fixed,gated,5000,none,8,0.95,"[0.5, 1.0, 2.0]",0,0,3,55,2.887786,0,0.004926539957523346,inf,2.4406418800354004,0.4002479171172055,0.10059331525024748,0.12412412412412412,0.08288770053475936,0.24701195219123506,0.21949078138718175,1939,1302,0,350,339,0.7396313548088074,0.9685714244842529,0.6060415506362915,0.0098028276432661,0.37457044174273807,0.463858703772227,,,,,,,,
npy,./data/MSL,F-8,F-8,base_noTTA,100,256,128,0.15,50,64,0.001,1,0,1,0,0.001,adam,0.1,0.99,fixed,gated,5000,none,8,0.95,"[0.5, 1.0, 2.0]",0,0,9,55,2.887786,0,0.005149437114596367,inf,4.10006308555603,0.5641398080504225,0.2285516758728558,0.19961977186311786,0.20388349514563106,0.19553072625698323,0.394705174488568,2388,1796,0,537,464,0.7416480779647827,0.864059567451477,0.7196110486984253,0.008584366771244323,0.2552301197623213,0.32771535714467365,,,,,,,,
npy,./data/MSL,D-15,D-15,base_noTTA,100,256,128,0.15,50,64,0.001,1,0,1,0,0.001,adam,0.1,0.99,fixed,gated,5000,none,8,0.95,"[0.5, 1.0, 2.0]",0,0,0,55,2.887786,0,0.0037790429778397083,inf,2.481614828109741,0.6311413959524762,0.38998513153240427,0.3643724696356275,0.3787878787878788,0.35101404056162244,0.49868073878627966,2059,978,0,658,60,0.9386503100395203,0.09118541330099106,0.6552462577819824,0.00849911864374725,0.30906149341414374,0.0,,,,,,,,
npy,./data/MSL,M-6,M-6,noMask_fixed,100,256,128,0.15,50,64,0.001,1,0,1,1,0.001,adam,0.1,0.99,fixed,gated,5000,none,8,0.95,"[0.5, 1.0, 2.0]",0,0,1,55,2.887786,0,0.0022072740830481052,inf,1.8820431232452393,0.7579323766370508,0.6405457149715644,0.17817109144542775,0.09973579920739763,0.8342541436464088,0.7208480565371024,1950,0,0,199,0,0.0,0.0,0.0,0.011023374704214243,1.0,0.6666666666666666,,,,,,,,
npy,./data/MSL,M-3,M-3,gate_gbuf5k,100,256,128,0.15,50,64,0.001,1,1,1,1,0.001,adam,0.1,0.99,adaptive,gated,5000,unc,8,0.95,"[0.5, 1.0, 2.0]",0,0,3,55,2.887841,8,0.004884959198534489,0.0026119796093553305,2.6048583984375,0.41372887979000844,0.10266570257918942,0.12832929782082325,0.09217391304347826,0.21115537848605578,0.21190375685943436,2028,1786,32,350,323,0.8191489577293396,0.9228571653366089,0.871871292591095,0.08754346967919104,0.12151067083080609,0.0,0.42337685505313505,0.10363707278120926,0.43366406442460437,0.10455353823426655,0.4505878405355126,0.10606347670999708,0.5059399926944672,0.11519390387143943
npy,./data/MSL,T-8,T-8,mask_noTTA,100,256,128,0.15,50,64,0.001,1,1,1,0,0.001,adam,0.1,0.99,fixed,gated,5000,none,8,0.95,"[0.5, 1.0, 2.0]",0,0,8,55,2.887841,8,0.004726326558738947,0.0030021448619663715,0.9045395851135254,0.5652164888538337,0.10618659682945054,0.1331923890063425,0.07464454976303317,0.6176470588235294,0.15261044176706826,1420,0,0,300,0,0.0,0.0,0.0,0.06972853566559267,1.0,1.0,0.5820153043574522,0.10829861172345137,0.594005562704969,0.11219951688575872,0.6101263370556409,0.11563365601157233,0.6429629014626316,0.11411107654526309
npy,./data/MSL,D-16,D-16,fixed,100,256,128,0.15,50,64,0.001,1,1,1,1,0.001,adam,0.1,0.99,fixed,gated,5000,none,8,0.95,"[0.5, 1.0, 2.0]",0,0,0,55,2.887841,8,0.003769508097320795,0.002169570419937372,1.7583391666412354,0.5161489815867696,0.3493974378832121,0.4112494236975565,0.2938076416337286,0.685099846390169,0.4605973371716445,2092,0,0,750,0,0.0,0.0,0.0,0.06908018775925354,1.0,1.0,0.5269246114868235,0.3628984363492537,0.5344554830729946,0.377080181041044,0.5436910247970156,0.40314015004382453,0.558282961278353,0.4592385759019237
npy,./data/MSL,T-12,T-12,noMask_fixed,100,256,128,0.15,50,64,0.001,1,0,1,1,0.001,adam,0.1,0.99,fixed,gated,5000,none,8,0.95,"[0.5, 1.0, 2.0]",0,0,6,55,2.887786,0,0.0029157972894608974,inf,1.4112837314605713,0.7126014266846584,0.14183063699972967,0.2184873949579832,0.1652542372881356,0.32231404958677684,0.23529411764705882,2331,2187,36,220,135,0.9382715821266174,0.6136363744735718,0.9720511436462402,0.028317090218182746,0.0,0.05579399069150289,,,,,,,,
npy,./data/MSL,T-9,T-9,base_noTTA,100,256,128,0.15,50,64,0.001,1,0,1,0,0.001,adam,0.1,0.99,fixed,gated,5000,none,8,0.95,"[0.5, 1.0, 2.0]",0,0,3,55,2.887786,0,0.008985228836536407,inf,0.3720557689666748,0.5679714721254355,0.28076103902028093,0.24941176470588236,0.16932907348242812,0.4732142857142857,0.3176895306859206,997,820,0,290,145,0.8231707215309143,0.5,0.9547383189201355,0.009032883639321284,0.0,0.0,,,,,,,,
npy,./data/MSL,T-4,T-4,gate_noTTA,100,256,128,0.15,50,64,0.001,1,1,1,0,0.001,adam,0.1,0.99,fixed,gated,5000,unc,8,0.95,"[0.5, 1.0, 2.0]",0,0,0,55,2.887841,8,0.004090030211955309,0.002119779819622636,2.8072454929351807,0.48518338596065097,0.031188521428048017,0.05792682926829267,0.03236797274275979,0.2753623188405797,0.06387225548902196,2118,1246,0,168,124,0.9004815220832825,0.738095223903656,0.5753846168518066,0.06540267393204038,0.4418239047129949,0.41221049676338833,0.4550103905216852,0.029764408707605113,0.4427914069036245,0.029024623045827543,0.4271786360078806,0.027541562464526652,0.3866218659757644,0.024104533416604935
npy,./data/MSL,T-13,T-13,fixed,100,256,128,0.15,50,64,0.001,1,1,1,1,0.001,adam,0.1,0.99,fixed,gated,5000,none,8,0.95,"[0.5, 1.0, 2.0]",0,0,4,55,2.887841,8,0.002582841319963336,0.0019033069256693125,1.3847668170928955,0.7126696255484134,0.21179838059429554,0.16417910447761194,0.22,0.13095238095238096,0.324607329842932,2331,2331,37,450,450,0.80694979429245,1.0,1.0,0.10039979221993688,0.0,0.0,0.720924978500736,0.2201167056793688,0.7122432842129811,0.22170054324847996,0.7025394639031003,0.2229177670954611,0.6706112350051745,0.21136071130594777
npy,./data/MSL,F-7,F-7,noMask_fixed,100,256,128,0.15,50,64,0.001,1,0,1,1,0.001,adam,0.1,0.99,fixed,gated,5000,none,8,0.95,"[0.5, 1.0, 2.0]",0,0,6,55,2.887786,0,0.003064037999138236,inf,3.1211228370666504,0.353572619100491,0.06009438672756845,0.030706243602865915,0.02707581227436823,0.03546099290780142,0.154548776032152,4955,4478,78,720,652,0.8543992638587952,0.9055555462837219,0.9034238457679749,0.03038044533984572,0.03708580136299133,0.10168350301682949,,,,,,,,
npy,./data/MSL,F-7,F-7,fixed,100,256,128,0.15,50,64,0.001,1,1,1,1,0.001,adam,0.1,0.99,fixed,gated,5000,none,8,0.95,"[0.5, 1.0, 2.0]",0,0,7,55,2.887841,8,0.004445639904588461,0.0042989058420062065,3.2167274951934814,0.4328747626872659,0.06836510568370341,0.05601317957166392,0.04298356510745891,0.08037825059101655,0.15488831929696084,4955,4646,78,720,657,0.8585880398750305,0.9125000238418579,0.9419126510620117,0.10657729101710314,0.013125411700457335,0.04579124599695206,0.4357008197913843,0.06815726868169864,0.4358417142568353,0.06802543436590439,0.43670596907570675,0.06804329230236764,0.47515024914327486,0.07607067765725077
npy,./data/MSL,M-5,M-5,fixed,100,256,128,0.15,50,64,0.001,1,1,1,1,0.001,adam,0.1,0.99,fixed,gated,5000,none,8,0.95,"[0.5, 1.0, 2.0]",0,0,6,55,2.887841,8,0.005438569001853466,0.0028893211856484413,2.6159567832946777,0.4943046986236355,0.1323823406270235,0.17313432835820897,0.12357954545454546,0.28903654485049834,0.23964616003216724,2204,2134,35,400,392,0.8163074254989624,0.9800000190734863,0.965631902217865,0.11095258588150496,0.04524887135873238,0.03030303120613098,0.5132143603904401,0.1367926161913364,0.5270228110759672,0.14036149522678368,0.5461930096481592,0.1456915800252873,0.61990501193159,0.16622432276422755
npy,./data/MSL,C-2,C-2,noMask_fixed,100,256,128,0.15,50,64,0.001,1,0,1,1,0.001,adam,0.1,0.99,fixed,gated,5000,none,8,0.95,"[0.5, 1.0, 2.0]",0,0,5,55,2.887786,0,0.0058823819272220135,inf,0.8541226387023926,0.6391552067363797,0.10477660183803689,0.16685979142526072,0.09917355371900827,0.5255474452554745,0.18384401114206128,1952,1161,24,335,127,0.8906115293502808,0.37910446524620056,0.6394557952880859,0.026649749669872345,0.7204367419083914,0.4903210997581482,,,,,,,,
npy,./data/MSL,F-7,F-7,mask_noTTA,100,256,128,0.15,50,64,0.001,1,1,1,0,0.001,adam,0.1,0.99,fixed,gated,5000,none,8,0.95,"[0.5, 1.0, 2.0]",0,0,2,55,2.887841,8,0.004554920829832554,0.004067391622811556,3.111955404281616,0.4447992330440403,0.07051981796408138,0.05761316872427984,0.04419191919191919,0.08274231678486997,0.1546070708921048,4955,4615,0,720,654,0.8582881689071655,0.9083333611488342,0.9353010654449463,0.0760015397211377,0.012809962344666323,0.053198653583725296,0.4371786802170387,0.06889856419445005,0.43240460398190217,0.06809119720087398,0.4302176768442499,0.06766617490337277,0.4623408492362856,0.07235048629388918
npy,./data/MSL,M-3,M-3,fixed,100,256,128,0.15,50,64,0.001,1,1,1,1,0.001,adam,0.1,0.99,fixed,gated,5000,none,8,0.95,"[0.5, 1.0, 2.0]",0,0,2,55,2.887841,8,0.004900000523775816,0.0029435097239911556,2.5324854850769043,0.46549834776034454,0.11247678773076054,0.16735537190082644,0.11297071129707113,0.32270916334661354,0.2128020347604917,2028,1515,32,350,327,0.7841584086418152,0.9342857003211975,0.7079856991767883,0.07890796755427675,0.2561576267083486,0.2994982488453388,0.4554383744340336,0.11074206414396634,0.45078322106032165,0.10965576602975624,0.44758492681725126,0.10807023201963684,0.4397782006303146,0.10027191558145304
npy,./data/MSL,D-14,D-14,fixed,100,256,128,0.15,50,64,0.001,1,1,1,1,0.001,adam,0.1,0.99,fixed,gated,5000,none,8,0.95,"[0.5, 1.0, 2.0]",0,0,5,55,2.887841,8,0.005060955416411161,0.0027610543183982372,4.566494941711426,0.45564103429271974,0.2531127243922293,0.13545816733067728,0.0794392523364486,0.4594594594594595,0.33228840125391845,2526,612,23,420,118,0.8071895241737366,0.2809523940086365,0.23456789553165436,0.0888927532205106,0.8985507289568583,0.4007936517397563,0.4749112408288438,0.258422616869153,0.48857471703913646,0.25879090494409884,0.5057416967529327,0.2620236140846095,0.5014602617598872,0.15994432939147724
npy,./data/MSL,C-1,C-1,gate_noTTA,100,256,128,0.15,50,64,0.001,1,1,1,0,0.001,adam,0.1,0.99,fixed,gated,5000,unc,8,0.95,"[0.5, 1.0, 2.0]",0,0,9,55,2.887841,8,0.0054741050116717815,0.0027410415932536125,2.812121629714966,0.6478004150903741,0.204211061469798,0.21176470588235294,0.16728624535315986,0.28846153846153844,0.31430253090052973,2165,1652,0,464,346,0.7905569076538086,0.7456896305084229,0.7677836418151855,0.07183557294532829,0.8986175060272217,0.0,0.651223925493905,0.20893518463443453,0.6493865594787727,0.21092902886470014,0.6477068227196301,0.2163763906189856,0.6534011795922656,0.2231137276421854
npy,./data/MSL,D-15,D-15,noMask_fixed,100,256,128,0.15,50,64,0.001,1,0,1,1,0.001,adam,0.1,0.99,fixed,gated,5000,none,8,0.95,"[0.5, 1.0, 2.0]",0,0,0,55,2.887786,0,0.0037790429778397083,inf,2.4837918281555176,0.6225348288816194,0.38042056498209476,0.37350359138068634,0.38235294117647056,0.36505460218408736,0.4970943227536879,2059,942,27,658,52,0.9447982907295227,0.07902735471725464,0.6352605223655701,0.024691897147254147,0.3333333271245162,0.0,,,,,,,,
npy,./data/MSL,M-3,M-3,mask_noTTA,100,256,128,0.15,50,64,0.001,1,1,1,0,0.001,adam,0.1,0.99,fixed,gated,5000,none,8,0.95,"[0.5, 1.0, 2.0]",0,0,6,55,2.887841,8,0.004702621139585972,0.0025625203270465136,2.733555793762207,0.4294442698289995,0.10786418282172527,0.1471698113207547,0.09641532756489493,0.3107569721115538,0.21133361738389433,2028,1354,0,350,291,0.7850812673568726,0.831428587436676,0.6334922313690186,0.06707097886817225,0.2791461373368899,0.4168880383173625,0.42958868152124974,0.10770093125201376,0.43481935796260585,0.1082196372410513,0.4460431196323448,0.1088114117159451,0.5030729958630298,0.11248121953751815
npy,./data/MSL,C-2,C-2,fixed,100,256,128,0.15,50,64,0.001,1,1,1,1,0.001,adam,0.1,0.99,fixed,gated,5000,none,8,0.95,"[0.5, 1.0, 2.0]",0,0,5,55,2.887841,8,0.00593255739659071,0.0034693945199251175,0.8579866886138916,0.6103127931720934,0.09591943594812553,0.16763678696158324,0.0997229916897507,0.5255474452554745,0.17585301837270342,1952,1183,24,335,128,0.8918005228042603,0.3820895552635193,0.6524428129196167,0.08018571333807023,0.7135275502999624,0.46437976757685345,0.6692599287615648,0.108964400909034,0.6947044062573889,0.11969016284998764,0.7247481103509295,0.14276101605272185,0.8139830217605198,0.3296164349378056
npy,./data/MSL,D-15,D-15,noMask_fixed,100,256,128,0.15,50,64,0.001,1,0,1,1,0.001,adam,0.1,0.99,fixed,gated,5000,none,8,0.95,"[0.5, 1.0, 2.0]",0,0,8,55,2.887786,0,0.003764595603570342,inf,2.468783378601074,0.6237524385616163,0.381644064257139,0.37862595419847334,0.37070254110612855,0.3868954758190328,0.5046273745737944,2059,924,27,658,45,0.951298713684082,0.06838905811309814,0.6274089813232422,0.02671469178461461,0.3478964362293482,0.0,,,,,,,,
npy,./data/MSL,M-1,M-1,base_noTTA,100,256,128,0.15,50,64,0.001,1,0,1,0,0.001,adam,0.1,0.99,fixed,gated,5000,none,8,0.95,"[0.5, 1.0, 2.0]",0,0,5,55,2.887786,0,0.0031881227623671293,inf,2.7926011085510254,0.369455999802496,0.41348790828693255,0.305712815234174,0.37032418952618457,0.26029798422436456,0.6676427525622255,2178,1271,0,1167,893,0.29740363359451294,0.7652099132537842,0.37388724088668823,0.010329063492591935,0.6651376287142435,0.0,,,,,,,,
npy,./data/MSL,T-13,T-13,base_noTTA,100,256,128,0.15,50,64,0.001,1,0,1,0,0.001,adam,0.1,0.99,fixed,gated,5000,none,8,0.95,"[0.5, 1.0, 2.0]",0,0,8,55,2.887786,0,0.002656730590388179,inf,1.413719654083252,0.7178841080356232,0.22447582217749004,0.16120906801007556,0.2206896551724138,0.12698412698412698,0.3162055335968379,2331,2327,0,450,446,0.8083369135856628,0.9911110997200012,1.0,0.009652014609213706,0.0,0.0,,,,,,,,
npy,./data/MSL,P-11,P-11,gate_noTTA,100,256,128,0.15,50,64,0.001,1,1,1,0,0.001,adam,0.1,0.99,fixed,gated,5000,unc,8,0.95,"[0.5, 1.0, 2.0]",0,0,9,55,2.887841,8,0.002954743569716811,0.0019319847924634814,5.23813533782959,0.722148393360177,0.12083055697778552,0.08407079646017698,0.08482142857142858,0.08333333333333333,0.21696252465483234,3436,3389,0,426,412,0.878430187702179,0.9671361446380615,0.9890365600585938,0.0764130852136401,0.0,0.0,0.7452877734099387,0.12497130227092197,0.7404349625196951,0.12335630905821535,0.732852694178749,0.12144041371107588,0.7195966556851762,0.1260602419179911
npy,./data/MSL,S-2,S-2,gate_gbuf5k,100,256,128,0.15,50,64,0.001,1,1,1,1,0.001,adam,0.1,0.99,adaptive,gated,5000,unc,8,0.95,"[0.5, 1.0, 2.0]",0,0,5,55,2.887841,8,0.00451111514121294,0.0025888343807309866,1.202653408050537,0.7116039247096516,0.28394146504040346,0.020382165605095544,0.0103359173126615,0.7272727272727273,0.42857142857142855,1728,647,26,110,6,0.9907264113426208,0.05454545468091965,0.3961681127548218,0.11025562330528542,0.25626204162836075,0.0,0.7221665999199038,0.2831499852686231,0.7281237484981978,0.28242145633405774,0.7309771726071286,0.2813915855673677,0.5750901081297557,0.10601831065525129
npy,./data/MSL,C-2,C-2,noMask_fixed,100,256,128,0.15,50,64,0.001,1,0,1,1,0.001,adam,0.1,0.99,fixed,gated,5000,none,8,0.95,"[0.5, 1.0, 2.0]",0,0,7,55,2.887786,0,0.006210586987435818,inf,0.8492453098297119,0.6331678221937472,0.1035138480149513,0.16605616605616605,0.09970674486803519,0.49635036496350365,0.16917728852838934,1952,1240,24,335,130,0.8951612710952759,0.38805970549583435,0.6864563822746277,0.024086505663199503,0.6507361233234406,0.4356433351834615,,,,,,,,
npy,./data/MSL,T-13,T-13,gate_gbuf5k,100,256,128,0.15,50,64,0.001,1,1,1,1,0.001,adam,0.1,0.99,adaptive,gated,5000,unc,8,0.95,"[0.5, 1.0, 2.0]",0,0,3,55,2.887841,8,0.0026998063549399376,0.0016746650217100978,1.4523167610168457,0.7110280292098473,0.21742870042683743,0.17917675544794187,0.22981366459627328,0.14682539682539683,0.3104265402843602,2331,2285,37,450,421,0.8157549500465393,0.9355555772781372,0.9909622669219971,0.10941643307823727,0.0,0.0,0.7268955791683064,0.23378905516539644,0.7224700103487982,0.23739126714316208,0.7158052385325112,0.23937699750109528,0.6840573848149606,0.2514498221577985
npy,./data/MSL,D-15,D-15,mask_noTTA,100,256,128,0.15,50,64,0.001,1,1,1,0,0.001,adam,0.1,0.99,fixed,gated,5000,none,8,0.95,"[0.5, 1.0, 2.0]",0,0,4,55,2.887841,8,0.004287878517061472,0.0033500459976494312,2.6214895248413086,0.6172036729854165,0.38571931586954444,0.3650546021840874,0.36505460218408736,0.36505460218408736,0.49881009043312713,2059,955,0,658,32,0.9664921760559082,0.048632219433784485,0.6588151454925537,0.06994974155805828,0.3203883407016595,0.0,0.6757476627344593,0.4223250389804395,0.6987608970410233,0.4455908323636327,0.7241054836656222,0.48398142569482094,0.7963414119953065,0.6444587303908629
npy,./data/MSL,P-14,P-14,fixed,100,256,128,0.15,50,64,0.001,1,1,1,1,0.001,adam,0.1,0.99,fixed,gated,5000,none,8,0.95,"[0.5, 1.0, 2.0]",0,0,2,55,2.887841,8,0.002310133771970868,0.0017136409878730774,3.758467435836792,0.9108218780423377,0.47741966409169445,0.3513174404015056,0.22727272727272727,0.7734806629834254,0.4367816091954023,6001,5451,90,280,108,0.9801871180534363,0.3857142925262451,0.9339276552200317,0.09907024976631498,0.007777777810891469,0.21312499543031058,0.9142157617710175,0.5045956791603959,0.915013828489395,0.5257694184055342,0.9165688918260233,0.5638287045448585,0.8919202978702353,0.5230277018378819
npy,./data/MSL,M-2,M-2,gate_noTTA,100,256,128,0.15,50,64,0.001,1,1,1,0,0.001,adam,0.1,0.99,fixed,gated,5000,unc,8,0.95,"[0.5, 1.0, 2.0]",0,0,3,55,2.887841,8,0.006467337720096111,0.0028186419513076544,2.7716057300567627,0.7078799484020688,0.7031707998690954,0.5282392026578073,0.7172932330827068,0.4180543382997371,0.7071860308932171,2178,1230,0,1167,267,0.7829268574714661,0.22879177331924438,0.9525222778320312,0.0707171617898512,0.0336391432210803,0.0,0.769920134302749,0.7456106045100147,0.7974796632556073,0.7722560381299277,0.8240447284936613,0.8055092860122769,0.8491886904247571,0.8564365452728494
npy,./data/MSL,M-7,M-7,mask_noTTA,100,256,128,0.15,50,64,0.001,1,1,1,0,0.001,adam,0.1,0.99,fixed,gated,5000,none,8,0.95,"[0.5, 1.0, 2.0]",0,0,6,55,2.887841,8,0.0027680685743689537,0.001818489283323288,1.9560015201568604,0.8986967309869675,0.5348660711185231,0.16272965879265092,0.0892514395393474,0.9207920792079208,0.6903553299492386,2057,435,0,200,0,1.0,0.0,0.2342487871646881,0.07074262890702147,1.0,0.2926829258600871,0.9068825130688251,0.5558719515991147,0.9095709570957096,0.5640126756065253,0.9108621811086218,0.5678764488437529,0.8865794608657946,0.4567361217860533
npy,./data/MSL,F-7,F-7,base_noTTA,100,256,128,0.15,50,64,0.001,1,0,1,0,0.001,adam,0.1,0.99,fixed,gated,5000,none,8,0.95,"[0.5, 1.0, 2.0]",0,0,8,55,2.887786,0,0.0031077018938958645,inf,3.245426654815674,0.37236365269922655,0.061316446943007266,0.025183630640083946,0.022641509433962263,0.028368794326241134,0.15480329368709972,4955,4675,0,720,672,0.8562566637992859,0.9333333373069763,0.9452184438705444,0.009083483221552566,0.010437239116678635,0.028282828629016876,,,,,,,,
npy,./data/MSL,F-5,F-5,mask_noTTA,100,256,128,0.15,50,64,0.001,1,1,1,0,0.001,adam,0.1,0.99,fixed,gated,5000,none,8,0.95,"[0.5, 1.0, 2.0]",0,0,0,55,2.887841,8,0.003249472239986062,0.001783453393727541,3.257906198501587,0.8206423718127712,0.4811387999565124,0.28413793103448276,0.1794425087108014,0.6821192052980133,0.5381165919282511,3823,3228,0,250,58,0.9820322394371033,0.23199999332427979,0.8872096538543701,0.07207562653394135,0.19930374125639597,0.0890449012319247,0.8894385700562502,0.5817530023465003,0.9057498757509822,0.6343296976364016,0.9176777814657345,0.6547079412709153,0.9342402194509861,0.5363931483617291
npy,./data/MSL,T-8,T-8,base_noTTA,100,256,128,0.15,50,64,0.001,1,0,1,0,0.001,adam,0.1,0.99,fixed,gated,5000,none,8,0.95,"[0.5, 1.0, 2.0]",0,0,3,55,2.887786,0,0.004989820998162031,inf,0.8071713447570801,0.5437613295141628,0.11101062805840933,0.13361611876988336,0.07491082045184304,0.6176470588235294,0.14948453608247422,1420,0,0,300,0,0.0,0.0,0.0,0.00809834037028568,1.0,1.0,,,,,,,,
npy,./data/MSL,M-3,M-3,noMask_fixed,100,256,128,0.15,50,64,0.001,1,0,1,1,0.001,adam,0.1,0.99,fixed,gated,5000,none,8,0.95,"[0.5, 1.0, 2.0]",0,0,7,55,2.887786,0,0.004783668555319309,inf,2.4725301265716553,0.4262926970157749,0.10151066806869438,0.1293743372216331,0.08815028901734104,0.24302788844621515,0.21293103448275863,2028,1594,32,350,336,0.7892095446586609,0.9599999785423279,0.7497020363807678,0.02909388532770221,0.21674876660108566,0.27415546774864197,,,,,,,,
npy,./data/MSL,F-5,F-5,gate_noTTA,100,256,128,0.15,50,64,0.001,1,1,1,0,0.001,adam,0.1,0.99,fixed,gated,5000,unc,8,0.95,"[0.5, 1.0, 2.0]",0,0,2,55,2.887841,8,0.0031736225355416536,0.001922949799336493,3.130115032196045,0.8330461995606063,0.471038966665774,0.2922868741542625,0.1836734693877551,0.7152317880794702,0.5198237885462555,3823,3055,0,250,55,0.9819967150688171,0.2199999988079071,0.8396305441856384,0.07482670128672902,0.21671018252770105,0.11076736201842625,0.8973290412541861,0.5630690738578513,0.914084657924453,0.6157687537363503,0.9254382960937513,0.6350239435708624,0.938272385458211,0.5088912124237605
npy,./data/MSL,F-5,F-5,base_noTTA,100,256,128,0.15,50,64,0.001,1,0,1,0,0.001,adam,0.1,0.99,fixed,gated,5000,none,8,0.95,"[0.5, 1.0, 2.0]",0,0,1,55,2.887786,0,0.0030913911759853363,inf,2.6987879276275635,0.7981704222359203,0.40685808233054765,0.2547945205479452,0.16062176165803108,0.6158940397350994,0.46445497630331756,3823,3162,0,250,58,0.9816572070121765,0.23199999332427979,0.8687377572059631,0.008502618947828623,0.23063533753156662,0.10029615710179011,,,,,,,,
npy,./data/MSL,F-5,F-5,gate_noTTA,100,256,128,0.15,50,64,0.001,1,1,1,0,0.001,adam,0.1,0.99,fixed,gated,5000,unc,8,0.95,"[0.5, 1.0, 2.0]",0,0,8,55,2.887841,8,0.0032965552527457476,0.0018330897437408566,3.5096940994262695,0.8284784017449304,0.4463570844868145,0.27320954907161804,0.17081260364842454,0.6821192052980133,0.5022026431718062,3823,3093,0,250,55,0.9822179079055786,0.2199999988079071,0.8502658605575562,0.07416838412193799,0.18450826903184256,0.08197154849767685,0.8905590064293379,0.5380248677926026,0.9071407622830912,0.5934701410817648,0.9192600905129948,0.6200989347356795,0.9397809353711929,0.514661672218692
npy,./data/MSL,M-4,M-4,gate_noTTA,100,256,128,0.15,50,64,0.001,1,1,1,0,0.001,adam,0.1,0.99,fixed,gated,5000,unc,8,0.95,"[0.5, 1.0, 2.0]",0,0,3,55,2.887841,8,0.004793999716639519,0.002764941891655326,2.586405038833618,0.3957934351012291,0.10969945275185272,0.13408876298394712,0.08787128712871287,0.28286852589641437,0.21930974224552205,1939,1148,0,350,326,0.7160278558731079,0.9314285516738892,0.5173065066337585,0.06885907279885634,0.4020618523160617,0.5117296874523163,0.38474194993946986,0.10760798417166853,0.37995750629268044,0.10316241562957751,0.37770128216847215,0.10136979178741803,0.3833775140066483,0.09468356402062797
npy,./data/MSL,D-16,D-16,gate_noTTA,100,256,128,0.15,50,64,0.001,1,1,1,0,0.001,adam,0.1,0.99,fixed,gated,5000,unc,8,0.95,"[0.5, 1.0, 2.0]",0,0,3,55,2.887841,8,0.0038178623653948307,0.00215110182762146,1.7295598983764648,0.5274133700400983,0.3493323800299083,0.42295233688107353,0.30264900662251654,0.7019969278033794,0.46545454545454545,2092,0,0,750,0,0.0,0.0,0.0,0.07290434427060771,1.0,1.0,0.5354210305823208,0.3617687350071863,0.5406896482933349,0.3766544483313061,0.5473751670756278,0.4054729642793686,0.5415634288906178,0.4571965579771884
npy,./data/MSL,T-9,T-9,fixed,100,256,128,0.15,50,64,0.001,1,1,1,1,0.001,adam,0.1,0.99,fixed,gated,5000,none,8,0.95,"[0.5, 1.0, 2.0]",0,0,4,55,2.887841,8,0.008679231628775597,0.003604209516197443,0.3732032775878906,0.5538799361207898,0.2787276854968242,0.24129930394431554,0.16300940438871472,0.4642857142857143,0.3295880149812734,997,820,16,290,145,0.8231707215309143,0.5,0.9547383189201355,0.08426052158550848,0.0,0.0,0.6167973286875726,0.29695124759520014,0.6577743902439024,0.3167402925884723,0.7058380516840882,0.3573836699678197,0.7339939024390245,0.27895744321786115
npy,./data/MSL,M-1,M-1,mask_noTTA,100,256,128,0.15,50,64,0.001,1,1,1,0,0.001,adam,0.1,0.99,fixed,gated,5000,none,8,0.95,"[0.5, 1.0, 2.0]",0,0,3,55,2.887841,8,0.0033720089122653008,0.0020552841015160084,2.748387336730957,0.3641789386626507,0.4095679842463931,0.3191169091821375,0.3732394366197183,0.2787028921998247,0.6676418958455237,2178,1169,0,1167,850,0.2728828191757202,0.7283633351325989,0.3155291676521301,0.07071497245487322,0.6865443487962087,0.0,0.3430413770969375,0.40054501534773435,0.3325852353384108,0.39519759853320774,0.3195376245201269,0.38774491116151,0.319784504573453,0.3819751538569089
npy,./data/MSL,D-16,D-16,fixed,100,256,128,0.15,50,64,0.001,1,1,1,1,0.001,adam,0.1,0.99,fixed,gated,5000,none,8,0.95,"[0.5, 1.0, 2.0]",0,0,2,55,2.887841,8,0.0037237585056573153,0.002313600853085518,1.7620303630828857,0.5197428531529914,0.35297564695654843,0.4094052558782849,0.2924901185770751,0.6820276497695853,0.4639249639249639,2092,0,0,750,0,0.0,0.0,0.0,0.07290548393876785,1.0,1.0,0.5259411095816626,0.362553092240704,0.5307279510044487,0.3734254714061439,0.5373481357352325,0.3939815580744514,0.5327059269455583,0.43784345273921177
npy,./data/MSL,M-6,M-6,gate_noTTA,100,256,128,0.15,50,64,0.001,1,1,1,0,0.001,adam,0.1,0.99,fixed,gated,5000,unc,8,0.95,"[0.5, 1.0, 2.0]",0,0,1,55,2.887841,8,0.0020626001060009003,0.001528482767753303,1.937570333480835,0.7563470843635762,0.633675248706628,0.18422636965683323,0.10337837837837838,0.8453038674033149,0.7208480565371024,1950,0,0,199,0,0.0,0.0,0.0,0.0659031745715019,1.0,0.6666666666666666,0.7570214251067706,0.6424640699917177,0.7548623516746128,0.6417569973607631,0.7519047168360404,0.6406028742840265,0.7577904101647994,0.6332785528881469
npy,./data/MSL,M-2,M-2,fixed,100,256,128,0.15,50,64,0.001,1,1,1,1,0.001,adam,0.1,0.99,fixed,gated,5000,none,8,0.95,"[0.5, 1.0, 2.0]",0,0,0,55,2.887841,8,0.005758089479058981,0.0026468660216778517,2.749192953109741,0.710047092370172,0.7001974943623737,0.5484383271572261,0.6925133689839572,0.4539877300613497,0.7067988668555241,2178,1361,34,1167,387,0.7156502604484558,0.331619530916214,0.9634025692939758,0.0948254617668271,0.05657492453853289,0.0,0.7522554807371838,0.7290905900354625,0.7727932009233314,0.7487006998593404,0.7951798212588413,0.7750160158825301,0.8055032649887052,0.8035982015635506
npy,./data/MSL,P-14,P-14,gate_noTTA,100,256,128,0.15,50,64,0.001,1,1,1,0,0.001,adam,0.1,0.99,fixed,gated,5000,unc,8,0.95,"[0.5, 1.0, 2.0]",0,0,7,55,2.887841,8,0.0023436208721250296,0.0016218549571931362,3.722008228302002,0.8940960797656018,0.39242355706775806,0.3315789473684211,0.21761658031088082,0.6961325966850829,0.4267631103074141,6001,5231,0,280,99,0.9810743927955627,0.35357141494750977,0.8970459699630737,0.08583915092571241,0.0033333334140479565,0.21076388657093048,0.9145153868196716,0.4249811298586397,0.9180091455645693,0.44924397229708585,0.918673734457534,0.4891903769353597,0.899828158967423,0.602748373530229
npy,./data/MSL,M-1,M-1,gate_gbuf5k,100,256,128,0.15,50,64,0.001,1,1,1,1,0.001,adam,0.1,0.99,adaptive,gated,5000,unc,8,0.95,"[0.5, 1.0, 2.0]",0,0,9,55,2.887841,8,0.0033433930948376656,0.002000723499804735,2.8166756629943848,0.3698355778844848,0.4138385767913707,0.20928865373309816,0.31785714285714284,0.15600350569675722,0.6676418958455237,2178,1566,35,1167,1001,0.3607918322086334,0.8577549457550049,0.5588526129722595,0.10699794531087464,0.26605504751205444,0.0,0.3480491846786239,0.40517570876600634,0.3377504289540927,0.4002014245957378,0.3260691449309353,0.3939131543220432,0.3227551659651159,0.3904707217307573
npy,./data/MSL,C-1,C-1,mask_noTTA,100,256,128,0.15,50,64,0.001,1,1,1,0,0.001,adam,0.1,0.99,fixed,gated,5000,none,8,0.95,"[0.5, 1.0, 2.0]",0,0,3,55,2.887841,8,0.005589597392827272,0.0023749470710754395,2.665806293487549,0.65614491382934,0.2090777678909368,0.23416965352449226,0.18666666666666668,0.3141025641025641,0.3139974779319042,2165,1677,0,464,355,0.7883124351501465,0.7650862336158752,0.7771899104118347,0.07160122895626218,0.8894009192784628,0.0,0.6548953735813366,0.21654352346379308,0.650785519125683,0.22232514132016756,0.6481074637452712,0.2352887989419246,0.6524586879991593,0.2445408529491108
npy,./data/MSL,M-7,M-7,mask_noTTA,100,256,128,0.15,50,64,0.001,1,1,1,0,0.001,adam,0.1,0.99,fixed,gated,5000,none,8,0.95,"[0.5, 1.0, 2.0]",0,0,0,55,2.887841,8,0.002640648279339075,0.0019974359311163425,1.9784002304077148,0.8868299968682999,0.5023031151592343,0.15269709543568463,0.08333333333333333,0.9108910891089109,0.6806282722513088,2057,429,0,200,0,1.0,0.0,0.23101776838302612,0.06977203231907957,1.0,0.30243903398513794,0.9016790730167907,0.5232259979563187,0.9084676350846762,0.5442288068241449,0.9130543711305437,0.5676146666277013,0.8746597287465973,0.44965881515514683
npy,./data/MSL,C-2,C-2,mask_noTTA,100,256,128,0.15,50,64,0.001,1,1,1,0,0.001,adam,0.1,0.99,fixed,gated,5000,none,8,0.95,"[0.5, 1.0, 2.0]",0,0,3,55,2.887841,8,0.005789789371192455,0.0027744073886424303,0.8628599643707275,0.6004774653151195,0.10351099869094849,0.1686746987951807,0.10101010101010101,0.5109489051094891,0.19097222222222224,1952,1281,0,335,130,0.8985167741775513,0.38805970549583435,0.7118120193481445,0.06737779886996159,0.738067756096522,0.27410487830638885,0.6810783393969903,0.12296857693843782,0.7143331121433312,0.13895219603506612,0.7525265237321619,0.17085935415328998,0.8304959995118566,0.34278961469578395
npy,./data/MSL,C-1,C-1,gate_gbuf5k,100,256,128,0.15,50,64,0.001,1,1,1,1,0.001,adam,0.1,0.99,adaptive,gated,5000,unc,8,0.95,"[0.5, 1.0, 2.0]",0,0,8,55,2.887841,8,0.00579709280282259,0.0029966039583086967,2.851081132888794,0.6468677753257671,0.20453263953688414,0.17959183673469387,0.15602836879432624,0.21153846153846154,0.3113032736256949,2165,1967,34,464,425,0.7839349508285522,0.9159482717514038,0.9065255522727966,0.10325396584032864,0.190476194024086,0.0,0.6437956468053804,0.20568295538328873,0.6382901166456494,0.20486056036389752,0.631894637978142,0.2047214564069093,0.6152319120428751,0.20839185592366782
npy,./data/MSL,F-4,F-4,mask_noTTA,100,256,128,0.15,50,64,0.001,1,1,1,0,0.001,adam,0.1,0.99,fixed,gated,5000,none,8,0.95,"[0.5, 1.0, 2.0]",0,0,2,55,2.887841,8,0.0039513614028692245,0.002034521894529462,2.8106026649475098,0.5589796613161512,0.02711947376491007,0.0627177700348432,0.03578528827037773,0.2535211267605634,0.06696428571428571,3323,3119,0,170,160,0.9487015008926392,0.9411764740943909,0.9384713172912598,0.0711831923102242,0.10310310125350952,0.07933139304320018,0.5362998642406513,0.025610226843113683,0.5277381988138921,0.024577913545328088,0.5144144484934076,0.023044353128222835,0.4418105169362939,0.017034133280080518
npy,./data/MSL,M-4,M-4,noMask_fixed,100,256,128,0.15,50,64,0.001,1,0,1,1,0.001,adam,0.1,0.99,fixed,gated,5000,none,8,0.95,"[0.5, 1.0, 2.0]",0,0,8,55,2.887786,0,0.0046771676279604435,inf,2.6054155826568604,0.39427962464635025,0.10456464970689774,0.1337448559670782,0.09015256588072122,0.2589641434262948,0.22027204914436155,1939,1247,30,350,331,0.7345629334449768,0.9457142949104309,0.5764631628990173,0.030692918451868917,0.3986254235108693,0.46340606609980267,,,,,,,,
npy,./data/MSL,M-3,M-3,noMask_fixed,100,256,128,0.15,50,64,0.001,1,0,1,1,0.001,adam,0.1,0.99,fixed,gated,5000,none,8,0.95,"[0.5, 1.0, 2.0]",0,0,6,55,2.887786,0,0.004430639557540417,inf,2.477324962615967,0.40283004442783243,0.1043588238719402,0.12761714855433698,0.0851063829787234,0.2549800796812749,0.2111905763567522,2028,1334,31,350,282,0.7886056900024414,0.8057143092155457,0.6269368529319763,0.029347469585651948,0.297208530207475,0.42513885100682575,,,,,,,,
npy,./data/MSL,F-8,F-8,gate_noTTA,100,256,128,0.15,50,64,0.001,1,1,1,0,0.001,adam,0.1,0.99,fixed,gated,5000,unc,8,0.95,"[0.5, 1.0, 2.0]",0,0,6,55,2.887841,8,0.005825871601700783,0.003319107461720705,4.405162334442139,0.5768858329752184,0.2498035339900564,0.23304680038204395,0.23921568627450981,0.2271880819366853,0.3910181958962447,2388,2064,0,537,402,0.805232584476471,0.748603343963623,0.8978930115699768,0.06952816916869912,0.06834030896425247,0.05430711805820465,0.5691963902019768,0.25310699537314996,0.5650193382036958,0.25945353647647007,0.5632937019529198,0.2753418283280753,0.567632144391921,0.3254640108697778
npy,./data/MSL,F-5,F-5,fixed,100,256,128,0.15,50,64,0.001,1,1,1,1,0.001,adam,0.1,0.99,fixed,gated,5000,none,8,0.95,"[0.5, 1.0, 2.0]",0,0,1,55,2.887841,8,0.003178604878485203,0.002060843864455819,3.2389118671417236,0.8202647952920599,0.47530135518324956,0.2727272727272727,0.17217391304347826,0.6556291390728477,0.5309734513274336,3823,3209,57,250,58,0.9819258451461792,0.23199999332427979,0.8818919658660889,0.09235685918769566,0.2175805096824964,0.08633454889059067,0.8808825104799437,0.5461586358117172,0.8980490708983335,0.6028287780163872,0.9133172116939839,0.6420334788280434,0.9290296634651691,0.5318451390380421
npy,./data/MSL,P-15,P-15,base_noTTA,100,256,128,0.15,50,64,0.001,1,0,1,0,0.001,adam,0.1,0.99,fixed,gated,5000,none,8,0.95,"[0.5, 1.0, 2.0]",0,0,7,55,2.887786,0,0.0016540338983759284,inf,4.6906445026397705,0.7485344755186024,0.6694424320679313,0.07466666666666667,0.03954802259887006,0.6666666666666666,0.8,2757,2199,0,120,26,0.9881764650344849,0.21666666865348816,0.8240424990653992,0.009067602506962038,0.17512077589829764,0.15757576127847037,,,,,,,,
npy,./data/MSL,F-5,F-5,gate_gbuf5k,100,256,128,0.15,50,64,0.001,1,1,1,1,0.001,adam,0.1,0.99,adaptive,gated,5000,unc,8,0.95,"[0.5, 1.0, 2.0]",0,0,7,55,2.887841,8,0.0031673528719693422,0.0018761142855510116,3.4157426357269287,0.8309054284966659,0.4333761495929509,0.28362573099415206,0.18198874296435272,0.6423841059602649,0.4840182648401827,3823,3302,58,250,65,0.9803149700164795,0.25999999046325684,0.9059613943099976,0.10200548384035565,0.07745865856607755,0.0,0.8977399850023093,0.5275116112806512,0.9160989847582017,0.6026126128604037,0.9273279348671721,0.6309699431500295,0.9438271507373279,0.546908139674978
npy,./data/MSL,M-1,M-1,gate_gbuf5k,100,256,128,0.15,50,64,0.001,1,1,1,1,0.001,adam,0.1,0.99,adaptive,gated,5000,unc,8,0.95,"[0.5, 1.0, 2.0]",0,0,1,55,2.887841,8,0.0035152907948940992,0.002064242959022522,2.7819344997406006,0.3579398168150005,0.40572066443221844,0.20338983050847456,0.30526315789473685,0.15249780893952672,0.6676418958455237,2178,1651,35,1167,1053,0.36220473051071167,0.9023136496543884,0.591493546962738,0.09849631972439908,0.24464832246303558,0.0,0.334388231227858,0.3965205630703651,0.32296925726135955,0.3910906895544146,0.31007517497623777,0.3842899943109249,0.3095667563664194,0.380196980574777
npy,./data/MSL,D-16,D-16,gate_gbuf5k,100,256,128,0.15,50,64,0.001,1,1,1,1,0.001,adam,0.1,0.99,adaptive,gated,5000,unc,8,0.95,"[0.5, 1.0, 2.0]",0,0,8,55,2.887841,8,0.0037558525800704956,0.0021769721060991287,1.8463962078094482,0.5156502483691424,0.35096196499434784,0.35527156549520766,0.3041575492341357,0.4270353302611367,0.4582893347412883,2092,758,30,750,278,0.6332454085350037,0.37066665291786194,0.35767510533332825,0.0972723869703012,0.1333333378036817,0.09090909113486607,0.5242055179843198,0.36507900514152836,0.5304456680032716,0.37901766190974445,0.5379585851936082,0.40715847853005394,0.5356245137351129,0.45802033526472247
npy,./data/MSL,T-5,T-5,noMask_fixed,100,256,128,0.15,50,64,0.001,1,0,1,1,0.001,adam,0.1,0.99,fixed,gated,5000,none,8,0.95,"[0.5, 1.0, 2.0]",0,0,2,55,2.887786,0,0.0029442666564136744,inf,2.6567957401275635,0.5785548848961258,0.20752383508671435,0.04639175257731958,0.024861878453038673,0.34615384615384615,0.32258064516129037,2119,1401,31,125,23,0.9835831522941589,0.18400000035762787,0.6910732388496399,0.029029234111618465,0.4748427669207255,0.3469775567452113,,,,,,,,
npy,./data/MSL,T-12,T-12,fixed,100,256,128,0.15,50,64,0.001,1,1,1,1,0.001,adam,0.1,0.99,fixed,gated,5000,none,8,0.95,"[0.5, 1.0, 2.0]",0,0,6,55,2.887841,8,0.0028986523393541574,0.0018349679885432124,1.4733076095581055,0.7816342089344964,0.17667558905917524,0.2421052631578947,0.1776061776061776,0.38016528925619836,0.2616822429906542,2331,2200,36,220,133,0.9395454525947571,0.6045454740524292,0.9791567921638489,0.09354047640256746,0.0,0.037195995450019836,0.7996950488387159,0.183791222146919,0.8002033007741894,0.18435215182637443,0.797024936557989,0.1889727074869253,0.7556310377287581,0.13082948725034205
npy,./data/MSL,F-5,F-5,fixed,100,256,128,0.15,50,64,0.001,1,1,1,1,0.001,adam,0.1,0.99,fixed,gated,5000,none,8,0.95,"[0.5, 1.0, 2.0]",0,0,5,55,2.887841,8,0.00322493864223361,0.0019517035689204931,3.2928874492645264,0.8108166014249562,0.4086301219225011,0.2728512960436562,0.1718213058419244,0.6622516556291391,0.44541484716157204,3823,3240,57,250,59,0.9817901253700256,0.23600000143051147,0.8902882933616638,0.08724922601259288,0.20887728035449982,0.0810989464322726,0.8871011079675669,0.5266158930883461,0.9046522695861234,0.6010416993723399,0.9163343115199475,0.6400612842454998,0.9296408105777623,0.5299838465714568
npy,./data/MSL,F-5,F-5,base_noTTA,100,256,128,0.15,50,64,0.001,1,0,1,0,0.001,adam,0.1,0.99,fixed,gated,5000,none,8,0.95,"[0.5, 1.0, 2.0]",0,0,0,55,2.887786,0,0.003142299596220255,inf,3.0386266708374023,0.8297428440468476,0.4660437880837101,0.2696011004126548,0.1701388888888889,0.6490066225165563,0.5296803652968036,3823,3215,0,250,58,0.9819595813751221,0.23199999332427979,0.883571207523346,0.008111719744635164,0.21496954063574472,0.0802263468503952,,,,,,,,
npy,./data/MSL,T-12,T-12,noMask_fixed,100,256,128,0.15,50,64,0.001,1,0,1,1,0.001,adam,0.1,0.99,fixed,gated,5000,none,8,0.95,"[0.5, 1.0, 2.0]",0,0,0,55,2.887786,0,0.0030551194213330746,inf,1.3649210929870605,0.730218440955084,0.19734768849597192,0.24867724867724866,0.1828793774319066,0.3884297520661157,0.2777777777777778,2331,2205,36,220,137,0.9378684759140015,0.6227272748947144,0.9796305298805237,0.027808852586455737,0.0,0.038626608749230705,,,,,,,,
npy,./data/MSL,D-14,D-14,fixed,100,256,128,0.15,50,64,0.001,1,1,1,1,0.001,adam,0.1,0.99,fixed,gated,5000,none,8,0.95,"[0.5, 1.0, 2.0]",0,0,6,55,2.887841,8,0.0050804889760911465,0.0027011483907699585,4.812786817550659,0.4624305953893969,0.2872498860343403,0.13386348575215373,0.07847707847707848,0.45495495495495497,0.37647058823529406,2526,618,24,420,116,0.8122977614402771,0.27619048953056335,0.23836657404899597,0.09067249222587048,0.8906455834706625,0.3941798806190491,0.48780990728556267,0.29593542880002555,0.5046094783922499,0.30030911134953553,0.5233885570964223,0.30924260228765243,0.5300600225693858,0.20016338402333
npy,./data/MSL,F-5,F-5,noMask_fixed,100,256,128,0.15,50,64,0.001,1,0,1,1,0.001,adam,0.1,0.99,fixed,gated,5000,none,8,0.95,"[0.5, 1.0, 2.0]",0,0,5,55,2.887786,0,0.0030754082836210728,inf,3.21490740776062,0.7932039738611678,0.3457394880591992,0.24291497975708504,0.15254237288135594,0.5960264900662252,0.3962264150943396,3823,3185,57,250,58,0.9817896485328674,0.23199999332427979,0.8751749396324158,0.02576878892168648,0.2332463040947914,0.09157015134890874,,,,,,,,
npy,./data/MSL,M-4,M-4,mask_noTTA,100,256,128,0.15,50,64,0.001,1,1,1,0,0.001,adam,0.1,0.99,fixed,gated,5000,none,8,0.95,"[0.5, 1.0, 2.0]",0,0,8,55,2.887841,8,0.005009600427001715,0.0031627065036445856,2.7617006301879883,0.3797902960067954,0.1063111380886912,0.13612565445026178,0.09232954545454546,0.2589641434262948,0.21930974224552205,1939,1324,0,350,342,0.7416918277740479,0.977142870426178,0.6179987192153931,0.0724697801610623,0.36082473893960315,0.4382977783679962,0.37490552618847495,0.10537223957510987,0.3760982928944546,0.10310758449278425,0.38043684244555076,0.10263901199479852,0.4277729596443549,0.10573577436043326
npy,./data/MSL,F-5,F-5,gate_noTTA,100,256,128,0.15,50,64,0.001,1,1,1,0,0.001,adam,0.1,0.99,fixed,gated,5000,unc,8,0.95,"[0.5, 1.0, 2.0]",0,0,4,55,2.887841,8,0.0033523691818118095,0.002015473088249564,3.209965705871582,0.800184749069669,0.46754569867363116,0.2591093117408907,0.16271186440677965,0.6357615894039735,0.5140186915887851,3823,3213,0,250,55,0.982882022857666,0.2199999988079071,0.8838511109352112,0.07493209689192955,0.18015665809313455,0.07673594852288564,0.8871537930634803,0.5640317369120875,0.9044994828079751,0.628052322137682,0.9168383322708507,0.6740240610860386,0.9344140802674998,0.5702975955670259
npy,./data/MSL,D-15,D-15,base_noTTA,100,256,128,0.15,50,64,0.001,1,0,1,0,0.001,adam,0.1,0.99,fixed,gated,5000,none,8,0.95,"[0.5, 1.0, 2.0]",0,0,3,55,2.887786,0,0.003922287840396166,inf,2.361074686050415,0.6263861365265422,0.3892649640098937,0.3592233009708738,0.373109243697479,0.3463338533541342,0.5078895463510849,2059,1044,0,658,86,0.9176245331764221,0.13069908320903778,0.683797299861908,0.008499002850362546,0.2896440227826436,0.0,,,,,,,,
npy,./data/MSL,P-15,P-15,mask_noTTA,100,256,128,0.15,50,64,0.001,1,1,1,0,0.001,adam,0.1,0.99,fixed,gated,5000,none,8,0.95,"[0.5, 1.0, 2.0]",0,0,2,55,2.887841,8,0.00153897306881845,0.001370836514979601,4.550565481185913,0.7241958511799782,0.6477411572653912,0.07713498622589532,0.04093567251461988,0.6666666666666666,0.7272727272727273,2757,2173,0,120,28,0.9871146082878113,0.23333333432674408,0.8134243488311768,0.0714654718398356,0.18961352606614432,0.16000000139077505,0.7357688754514152,0.6533767020270199,0.7389266817838247,0.6516550090482819,0.7417485512723607,0.6507382937074981,0.6731670445956159,0.10856614163923813
npy,./data/MSL,F-4,F-4,gate_gbuf5k,100,256,128,0.15,50,64,0.001,1,1,1,1,0.001,adam,0.1,0.99,adaptive,gated,5000,unc,8,0.95,"[0.5, 1.0, 2.0]",0,0,0,55,2.887841,8,0.004025341011583805,0.002047134330496192,2.8697116374969482,0.5721983347413637,0.029354920921042763,0.06410256410256411,0.037783375314861464,0.2112676056338028,0.06825938566552901,3323,3088,52,170,162,0.9475388526916504,0.9529411792755127,0.9280050992965698,0.09495861157931874,0.05905905862649282,0.00999059264237682,0.5318740254117964,0.026343528572208952,0.5138554394105607,0.024674899485366223,0.49457172759025053,0.02257727021295549,0.4067190369912702,0.01602909489687549
npy,./data/MSL,C-2,C-2,fixed,100,256,128,0.15,50,64,0.001,1,1,1,1,0.001,adam,0.1,0.99,fixed,gated,5000,none,8,0.95,"[0.5, 1.0, 2.0]",0,0,0,55,2.887841,8,0.005935264751315117,0.002999686636030674,0.8485679626464844,0.6141569228657071,0.10064391296287926,0.15789473684210528,0.0944206008583691,0.48175182481751827,0.1847649918962723,1952,1170,24,335,128,0.8905982971191406,0.3820895552635193,0.6444032192230225,0.08735414899763513,0.7326531509558359,0.4768075744311015,0.6810211350860734,0.11526964047227609,0.7051918632588152,0.1273551744521672,0.7331723985386207,0.15197864927239568,0.802755722337902,0.28694583827800085
npy,./data/MSL,T-5,T-5,noMask_fixed,100,256,128,0.15,50,64,0.001,1,0,1,1,0.001,adam,0.1,0.99,fixed,gated,5000,none,8,0.95,"[0.5, 1.0, 2.0]",0,0,9,55,2.887786,0,0.0029667543713003397,inf,2.7883477210998535,0.5591837450870298,0.2075790541763155,0.04511278195488721,0.024128686327077747,0.34615384615384615,0.32258064516129037,2119,1445,31,125,23,0.9840830564498901,0.18400000035762787,0.7131394147872925,0.02704987609200795,0.45911948879559833,0.31067990387479466,,,,,,,,
npy,./data/MSL,T-4,T-4,gate_gbuf5k,100,256,128,0.15,50,64,0.001,1,1,1,1,0.001,adam,0.1,0.99,adaptive,gated,5000,unc,8,0.95,"[0.5, 1.0, 2.0]",0,0,7,55,2.887841,8,0.0040884059853851795,0.002423239639028907,2.8901445865631104,0.42998542628127273,0.028463404514281587,0.04779411764705883,0.02736842105263158,0.18840579710144928,0.06071271447426308,2118,1889,34,168,154,0.9184753894805908,0.9166666865348816,0.8897435665130615,0.09153832569788715,0.08176100626587868,0.0,0.4267603163036731,0.027988467152320208,0.4272528540199174,0.02766399397127952,0.4273338191239576,0.027276432785890425,0.4167813672307236,0.02536939662298277
npy,./data/MSL,P-11,P-11,fixed,100,256,128,0.15,50,64,0.001,1,1,1,1,0.001,adam,0.1,0.99,fixed,gated,5000,none,8,0.95,"[0.5, 1.0, 2.0]",0,0,4,55,2.887841,8,0.002961066784337163,0.001910308375954628,5.1489081382751465,0.7056867675690587,0.11776445558093296,0.0963302752293578,0.10096153846153846,0.09210526315789473,0.21083172147001933,3436,3436,54,426,426,0.8760186433792114,1.0,1.0,0.0899383436120847,0.0,0.0,0.7398978243916414,0.12382144262703088,0.7386577647626779,0.12289563608025064,0.732930943930737,0.12195565101059247,0.7203990472097996,0.12468962498072711
npy,./data/MSL,S-2,S-2,gate_gbuf5k,100,256,128,0.15,50,64,0.001,1,1,1,1,0.001,adam,0.1,0.99,adaptive,gated,5000,unc,8,0.95,"[0.5, 1.0, 2.0]",0,0,7,55,2.887841,8,0.00463750259950757,0.002456498797982931,1.1782891750335693,0.7017420905086104,0.28320962093193847,0.020806241872561766,0.010554089709762533,0.7272727272727273,0.42857142857142855,1728,572,25,110,3,0.9947552680969238,0.027272727340459824,0.35166871547698975,0.09898303283585443,0.23892099410295486,0.0,0.7146075290348418,0.2845352283325507,0.7275230276331597,0.28587996428765944,0.7451942330796956,0.28915576567494006,0.7158590308370044,0.0169699165804238
npy,./data/MSL,C-1,C-1,fixed,100,256,128,0.15,50,64,0.001,1,1,1,1,0.001,adam,0.1,0.99,fixed,gated,5000,none,8,0.95,"[0.5, 1.0, 2.0]",0,0,7,55,2.887841,8,0.0056020719930529594,0.002479324582964182,2.9138343334198,0.6552615332072299,0.2133275659064467,0.22727272727272727,0.18129770992366412,0.30448717948717946,0.3118069145466406,2165,1663,31,464,344,0.793144941329956,0.7413793206214905,0.7754262089729309,0.09979056431019279,0.8940092126528422,0.0,0.6595224490332072,0.21821561940158887,0.6575011822194199,0.22148235033089794,0.6538165983606558,0.22508772878562433,0.6455903215636822,0.2075528482592024
npy,./data/MSL,M-5,M-5,noMask_fixed,100,256,128,0.15,50,64,0.001,1,0,1,1,0.001,adam,0.1,0.99,fixed,gated,5000,none,8,0.95,"[0.5, 1.0, 2.0]",0,0,9,55,2.887786,0,0.00482542859390378,inf,2.53399658203125,0.5154745586639273,0.14030398075978492,0.18063112078346028,0.1343042071197411,0.2757475083056478,0.23684210526315785,2204,2129,35,400,381,0.8210427165031433,0.9524999856948853,0.9689579010009766,0.028131661527602513,0.06334841748078664,0.018181818226973217,,,,,,,,
npy,./data/MSL,T-8,T-8,gate_noTTA,100,256,128,0.15,50,64,0.001,1,1,1,0,0.001,adam,0.1,0.99,fixed,gated,5000,unc,8,0.95,"[0.5, 1.0, 2.0]",0,0,6,55,2.887841,8,0.0048570227809250355,0.002212949562817812,0.89449143409729,0.5729793681763461,0.1095699940384848,0.13762486126526083,0.07759699624530664,0.6078431372549019,0.15879828326180256,1420,0,0,300,0,0.0,0.0,0.0,0.07148897144156442,1.0,1.0,0.5968630218495302,0.11466830993137096,0.6136410809913239,0.11898323756697135,0.6313877703516128,0.12333740713183168,0.619791882878769,0.10728754204824695
npy,./data/MSL,F-5,F-5,gate_noTTA,100,256,128,0.15,50,64,0.001,1,1,1,0,0.001,adam,0.1,0.99,fixed,gated,5000,unc,8,0.95,"[0.5, 1.0, 2.0]",0,0,7,55,2.887841,8,0.0031673528719693422,0.0018761142855510116,3.4315929412841797,0.8209953619553897,0.43027941562568156,0.2807017543859649,0.17627118644067796,0.6887417218543046,0.5043478260869565,3823,3051,0,250,57,0.9813175797462463,0.2280000001192093,0.8379513025283813,0.06919926197591827,0.21932114412387213,0.10029615461826324,0.8983160087176271,0.5152136390394063,0.915350856396234,0.564273530299409,0.9274719407960015,0.5928818117046843,0.9447175288582614,0.5256677515676457
npy,./data/MSL,C-2,C-2,fixed,100,256,128,0.15,50,64,0.001,1,1,1,1,0.001,adam,0.1,0.99,fixed,gated,5000,none,8,0.95,"[0.5, 1.0, 2.0]",0,0,8,55,2.887841,8,0.00594427390024066,0.003305866615846753,0.9345686435699463,0.6163345003012761,0.09789527930952782,0.1619718309859155,0.0965034965034965,0.5036496350364964,0.17591339648173207,1952,1188,24,335,127,0.8930976390838623,0.37910446524620056,0.6561533808708191,0.08274785807875336,0.6995659371217092,0.4705936710039775,0.6891517744777247,0.11607528390445532,0.7197522671975226,0.13094830649080674,0.7562543379935779,0.16160050208414062,0.8486640886590546,0.41081708588050364
npy,./data/MSL,D-14,D-14,base_noTTA,100,256,128,0.15,50,64,0.001,1,0,1,0,0.001,adam,0.1,0.99,fixed,gated,5000,none,8,0.95,"[0.5, 1.0, 2.0]",0,0,7,55,2.887786,0,0.00454018684104085,inf,4.612266778945923,0.4592138955434835,0.26388476327697963,0.13333333333333333,0.07736804049168475,0.481981981981982,0.33540372670807456,2526,509,0,420,113,0.7779960632324219,0.2690476179122925,0.18803419172763824,0.009896353134916401,0.9631093541781107,0.4193121592203776,,,,,,,,
npy,./data/MSL,D-15,D-15,gate_noTTA,100,256,128,0.15,50,64,0.001,1,1,1,0,0.001,adam,0.1,0.99,fixed,gated,5000,unc,8,0.95,"[0.5, 1.0, 2.0]",0,0,6,55,2.887841,8,0.004247953649610281,0.003836683463305235,2.3844642639160156,0.6168910434729848,0.3794805884307685,0.37430610626486915,0.38064516129032255,0.36817472698907955,0.49821109123434704,2059,929,0,658,30,0.9677072167396545,0.04559270665049553,0.6416845321655273,0.06824584190216731,0.3203883587072293,0.0,0.6787073592370194,0.41596466319791564,0.7052284200794531,0.44111682584190903,0.7316178474429682,0.47805040692797696,0.8130547502717512,0.6767626906165295
npy,./data/MSL,P-15,P-15,fixed,100,256,128,0.15,50,64,0.001,1,1,1,1,0.001,adam,0.1,0.99,fixed,gated,5000,none,8,0.95,"[0.5, 1.0, 2.0]",0,0,1,55,2.887841,8,0.001554005080834031,0.001368307857774198,4.371223449707031,0.7319223985890653,0.5871641669389942,0.07865168539325844,0.041791044776119404,0.6666666666666666,0.6470588235294118,2757,2171,43,120,27,0.9875633120536804,0.22499999403953552,0.8130451440811157,0.1059086979148956,0.18719806770483652,0.16484848658243814,0.7420844881162341,0.5915796510965727,0.7459981523473587,0.5921996204969662,0.7482153355169228,0.5976083554719228,0.6531116150163769,0.02811118023034751
npy,./data/MSL,M-5,M-5,mask_noTTA,100,256,128,0.15,50,64,0.001,1,1,1,0,0.001,adam,0.1,0.99,fixed,gated,5000,none,8,0.95,"[0.5, 1.0, 2.0]",0,0,3,55,2.887841,8,0.00565393827855587,0.002894059056416154,2.609687089920044,0.47408239600930635,0.12777509497538203,0.17495395948434622,0.12101910828025478,0.31561461794019935,0.2323192414065587,2204,2138,0,400,396,0.8147801756858826,0.9900000095367432,0.965631902217865,0.06602604462749945,0.0271493224427104,0.04242424309874574,0.4876701371717983,0.13051246003607536,0.49817624236228886,0.1330318145032624,0.5150231827972691,0.1375536604683315,0.5756154144858464,0.15792174047375643
npy,./data/MSL,M-4,M-4,gate_noTTA,100,256,128,0.15,50,64,0.001,1,1,1,0,0.001,adam,0.1,0.99,fixed,gated,5000,unc,8,0.95,"[0.5, 1.0, 2.0]",0,0,1,55,2.887841,8,0.004643358290195465,0.0026271804235875607,2.5097732543945312,0.414520987120349,0.1134935858237873,0.15185185185185185,0.09891435464414958,0.32669322709163345,0.22056239015817222,1939,1078,0,350,317,0.7059369087219238,0.9057142734527588,0.47891756892204285,0.06985947174654603,0.42611684401830036,0.5554904540379842,0.4120328980663803,0.11249107271474801,0.4149624222750854,0.11236172139783271,0.420473673297855,0.1113683291695917,0.4440369467847691,0.10539804339517038
npy,./data/MSL,T-5,T-5,fixed,100,256,128,0.15,50,64,0.001,1,1,1,1,0.001,adam,0.1,0.99,fixed,gated,5000,none,8,0.95,"[0.5, 1.0, 2.0]",0,0,6,55,2.887841,8,0.0031216952484101057,0.0022332926746457815,2.9133782386779785,0.6242104154969119,0.2092872634732125,0.039045553145336226,0.020689655172413793,0.34615384615384615,0.32258064516129037,2119,1505,32,125,23,0.984717607498169,0.18400000035762787,0.7432296872138977,0.0948688791517156,0.4308176189661026,0.29176727185646695,0.6173498034811904,0.21455507140361843,0.6140861875350926,0.22472549086582963,0.613928270634475,0.23879634049091245,0.5853804042672656,0.058316389066905804
npy,./data/MSL,T-5,T-5,mask_noTTA,100,256,128,0.15,50,64,0.001,1,1,1,0,0.001,adam,0.1,0.99,fixed,gated,5000,none,8,0.95,"[0.5, 1.0, 2.0]",0,0,6,55,2.887841,8,0.0031216952484101057,0.0022332926746457815,2.9855220317840576,0.6077519651880966,0.21032065010557352,0.04017857142857143,0.02132701421800948,0.34615384615384615,0.32258064516129037,2119,1492,0,125,23,0.9845844507217407,0.18400000035762787,0.7367101311683655,0.07056177309404403,0.4276729573806127,0.3107171480854352,0.6074185850645705,0.2191839219253681,0.6061552498596294,0.23288533527543648,0.6089451151038743,0.2415174313105492,0.5936798147108366,0.06241736732119818
npy,./data/MSL,M-7,M-7,mask_noTTA,100,256,128,0.15,50,64,0.001,1,1,1,0,0.001,adam,0.1,0.99,fixed,gated,5000,none,8,0.95,"[0.5, 1.0, 2.0]",0,0,1,55,2.887841,8,0.002730562351644039,0.0017811335856094956,1.979140281677246,0.8849124328491242,0.5563415862310132,0.16172506738544476,0.08893280632411067,0.8910891089108911,0.6733668341708543,2057,434,0,200,0,1.0,0.0,0.23371028900146484,0.0731742202395308,1.0,0.29430894056955975,0.9008648310086482,0.5747295688434854,0.910149117101491,0.598473662088588,0.9175158391751584,0.6135687650941317,0.9183927151839272,0.45092865822092404
npy,./data/MSL,M-7,M-7,fixed,100,256,128,0.15,50,64,0.001,1,1,1,1,0.001,adam,0.1,0.99,fixed,gated,5000,none,8,0.95,"[0.5, 1.0, 2.0]",0,0,5,55,2.887841,8,0.0027359803207218647,0.0021262732334434986,1.96022367477417,0.8844932668449327,0.5154266395979159,0.15503875968992248,0.08490566037735849,0.8910891089108911,0.6373626373626373,2057,434,8,200,0,1.0,0.0,0.23371028900146484,0.08677984246016128,1.0,0.29430894056955975,0.8999397749993978,0.5403670008953959,0.906718701067187,0.5564880297260592,0.9125340271253403,0.5808204385503718,0.8825467948254679,0.49331744944543326
npy,./data/MSL,T-5,T-5,gate_noTTA,100,256,128,0.15,50,64,0.001,1,1,1,0,0.001,adam,0.1,0.99,fixed,gated,5000,unc,8,0.95,"[0.5, 1.0, 2.0]",0,0,0,55,2.887841,8,0.003164711408317089,0.002194211818277836,2.701625108718872,0.5777653003930378,0.21014771160865814,0.04395604395604396,0.023310023310023312,0.38461538461538464,0.32258064516129037,2119,1363,0,125,21,0.9845927953720093,0.1679999977350235,0.6730190515518188,0.06796515961197425,0.4166666616996129,0.290247102578481,0.6003123245367771,0.2178468133797265,0.6102961819202695,0.22824436407262802,0.6257193992139248,0.23762537230839448,0.6054533969679955,0.04764660129267091
npy,./data/MSL,T-4,T-4,gate_noTTA,100,256,128,0.15,50,64,0.001,1,1,1,0,0.001,adam,0.1,0.99,fixed,gated,5000,unc,8,0.95,"[0.5, 1.0, 2.0]",0,0,9,55,2.887841,8,0.00406811386346817,0.0024032024666666985,2.9503629207611084,0.44759533641000726,0.028708186177591872,0.05182926829268293,0.028960817717206135,0.2463768115942029,0.060795708538220826,2118,1382,0,168,132,0.9044862389564514,0.7857142686843872,0.6410256624221802,0.06870608829573936,0.4449685613314311,0.3917255401611328,0.4445861333765147,0.028443092054721814,0.4456251855450301,0.028373491469187547,0.4467991795536124,0.028177071311368557,0.45507786144171863,0.02765293312340321
npy,./data/MSL,T-12,T-12,gate_noTTA,100,256,128,0.15,50,64,0.001,1,1,1,0,0.001,adam,0.1,0.99,fixed,gated,5000,unc,8,0.95,"[0.5, 1.0, 2.0]",0,0,4,55,2.887841,8,0.0026198660489171743,0.001940951100550592,1.3372082710266113,0.8136791355422011,0.1887028639197098,0.19867549668874168,0.1355421686746988,0.371900826446281,0.24770642201834864,2331,2098,0,220,125,0.9404194355010986,0.5681818127632141,0.9346281290054321,0.06800360661215764,0.0,0.11731044451395671,0.8204116840677336,0.19243537170713035,0.8164602042313763,0.192732490902172,0.8064562312761062,0.1914734545973212,0.754682539398473,0.12951977998981523
npy,./data/MSL,M-1,M-1,noMask_fixed,100,256,128,0.15,50,64,0.001,1,0,1,1,0.001,adam,0.1,0.99,fixed,gated,5000,none,8,0.95,"[0.5, 1.0, 2.0]",0,0,0,55,2.887786,0,0.003312497166916728,inf,2.6437275409698486,0.3612757835355692,0.4080384325340512,0.30824008138351977,0.36727272727272725,0.26555652936021035,0.6676427525622255,2178,1265,28,1167,905,0.28458496928215027,0.7754927277565002,0.35608309507369995,0.026401518899656633,0.6773700167735418,0.0,,,,,,,,
npy,./data/MSL,P-10,P-10,gate_gbuf5k,100,256,128,0.15,50,64,0.001,1,1,1,1,0.001,adam,0.1,0.99,adaptive,gated,5000,unc,8,0.95,"[0.5, 1.0, 2.0]",0,0,2,55,2.887841,8,0.001931484672240913,0.0016866966616362333,4.785685062408447,0.9586105821553855,0.5525625716746857,0.30065359477124187,0.19126819126819128,0.7022900763358778,0.5561497326203209,6001,5369,91,230,60,0.988824725151062,0.260869562625885,0.9199445247650146,0.1035688559505626,0.004444444552063942,0.11581080624212821,0.9626812321677266,0.5660192350592662,0.9616747597958408,0.5723732244855189,0.9589303001896567,0.5773679795933074,0.9196177706956679,0.35724988334528995
npy,./data/MSL,D-14,D-14,noMask_fixed,100,256,128,0.15,50,64,0.001,1,0,1,1,0.001,adam,0.1,0.99,fixed,gated,5000,none,8,0.95,"[0.5, 1.0, 2.0]",0,0,8,55,2.887786,0,0.004385150037705898,inf,4.708515644073486,0.451713886170815,0.2425923820558477,0.12485549132947978,0.07161803713527852,0.4864864864864865,0.30851063829787234,2526,459,18,420,110,0.7603485584259033,0.261904776096344,0.1657170057296753,0.02034542962660982,0.9591567913691202,0.4259259303410848,,,,,,,,
npy,./data/MSL,T-4,T-4,noMask_fixed,100,256,128,0.15,50,64,0.001,1,0,1,1,0.001,adam,0.1,0.99,fixed,gated,5000,none,8,0.95,"[0.5, 1.0, 2.0]",0,0,4,55,2.887786,0,0.0036154326517134905,inf,2.70269775390625,0.4489380077186733,0.02941103047249987,0.04674457429048414,0.026415094339622643,0.2028985507246377,0.06071271447426308,2118,1273,30,168,135,0.8939512968063354,0.8035714030265808,0.5835897326469421,0.030457917196329638,0.5581760903199514,0.4500208596388499,,,,,,,,
npy,./data/MSL,M-1,M-1,gate_noTTA,100,256,128,0.15,50,64,0.001,1,1,1,0,0.001,adam,0.1,0.99,fixed,gated,5000,unc,8,0.95,"[0.5, 1.0, 2.0]",0,0,8,55,2.887841,8,0.0035782435443252325,0.002082830062136054,2.9574341773986816,0.38843490390193924,0.4234102553433088,0.3473895582329317,0.40658049353701525,0.3032427695004382,0.6676427525622255,2178,1188,0,1167,859,0.27693602442741394,0.7360754013061523,0.3254203796386719,0.0700292727397712,0.6941896080970764,0.0,0.3678335349520435,0.41577777579396846,0.35945581464245596,0.41174695667279204,0.3514121539050252,0.4067528386663407,0.36520503388428727,0.4078326222438985
npy,./data/MSL,M-2,M-2,base_noTTA,100,256,128,0.15,50,64,0.001,1,0,1,0,0.001,adam,0.1,0.99,fixed,gated,5000,none,8,0.95,"[0.5, 1.0, 2.0]",0,0,9,55,2.887786,0,0.005507649853825569,inf,2.701616048812866,0.7192696053622347,0.7156448525516522,0.5644040619989311,0.7232876712328767,0.46275197195442597,0.7014473241332884,2178,1097,0,1167,145,0.8678213357925415,0.12425021082162857,0.9416419267654419,0.010337382965508244,0.09021406496564548,0.0,,,,,,,,
npy,./data/MSL,F-4,F-4,fixed,100,256,128,0.15,50,64,0.001,1,1,1,1,0.001,adam,0.1,0.99,fixed,gated,5000,none,8,0.95,"[0.5, 1.0, 2.0]",0,0,0,55,2.887841,8,0.004025341011583805,0.002047134330496192,2.888763904571533,0.5743419034049118,0.0297067217842143,0.0631578947368421,0.03712871287128713,0.2112676056338028,0.06944444444444445,3323,3236,52,170,166,0.9487020969390869,0.9764705896377563,0.9736758470535278,0.10007876356861299,0.06806806785364945,0.01624547317624092,0.532853342075731,0.02647501335594603,0.514670836117871,0.02479041268787919,0.4950214567020145,0.022664066339253056,0.40631974478923677,0.016009177024730828
npy,./data/MSL,T-4,T-4,gate_noTTA,100,256,128,0.15,50,64,0.001,1,1,1,0,0.001,adam,0.1,0.99,fixed,gated,5000,unc,8,0.95,"[0.5, 1.0, 2.0]",0,0,5,55,2.887841,8,0.004119544755667448,0.002463786629959941,2.83618426322937,0.4307883302296711,0.030480888156424985,0.04465709728867623,0.025089605734767026,0.2028985507246377,0.0605528740675735,2118,1428,0,168,139,0.9026610851287842,0.8273809552192688,0.6610256433486938,0.06894664566284986,0.43553459644317627,0.37431815763314563,0.4157288208782015,0.029683931237703208,0.4084689498826006,0.02931916962814725,0.4048929911208269,0.028916392820627027,0.4006355760667153,0.026492754504695636
npy,./data/MSL,F-4,F-4,fixed,100,256,128,0.15,50,64,0.001,1,1,1,1,0.001,adam,0.1,0.99,fixed,gated,5000,none,8,0.95,"[0.5, 1.0, 2.0]",0,0,8,55,2.887841,8,0.0038029870484024286,0.0022051995620131493,3.0784475803375244,0.5785786038222771,0.02833582892746432,0.06841046277665995,0.03990610328638498,0.23943661971830985,0.07164179104477611,3323,3172,52,170,167,0.9473518133163452,0.9823529124259949,0.9530605673789978,0.09616792399302829,0.09809809550642967,0.04619899640480677,0.5384644482832537,0.025991885150894626,0.5221354987579911,0.024735922216062883,0.5038311036016156,0.023094525478748025,0.4134481613644865,0.01666079416814071
npy,./data/MSL,D-15,D-15,base_noTTA,100,256,128,0.15,50,64,0.001,1,0,1,0,0.001,adam,0.1,0.99,fixed,gated,5000,none,8,0.95,"[0.5, 1.0, 2.0]",0,0,4,55,2.887786,0,0.0036873724311590195,inf,2.6362154483795166,0.6341648524213876,0.3923298480995402,0.37264150943396224,0.375594294770206,0.36973478939157567,0.5064676616915422,2059,912,0,658,35,0.9616228342056274,0.05319149047136307,0.6259814500808716,0.00874193737146749,0.3478964405755202,0.0,,,,,,,,
npy,./data/MSL,M-1,M-1,noMask_fixed,100,256,128,0.15,50,64,0.001,1,0,1,1,0.001,adam,0.1,0.99,fixed,gated,5000,none,8,0.95,"[0.5, 1.0, 2.0]",0,0,9,55,2.887786,0,0.003425867995247245,inf,2.658998966217041,0.3772342644826011,0.4182441469501106,0.32,0.3856613102595797,0.27344434706397897,0.6680327868852458,2178,1230,29,1167,902,0.2666666805744171,0.7729220390319824,0.32443127036094666,0.02732585612735801,0.6758409887552261,0.0,,,,,,,,
npy,./data/MSL,M-1,M-1,base_noTTA,100,256,128,0.15,50,64,0.001,1,0,1,0,0.001,adam,0.1,0.99,fixed,gated,5000,none,8,0.95,"[0.5, 1.0, 2.0]",0,0,2,55,2.887786,0,0.0033800217788666487,inf,2.651737928390503,0.36673569021490904,0.4116285643576193,0.29043927648578816,0.353904282115869,0.2462751971954426,0.6680327868852458,2178,1309,0,1167,922,0.295645534992218,0.7900599837303162,0.3827893137931824,0.008264192208114078,0.6574923545122147,0.0,,,,,,,,
npy,./data/MSL,S-2,S-2,base_noTTA,100,256,128,0.15,50,64,0.001,1,0,1,0,0.001,adam,0.1,0.99,fixed,gated,5000,none,8,0.95,"[0.5, 1.0, 2.0]",0,0,2,55,2.887786,0,0.004585641901940107,inf,1.0851635932922363,0.7093011613936724,0.28467425201489976,0.014534883720930234,0.007326007326007326,0.9090909090909091,0.42857142857142855,1728,0,0,110,0,0.0,0.0,0.0,0.01273124858185097,1.0,1.0,,,,,,,,
npy,./data/MSL,P-14,P-14,gate_noTTA,100,256,128,0.15,50,64,0.001,1,1,1,0,0.001,adam,0.1,0.99,fixed,gated,5000,unc,8,0.95,"[0.5, 1.0, 2.0]",0,0,8,55,2.887841,8,0.0022356449626386166,0.001743038767017424,3.610621690750122,0.9090735985528391,0.505956015865928,0.32692307692307687,0.20890937019969277,0.7513812154696132,0.47014925373134325,6001,5210,0,280,101,0.980614185333252,0.36071428656578064,0.8930256962776184,0.0811689119699736,0.013333333345750967,0.25888888786236447,0.915464666179426,0.5250902433182455,0.9178896689096542,0.5390998255237848,0.920478018629024,0.5629850935728982,0.9007625037453132,0.4814603525236408
npy,./data/MSL,P-11,P-11,noMask_fixed,100,256,128,0.15,50,64,0.001,1,0,1,1,0.001,adam,0.1,0.99,fixed,gated,5000,none,8,0.95,"[0.5, 1.0, 2.0]",0,0,5,55,2.887786,0,0.003034622874110937,inf,4.954708576202393,0.713503785165969,0.12292697111428058,0.0936768149882904,0.10050251256281408,0.08771929824561403,0.20927467300832342,3436,3436,54,426,426,0.8760186433792114,1.0,1.0,0.028816937567607625,0.0,0.0,,,,,,,,
npy,./data/MSL,T-8,T-8,fixed,100,256,128,0.15,50,64,0.001,1,1,1,1,0.001,adam,0.1,0.99,fixed,gated,5000,none,8,0.95,"[0.5, 1.0, 2.0]",0,0,9,55,2.887841,8,0.004768699873238802,0.002574548125267029,0.8726685047149658,0.5498498623161332,0.09651190584231534,0.13062098501070665,0.0733173076923077,0.5980392156862745,0.14545454545454542,1420,0,0,300,0,0.0,0.0,0.0,0.07818299280086034,1.0,1.0,0.5615287752362766,0.10180042680652582,0.5716647985941025,0.10613880980956578,0.5864018154897809,0.11203322433812768,0.6222203772122822,0.11673648473216544
npy,./data/MSL,F-8,F-8,gate_gbuf5k,100,256,128,0.15,50,64,0.001,1,1,1,1,0.001,adam,0.1,0.99,adaptive,gated,5000,unc,8,0.95,"[0.5, 1.0, 2.0]",0,0,6,55,2.887841,8,0.005825871601700783,0.003319107461720705,4.42601752281189,0.5947906221649237,0.25086039796079773,0.19322709163346613,0.20770877944325483,0.18063314711359404,0.4024864024864025,2388,2218,38,537,471,0.7876465320587158,0.8770949840545654,0.9438141584396362,0.10702348434346005,0.025104602177937824,0.0,0.5751134030463639,0.24592685289078056,0.5627235830587786,0.24495638349441445,0.5527718091963902,0.24959027267988332,0.547246335291028,0.28047440103263943
npy,./data/MSL,F-4,F-4,fixed,100,256,128,0.15,50,64,0.001,1,1,1,1,0.001,adam,0.1,0.99,fixed,gated,5000,none,8,0.95,"[0.5, 1.0, 2.0]",0,0,5,55,2.887841,8,0.00398485641926527,0.0019969448912888765,3.0565619468688965,0.5603162394240104,0.029849582296789363,0.07243460764587525,0.04225352112676056,0.2535211267605634,0.08000000000000002,3323,3206,52,170,169,0.9472863674163818,0.9941176176071167,0.9632096290588379,0.09751893869193964,0.08108107869823773,0.032879493509729706,0.5377919561535132,0.02775924853783565,0.5269480205614469,0.026528258255939748,0.5125356736059448,0.025084294440048713,0.41313293067867063,0.01745756261370212
npy,./data/MSL,M-5,M-5,gate_noTTA,100,256,128,0.15,50,64,0.001,1,1,1,0,0.001,adam,0.1,0.99,fixed,gated,5000,unc,8,0.95,"[0.5, 1.0, 2.0]",0,0,8,55,2.887841,8,0.005556569434702396,0.0030864307191222906,2.8169937133789062,0.4734733704833373,0.12670416879635113,0.1752677702044791,0.12396694214876033,0.29900332225913623,0.2320740169622205,2204,2045,0,400,378,0.8151589035987854,0.9449999928474426,0.92405766248703,0.07192290197050506,0.05429864441975951,0.06212121248245239,0.4980152737627821,0.1309634778591341,0.515567488989416,0.13430630861418802,0.5408860242747286,0.140025357532494,0.6098784935994238,0.17410816056555714
npy,./data/MSL,D-14,D-14,base_noTTA,100,256,128,0.15,50,64,0.001,1,0,1,0,0.001,adam,0.1,0.99,fixed,gated,5000,none,8,0.95,"[0.5, 1.0, 2.0]",0,0,8,55,2.887786,0,0.004385150037705898,inf,4.759824991226196,0.46276988599085983,0.25344750254000137,0.1291866028708134,0.07448275862068965,0.4864864864864865,0.325,2526,500,0,420,110,0.7799999713897705,0.261904776096344,0.18518517911434174,0.009302855104278782,0.9644268751144409,0.4246031641960144,,,,,,,,
npy,./data/MSL,F-8,F-8,gate_noTTA,100,256,128,0.15,50,64,0.001,1,1,1,0,0.001,adam,0.1,0.99,fixed,gated,5000,unc,8,0.95,"[0.5, 1.0, 2.0]",0,0,4,55,2.887841,8,0.005972903221845627,0.00334508647210896,4.241533517837524,0.5680795492527336,0.25259855598863035,0.22243528283796743,0.22924901185770752,0.21601489757914338,0.3887409661468239,2388,2088,0,537,406,0.8055555820465088,0.7560521364212036,0.9086980223655701,0.06826828472578346,0.06276150544484456,0.02996254712343216,0.5666322876378742,0.25596297588372197,0.5630396791290646,0.2605881503143611,0.5614066752614238,0.27559100009214754,0.5713804135033185,0.33441404755327186
npy,./data/MSL,C-1,C-1,fixed,100,256,128,0.15,50,64,0.001,1,1,1,1,0.001,adam,0.1,0.99,fixed,gated,5000,none,8,0.95,"[0.5, 1.0, 2.0]",0,0,8,55,2.887841,8,0.00579709280282259,0.0029966039583086967,2.7968339920043945,0.657062775851198,0.21090607603027306,0.22802850356294538,0.1811320754716981,0.3076923076923077,0.3195416931890515,2165,1705,32,464,357,0.7906158566474915,0.7693965435028076,0.7924749851226807,0.08083986630340646,0.8494623700777689,0.0,0.6508479140395124,0.21075574465352245,0.6433867959226566,0.2093456889483789,0.635505333123161,0.20914999384954513,0.6140184951660362,0.2094239727948304
npy,./data/MSL,C-1,C-1,noMask_fixed,100,256,128,0.15,50,64,0.001,1,0,1,1,0.001,adam,0.1,0.99,fixed,gated,5000,none,8,0.95,"[0.5, 1.0, 2.0]",0,0,4,55,2.887786,0,0.00562841072678566,inf,2.508565902709961,0.6474441072929801,0.20698811040575366,0.22650602409638554,0.18146718146718147,0.30128205128205127,0.3044077134986226,2165,1657,32,464,348,0.7899819016456604,0.75,0.7695473432540894,0.027948934541838825,0.9093702038129171,0.0,,,,,,,,
npy,./data/MSL,F-4,F-4,gate_gbuf5k,100,256,128,0.15,50,64,0.001,1,1,1,1,0.001,adam,0.1,0.99,adaptive,gated,5000,unc,8,0.95,"[0.5, 1.0, 2.0]",0,0,4,55,2.887841,8,0.003819467965513468,0.002153158187866211,2.8750452995300293,0.5406500477049104,0.026889219785543404,0.06410256410256411,0.037783375314861464,0.2112676056338028,0.07331975560081466,3323,3131,52,170,159,0.9492174983024597,0.9352940917015076,0.9425943493843079,0.10353737554742455,0.05805805822213491,0.008050383379062017,0.4985940711412612,0.024821403952774112,0.4877669478524384,0.02393062572390468,0.4782469811407989,0.022594687157899848,0.40330613943283694,0.015929164010918928
npy,./data/MSL,M-4,M-4,base_noTTA,100,256,128,0.15,50,64,0.001,1,0,1,0,0.001,adam,0.1,0.99,fixed,gated,5000,none,8,0.95,"[0.5, 1.0, 2.0]",0,0,6,55,2.887786,0,0.004801978822797537,inf,2.5129637718200684,0.4145432818251337,0.10438694707202839,0.13279678068410464,0.08882907133243607,0.26294820717131473,0.21959755030621173,1939,1256,0,350,341,0.7285031676292419,0.9742857217788696,0.5758338570594788,0.010573169261662846,0.39175258328517276,0.4666124184926351,,,,,,,,
npy,./data/MSL,P-15,P-15,mask_noTTA,100,256,128,0.15,50,64,0.001,1,1,1,0,0.001,adam,0.1,0.99,fixed,gated,5000,none,8,0.95,"[0.5, 1.0, 2.0]",0,0,4,55,2.887841,8,0.001453234115615487,0.0014518133830279112,4.469261407852173,0.7443184681279919,0.602676560716543,0.08045977011494251,0.04281345565749235,0.6666666666666666,0.6470588235294118,2757,2123,0,120,26,0.98775315284729,0.21666666865348816,0.7952218651771545,0.06547871818999082,0.22222221891085306,0.1721212069193522,0.7481481481481481,0.6186108348211712,0.7484336944654405,0.622779383744011,0.7488536155202822,0.6380462871989037,0.7141009490215839,0.14693819452350623
npy,./data/MSL,M-6,M-6,fixed,100,256,128,0.15,50,64,0.001,1,1,1,1,0.001,adam,0.1,0.99,fixed,gated,5000,none,8,0.95,"[0.5, 1.0, 2.0]",0,0,4,55,2.887841,8,0.002166339661926031,0.001525767263956368,1.825467586517334,0.7547529191855856,0.6270008276244482,0.18957940991839298,0.10694050991501416,0.8342541436464088,0.7117437722419929,1950,0,0,199,0,0.0,0.0,0.0,0.06923944522172977,1.0,0.6666666666666666,0.7576099944396465,0.6396297290073396,0.7561844144474547,0.6396316594538506,0.7547144699326842,0.638401428155922,0.7616323778201048,0.6297059410824437
npy,./data/MSL,M-4,M-4,mask_noTTA,100,256,128,0.15,50,64,0.001,1,1,1,0,0.001,adam,0.1,0.99,fixed,gated,5000,none,8,0.95,"[0.5, 1.0, 2.0]",0,0,6,55,2.887841,8,0.004773736000061035,0.002554570557549596,2.627488136291504,0.41301832401786254,0.11012028834655213,0.1633045148895293,0.10759493670886076,0.3386454183266932,0.21988611476127903,1939,1195,0,350,336,0.7188284397125244,0.9599999785423279,0.5405915379524231,0.06679900839748058,0.3951889971892039,0.49624796708424884,0.41128156651513703,0.10953906617461072,0.41459455964613845,0.10901268393846503,0.4220097784575185,0.10846629301462588,0.4563436238259051,0.10843633960799841
npy,./data/MSL,M-3,M-3,base_noTTA,100,256,128,0.15,50,64,0.001,1,0,1,0,0.001,adam,0.1,0.99,fixed,gated,5000,none,8,0.95,"[0.5, 1.0, 2.0]",0,0,3,55,2.887786,0,0.00475034536793828,inf,2.4708802700042725,0.44219709647550526,0.10625672233407403,0.13778705636743216,0.09335219236209336,0.26294820717131473,0.2128205128205128,2028,1523,0,350,329,0.7839789986610413,0.9399999976158142,0.711561381816864,0.008136563047149478,0.22167487194140753,0.3460516730944316,,,,,,,,
npy,./data/MSL,M-4,M-4,fixed,100,256,128,0.15,50,64,0.001,1,1,1,1,0.001,adam,0.1,0.99,fixed,gated,5000,none,8,0.95,"[0.5, 1.0, 2.0]",0,0,6,55,2.887841,8,0.004773736000061035,0.002554570557549596,2.7865169048309326,0.41047003926097514,0.10827639550442565,0.15098039215686276,0.10013003901170352,0.30677290836653387,0.21988611476127903,1939,1255,29,350,332,0.7354581952095032,0.9485714435577393,0.5808684825897217,0.09541796801814473,0.3831615174810092,0.4603777627150218,0.40906770233001954,0.10767440442924103,0.41282213061575745,0.10792703259041114,0.4212450700834045,0.108514314662592,0.46296961008790805,0.10976516057802772
npy,./data/MSL,T-12,T-12,mask_noTTA,100,256,128,0.15,50,64,0.001,1,1,1,0,0.001,adam,0.1,0.99,fixed,gated,5000,none,8,0.95,"[0.5, 1.0, 2.0]",0,0,0,55,2.887841,8,0.003031668718904257,0.0022243806160986423,1.4118475914001465,0.7950384589228638,0.22608264441075435,0.2513089005235602,0.1839080459770115,0.39669421487603307,0.2603305785123967,2331,2183,0,220,138,0.9367842674255371,0.6272727251052856,0.9687352180480957,0.06950438559592308,0.0,0.05007153252760569,0.8084212334773382,0.22943951115263223,0.8077125441588611,0.23074923359210003,0.8034067196632652,0.22963429278550895,0.7496501293894892,0.12169664292637372
npy,./data/MSL,D-16,D-16,gate_noTTA,100,256,128,0.15,50,64,0.001,1,1,1,0,0.001,adam,0.1,0.99,fixed,gated,5000,unc,8,0.95,"[0.5, 1.0, 2.0]",0,0,6,55,2.887841,8,0.003752621589228511,0.002104988321661949,1.8088293075561523,0.5131825164083228,0.34515265978000087,0.4099264705882353,0.29245901639344263,0.685099846390169,0.4621428571428572,2092,0,0,750,0,0.0,0.0,0.0,0.07195317722415377,1.0,1.0,0.5230594290502125,0.3599961552078404,0.5293434675923155,0.3731490132936193,0.5376314162028448,0.39832057379865543,0.553296626568516,0.4674545699828976
npy,./data/MSL,T-8,T-8,base_noTTA,100,256,128,0.15,50,64,0.001,1,0,1,0,0.001,adam,0.1,0.99,fixed,gated,5000,none,8,0.95,"[0.5, 1.0, 2.0]",0,0,2,55,2.887786,0,0.0049538337625563145,inf,0.802152156829834,0.582278218273901,0.11879867280882475,0.14553014553014554,0.08139534883720931,0.6862745098039216,0.1607717041800643,1420,0,0,300,0,0.0,0.0,0.0,0.008802850481490014,1.0,1.0,,,,,,,,
npy,./data/MSL,F-7,F-7,gate_gbuf5k,100,256,128,0.15,50,64,0.001,1,1,1,1,0.001,adam,0.1,0.99,adaptive,gated,5000,unc,8,0.95,"[0.5, 1.0, 2.0]",0,0,8,55,2.887841,8,0.004521676804870367,0.003966263961046934,3.3974385261535645,0.4379530892898255,0.06909293952351861,0.05477031802120141,0.04372355430183357,0.07328605200945626,0.15500459136822772,4955,4375,78,720,603,0.8621714115142822,0.8374999761581421,0.8906729817390442,0.120493766638393,0.011109282107402882,0.001346801407635212,0.446372044087716,0.06961679550091412,0.4497239030013074,0.06989489606719462,0.4543591267197675,0.07063522173046102,0.5031091222530046,0.08136119731735708
npy,./data/MSL,C-1,C-1,base_noTTA,100,256,128,0.15,50,64,0.001,1,0,1,0,0.001,adam,0.1,0.99,fixed,gated,5000,none,8,0.95,"[0.5, 1.0, 2.0]",0,0,7,55,2.887786,0,0.0057283248752355576,inf,2.661177635192871,0.6527230453972258,0.20498556163910223,0.22828784119106701,0.1862348178137652,0.2948717948717949,0.3169590643274854,2165,1700,0,464,356,0.7905882596969604,0.767241358757019,0.790123462677002,0.008547498777887286,0.85560675462087,0.0,,,,,,,,
npy,./data/MSL,D-16,D-16,base_noTTA,100,256,128,0.15,50,64,0.001,1,0,1,0,0.001,adam,0.1,0.99,fixed,gated,5000,none,8,0.95,"[0.5, 1.0, 2.0]",0,0,9,55,2.887786,0,0.003952628932893276,inf,1.7031652927398682,0.5357890956969298,0.36901762289207213,0.4213406292749658,0.29961089494163423,0.7096774193548387,0.4650311241303552,2092,0,0,750,0,0.0,0.0,0.0,0.010041160291741045,1.0,1.0,,,,,,,,
npy,./data/MSL,C-1,C-1,base_noTTA,100,256,128,0.15,50,64,0.001,1,0,1,0,0.001,adam,0.1,0.99,fixed,gated,5000,none,8,0.95,"[0.5, 1.0, 2.0]",0,0,4,55,2.887786,0,0.00562841072678566,inf,2.426809787750244,0.647954760403531,0.20689943549120604,0.22382671480144403,0.1791907514450867,0.2980769230769231,0.3095380923815237,2165,1682,0,464,356,0.7883471846580505,0.767241358757019,0.7795414328575134,0.009010019808938816,0.8832565347353617,0.0,,,,,,,,
npy,./data/MSL,S-2,S-2,gate_noTTA,100,256,128,0.15,50,64,0.001,1,1,1,0,0.001,adam,0.1,0.99,fixed,gated,5000,unc,8,0.95,"[0.5, 1.0, 2.0]",0,0,6,55,2.887841,8,0.004379786550998688,0.002706218510866165,1.1718072891235352,0.6733580296355628,0.28565718066968965,0.01536312849162011,0.007741027445460943,1.0,0.42857142857142855,1728,0,0,110,0,0.0,0.0,0.0,0.07032561633321974,1.0,1.0,0.6781137364837806,0.28686005344482407,0.6806668001601923,0.2880680313111995,0.6840708850620745,0.2873662085986413,0.6489787745294353,0.010668851780424779
npy,./data/MSL,S-2,S-2,fixed,100,256,128,0.15,50,64,0.001,1,1,1,1,0.001,adam,0.1,0.99,fixed,gated,5000,none,8,0.95,"[0.5, 1.0, 2.0]",0,0,0,55,2.887841,8,0.004650018643587828,0.0021907896734774113,1.1340737342834473,0.6556868241890268,0.2822916062084815,0.01348314606741573,0.006797583081570997,0.8181818181818182,0.42857142857142855,1728,0,0,110,0,0.0,0.0,0.0,0.06800765792528789,1.0,1.0,0.6966359631557869,0.282387882207135,0.7278233880656788,0.28344392546251757,0.7652683219863836,0.2981998249308874,0.7091009211053263,0.04984016571442011
npy,./data/MSL,M-2,M-2,fixed,100,256,128,0.15,50,64,0.001,1,1,1,1,0.001,adam,0.1,0.99,fixed,gated,5000,none,8,0.95,"[0.5, 1.0, 2.0]",0,0,3,55,2.887841,8,0.006467337720096111,0.0028186419513076544,2.734524726867676,0.6962742713952427,0.6815053055429902,0.5081690140845071,0.7113564668769716,0.39526730937773885,0.6984745212593315,2178,1706,34,1167,700,0.589683473110199,0.5998286008834839,0.9950544238090515,0.10377732409152336,0.007645259611308575,0.0,0.7448240053819851,0.7143594370784104,0.7685430065052894,0.736562362616106,0.7904420387354804,0.764213825297879,0.7959262476700695,0.804180651574327
npy,./data/MSL,S-2,S-2,base_noTTA,100,256,128,0.15,50,64,0.001,1,0,1,0,0.001,adam,0.1,0.99,fixed,gated,5000,none,8,0.95,"[0.5, 1.0, 2.0]",0,0,1,55,2.887786,0,0.004599413834512234,inf,1.0651798248291016,0.7604625550660793,0.2874503521071691,0.01588447653429603,0.008005822416302766,1.0,0.42857142857142855,1728,0,0,110,0,0.0,0.0,0.0,0.008678132737124408,1.0,1.0,,,,,,,,
npy,./data/MSL,F-7,F-7,gate_noTTA,100,256,128,0.15,50,64,0.001,1,1,1,0,0.001,adam,0.1,0.99,fixed,gated,5000,unc,8,0.95,"[0.5, 1.0, 2.0]",0,0,8,55,2.887841,8,0.004521676804870367,0.003966263961046934,3.369887351989746,0.4456410264263906,0.07120080600573214,0.061491160645657184,0.04555808656036447,0.09456264775413711,0.15446412269490595,4955,4285,0,720,594,0.8613768815994263,0.824999988079071,0.8715466260910034,0.08356751635384968,0.009449747391045094,0.057912458976109825,0.4599224161563071,0.07211928256144261,0.4639751739867978,0.0723105586953357,0.4655954603394842,0.07232751134078902,0.507436522193686,0.0817528047767214
npy,./data/MSL,F-4,F-4,fixed,100,256,128,0.15,50,64,0.001,1,1,1,1,0.001,adam,0.1,0.99,fixed,gated,5000,none,8,0.95,"[0.5, 1.0, 2.0]",0,0,4,55,2.887841,8,0.003819467965513468,0.002153158187866211,2.9495720863342285,0.5398304479217891,0.026711995899406767,0.06597938144329897,0.03864734299516908,0.22535211267605634,0.0721442885771543,3323,3173,52,170,167,0.9473684430122375,0.9823529124259949,0.9533777236938477,0.10835367478845065,0.0980980967481931,0.046221114695072174,0.4980266559067925,0.024681514006407917,0.4873172187406744,0.02377718778347384,0.477931750454983,0.022519883276509885,0.40368021318000513,0.01593834620031832
npy,./data/MSL,M-6,M-6,mask_noTTA,100,256,128,0.15,50,64,0.001,1,1,1,0,0.001,adam,0.1,0.99,fixed,gated,5000,none,8,0.95,"[0.5, 1.0, 2.0]",0,0,2,55,2.887841,8,0.0021380481775850058,0.0019064792431890965,1.9412317276000977,0.7512895287896176,0.6308237263395127,0.1876543209876543,0.10562890896455872,0.8397790055248618,0.7163120567375887,1950,0,0,199,0,0.0,0.0,0.0,0.06949718181903546,1.0,0.6666666666666666,0.7542412483585128,0.6419816521826635,0.751576419368959,0.640848269600602,0.7490239805032711,0.6393150294334576,0.7440640268789853,0.6283313584810349
npy,./data/MSL,F-4,F-4,base_noTTA,100,256,128,0.15,50,64,0.001,1,0,1,0,0.001,adam,0.1,0.99,fixed,gated,5000,none,8,0.95,"[0.5, 1.0, 2.0]",0,0,9,55,2.887786,0,0.003678451292216778,inf,2.9037344455718994,0.4883301600110961,0.02342004185258668,0.05084745762711865,0.029925187032418952,0.16901408450704225,0.057361376673040164,3323,3143,0,170,165,0.9475023746490479,0.970588207244873,0.944497287273407,0.009931213626867313,0.10010009879867236,0.06761311988035838,,,,,,,,
npy,./data/MSL,C-2,C-2,gate_gbuf5k,100,256,128,0.15,50,64,0.001,1,1,1,1,0.001,adam,0.1,0.99,adaptive,gated,5000,unc,8,0.95,"[0.5, 1.0, 2.0]",0,0,6,55,2.887841,8,0.005930072627961636,0.002930531045421958,0.9046905040740967,0.5867980077645318,0.10615982538049941,0.15289256198347106,0.10662824207492795,0.27007299270072993,0.18398637137989776,1952,1611,31,335,220,0.8634388446807861,0.6567164063453674,0.8602349758148193,0.12297280987755196,0.2164048949877421,0.010256410265962282,0.6683179644418002,0.12619269054365467,0.7117131547033383,0.1454370981551275,0.7564698075646981,0.1833910699692826,0.8327460357412535,0.35278682071485895
npy,./data/MSL,T-12,T-12,mask_noTTA,100,256,128,0.15,50,64,0.001,1,1,1,0,0.001,adam,0.1,0.99,fixed,gated,5000,none,8,0.95,"[0.5, 1.0, 2.0]",0,0,5,55,2.887841,8,0.0028392132371664047,0.001554194837808609,1.5482499599456787,0.7896696004495525,0.22127511186612775,0.22707423580786024,0.1543026706231454,0.4297520661157025,0.29801324503311255,2331,2155,0,220,135,0.9373549818992615,0.6136363744735718,0.9568924903869629,0.06607242634960225,0.0,0.08583690722783406,0.8081814244655301,0.2305763567788147,0.8041583598495289,0.23184227943197266,0.7953391149973693,0.23338758780889773,0.7498111951436887,0.13560050887610536
npy,./data/MSL,F-7,F-7,gate_gbuf5k,100,256,128,0.15,50,64,0.001,1,1,1,1,0.001,adam,0.1,0.99,adaptive,gated,5000,unc,8,0.95,"[0.5, 1.0, 2.0]",0,0,6,55,2.887841,8,0.004350400995463133,0.004221555311232805,3.202599048614502,0.44694634218058693,0.07098235060108365,0.06580086580086579,0.05191256830601093,0.08983451536643026,0.15477497255762898,4955,4571,78,720,633,0.8615182638168335,0.8791666626930237,0.9298701286315918,0.10890946258329359,0.013797454070299864,0.000673400703817606,0.45565933760202726,0.07131431745999742,0.45847186679551366,0.07141405755258201,0.4618872813647161,0.07161573378379002,0.4993187548400567,0.07904216695403661
npy,./data/MSL,T-5,T-5,fixed,100,256,128,0.15,50,64,0.001,1,1,1,1,0.001,adam,0.1,0.99,fixed,gated,5000,none,8,0.95,"[0.5, 1.0, 2.0]",0,0,5,55,2.887841,8,0.0031310049816966057,0.0023383544757962227,2.782439708709717,0.6077168725435148,0.2118384690554087,0.045871559633027525,0.024390243902439025,0.38461538461538464,0.32258064516129037,2119,1513,32,125,23,0.9847984313964844,0.18400000035762787,0.747241735458374,0.0875582386717137,0.4292452832063039,0.2854481463630994,0.6280004211117349,0.2214078594646207,0.631228944413251,0.22780862717683026,0.6367735822571589,0.24036402579918967,0.5874859629421674,0.09153471642608044
npy,./data/MSL,M-7,M-7,base_noTTA,100,256,128,0.15,50,64,0.001,1,0,1,0,0.001,adam,0.1,0.99,fixed,gated,5000,none,8,0.95,"[0.5, 1.0, 2.0]",0,0,7,55,2.887786,0,0.0029141537379473448,inf,1.9392857551574707,0.8922887909228879,0.5667245477276851,0.1580288870008496,0.08643122676579926,0.9207920792079208,0.696629213483146,2057,437,0,200,0,1.0,0.0,0.23532579839229584,0.00947948561516791,1.0,0.2894308964411418,,,,,,,,
npy,./data/MSL,F-4,F-4,fixed,100,256,128,0.15,50,64,0.001,1,1,1,1,0.001,adam,0.1,0.99,fixed,gated,5000,none,8,0.95,"[0.5, 1.0, 2.0]",0,0,7,55,2.887841,8,0.0036628670059144497,0.0019486708333715796,3.155953884124756,0.5860810941446951,0.029940761000727328,0.06147540983606557,0.03597122302158273,0.2112676056338028,0.07054673721340388,3323,3128,52,170,163,0.947890043258667,0.9588235020637512,0.9403742551803589,0.10141808334474567,0.12312312300006549,0.053181404868761696,0.5385947436333909,0.027794609506975987,0.5208409514082405,0.025985307401584404,0.5034192021721495,0.024654462339160757,0.4272552654032221,0.016911063144827102
npy,./data/MSL,F-5,F-5,noMask_fixed,100,256,128,0.15,50,64,0.001,1,0,1,1,0.001,adam,0.1,0.99,fixed,gated,5000,none,8,0.95,"[0.5, 1.0, 2.0]",0,0,4,55,2.887786,0,0.003186408895999193,inf,3.136397123336792,0.7762780087141148,0.3402902706510038,0.22896551724137934,0.1445993031358885,0.5496688741721855,0.38862559241706157,3823,3237,57,250,58,0.982082188129425,0.23199999332427979,0.8897285461425781,0.02668442103739905,0.2175805071989695,0.08022634933392207,,,,,,,,
npy,./data/MSL,T-12,T-12,gate_gbuf5k,100,256,128,0.15,50,64,0.001,1,1,1,1,0.001,adam,0.1,0.99,adaptive,gated,5000,unc,8,0.95,"[0.5, 1.0, 2.0]",0,0,2,55,2.887841,8,0.003033214947208762,0.001820852397941053,1.4108421802520752,0.772006056072358,0.21664004694107353,0.2787878787878788,0.22009569377990432,0.38016528925619836,0.2838283828382838,2331,2182,37,220,121,0.9445462822914124,0.550000011920929,0.9763145446777344,0.09418341899726176,0.0,0.0,0.7931521999792404,0.22007240286338214,0.7933490581232617,0.2233283591308562,0.7953641696702447,0.22977257511013163,0.7764443124102952,0.1318216828344263
npy,./data/MSL,M-1,M-1,gate_noTTA,100,256,128,0.15,50,64,0.001,1,1,1,0,0.001,adam,0.1,0.99,fixed,gated,5000,unc,8,0.95,"[0.5, 1.0, 2.0]",0,0,3,55,2.887841,8,0.0033720089122653008,0.0020552841015160084,2.742471694946289,0.3641789386626507,0.4095679842463931,0.3191169091821375,0.3732394366197183,0.2787028921998247,0.6676418958455237,2178,1097,0,1167,809,0.26253417134284973,0.6932305097579956,0.28486648201942444,0.06979939256708374,0.6865443487962087,0.0,0.3430413770969375,0.40054501534773435,0.3325852353384108,0.39519759853320774,0.3195376245201269,0.38774491116151,0.319784504573453,0.3819751538569089
npy,./data/MSL,C-2,C-2,gate_gbuf5k,100,256,128,0.15,50,64,0.001,1,1,1,1,0.001,adam,0.1,0.99,adaptive,gated,5000,unc,8,0.95,"[0.5, 1.0, 2.0]",0,0,8,55,2.887841,8,0.00594427390024066,0.003305866615846753,0.9645719528198242,0.5843649177402008,0.10753463770819174,0.14624505928853757,0.1002710027100271,0.27007299270072993,0.1942078364565588,1952,1693,31,335,243,0.8564677834510803,0.7253731489181519,0.8967223167419434,0.10093936666113432,0.2164048949877421,0.0,0.6672959140867523,0.12913895691854702,0.7108589036603132,0.14899768761135065,0.7614160736486435,0.18923100170913282,0.8616990443066455,0.4758876151721488
npy,./data/MSL,M-2,M-2,noMask_fixed,100,256,128,0.15,50,64,0.001,1,0,1,1,0.001,adam,0.1,0.99,fixed,gated,5000,none,8,0.95,"[0.5, 1.0, 2.0]",0,0,1,55,2.887786,0,0.005781996063888073,inf,2.5940170288085938,0.7264468714125242,0.7119309226571445,0.5658174097664543,0.7173620457604307,0.4671340929009641,0.7075320512820512,2178,1405,34,1167,423,0.698932409286499,0.36246785521507263,0.9713155031204224,0.02801024224147324,0.04434250698735317,0.0,,,,,,,,
npy,./data/MSL,C-1,C-1,noMask_fixed,100,256,128,0.15,50,64,0.001,1,0,1,1,0.001,adam,0.1,0.99,fixed,gated,5000,none,8,0.95,"[0.5, 1.0, 2.0]",0,0,3,55,2.887786,0,0.0055662645027041435,inf,2.52177357673645,0.6452570013661203,0.20374671578645537,0.23902439024390243,0.19291338582677164,0.3141025641025641,0.3002257336343115,2165,1653,32,464,349,0.7888687252998352,0.7521551847457886,0.7666078805923462,0.026562472689234357,0.9170506993929545,0.0,,,,,,,,
npy,./data/MSL,F-5,F-5,fixed,100,256,128,0.15,50,64,0.001,1,1,1,1,0.001,adam,0.1,0.99,fixed,gated,5000,none,8,0.95,"[0.5, 1.0, 2.0]",0,0,3,55,2.887841,8,0.0031564102973788977,0.00192977802362293,3.1748485565185547,0.7903888335695382,0.38059963462247903,0.23943661971830985,0.1520572450805009,0.5629139072847682,0.44976076555023914,3823,3189,57,250,60,0.9811853170394897,0.23999999463558197,0.8757346868515015,0.0849567156888227,0.2228024328748385,0.10291395833094914,0.8866761148605338,0.4838888029094944,0.9063381926553464,0.5645210100583813,0.922886581281688,0.6359915031462008,0.9345370121579639,0.578088935401828
npy,./data/MSL,T-13,T-13,fixed,100,256,128,0.15,50,64,0.001,1,1,1,1,0.001,adam,0.1,0.99,fixed,gated,5000,none,8,0.95,"[0.5, 1.0, 2.0]",0,0,7,55,2.887841,8,0.0029856725595891476,0.001672755111940205,1.5792741775512695,0.742779526870436,0.24232810940812444,0.17766497461928935,0.24647887323943662,0.1388888888888889,0.33368091762252344,2331,2331,37,450,450,0.80694979429245,1.0,1.0,0.0963164010000863,0.0,0.0,0.7338464005130672,0.2448955277609938,0.7188916582855978,0.2397986844172122,0.7012076027227542,0.23150129762376143,0.6547418630751963,0.19037976949011082
npy,./data/MSL,T-8,T-8,gate_gbuf5k,100,256,128,0.15,50,64,0.001,1,1,1,1,0.001,adam,0.1,0.99,adaptive,gated,5000,unc,8,0.95,"[0.5, 1.0, 2.0]",0,0,2,55,2.887841,8,0.004732235800474882,0.002655688440427184,0.8326292037963867,0.5770545338813013,0.1152087930038961,0.12563667232597622,0.07597535934291581,0.3627450980392157,0.16304347826086957,1420,624,22,300,85,0.8637820482254028,0.28333333134651184,0.48124998807907104,0.09226446420374051,0.23239435938497385,0.0,0.5993053537575933,0.12002274703943946,0.6120705162799065,0.12409971391361087,0.6268490458992347,0.13206439822717136,0.6430597644844811,0.13475664051576533
npy,./data/MSL,C-2,C-2,noMask_fixed,100,256,128,0.15,50,64,0.001,1,0,1,1,0.001,adam,0.1,0.99,fixed,gated,5000,none,8,0.95,"[0.5, 1.0, 2.0]",0,0,3,55,2.887786,0,0.005831223446875811,inf,0.8142435550689697,0.63205805856196,0.10740568056212431,0.16629213483146066,0.09827357237715803,0.5401459854014599,0.17725258493353027,1952,1149,24,335,127,0.8894690871238708,0.37910446524620056,0.6320346593856812,0.02664034483862705,0.7257081568241119,0.4858165979385376,,,,,,,,
npy,./data/MSL,T-4,T-4,gate_gbuf5k,100,256,128,0.15,50,64,0.001,1,1,1,1,0.001,adam,0.1,0.99,adaptive,gated,5000,unc,8,0.95,"[0.5, 1.0, 2.0]",0,0,4,55,2.887841,8,0.004021466244012117,0.0024731860030442476,2.7265584468841553,0.4529997571046879,0.028451209301528647,0.052631578947368425,0.029940119760479042,0.21739130434782608,0.06036745406824146,2118,1902,34,168,157,0.9174553155899048,0.9345238208770752,0.8948717713356018,0.0887830039034259,0.12106917798519135,0.0,0.43460718430356515,0.02764875017446492,0.42987747280921923,0.027296105813490457,0.4244528108385286,0.02677440167056058,0.4054664939411114,0.0243376127538524
npy,./data/MSL,C-1,C-1,gate_gbuf5k,100,256,128,0.15,50,64,0.001,1,1,1,1,0.001,adam,0.1,0.99,adaptive,gated,5000,unc,8,0.95,"[0.5, 1.0, 2.0]",0,0,2,55,2.887841,8,0.005695381201803684,0.002600234467536211,2.726705551147461,0.6551367433795713,0.2077784238880661,0.1845318860244233,0.16,0.21794871794871795,0.3207282913165266,2165,1901,34,464,403,0.7880063056945801,0.868534505367279,0.8806584477424622,0.09562765478261899,0.20240354413787523,0.0,0.6598886086591005,0.2146332915162062,0.6580578105296343,0.2190675536576145,0.6581891682429593,0.22811516770139517,0.6652053121059269,0.24646083102489397
npy,./data/MSL,D-16,D-16,base_noTTA,100,256,128,0.15,50,64,0.001,1,0,1,0,0.001,adam,0.1,0.99,fixed,gated,5000,none,8,0.95,"[0.5, 1.0, 2.0]",0,0,2,55,2.887786,0,0.003797363955527544,inf,1.672834873199463,0.5286721726813893,0.35418494962063246,0.4136986301369863,0.29434697855750486,0.695852534562212,0.46243194192377496,2092,0,0,750,0,0.0,0.0,0.0,0.00860654601175516,1.0,1.0,,,,,,,,
npy,./data/MSL,F-7,F-7,gate_noTTA,100,256,128,0.15,50,64,0.001,1,1,1,0,0.001,adam,0.1,0.99,fixed,gated,5000,unc,8,0.95,"[0.5, 1.0, 2.0]",0,0,3,55,2.887841,8,0.0043686265125870705,0.0043960511684417725,2.98789119720459,0.45608865733189774,0.07232379115265819,0.06752411575562701,0.05115712545676005,0.09929078014184398,0.1547466617889153,4955,4354,0,720,615,0.858750581741333,0.8541666865348816,0.8828807473182678,0.08147116506135789,0.01818630627046029,0.0868686872224013,0.46354585425692724,0.0724208871972313,0.46411198455469943,0.0721597321631299,0.46380926564885727,0.07183169750673626,0.4981045610499293,0.07970948048851341
npy,./data/MSL,P-11,P-11,mask_noTTA,100,256,128,0.15,50,64,0.001,1,1,1,0,0.001,adam,0.1,0.99,fixed,gated,5000,none,8,0.95,"[0.5, 1.0, 2.0]",0,0,2,55,2.887841,8,0.0029132303316146135,0.0019173817709088326,4.845206260681152,0.7152159958408267,0.12153355676340422,0.11037527593818984,0.1111111111111111,0.10964912280701754,0.2168949771689498,3436,3436,0,426,426,0.8760186433792114,1.0,1.0,0.07380602384751557,0.0,0.0,0.7476551599743235,0.12804799992090646,0.745449577981846,0.12735730218713198,0.7358832142345583,0.1257259092668501,0.7170396129422437,0.1302841971127919
npy,./data/MSL,P-15,P-15,gate_gbuf5k,100,256,128,0.15,50,64,0.001,1,1,1,1,0.001,adam,0.1,0.99,adaptive,gated,5000,unc,8,0.95,"[0.5, 1.0, 2.0]",0,0,9,55,2.887841,8,0.0014861596282571554,0.0013965184334665537,4.674347639083862,0.7292013101536912,0.6692561966052034,0.1044776119402985,0.05668016194331984,0.6666666666666666,0.8,2757,2307,44,120,49,0.978760302066803,0.40833333134651184,0.8562760949134827,0.0959029870488136,0.11231884111960729,0.0,0.7424204249601075,0.6693782993431081,0.744771982867221,0.6694036668959439,0.7463676828756195,0.6694211204411791,0.697068951037205,0.24027159128735062
npy,./data/MSL,T-13,T-13,base_noTTA,100,256,128,0.15,50,64,0.001,1,0,1,0,0.001,adam,0.1,0.99,fixed,gated,5000,none,8,0.95,"[0.5, 1.0, 2.0]",0,0,7,55,2.887786,0,0.0029205249156802893,inf,1.455690622329712,0.7042639599457782,0.2149411454451955,0.14833759590792836,0.20863309352517986,0.11507936507936507,0.3059051306873185,2331,2330,0,450,449,0.8072961568832397,0.9977777600288391,1.0,0.010729142904588462,0.0,0.0,,,,,,,,
npy,./data/MSL,M-6,M-6,mask_noTTA,100,256,128,0.15,50,64,0.001,1,1,1,0,0.001,adam,0.1,0.99,fixed,gated,5000,none,8,0.95,"[0.5, 1.0, 2.0]",0,0,5,55,2.887841,8,0.0021033238153904676,0.0016861759359017015,2.102198839187622,0.7498314148142013,0.6372169700723869,0.18872704243191893,0.10658082975679542,0.8232044198895028,0.7253521126760564,1950,0,0,199,0,0.0,0.0,0.0,0.06693179790790264,1.0,0.6666666666666666,0.7434222201190153,0.6360435323556234,0.7394944810533912,0.6347307764502716,0.7357530729825972,0.6332595256614375,0.7308404415157288,0.6231371066598678
npy,./data/MSL,T-5,T-5,mask_noTTA,100,256,128,0.15,50,64,0.001,1,1,1,0,0.001,adam,0.1,0.99,fixed,gated,5000,none,8,0.95,"[0.5, 1.0, 2.0]",0,0,5,55,2.887841,8,0.0031310049816966057,0.0023383544757962227,2.608002185821533,0.5969434306569343,0.20995102795574766,0.03947368421052632,0.020930232558139535,0.34615384615384615,0.32258064516129037,2119,1486,0,125,23,0.9845222234725952,0.18400000035762787,0.7337011098861694,0.07103872276691403,0.42767294744650525,0.3233106757203738,0.6189640651319483,0.21414179321589558,0.6226663391353171,0.22031117781845344,0.6322466311061201,0.23501561181926278,0.5913286075238631,0.09210831162258742
npy,./data/MSL,D-14,D-14,noMask_fixed,100,256,128,0.15,50,64,0.001,1,0,1,1,0.001,adam,0.1,0.99,fixed,gated,5000,none,8,0.95,"[0.5, 1.0, 2.0]",0,0,2,55,2.887786,0,0.004462463781237602,inf,4.350286483764648,0.4466170290140327,0.2396338787894906,0.11298207495926128,0.06423718344657196,0.46846846846846846,0.3125,2526,410,18,420,110,0.7317073345184326,0.261904776096344,0.14245013892650604,0.017817494233071756,0.9631093740463257,0.4259259303410848,,,,,,,,
npy,./data/MSL,T-8,T-8,base_noTTA,100,256,128,0.15,50,64,0.001,1,0,1,0,0.001,adam,0.1,0.99,fixed,gated,5000,none,8,0.95,"[0.5, 1.0, 2.0]",0,0,7,55,2.887786,0,0.0050182039849460125,inf,0.8600718975067139,0.5625458369656966,0.10772238885567098,0.13894736842105262,0.07783018867924528,0.6470588235294118,0.14857142857142855,1420,0,0,300,0,0.0,0.0,0.0,0.010916884516326475,1.0,1.0,,,,,,,,
npy,./data/MSL,T-4,T-4,base_noTTA,100,256,128,0.15,50,64,0.001,1,0,1,0,0.001,adam,0.1,0.99,fixed,gated,5000,none,8,0.95,"[0.5, 1.0, 2.0]",0,0,8,55,2.887786,0,0.0036790177691727877,inf,2.9347195625305176,0.45477424230156804,0.03005667675740873,0.052631578947368425,0.029940119760479042,0.21739130434782608,0.06170212765957447,2118,1369,0,168,139,0.8984660506248474,0.8273809552192688,0.6307692527770996,0.011100422334175722,0.4937106966972351,0.4295210043589274,,,,,,,,
npy,./data/MSL,P-10,P-10,gate_noTTA,100,256,128,0.15,50,64,0.001,1,1,1,0,0.001,adam,0.1,0.99,fixed,gated,5000,unc,8,0.95,"[0.5, 1.0, 2.0]",0,0,3,55,2.887841,8,0.0019839804153889418,0.0017106286250054836,4.997116804122925,0.9516931627658934,0.49907719432553943,0.310077519379845,0.19455252918287938,0.7633587786259542,0.5077720207253886,6001,5286,0,230,52,0.9901626706123352,0.22608695924282074,0.9069485068321228,0.08033812195037807,0.0005555555690079927,0.2259008971353372,0.9563277953906891,0.5156788441770941,0.9569416540164898,0.5281950485732462,0.9564109220795995,0.5466124529703495,0.9288051881284858,0.3530321467081809
npy,./data/MSL,M-1,M-1,fixed,100,256,128,0.15,50,64,0.001,1,1,1,1,0.001,adam,0.1,0.99,fixed,gated,5000,none,8,0.95,"[0.5, 1.0, 2.0]",0,0,5,55,2.887841,8,0.0034804672468453646,0.0021170643158257008,3.047379493713379,0.3625888768191974,0.4110116317059172,0.33052109181141437,0.38100686498855835,0.2918492550394391,0.6678383128295255,2178,1221,27,1167,889,0.2719082832336426,0.7617823481559753,0.3283877372741699,0.07990218828970189,0.7079510788122813,0.0,0.33609787559714116,0.4008037629462434,0.32370681142067126,0.3950163283884677,0.3094919208502549,0.3872326159842532,0.2944052350915308,0.37460412933629617
npy,./data/MSL,F-4,F-4,noMask_fixed,100,256,128,0.15,50,64,0.001,1,0,1,1,0.001,adam,0.1,0.99,fixed,gated,5000,none,8,0.95,"[0.5, 1.0, 2.0]",0,0,8,55,2.887786,0,0.003687725169584155,inf,2.9455904960632324,0.5257753624102118,0.024000473134447836,0.05158730158730159,0.03002309468822171,0.18309859154929578,0.05641025641025642,3323,3149,52,170,164,0.9479199647903442,0.9647058844566345,0.9467174410820007,0.03145087601153419,0.11411411315202713,0.048401303589344025,,,,,,,,
npy,./data/MSL,M-5,M-5,fixed,100,256,128,0.15,50,64,0.001,1,1,1,1,0.001,adam,0.1,0.99,fixed,gated,5000,none,8,0.95,"[0.5, 1.0, 2.0]",0,0,0,55,2.887841,8,0.005377041641622782,0.0031351197976619005,2.4790189266204834,0.4847129614571475,0.13094405811855794,0.16666666666666666,0.11709286675639301,0.28903654485049834,0.23757575757575755,2204,2108,35,400,387,0.8164136409759521,0.9674999713897705,0.9539911150932312,0.09734119996834148,0.07692307730515797,0.039393939077854156,0.5062396075685113,0.13461302990726803,0.5217008904716546,0.13779107548817482,0.5425886405952851,0.1426874688913324,0.6036256102701285,0.16807847334060194
npy,./data/MSL,D-14,D-14,base_noTTA,100,256,128,0.15,50,64,0.001,1,0,1,0,0.001,adam,0.1,0.99,fixed,gated,5000,none,8,0.95,"[0.5, 1.0, 2.0]",0,0,0,55,2.887786,0,0.0045673358254134655,inf,4.404627323150635,0.4582541342840968,0.2558145190751149,0.1298224127372933,0.07512402551381998,0.4774774774774775,0.32236842105263164,2526,510,0,420,112,0.7803921699523926,0.2666666805744171,0.18898385763168335,0.00930917895415994,0.9683794577916464,0.41798943281173706,,,,,,,,
npy,./data/MSL,T-8,T-8,gate_noTTA,100,256,128,0.15,50,64,0.001,1,1,1,0,0.001,adam,0.1,0.99,fixed,gated,5000,unc,8,0.95,"[0.5, 1.0, 2.0]",0,0,8,55,2.887841,8,0.004726326558738947,0.0030021448619663715,0.8976960182189941,0.5652164888538337,0.10618659682945054,0.1331923890063425,0.07464454976303317,0.6176470588235294,0.15261044176706826,1420,0,0,300,0,0.0,0.0,0.0,0.06864171632578675,1.0,1.0,0.5820153043574522,0.10829861172345137,0.594005562704969,0.11219951688575872,0.6101263370556409,0.11563365601157233,0.6429629014626316,0.11411107654526309
npy,./data/MSL,T-13,T-13,noMask_fixed,100,256,128,0.15,50,64,0.001,1,0,1,1,0.001,adam,0.1,0.99,fixed,gated,5000,none,8,0.95,"[0.5, 1.0, 2.0]",0,0,8,55,2.887786,0,0.002656730590388179,inf,1.4357872009277344,0.7296230705321614,0.23611461577362852,0.19851116625310172,0.26490066225165565,0.15873015873015872,0.3312577833125779,2331,2328,37,450,447,0.8079897165298462,0.9933333396911621,1.0,0.029605123322698396,0.0,0.0,,,,,,,,
npy,./data/MSL,D-14,D-14,fixed,100,256,128,0.15,50,64,0.001,1,1,1,1,0.001,adam,0.1,0.99,fixed,gated,5000,none,8,0.95,"[0.5, 1.0, 2.0]",0,0,1,55,2.887841,8,0.005283655598759651,0.002769866958260536,4.682001113891602,0.4529229604135971,0.209315734562155,0.13656668793873644,0.0795539033457249,0.481981981981982,0.3043478260869565,2526,683,23,420,118,0.8272327780723572,0.2809523940086365,0.26828110218048096,0.0888910542757664,0.8616600632667542,0.3968253930409749,0.47938950186141205,0.21511500122651808,0.4963352865974589,0.22142067178738217,0.51577232663375,0.23400366647534943,0.5099575230661374,0.18508711927706661
npy,./data/MSL,C-1,C-1,noMask_fixed,100,256,128,0.15,50,64,0.001,1,0,1,1,0.001,adam,0.1,0.99,fixed,gated,5000,none,8,0.95,"[0.5, 1.0, 2.0]",0,0,2,55,2.887786,0,0.005694437772035599,inf,2.508967161178589,0.6510416666666667,0.21991555586210992,0.2246376811594203,0.18023255813953487,0.2980769230769231,0.3167305236270753,2165,1675,32,464,350,0.7910447716712952,0.7543103694915771,0.7789535522460938,0.030028737444800536,0.8847926259040833,0.0,,,,,,,,
npy,./data/MSL,M-4,M-4,gate_gbuf5k,100,256,128,0.15,50,64,0.001,1,1,1,1,0.001,adam,0.1,0.99,adaptive,gated,5000,unc,8,0.95,"[0.5, 1.0, 2.0]",0,0,0,55,2.887841,8,0.004933968186378479,0.0029196699615567923,2.5703353881835938,0.42804272557224937,0.12042281697223348,0.15151515151515152,0.11090573012939002,0.23904382470119523,0.2195661797255423,1939,1781,31,350,344,0.8068500757217407,0.9828571677207947,0.9043423533439636,0.09642599045830698,0.1357388272881508,0.0,0.4154997246603959,0.11756633067503101,0.41283104849767127,0.11552880287714548,0.4134352349973358,0.11355850030976422,0.42319362728158433,0.09941191628865631
npy,./data/MSL,P-15,P-15,fixed,100,256,128,0.15,50,64,0.001,1,1,1,1,0.001,adam,0.1,0.99,fixed,gated,5000,none,8,0.95,"[0.5, 1.0, 2.0]",0,0,4,55,2.887841,8,0.001453234115615487,0.0014518133830279112,4.412232875823975,0.7295036533131772,0.6387189893460796,0.07567567567567568,0.04011461318051576,0.6666666666666666,0.7272727272727273,2757,2105,41,120,26,0.9876484274864197,0.21666666865348816,0.788395881652832,0.0981808919425801,0.23671497404575348,0.17696969707806906,0.7421516754850089,0.6418629802986124,0.7464348702443939,0.6436654716286051,0.7482825228856975,0.6576404329313491,0.7209036701100193,0.14225420200429598
npy,./data/MSL,M-2,M-2,gate_noTTA,100,256,128,0.15,50,64,0.001,1,1,1,0,0.001,adam,0.1,0.99,fixed,gated,5000,unc,8,0.95,"[0.5, 1.0, 2.0]",0,0,2,55,2.887841,8,0.005589283537119627,0.002608988434076309,2.78991961479187,0.7042477256175087,0.6982011894381925,0.5608465608465608,0.7076101468624834,0.4645048203330412,0.7046703296703296,2178,1066,0,1167,137,0.8714821934700012,0.11739502847194672,0.9188922047615051,0.06980114403506613,0.0764525979757309,0.0,0.7654107158287147,0.7398105098466916,0.7936036464183875,0.7667314096573823,0.8232739998271841,0.8021309576570904,0.8576659342558418,0.866116557112636
npy,./data/MSL,D-16,D-16,noMask_fixed,100,256,128,0.15,50,64,0.001,1,0,1,1,0.001,adam,0.1,0.99,fixed,gated,5000,none,8,0.95,"[0.5, 1.0, 2.0]",0,0,5,55,2.887786,0,0.0036932991351932287,inf,1.7551970481872559,0.519329902048796,0.3406211712239292,0.42095835199283466,0.2970922882427307,0.7219662058371735,0.4636197440585009,2092,0,0,750,0,0.0,0.0,0.0,0.011713053482668349,1.0,1.0,,,,,,,,
npy,./data/MSL,T-12,T-12,gate_noTTA,100,256,128,0.15,50,64,0.001,1,1,1,0,0.001,adam,0.1,0.99,fixed,gated,5000,unc,8,0.95,"[0.5, 1.0, 2.0]",0,0,2,55,2.887841,8,0.003033214947208762,0.001820852397941053,1.3982534408569336,0.7797049991230864,0.22814271276124898,0.2368421052631579,0.17374517374517376,0.371900826446281,0.2643171806167401,2331,2139,0,220,127,0.9406264424324036,0.5772727131843567,0.9531027674674988,0.07058100248293425,0.0,0.045779685179392494,0.7994194474370859,0.23201343307311234,0.7994838737387656,0.23452625394342486,0.7989255124575413,0.23630400491648984,0.7801953548636489,0.13589275682949573
npy,./data/MSL,M-5,M-5,noMask_fixed,100,256,128,0.15,50,64,0.001,1,0,1,1,0.001,adam,0.1,0.99,fixed,gated,5000,none,8,0.95,"[0.5, 1.0, 2.0]",0,0,3,55,2.887786,0,0.0045081861317157745,inf,2.450004816055298,0.520373314393248,0.1404526918551947,0.19057591623036646,0.13914373088685014,0.3023255813953488,0.2373983739837398,2204,2052,35,400,348,0.8304093480110168,0.8700000047683716,0.9445676207542419,0.032898518654049635,0.0889894465605418,0.04545454680919647,,,,,,,,
npy,./data/MSL,M-2,M-2,gate_gbuf5k,100,256,128,0.15,50,64,0.001,1,1,1,1,0.001,adam,0.1,0.99,adaptive,gated,5000,unc,8,0.95,"[0.5, 1.0, 2.0]",0,0,9,55,2.887841,8,0.005991221871227026,0.002270476659759879,2.788440227508545,0.704739171223661,0.6946532389695705,0.47350620067643745,0.6635071090047393,0.36809815950920244,0.7025163736642537,2178,1425,35,1167,526,0.6308771967887878,0.4507283568382263,0.8892185688018799,0.11595144963680439,0.02599388298889001,0.0,0.760351217735863,0.7313834403620991,0.7853593956376295,0.7538320439345287,0.8098074644184122,0.7829130836448657,0.8144503524212761,0.8081932887578551
npy,./data/MSL,P-15,P-15,gate_gbuf5k,100,256,128,0.15,50,64,0.001,1,1,1,1,0.001,adam,0.1,0.99,adaptive,gated,5000,unc,8,0.95,"[0.5, 1.0, 2.0]",0,0,3,55,2.887841,8,0.0015000274870544672,0.0013088578125461936,4.817317008972168,0.7396657428403459,0.5549562452043185,0.10108303249097472,0.0546875,0.6666666666666666,0.5806451612903225,2757,2222,44,120,38,0.9828982949256897,0.3166666626930237,0.8282138705253601,0.10828864630642775,0.1111111119389534,0.001212121220305562,0.7469891660367851,0.5649548163669728,0.7483497102544721,0.5797845461524699,0.7499118165784833,0.59491926650098,0.6844545225497607,0.06799696633778718
npy,./data/MSL,T-13,T-13,base_noTTA,100,256,128,0.15,50,64,0.001,1,0,1,0,0.001,adam,0.1,0.99,fixed,gated,5000,none,8,0.95,"[0.5, 1.0, 2.0]",0,0,0,55,2.887786,0,0.002720298944041133,inf,1.3558084964752197,0.6973386462022826,0.21055910539908512,0.16417910447761194,0.22,0.13095238095238096,0.29526462395543174,2331,2329,0,450,448,0.8076427578926086,0.995555579662323,1.0,0.009224886343950675,0.0,0.0,,,,,,,,
npy,./data/MSL,T-4,T-4,base_noTTA,100,256,128,0.15,50,64,0.001,1,0,1,0,0.001,adam,0.1,0.99,fixed,gated,5000,none,8,0.95,"[0.5, 1.0, 2.0]",0,0,3,55,2.887786,0,0.003703923197463155,inf,2.678853750228882,0.45198769330418587,0.02743767772472991,0.04521739130434783,0.025691699604743084,0.18840579710144928,0.06216216216216216,2118,1373,0,168,140,0.8980334997177124,0.8333333134651184,0.6323077082633972,0.008500556657627239,0.48427672187487286,0.4358699272076289,,,,,,,,
npy,./data/MSL,T-9,T-9,gate_gbuf5k,100,256,128,0.15,50,64,0.001,1,1,1,1,0.001,adam,0.1,0.99,adaptive,gated,5000,unc,8,0.95,"[0.5, 1.0, 2.0]",0,0,2,55,2.887841,8,0.008938380517065525,0.0037763111758977175,0.38706374168395996,0.5696228948896632,0.27558599361845365,0.22321428571428575,0.1488095238095238,0.44642857142857145,0.30943396226415093,997,824,16,290,161,0.8046116232872009,0.5551724433898926,0.9377651810646057,0.0877707987396026,0.0,0.0,0.6104910714285714,0.28990800147373447,0.63881024970964,0.30808479805580297,0.6774099883855982,0.34038215896886176,0.7156830720092915,0.24444737427193275
npy,./data/MSL,M-5,M-5,noMask_fixed,100,256,128,0.15,50,64,0.001,1,0,1,1,0.001,adam,0.1,0.99,fixed,gated,5000,none,8,0.95,"[0.5, 1.0, 2.0]",0,0,6,55,2.887786,0,0.004515152890235186,inf,2.4988515377044678,0.5313507090915729,0.14447893309356363,0.17906976744186046,0.13774597495527727,0.2558139534883721,0.2490842490842491,2204,2077,35,400,355,0.8290804028511047,0.887499988079071,0.9545454382896423,0.02767970471113866,0.0723981906970342,0.039393939077854156,,,,,,,,
npy,./data/MSL,T-8,T-8,mask_noTTA,100,256,128,0.15,50,64,0.001,1,1,1,0,0.001,adam,0.1,0.99,fixed,gated,5000,none,8,0.95,"[0.5, 1.0, 2.0]",0,0,1,55,2.887841,8,0.004710169043391943,0.0024396744556725025,0.8621470928192139,0.5707722750356318,0.1093632895107768,0.13807531380753138,0.07728337236533958,0.6470588235294118,0.1596244131455399,1420,0,0,300,0,0.0,0.0,0.0,0.06902150704827108,1.0,1.0,0.590525412705661,0.11516560906773675,0.6041623424246199,0.11907867108359255,0.6270496907302089,0.12784494905912897,0.6547801901282743,0.1115665449794093
npy,./data/MSL,M-2,M-2,gate_gbuf5k,100,256,128,0.15,50,64,0.001,1,1,1,1,0.001,adam,0.1,0.99,adaptive,gated,5000,unc,8,0.95,"[0.5, 1.0, 2.0]",0,0,2,55,2.887841,8,0.005589283537119627,0.002608988434076309,2.7740583419799805,0.6964370579304046,0.6830451011171883,0.44341265235055133,0.6563573883161512,0.3347940403155127,0.6941097724230255,2178,1623,35,1167,676,0.5834873914718628,0.5792630910873413,0.9366963505744934,0.0948337812397434,0.04740061114231745,0.0,0.7477055585044007,0.7168859108830781,0.7717879362061942,0.7390644903866046,0.7965268605498018,0.7692410329085455,0.8198161360802854,0.8274963627202333
npy,./data/MSL,M-1,M-1,base_noTTA,100,256,128,0.15,50,64,0.001,1,0,1,0,0.001,adam,0.1,0.99,fixed,gated,5000,none,8,0.95,"[0.5, 1.0, 2.0]",0,0,3,55,2.887786,0,0.0033478704281151295,inf,2.636709213256836,0.38627624643566916,0.421441576320165,0.3178534571723426,0.3864491844416562,0.26993865030674846,0.6678372841673983,2178,1363,0,1167,935,0.31401321291923523,0.8011996746063232,0.4233432114124298,0.0078053075967303535,0.6269113123416901,0.0,,,,,,,,
npy,./data/MSL,M-3,M-3,gate_gbuf5k,100,256,128,0.15,50,64,0.001,1,1,1,1,0.001,adam,0.1,0.99,adaptive,gated,5000,unc,8,0.95,"[0.5, 1.0, 2.0]",0,0,8,55,2.887841,8,0.004780428484082222,0.00293957581743598,2.7983593940734863,0.4409632259873088,0.10599380390497004,0.13038416763678695,0.09210526315789473,0.22310756972111553,0.2132762312633833,2028,1893,32,350,342,0.8193343877792358,0.977142870426178,0.9243146777153015,0.09715239677203477,0.11165846015016238,0.0016501649903754394,0.4414134506749123,0.10600495590924776,0.4446520952437584,0.10618367187089392,0.4512313220465686,0.10642297483883222,0.49218265530628025,0.10936268145921418
npy,./data/MSL,S-2,S-2,fixed,100,256,128,0.15,50,64,0.001,1,1,1,1,0.001,adam,0.1,0.99,fixed,gated,5000,none,8,0.95,"[0.5, 1.0, 2.0]",0,0,5,55,2.887841,8,0.00451111514121294,0.0025888343807309866,1.1611518859863281,0.6858229875851021,0.2819229176745937,0.012857142857142855,0.0064794816414686825,0.8181818181818182,0.42857142857142855,1728,0,0,110,0,0.0,0.0,0.0,0.07344547797132421,1.0,1.0,0.6949839807769324,0.28131316477172585,0.7015418502202644,0.28092014953077693,0.7020925110132158,0.28031653603913664,0.586553864637565,0.10935306118666932
npy,./data/MSL,M-7,M-7,base_noTTA,100,256,128,0.15,50,64,0.001,1,0,1,0,0.001,adam,0.1,0.99,fixed,gated,5000,none,8,0.95,"[0.5, 1.0, 2.0]",0,0,0,55,2.887786,0,0.0028665249701589346,inf,1.895134449005127,0.8638529546385295,0.48363834793737215,0.152027027027027,0.08310249307479224,0.8910891089108911,0.6153846153846154,2057,436,0,200,0,1.0,0.0,0.23478728532791138,0.008267688704858315,1.0,0.29105691115061444,,,,,,,,
npy,./data/MSL,T-8,T-8,mask_noTTA,100,256,128,0.15,50,64,0.001,1,1,1,0,0.001,adam,0.1,0.99,fixed,gated,5000,none,8,0.95,"[0.5, 1.0, 2.0]",0,0,5,55,2.887841,8,0.004749177023768425,0.0027364762499928474,0.9011821746826172,0.5641371580389389,0.106593206603511,0.13933547695605572,0.07821901323706378,0.6372549019607843,0.15294117647058822,1420,0,0,300,0,0.0,0.0,0.0,0.07395777903812033,1.0,1.0,0.5806661408388338,0.11376842098241752,0.5915009617114312,0.11946454886243979,0.6064870549490086,0.12936672602205226,0.6411294228347655,0.12011374465515487
npy,./data/MSL,P-11,P-11,base_noTTA,100,256,128,0.15,50,64,0.001,1,0,1,0,0.001,adam,0.1,0.99,fixed,gated,5000,none,8,0.95,"[0.5, 1.0, 2.0]",0,0,9,55,2.887786,0,0.0030404741410166025,inf,4.8495073318481445,0.7203566066663484,0.12110380959118205,0.07729468599033816,0.08602150537634409,0.07017543859649122,0.21421215242018535,3436,3436,0,426,426,0.8760186433792114,1.0,1.0,0.008587995424814634,0.0,0.0,,,,,,,,
npy,./data/MSL,P-11,P-11,gate_gbuf5k,100,256,128,0.15,50,64,0.001,1,1,1,1,0.001,adam,0.1,0.99,adaptive,gated,5000,unc,8,0.95,"[0.5, 1.0, 2.0]",0,0,4,55,2.887841,8,0.002961066784337163,0.001910308375954628,5.057221174240112,0.7054918063225799,0.11772651069314183,0.09523809523809522,0.09859154929577464,0.09210526315789473,0.21505376344086022,3436,3378,54,426,410,0.8786264061927795,0.9624413251876831,0.9860464930534363,0.11163616902059392,0.0,0.0,0.7396047193884318,0.12382592768161005,0.7384216892397308,0.12283241657998342,0.7328182112371948,0.12176074921500539,0.7204335301513537,0.12467716884299772
npy,./data/MSL,T-9,T-9,gate_noTTA,100,256,128,0.15,50,64,0.001,1,1,1,0,0.001,adam,0.1,0.99,fixed,gated,5000,unc,8,0.95,"[0.5, 1.0, 2.0]",0,0,2,55,2.887841,8,0.008938380517065525,0.0037763111758977175,0.38457822799682617,0.5702762049941928,0.27432942642783525,0.2304147465437788,0.15527950310559005,0.44642857142857145,0.30714285714285716,997,795,0,290,130,0.8364779949188232,0.4482758641242981,0.9405940771102905,0.0717223826478214,0.0,0.0,0.6110899390243902,0.2881710311567577,0.6390915360046459,0.30192611269726666,0.6756224593495936,0.3365415636939847,0.7049760452961673,0.2365891934284097
npy,./data/MSL,C-1,C-1,noMask_fixed,100,256,128,0.15,50,64,0.001,1,0,1,1,0.001,adam,0.1,0.99,fixed,gated,5000,none,8,0.95,"[0.5, 1.0, 2.0]",0,0,1,55,2.887786,0,0.005532530136406422,inf,2.5489985942840576,0.6596866461748634,0.20606439648755454,0.2418379685610641,0.1941747572815534,0.32051282051282054,0.3160621761658031,2165,1622,31,464,335,0.7934648394584656,0.7219827771186829,0.7566137313842773,0.024480247057062372,0.9431643684705099,0.0,,,,,,,,
npy,./data/MSL,M-5,M-5,noMask_fixed,100,256,128,0.15,50,64,0.001,1,0,1,1,0.001,adam,0.1,0.99,fixed,gated,5000,none,8,0.95,"[0.5, 1.0, 2.0]",0,0,0,55,2.887786,0,0.004603763576596975,inf,2.4882986545562744,0.518171197573191,0.13838737519533834,0.17255717255717257,0.12556732223903178,0.2757475083056478,0.24312994876571964,2204,2067,35,400,361,0.8253507614135742,0.9024999737739563,0.9456762671470642,0.028814572820646145,0.0889894465605418,0.039393939077854156,,,,,,,,
npy,./data/MSL,S-2,S-2,gate_noTTA,100,256,128,0.15,50,64,0.001,1,1,1,0,0.001,adam,0.1,0.99,fixed,gated,5000,unc,8,0.95,"[0.5, 1.0, 2.0]",0,0,3,55,2.887841,8,0.00474217114970088,0.002568760421127081,1.099351167678833,0.6724569483380056,0.28843884449918755,0.012012012012012012,0.006056018168054504,0.7272727272727273,0.42857142857142855,1728,0,0,110,0,0.0,0.0,0.0,0.0671440804446185,1.0,1.0,0.6799659591509811,0.2896646757861489,0.6860232278734482,0.2894249951844914,0.6967861433720465,0.2902531308169309,0.6454245094112936,0.009624620353972059
npy,./data/MSL,M-4,M-4,mask_noTTA,100,256,128,0.15,50,64,0.001,1,1,1,0,0.001,adam,0.1,0.99,fixed,gated,5000,none,8,0.95,"[0.5, 1.0, 2.0]",0,0,4,55,2.887841,8,0.0048115006648004055,0.0028498657047748566,2.5636346340179443,0.41496911068652087,0.10972891371099985,0.1523809523809524,0.10012515644555695,0.3187250996015936,0.21940559440559443,1939,1205,0,350,337,0.7203319668769836,0.9628571271896362,0.5462555289268494,0.07169993038088959,0.39347078402837116,0.5031297306219736,0.40723061865576304,0.1080478807481994,0.40432115968136406,0.1070955336911182,0.40485177365523917,0.10541994921600467,0.4205539342350798,0.09873000923474992
npy,./data/MSL,F-5,F-5,gate_gbuf5k,100,256,128,0.15,50,64,0.001,1,1,1,1,0.001,adam,0.1,0.99,adaptive,gated,5000,unc,8,0.95,"[0.5, 1.0, 2.0]",0,0,4,55,2.887841,8,0.0033523691818118095,0.002015473088249564,3.0436506271362305,0.7903818088900831,0.4345868799175681,0.2583454281567489,0.1654275092936803,0.5894039735099338,0.4931506849315069,3823,3398,58,250,64,0.9811654090881348,0.25600001215934753,0.9331094026565552,0.09523459575951426,0.08616188075393438,0.0,0.8851622964379607,0.5292961552976067,0.9037495982761437,0.6041481044814567,0.9181993639152753,0.6649075212169321,0.9358365778571567,0.5638727829052672
npy,./data/MSL,P-10,P-10,gate_noTTA,100,256,128,0.15,50,64,0.001,1,1,1,0,0.001,adam,0.1,0.99,fixed,gated,5000,unc,8,0.95,"[0.5, 1.0, 2.0]",0,0,4,55,2.887841,8,0.0019896391313523054,0.0016770190559327602,5.072648048400879,0.9461428576909453,0.5387074703445751,0.3141025641025641,0.19878296146044624,0.7480916030534351,0.5561497326203209,6001,5257,0,230,53,0.9899182319641113,0.23043477535247803,0.9017501473426819,0.07833959340771085,0.0005555555690079927,0.22444444770614305,0.9551307710703777,0.5551177194890383,0.9563891812532691,0.5659078625726287,0.9560950406617394,0.5761677751679941,0.9205334431458209,0.378934738865371
npy,./data/MSL,T-9,T-9,noMask_fixed,100,256,128,0.15,50,64,0.001,1,0,1,1,0.001,adam,0.1,0.99,fixed,gated,5000,none,8,0.95,"[0.5, 1.0, 2.0]",0,0,8,55,2.887786,0,0.008769799955189228,inf,0.3805866241455078,0.569813443670151,0.2834750542746769,0.2425629290617849,0.16307692307692306,0.4732142857142857,0.33858267716535434,997,820,16,290,146,0.8219512104988098,0.5034482479095459,0.9533239006996155,0.030089524708157678,0.0,0.0,,,,,,,,
npy,./data/MSL,F-7,F-7,mask_noTTA,100,256,128,0.15,50,64,0.001,1,1,1,0,0.001,adam,0.1,0.99,fixed,gated,5000,none,8,0.95,"[0.5, 1.0, 2.0]",0,0,9,55,2.887841,8,0.004523744806647301,0.004173413850367069,3.168795585632324,0.4353199963449117,0.0710266726934883,0.061769616026711195,0.04774193548387097,0.08747044917257683,0.15449233016800584,4955,4611,0,720,650,0.8590327501296997,0.9027777910232544,0.9353010654449463,0.07438592304495341,0.018227452412247658,0.05387205506364504,0.45283123854913415,0.07247735856765164,0.460401253143963,0.0731392618503452,0.46808204345981674,0.07402753278381005,0.5099200423908565,0.08345733649200411
npy,./data/MSL,T-13,T-13,gate_noTTA,100,256,128,0.15,50,64,0.001,1,1,1,0,0.001,adam,0.1,0.99,fixed,gated,5000,unc,8,0.95,"[0.5, 1.0, 2.0]",0,0,8,55,2.887841,8,0.0027245176024734974,0.0018999685999006033,1.5164189338684082,0.7107255819377032,0.2163245450045926,0.1725888324873096,0.23943661971830985,0.1349206349206349,0.3051438535309503,2331,2317,0,450,441,0.8096676468849182,0.9800000190734863,0.9973418116569519,0.06966046742848805,0.0,0.0,0.7020930808809597,0.21667017645300865,0.6911539638812366,0.21238620339962028,0.6797265585144372,0.20836040483126284,0.6414214293002172,0.1871514107205847
npy,./data/MSL,M-2,M-2,base_noTTA,100,256,128,0.15,50,64,0.001,1,0,1,0,0.001,adam,0.1,0.99,fixed,gated,5000,none,8,0.95,"[0.5, 1.0, 2.0]",0,0,5,55,2.887786,0,0.006045428104698658,inf,2.8529114723205566,0.72216041648665,0.7260109591144064,0.5555555555555555,0.7459379615952733,0.44259421560035056,0.7003293084522503,2178,1201,0,1167,218,0.8184846043586731,0.18680377304553986,0.97230464220047,0.009182289831128222,0.04281345630685488,0.0,,,,,,,,
npy,./data/MSL,F-7,F-7,gate_gbuf5k,100,256,128,0.15,50,64,0.001,1,1,1,1,0.001,adam,0.1,0.99,adaptive,gated,5000,unc,8,0.95,"[0.5, 1.0, 2.0]",0,0,0,55,2.887841,8,0.004515376407653093,0.003912145271897316,2.9875524044036865,0.47161410435277124,0.07405615699375662,0.06370494551550712,0.04935064935064935,0.08983451536643026,0.15475096489615878,4955,4361,78,720,597,0.8631048202514648,0.8291666507720947,0.8887839317321777,0.11204253773155173,0.01075268785158793,0.003367003363867601,0.4761375313758191,0.07396427749234431,0.4746811114122986,0.07342409520610584,0.4724063804773362,0.07291354638114364,0.5020355676847312,0.08340673841237203
npy,./data/MSL,T-13,T-13,noMask_fixed,100,256,128,0.15,50,64,0.001,1,0,1,1,0.001,adam,0.1,0.99,fixed,gated,5000,none,8,0.95,"[0.5, 1.0, 2.0]",0,0,9,55,2.887786,0,0.002774846972897649,inf,1.3878772258758545,0.7175962365356305,0.2208744045728364,0.16161616161616163,0.2222222222222222,0.12698412698412698,0.3148148148148148,2331,2331,37,450,450,0.80694979429245,1.0,1.0,0.030035626883161064,0.0,0.0,,,,,,,,
npy,./data/MSL,D-14,D-14,fixed,100,256,128,0.15,50,64,0.001,1,1,1,1,0.001,adam,0.1,0.99,fixed,gated,5000,none,8,0.95,"[0.5, 1.0, 2.0]",0,0,2,55,2.887841,8,0.00524080591276288,0.002538834698498249,4.478821277618408,0.4666089310284067,0.24428765453904333,0.1388699795779442,0.0817963111467522,0.4594594594594595,0.34254143646408836,2526,674,23,420,119,0.8234421610832214,0.28333333134651184,0.26353275775909424,0.07475526768917709,0.8695652087529501,0.39550264676411945,0.48908271567447603,0.2502543896942763,0.5018182976984474,0.25276429821228413,0.5158604297181076,0.262587252393122,0.4930557898722693,0.17041474349017316
npy,./data/MSL,T-13,T-13,mask_noTTA,100,256,128,0.15,50,64,0.001,1,1,1,0,0.001,adam,0.1,0.99,fixed,gated,5000,none,8,0.95,"[0.5, 1.0, 2.0]",0,0,3,55,2.887841,8,0.0026998063549399376,0.0016746650217100978,1.3938603401184082,0.7035870975264915,0.21462782608319886,0.17866004962779156,0.23841059602649006,0.14285714285714285,0.3130252100840336,2331,2331,0,450,450,0.80694979429245,1.0,1.0,0.06693108099205511,0.0,0.0,0.7245452359088723,0.23245560964603743,0.7227669917063856,0.23642809618326932,0.7174012855831037,0.24070553393402105,0.6876120512484148,0.25381101061479155
npy,./data/MSL,S-2,S-2,mask_noTTA,100,256,128,0.15,50,64,0.001,1,1,1,0,0.001,adam,0.1,0.99,fixed,gated,5000,none,8,0.95,"[0.5, 1.0, 2.0]",0,0,7,55,2.887841,8,0.00463750259950757,0.002456498797982931,1.260364294052124,0.6731577893472167,0.28110978119261143,0.011747430249632892,0.005921539600296077,0.7272727272727273,0.42857142857142855,1728,0,0,110,0,0.0,0.0,0.0,0.06916291183895534,1.0,1.0,0.691179415298358,0.2822149594695209,0.7080496595915098,0.2833747418878209,0.7330796956347617,0.28613167490312963,0.7344313175810974,0.0183397768726507
npy,./data/MSL,M-5,M-5,mask_noTTA,100,256,128,0.15,50,64,0.001,1,1,1,0,0.001,adam,0.1,0.99,fixed,gated,5000,none,8,0.95,"[0.5, 1.0, 2.0]",0,0,0,55,2.887841,8,0.005377041641622782,0.0031351197976619005,2.5914342403411865,0.47501501820438696,0.12848301537144535,0.16186046511627908,0.1124031007751938,0.28903654485049834,0.23771152296535053,2204,2068,0,400,384,0.8143133521080017,0.9599999785423279,0.9334811568260193,0.07034516377803851,0.09200603778784473,0.06060605884219209,0.4953219537937146,0.13191732788524482,0.5104413858566683,0.13470233377534038,0.531564780734216,0.13957275924693713,0.602112173540745,0.16528701328763082
npy,./data/MSL,C-2,C-2,gate_gbuf5k,100,256,128,0.15,50,64,0.001,1,1,1,1,0.001,adam,0.1,0.99,adaptive,gated,5000,unc,8,0.95,"[0.5, 1.0, 2.0]",0,0,3,55,2.887841,8,0.005789789371192455,0.0027744073886424303,0.8666069507598877,0.5690837394839409,0.10790008175101007,0.16412213740458015,0.1111111111111111,0.31386861313868614,0.19047619047619047,1952,1587,30,335,207,0.8695651888847351,0.6179104447364807,0.853432297706604,0.104527370851548,0.24956369400024414,0.005128205132981141,0.6519041408293862,0.12710078555692525,0.6957569655782593,0.1453846504581328,0.7467832109161079,0.18550346377859772,0.8338748674766797,0.3579774681993565
npy,./data/MSL,S-2,S-2,gate_gbuf5k,100,256,128,0.15,50,64,0.001,1,1,1,1,0.001,adam,0.1,0.99,adaptive,gated,5000,unc,8,0.95,"[0.5, 1.0, 2.0]",0,0,9,55,2.887841,8,0.004561437293887138,0.002586745424196124,1.2042999267578125,0.5909090909090908,0.2840153875400479,0.01486988847583643,0.007537688442211055,0.5454545454545454,0.42857142857142855,1728,674,25,110,3,0.9955489635467529,0.027272727340459824,0.41470950841903687,0.10100572749420449,0.23699421683947244,0.0,0.6006708049659591,0.2851330062301323,0.6074289146976372,0.2849355985479244,0.6205446535843011,0.28438811500379474,0.6738586303564277,0.017804363763792977
npy,./data/MSL,F-5,F-5,base_noTTA,100,256,128,0.15,50,64,0.001,1,0,1,0,0.001,adam,0.1,0.99,fixed,gated,5000,none,8,0.95,"[0.5, 1.0, 2.0]",0,0,8,55,2.887786,0,0.0031743880826979876,inf,3.2336604595184326,0.8298605074277206,0.45128472533615194,0.2632978723404255,0.16472545757071547,0.6556291390728477,0.49107142857142855,3823,3222,0,250,60,0.9813780188560486,0.23999999463558197,0.8849706053733826,0.008634519364987872,0.2149695431192716,0.08371674766143163,,,,,,,,
npy,./data/MSL,M-4,M-4,mask_noTTA,100,256,128,0.15,50,64,0.001,1,1,1,0,0.001,adam,0.1,0.99,fixed,gated,5000,none,8,0.95,"[0.5, 1.0, 2.0]",0,0,3,55,2.887841,8,0.004793999716639519,0.002764941891655326,2.5934879779815674,0.3957934351012291,0.10969945275185272,0.13408876298394712,0.08787128712871287,0.28286852589641437,0.21930974224552205,1939,1187,0,350,336,0.7169334292411804,0.9599999785423279,0.535556972026825,0.0675677515416492,0.4020618523160617,0.5117296874523163,0.38474194993946986,0.10760798417166853,0.37995750629268044,0.10316241562957751,0.37770128216847215,0.10136979178741803,0.3833775140066483,0.09468356402062797
npy,./data/MSL,T-4,T-4,fixed,100,256,128,0.15,50,64,0.001,1,1,1,1,0.001,adam,0.1,0.99,fixed,gated,5000,none,8,0.95,"[0.5, 1.0, 2.0]",0,0,2,55,2.887841,8,0.004088102839887142,0.00244982005096972,2.7690229415893555,0.4654076592988422,0.02886162990407381,0.04746835443037974,0.02664298401420959,0.21739130434782608,0.06172839506172839,2118,1524,32,168,152,0.9002624750137329,0.9047619104385376,0.7035897374153137,0.09302050578808087,0.43396227558453876,0.3380279615521431,0.4256268048471109,0.027225249220374285,0.40618168569346613,0.02640165029955439,0.39229617035057884,0.025686199155078214,0.3394461986883653,0.02262560156560374
npy,./data/MSL,T-9,T-9,gate_noTTA,100,256,128,0.15,50,64,0.001,1,1,1,0,0.001,adam,0.1,0.99,fixed,gated,5000,unc,8,0.95,"[0.5, 1.0, 2.0]",0,0,6,55,2.887841,8,0.008770079351961613,0.0034290740732103586,0.39556050300598145,0.5609937572590011,0.2656613030150883,0.23798627002288328,0.16,0.4642857142857143,0.3122676579925651,997,782,0,290,127,0.8375958800315857,0.43793103098869324,0.9264497756958008,0.07874628485982851,0.0,0.0,0.6319686411149826,0.2934136821249834,0.673372168989547,0.3195776819877902,0.7213541666666669,0.36853752843937754,0.7543281794425087,0.28657739759384293
npy,./data/MSL,P-11,P-11,noMask_fixed,100,256,128,0.15,50,64,0.001,1,0,1,1,0.001,adam,0.1,0.99,fixed,gated,5000,none,8,0.95,"[0.5, 1.0, 2.0]",0,0,9,55,2.887786,0,0.0030404741410166025,inf,4.940353155136108,0.713881771256081,0.11994911026177432,0.0900473933649289,0.0979381443298969,0.08333333333333333,0.20769919427036707,3436,3436,54,426,426,0.8760186433792114,1.0,1.0,0.028960779742950332,0.0,0.0,,,,,,,,
npy,./data/MSL,T-9,T-9,noMask_fixed,100,256,128,0.15,50,64,0.001,1,0,1,1,0.001,adam,0.1,0.99,fixed,gated,5000,none,8,0.95,"[0.5, 1.0, 2.0]",0,0,0,55,2.887786,0,0.008722763508558273,inf,0.3549618721008301,0.5664743031358885,0.2755709525184343,0.24343675417661095,0.16612377850162866,0.45535714285714285,0.33793103448275863,997,822,16,290,148,0.8199513554573059,0.5103448033332825,0.9533239006996155,0.026586182497688376,0.0,0.0,,,,,,,,
npy,./data/MSL,T-5,T-5,gate_gbuf5k,100,256,128,0.15,50,64,0.001,1,1,1,1,0.001,adam,0.1,0.99,adaptive,gated,5000,unc,8,0.95,"[0.5, 1.0, 2.0]",0,0,3,55,2.887841,8,0.0031555306632071733,0.0024149753153324127,2.760679244995117,0.6136826221224032,0.21021713889442065,0.04488778054862843,0.024,0.34615384615384615,0.32258064516129037,2119,1790,33,125,23,0.9871508479118347,0.18400000035762787,0.8861584663391113,0.08660546447264242,0.11163521806399028,0.0,0.6135422515440764,0.21626394958460435,0.6085240033688939,0.23023404907662273,0.6062956204379562,0.23703885116056875,0.623157636159461,0.0476231732147148
npy,./data/MSL,M-3,M-3,gate_gbuf5k,100,256,128,0.15,50,64,0.001,1,1,1,1,0.001,adam,0.1,0.99,adaptive,gated,5000,unc,8,0.95,"[0.5, 1.0, 2.0]",0,0,6,55,2.887841,8,0.004702621139585972,0.0025625203270465136,2.554198741912842,0.4380728684409484,0.10968674091037417,0.1423570595099183,0.10066006600660066,0.24302788844621515,0.2125984251968504,2028,1801,32,350,328,0.8178789615631104,0.9371428489685059,0.8778307437896729,0.09691644702437362,0.1100164180000623,0.0016501649903754394,0.43709384211554636,0.10928299065832454,0.44154724386037936,0.10953406001682404,0.451273796073701,0.10984020051765508,0.5004884513120227,0.11277334163833608
npy,./data/MSL,M-5,M-5,noMask_fixed,100,256,128,0.15,50,64,0.001,1,0,1,1,0.001,adam,0.1,0.99,fixed,gated,5000,none,8,0.95,"[0.5, 1.0, 2.0]",0,0,8,55,2.887786,0,0.004493270069360733,inf,2.6555979251861572,0.5282491594783953,0.1427446120858482,0.20556745182012848,0.15165876777251186,0.31893687707641194,0.23898858075040783,2204,2042,35,400,352,0.8276199698448181,0.8799999952316284,0.9368070960044861,0.030403128552999342,0.10558069761221607,0.051515152057011925,,,,,,,,
npy,./data/MSL,P-14,P-14,base_noTTA,100,256,128,0.15,50,64,0.001,1,0,1,0,0.001,adam,0.1,0.99,fixed,gated,5000,none,8,0.95,"[0.5, 1.0, 2.0]",0,0,8,55,2.887786,0,0.002338326768949628,inf,3.395134687423706,0.9161171207246258,0.527117735815607,0.4440993788819876,0.30885529157667385,0.7900552486187845,0.5035460992907801,6001,5353,0,280,109,0.9796375632286072,0.38928571343421936,0.9166229963302612,0.008748861337339773,0.0005555555690079927,0.2804861118396123,,,,,,,,
npy,./data/MSL,T-8,T-8,fixed,100,256,128,0.15,50,64,0.001,1,1,1,1,0.001,adam,0.1,0.99,fixed,gated,5000,none,8,0.95,"[0.5, 1.0, 2.0]",0,0,2,55,2.887841,8,0.004732235800474882,0.002655688440427184,0.8436484336853027,0.5762381169828552,0.114564610789944,0.14696485623003194,0.08243727598566308,0.6764705882352942,0.16304347826086957,1420,0,0,300,0,0.0,0.0,0.0,0.07501303310125647,1.0,1.0,0.5982813732408984,0.11851326472205195,0.6110672921250364,0.12431043834068761,0.6258942532552895,0.13140008515785195,0.6380713188592304,0.14475714088380967
npy,./data/MSL,F-4,F-4,gate_gbuf5k,100,256,128,0.15,50,64,0.001,1,1,1,1,0.001,adam,0.1,0.99,adaptive,gated,5000,unc,8,0.95,"[0.5, 1.0, 2.0]",0,0,7,55,2.887841,8,0.0036628670059144497,0.0019486708333715796,3.1590945720672607,0.586118921826993,0.030166385268816466,0.06140350877192983,0.03636363636363636,0.19718309859154928,0.07207207207207206,3323,3014,52,170,147,0.951227605342865,0.8647058606147766,0.9092927575111389,0.10881881702387508,0.06806806785364945,0.01027094409801066,0.5386703989979867,0.027775502959829446,0.5209880590616212,0.0263099488052413,0.5036797928724239,0.02428667848691197,0.42734352999525055,0.01691310982914589
npy,./data/MSL,D-15,D-15,fixed,100,256,128,0.15,50,64,0.001,1,1,1,1,0.001,adam,0.1,0.99,fixed,gated,5000,none,8,0.95,"[0.5, 1.0, 2.0]",0,0,2,55,2.887841,8,0.0043005552142858505,0.0036298162303864956,2.466698408126831,0.6264272719887042,0.39013412480543186,0.37158469945355194,0.371875,0.3712948517940718,0.5056678166584524,2059,973,28,658,40,0.9588900208473206,0.060790274292230606,0.6659528613090515,0.0986112675196688,0.31553398352116346,0.0,0.6785962934891818,0.4238684620522372,0.7007014624685185,0.44542537870883264,0.7234689123886643,0.4758334872122176,0.7943895343157168,0.6256376684598022
npy,./data/MSL,T-9,T-9,gate_noTTA,100,256,128,0.15,50,64,0.001,1,1,1,0,0.001,adam,0.1,0.99,fixed,gated,5000,unc,8,0.95,"[0.5, 1.0, 2.0]",0,0,3,55,2.887841,8,0.009037165902554989,0.0037286272272467613,0.3790750503540039,0.5700765824622532,0.2745005150562467,0.24941176470588236,0.16932907348242812,0.4732142857142857,0.310126582278481,997,787,0,290,123,0.8437103033065796,0.4241379201412201,0.9391796588897705,0.07173146981532978,0.0,0.0,0.6294824332171893,0.2997009476783637,0.671239837398374,0.32202271360814816,0.7184777874564461,0.37435923363097023,0.7538019018583043,0.31592742568711635
npy,./data/MSL,P-15,P-15,gate_noTTA,100,256,128,0.15,50,64,0.001,1,1,1,0,0.001,adam,0.1,0.99,fixed,gated,5000,unc,8,0.95,"[0.5, 1.0, 2.0]",0,0,8,55,2.887841,8,0.0015174138825386763,0.0013345045736059546,4.618206739425659,0.7307130259511212,0.642385697930675,0.08139534883720931,0.043343653250773995,0.6666666666666666,0.7058823529411765,2757,2006,0,120,22,0.9890329241752625,0.18333333730697632,0.7523701190948486,0.06601998111585106,0.18961352606614432,0.16606060167153677,0.7380364491475602,0.653366841406048,0.7399344923154446,0.6570495985390544,0.7423028470647518,0.669375679413668,0.7234903838078441,0.16991264444692827
npy,./data/MSL,M-4,M-4,fixed,100,256,128,0.15,50,64,0.001,1,1,1,1,0.001,adam,0.1,0.99,fixed,gated,5000,none,8,0.95,"[0.5, 1.0, 2.0]",0,0,8,55,2.887841,8,0.005009600427001715,0.0031627065036445856,2.915210723876953,0.37491667354086733,0.1044829092599549,0.1331945889698231,0.09014084507042254,0.2549800796812749,0.21940559440559443,1939,1440,29,350,344,0.7611111402511597,0.9828571677207947,0.6897419691085815,0.08816937923185478,0.3350515415271123,0.325913925965627,0.370022985840633,0.10308052460037787,0.371761972813837,0.10262850942577119,0.37719296289938176,0.10242532129355908,0.4275723073012928,0.10520209098397604
npy,./data/MSL,P-14,P-14,fixed,100,256,128,0.15,50,64,0.001,1,1,1,1,0.001,adam,0.1,0.99,fixed,gated,5000,none,8,0.95,"[0.5, 1.0, 2.0]",0,0,1,55,2.887841,8,0.0023312754929065704,0.0017331440467387438,3.641151189804077,0.9090269279845129,0.47480899186164005,0.3781624500665779,0.24912280701754386,0.7845303867403315,0.4276315789473685,6001,5472,90,280,109,0.9800804257392883,0.38928571343421936,0.9374235272407532,0.10213484825283026,0.005555555845300357,0.20666667322317758,0.9187194716144936,0.499716237688413,0.9190153630176816,0.5163213142780487,0.91941859672802,0.5475628869803156,0.8897211806907057,0.5292692143041449
npy,./data/MSL,T-8,T-8,base_noTTA,100,256,128,0.15,50,64,0.001,1,0,1,0,0.001,adam,0.1,0.99,fixed,gated,5000,none,8,0.95,"[0.5, 1.0, 2.0]",0,0,5,55,2.887786,0,0.004892503842711449,inf,0.859670877456665,0.5366488161954972,0.10118428441668711,0.13374485596707822,0.07471264367816093,0.6372549019607843,0.140625,1420,0,0,300,0,0.0,0.0,0.0,0.009506856891470896,1.0,1.0,,,,,,,,
npy,./data/MSL,M-6,M-6,base_noTTA,100,256,128,0.15,50,64,0.001,1,0,1,0,0.001,adam,0.1,0.99,fixed,gated,5000,none,8,0.95,"[0.5, 1.0, 2.0]",0,0,0,55,2.887786,0,0.002239398891106248,inf,1.8488194942474365,0.7660274231902233,0.6295151224989682,0.18705035971223022,0.10490921318090114,0.861878453038674,0.7071428571428572,1950,0,0,199,0,0.0,0.0,0.0,0.010512792147122897,1.0,0.6666666666666666,,,,,,,,
npy,./data/MSL,M-1,M-1,gate_gbuf5k,100,256,128,0.15,50,64,0.001,1,1,1,1,0.001,adam,0.1,0.99,adaptive,gated,5000,unc,8,0.95,"[0.5, 1.0, 2.0]",0,0,7,55,2.887841,8,0.003542563645169139,0.0020497713703662157,3.0194995403289795,0.360294435323598,0.40802028882352376,0.21428571428571427,0.32275132275132273,0.16038562664329536,0.6676453317674691,2178,1623,35,1167,1028,0.3666050434112549,0.8808911442756653,0.58852618932724,0.0964340756418948,0.24617737034956613,0.0,0.33823493105874514,0.39912874815895105,0.3273058596980657,0.39397173742890634,0.3156955536902396,0.38749056013743227,0.3133336059300589,0.38260425403772363
npy,./data/MSL,D-16,D-16,noMask_fixed,100,256,128,0.15,50,64,0.001,1,0,1,1,0.001,adam,0.1,0.99,fixed,gated,5000,none,8,0.95,"[0.5, 1.0, 2.0]",0,0,9,55,2.887786,0,0.003952628932893276,inf,1.6853299140930176,0.5357890956969298,0.36901762289207213,0.4213406292749658,0.29961089494163423,0.7096774193548387,0.4650311241303552,2092,0,0,750,0,0.0,0.0,0.0,0.011472013666798462,1.0,1.0,,,,,,,,
npy,./data/MSL,M-1,M-1,noMask_fixed,100,256,128,0.15,50,64,0.001,1,0,1,1,0.001,adam,0.1,0.99,fixed,gated,5000,none,8,0.95,"[0.5, 1.0, 2.0]",0,0,8,55,2.887786,0,0.0033646959345787764,inf,2.80460262298584,0.3765723173396206,0.4164581370356493,0.3255340793489318,0.3878787878787879,0.28045574057843997,0.6676418958455237,2178,1269,29,1167,909,0.283687949180603,0.7789202928543091,0.35608309507369995,0.026400314765418747,0.680428127447764,0.0,,,,,,,,
npy,./data/MSL,M-1,M-1,mask_noTTA,100,256,128,0.15,50,64,0.001,1,1,1,0,0.001,adam,0.1,0.99,fixed,gated,5000,none,8,0.95,"[0.5, 1.0, 2.0]",0,0,8,55,2.887841,8,0.0035782435443252325,0.002082830062136054,2.9640355110168457,0.38843490390193924,0.4234102553433088,0.3473895582329317,0.40658049353701525,0.3032427695004382,0.6676427525622255,2178,1258,0,1167,897,0.28696343302726746,0.7686375379562378,0.35707220435142517,0.0693422594236824,0.6941896080970764,0.0,0.3678335349520435,0.41577777579396846,0.35945581464245596,0.41174695667279204,0.3514121539050252,0.4067528386663407,0.36520503388428727,0.4078326222438985
npy,./data/MSL,P-11,P-11,noMask_fixed,100,256,128,0.15,50,64,0.001,1,0,1,1,0.001,adam,0.1,0.99,fixed,gated,5000,none,8,0.95,"[0.5, 1.0, 2.0]",0,0,6,55,2.887786,0,0.0030013015493750572,inf,4.68174409866333,0.7043644793871585,0.11616251083689572,0.09615384615384616,0.10638297872340426,0.08771929824561403,0.2059672762271415,3436,3436,54,426,426,0.8760186433792114,1.0,1.0,0.02677747340085759,0.0,0.0,,,,,,,,
npy,./data/MSL,P-10,P-10,base_noTTA,100,256,128,0.15,50,64,0.001,1,0,1,0,0.001,adam,0.1,0.99,fixed,gated,5000,none,8,0.95,"[0.5, 1.0, 2.0]",0,0,5,55,2.887786,0,0.001928672892972827,inf,5.229553937911987,0.9609803322254037,0.5873945537535614,0.37328767123287676,0.24061810154525387,0.8320610687022901,0.5668449197860963,6001,5373,0,230,43,0.9919970035552979,0.186956524848938,0.923583447933197,0.008417236628164512,0.0011111111380159855,0.2386636659502983,,,,,,,,
npy,./data/MSL,M-2,M-2,mask_noTTA,100,256,128,0.15,50,64,0.001,1,1,1,0,0.001,adam,0.1,0.99,fixed,gated,5000,none,8,0.95,"[0.5, 1.0, 2.0]",0,0,2,55,2.887841,8,0.005589283537119627,0.002608988434076309,2.6162798404693604,0.7042477256175087,0.6982011894381925,0.5608465608465608,0.7076101468624834,0.4645048203330412,0.7046703296703296,2178,1128,0,1167,167,0.8519503474235535,0.14310197532176971,0.950543999671936,0.0704903466861329,0.0764525979757309,0.0,0.7654107158287147,0.7398105098466916,0.7936036464183875,0.7667314096573823,0.8232739998271841,0.8021309576570904,0.8576659342558418,0.866116557112636
npy,./data/MSL,M-7,M-7,noMask_fixed,100,256,128,0.15,50,64,0.001,1,0,1,1,0.001,adam,0.1,0.99,fixed,gated,5000,none,8,0.95,"[0.5, 1.0, 2.0]",0,0,4,55,2.887786,0,0.0028804708272218704,inf,1.9403440952301025,0.8799450747994508,0.5058815556189035,0.15542271562766868,0.08504672897196262,0.900990099009901,0.5966850828729282,2057,436,8,200,0,1.0,0.0,0.23478728532791138,0.015562694514325133,1.0,0.29105690121650696,,,,,,,,
npy,./data/MSL,C-2,C-2,mask_noTTA,100,256,128,0.15,50,64,0.001,1,1,1,0,0.001,adam,0.1,0.99,fixed,gated,5000,none,8,0.95,"[0.5, 1.0, 2.0]",0,0,7,55,2.887841,8,0.005907835904508829,0.0029464345425367355,0.9070439338684082,0.6163001777147259,0.10204230484419063,0.17624521072796936,0.10681114551083591,0.5036496350364964,0.19364599092284418,1952,1309,0,335,130,0.900687575340271,0.38805970549583435,0.7291280031204224,0.07301019351990497,0.7084351480007172,0.2380688445021709,0.6845525478800083,0.12064902088588078,0.716766202167662,0.1380970136502674,0.7512947242370853,0.17232050034248056,0.8199017611300521,0.3277980502309946
npy,./data/MSL,D-15,D-15,noMask_fixed,100,256,128,0.15,50,64,0.001,1,0,1,1,0.001,adam,0.1,0.99,fixed,gated,5000,none,8,0.95,"[0.5, 1.0, 2.0]",0,0,7,55,2.887786,0,0.0037890446837991476,inf,2.581523895263672,0.6243396472839797,0.37559708770869066,0.37898089171974525,0.38699186991869916,0.3712948517940718,0.49800399201596807,2059,935,28,658,51,0.9454545378684998,0.07750760018825531,0.6309778690338135,0.028657010019607135,0.33009708703806,0.0,,,,,,,,
npy,./data/MSL,D-16,D-16,mask_noTTA,100,256,128,0.15,50,64,0.001,1,1,1,0,0.001,adam,0.1,0.99,fixed,gated,5000,none,8,0.95,"[0.5, 1.0, 2.0]",0,0,3,55,2.887841,8,0.0038178623653948307,0.00215110182762146,1.716433048248291,0.5274133700400983,0.3493323800299083,0.42295233688107353,0.30264900662251654,0.7019969278033794,0.46545454545454545,2092,0,0,750,0,0.0,0.0,0.0,0.06956146962328122,1.0,1.0,0.5354210305823208,0.3617687350071863,0.5406896482933349,0.3766544483313061,0.5473751670756278,0.4054729642793686,0.5415634288906178,0.4571965579771884
npy,./data/MSL,F-7,F-7,gate_noTTA,100,256,128,0.15,50,64,0.001,1,1,1,0,0.001,adam,0.1,0.99,fixed,gated,5000,unc,8,0.95,"[0.5, 1.0, 2.0]",0,0,1,55,2.887841,8,0.004527409560978413,0.004005010239779949,2.9639840126037598,0.48554274743186654,0.07670433659244168,0.06185567010309279,0.046539379474940336,0.09219858156028368,0.15497343835867375,4955,4224,0,720,585,0.8615056872367859,0.8125,0.8592680096626282,0.07761802249912296,0.011109282107402882,0.057239056254426636,0.4937815002503939,0.07688694778029824,0.4924394294182539,0.07615257003136816,0.48780624764856834,0.07506300963909182,0.5117919989300188,0.08105171150327958
npy,./data/MSL,M-1,M-1,gate_noTTA,100,256,128,0.15,50,64,0.001,1,1,1,0,0.001,adam,0.1,0.99,fixed,gated,5000,unc,8,0.95,"[0.5, 1.0, 2.0]",0,0,2,55,2.887841,8,0.0034127605613321066,0.002172874752432108,2.7698943614959717,0.3746042204145116,0.4150013686894476,0.3461538461538462,0.39571589627959414,0.30762489044697633,0.6680339876941108,2178,1124,0,1167,812,0.2775800824165344,0.6958011984825134,0.3086053431034088,0.06865207157187554,0.6972477038701376,0.0,0.35440094555060425,0.40645874353557493,0.3436531767290862,0.40093429531099023,0.329385824147338,0.39311458682591466,0.30831769759662264,0.3798907880835478
npy,./data/MSL,M-6,M-6,noMask_fixed,100,256,128,0.15,50,64,0.001,1,0,1,1,0.001,adam,0.1,0.99,fixed,gated,5000,none,8,0.95,"[0.5, 1.0, 2.0]",0,0,6,55,2.887786,0,0.0024092865642160177,inf,1.8418548107147217,0.757612952074485,0.6379564710082588,0.18863210493441598,0.10633802816901408,0.8342541436464088,0.7183098591549295,1950,0,0,199,0,0.0,0.0,0.0,0.010256155943259215,1.0,0.6666666666666666,,,,,,,,
npy,./data/MSL,F-5,F-5,gate_noTTA,100,256,128,0.15,50,64,0.001,1,1,1,0,0.001,adam,0.1,0.99,fixed,gated,5000,unc,8,0.95,"[0.5, 1.0, 2.0]",0,0,3,55,2.887841,8,0.0031564102973788977,0.00192977802362293,3.314340829849243,0.8078960909415002,0.3755050604349977,0.25242718446601936,0.15964912280701754,0.6026490066225165,0.4234234234234234,3823,3052,0,250,56,0.9816513657569885,0.2240000069141388,0.838511049747467,0.0729890759004338,0.22628372659285864,0.11163996160030365,0.8871748671018456,0.48058968649506634,0.9083244207712747,0.5734470739052986,0.9227039396158554,0.6302133709173647,0.9360964909969952,0.5800479038507244
npy,./data/MSL,T-9,T-9,gate_gbuf5k,100,256,128,0.15,50,64,0.001,1,1,1,1,0.001,adam,0.1,0.99,adaptive,gated,5000,unc,8,0.95,"[0.5, 1.0, 2.0]",0,0,9,55,2.887841,8,0.008764089085161686,0.002611189614981413,0.40557384490966797,0.5638429152148665,0.2783879051099794,0.21350762527233114,0.14121037463976946,0.4375,0.3027522935779816,997,624,16,290,80,0.8717948794364929,0.27586206793785095,0.7694483995437622,0.10432666139593096,0.0,0.0,0.6336019163763066,0.30944478783909524,0.6771105545876887,0.33860310683037975,0.7248384872241581,0.38315027570552085,0.7461618031358885,0.30711266491071265
npy,./data/MSL,T-4,T-4,fixed,100,256,128,0.15,50,64,0.001,1,1,1,1,0.001,adam,0.1,0.99,fixed,gated,5000,none,8,0.95,"[0.5, 1.0, 2.0]",0,0,4,55,2.887841,8,0.004021466244012117,0.0024731860030442476,2.7887067794799805,0.46300232099964916,0.02886481300247078,0.04726735598227474,0.02631578947368421,0.2318840579710145,0.060728744939271245,2118,1435,32,168,141,0.901742160320282,0.8392857313156128,0.6635897159576416,0.08358135889789989,0.47641509274641675,0.3743107132613659,0.4433514155399023,0.027942567878266683,0.43388524545920704,0.027411895479224388,0.4248239008987127,0.0267769736624164,0.39674925107278763,0.023966604139331993
npy,./data/MSL,P-11,P-11,gate_gbuf5k,100,256,128,0.15,50,64,0.001,1,1,1,1,0.001,adam,0.1,0.99,adaptive,gated,5000,unc,8,0.95,"[0.5, 1.0, 2.0]",0,0,1,55,2.887841,8,0.002940770471468568,0.001998325577005744,4.927304744720459,0.7242200223873866,0.12075971755301634,0.09251101321585904,0.09292035398230089,0.09210526315789473,0.22033898305084743,3436,3397,54,426,416,0.8775389790534973,0.9765258431434631,0.9903654456138611,0.09409200326388874,0.0,0.0,0.7539920636183746,0.13035657970834555,0.7542712428182643,0.13210263351101623,0.7497427042053274,0.13229159471347599,0.7370450241115338,0.14867392394669213
npy,./data/MSL,C-1,C-1,mask_noTTA,100,256,128,0.15,50,64,0.001,1,1,1,0,0.001,adam,0.1,0.99,fixed,gated,5000,none,8,0.95,"[0.5, 1.0, 2.0]",0,0,8,55,2.887841,8,0.00579709280282259,0.0029966039583086967,2.93294358253479,0.6599460776586801,0.21778345739993163,0.2275449101796407,0.18164435946462715,0.30448717948717946,0.3172147001934236,2165,1711,0,464,361,0.7890122532844543,0.7780172228813171,0.7936508059501648,0.06629027615518548,0.846390167872111,0.0,0.654770583753678,0.21816408697788545,0.6479219209751996,0.21779208498325042,0.6399961249474568,0.21798443333804812,0.6146917034468264,0.2104434952002277
npy,./data/MSL,T-13,T-13,gate_gbuf5k,100,256,128,0.15,50,64,0.001,1,1,1,1,0.001,adam,0.1,0.99,adaptive,gated,5000,unc,8,0.95,"[0.5, 1.0, 2.0]",0,0,7,55,2.887841,8,0.0029856725595891476,0.001672755111940205,1.5524067878723145,0.7413228606410424,0.24137007969033134,0.18407960199004975,0.24666666666666667,0.14682539682539683,0.332089552238806,2331,2277,37,450,421,0.8151075839996338,0.9355555772781372,0.9867091774940491,0.10491644860541345,0.0,0.0,0.7331285437346045,0.24506976534021785,0.718266722054601,0.23920907029247496,0.7007193143556779,0.23100815653223863,0.6548147419359541,0.189958649636573
npy,./data/MSL,M-7,M-7,noMask_fixed,100,256,128,0.15,50,64,0.001,1,0,1,1,0.001,adam,0.1,0.99,fixed,gated,5000,none,8,0.95,"[0.5, 1.0, 2.0]",0,0,9,55,2.887786,0,0.002888523042201996,inf,1.876708745956421,0.8729878827298788,0.4806978616719769,0.1537162162162162,0.0840258541089566,0.900990099009901,0.6067415730337079,2057,435,8,200,0,1.0,0.0,0.2342487871646881,0.015803778930723406,1.0,0.2926829258600871,,,,,,,,
npy,./data/MSL,C-2,C-2,mask_noTTA,100,256,128,0.15,50,64,0.001,1,1,1,0,0.001,adam,0.1,0.99,fixed,gated,5000,none,8,0.95,"[0.5, 1.0, 2.0]",0,0,1,55,2.887841,8,0.006016820203512907,0.002703337464481592,0.8211400508880615,0.6005194151431252,0.09909624598803109,0.17965653896961692,0.10967741935483871,0.49635036496350365,0.18867924528301885,1952,1325,0,335,133,0.8996226191520691,0.39701491594314575,0.7371675968170166,0.06963251555552248,0.6893095274766287,0.24257334818442663,0.6875157311855021,0.12178131430456883,0.7213654287653785,0.14205940090668598,0.7575261805062964,0.1862812704103243,0.8185860619789641,0.407747018927791
npy,./data/MSL,T-12,T-12,fixed,100,256,128,0.15,50,64,0.001,1,1,1,1,0.001,adam,0.1,0.99,fixed,gated,5000,none,8,0.95,"[0.5, 1.0, 2.0]",0,0,5,55,2.887841,8,0.0028392132371664047,0.001554194837808609,1.4524116516113281,0.7825719695478348,0.21745649092139166,0.24757281553398056,0.17525773195876287,0.4214876033057851,0.2876254180602007,2331,2187,36,220,133,0.9391860961914062,0.6045454740524292,0.9729985594749451,0.10554435579421846,0.0,0.05579399069150289,0.8097992404854879,0.2221726273279488,0.8064705482320349,0.22270054836697173,0.7972862210036902,0.2264964254171641,0.7519175772847178,0.13684662697582547
npy,./data/MSL,T-5,T-5,noMask_fixed,100,256,128,0.15,50,64,0.001,1,0,1,1,0.001,adam,0.1,0.99,fixed,gated,5000,none,8,0.95,"[0.5, 1.0, 2.0]",0,0,0,55,2.887786,0,0.002950715133920312,inf,2.652524471282959,0.5409180235822572,0.20769174568765825,0.043795620437956206,0.023376623376623377,0.34615384615384615,0.32258064516129037,2119,1423,31,125,23,0.9838369488716125,0.18400000035762787,0.7021062970161438,0.027847267536129126,0.463836466272672,0.3343244232237339,,,,,,,,
npy,./data/MSL,F-5,F-5,mask_noTTA,100,256,128,0.15,50,64,0.001,1,1,1,0,0.001,adam,0.1,0.99,fixed,gated,5000,none,8,0.95,"[0.5, 1.0, 2.0]",0,0,2,55,2.887841,8,0.0031736225355416536,0.001922949799336493,3.2398340702056885,0.8330461995606063,0.471038966665774,0.2922868741542625,0.1836734693877551,0.7152317880794702,0.5198237885462555,3823,3159,0,250,58,0.9816397428512573,0.23199999332427979,0.8678981065750122,0.07848299332323605,0.21671018252770105,0.11076736201842625,0.8973290412541861,0.5630690738578513,0.914084657924453,0.6157687537363503,0.9254382960937513,0.6350239435708624,0.938272385458211,0.5088912124237605
npy,./data/MSL,D-16,D-16,mask_noTTA,100,256,128,0.15,50,64,0.001,1,1,1,0,0.001,adam,0.1,0.99,fixed,gated,5000,none,8,0.95,"[0.5, 1.0, 2.0]",0,0,1,55,2.887841,8,0.00390821835026145,0.0020524291321635246,1.7405974864959717,0.5210854429748439,0.33807302517206833,0.4123515439429929,0.2984869325997249,0.6666666666666666,0.46390619274459505,2092,0,0,750,0,0.0,0.0,0.0,0.06884017364472778,1.0,1.0,0.5180461627466236,0.3471648446658818,0.5151395455542921,0.356581760290994,0.5131765316097114,0.3761640501925106,0.4916641730005785,0.4265134285771415
npy,./data/MSL,F-8,F-8,gate_gbuf5k,100,256,128,0.15,50,64,0.001,1,1,1,1,0.001,adam,0.1,0.99,adaptive,gated,5000,unc,8,0.95,"[0.5, 1.0, 2.0]",0,0,3,55,2.887841,8,0.0057212794199585915,0.0033834129571914673,4.0919177532196045,0.593382036957456,0.252587506507717,0.19658976930792374,0.21304347826086956,0.1824953445065177,0.4003436426116838,2388,2204,38,537,469,0.7872051000595093,0.8733705878257751,0.9373311996459961,0.09486633329535249,0.030683403213818867,0.0,0.5801346511961037,0.24785691649581537,0.570158048035143,0.2453873551384126,0.5601900396313805,0.24674492557332753,0.5564035715991023,0.26985004127946355
npy,./data/MSL,P-15,P-15,mask_noTTA,100,256,128,0.15,50,64,0.001,1,1,1,0,0.001,adam,0.1,0.99,fixed,gated,5000,none,8,0.95,"[0.5, 1.0, 2.0]",0,0,9,55,2.887841,8,0.0014861596282571554,0.0013965184334665537,4.864578485488892,0.7368270765096162,0.6477737985423045,0.08139534883720931,0.043343653250773995,0.6666666666666666,0.7368421052631577,2757,2156,0,120,26,0.9879406094551086,0.21666666865348816,0.8077360391616821,0.07455176878200305,0.20169082283973694,0.16848484675089517,0.7455950281347106,0.6509972239261287,0.7469219786680104,0.6571265526698762,0.7480473670949861,0.6534766030342901,0.6875115478290081,0.20606464590323956
npy,./data/MSL,P-14,P-14,mask_noTTA,100,256,128,0.15,50,64,0.001,1,1,1,0,0.001,adam,0.1,0.99,fixed,gated,5000,none,8,0.95,"[0.5, 1.0, 2.0]",0,0,5,55,2.887841,8,0.002258380874991417,0.0016731931827962399,3.6402933597564697,0.8975553022899381,0.41801805287875765,0.33291614518147683,0.215210355987055,0.7348066298342542,0.4051172707889126,6001,5382,0,280,107,0.9801189303398132,0.3821428716182709,0.9220415949821472,0.08066664773451251,0.008888889104127884,0.253680557012558,0.9114239283737453,0.45108698285207505,0.9167882434971564,0.4754824657715877,0.9207076378251888,0.5159969517944133,0.8969728535972274,0.5306628996871945
npy,./data/MSL,T-12,T-12,mask_noTTA,100,256,128,0.15,50,64,0.001,1,1,1,0,0.001,adam,0.1,0.99,fixed,gated,5000,none,8,0.95,"[0.5, 1.0, 2.0]",0,0,1,55,2.887841,8,0.002964501269161701,0.0020417089108377695,1.3917593955993652,0.7956863011786434,0.21615676095989578,0.22613065326633167,0.1624548736462094,0.371900826446281,0.2573099415204678,2331,2175,0,220,134,0.9383907914161682,0.6090909242630005,0.966840386390686,0.07100628967808838,0.0,0.06294706960519154,0.8152790553672479,0.22078801016947364,0.8125301998289124,0.22059913261402672,0.8029145743032116,0.2173418148477771,0.7610714809817137,0.1307646966476084
npy,./data/MSL,M-1,M-1,fixed,100,256,128,0.15,50,64,0.001,1,1,1,1,0.001,adam,0.1,0.99,fixed,gated,5000,none,8,0.95,"[0.5, 1.0, 2.0]",0,0,3,55,2.887841,8,0.0033720089122653008,0.0020552841015160084,2.8027870655059814,0.35101714581970345,0.40435432060864707,0.32741617357001973,0.3742953776775648,0.2909728308501315,0.6678372841673983,2178,1159,27,1167,859,0.2588438391685486,0.7360754013061523,0.2967359125614166,0.08793606245813292,0.7110091745853424,0.0,0.3292191801113429,0.3956962092258939,0.31887104837614644,0.3906135963440433,0.306886564787498,0.3837425962236881,0.3103043105257311,0.37912143844833784
npy,./data/MSL,F-8,F-8,fixed,100,256,128,0.15,50,64,0.001,1,1,1,1,0.001,adam,0.1,0.99,fixed,gated,5000,none,8,0.95,"[0.5, 1.0, 2.0]",0,0,5,55,2.887841,8,0.005934800021350384,0.003442992689087987,4.5823140144348145,0.5795989113307549,0.24702455797641867,0.23954372623574144,0.2446601941747573,0.2346368715083799,0.3892100192678228,2388,2243,38,537,483,0.7846633791923523,0.8994413614273071,0.9508373737335205,0.10910625234121453,0.05299860487381617,0.02059925099213918,0.5769144821658788,0.24571629854998822,0.5699278995368381,0.24429276514960238,0.5628534593897723,0.2442544782098259,0.5575027455474383,0.2625082689068259
npy,./data/MSL,M-2,M-2,mask_noTTA,100,256,128,0.15,50,64,0.001,1,1,1,0,0.001,adam,0.1,0.99,fixed,gated,5000,none,8,0.95,"[0.5, 1.0, 2.0]",0,0,4,55,2.887841,8,0.005533946678042412,0.002706236904487014,2.7118160724639893,0.7003053597659578,0.6965717842789766,0.5505857294994674,0.7014925373134329,0.45311130587204207,0.6954574536148432,2178,1090,0,1167,144,0.8678898811340332,0.12339331954717636,0.9357072114944458,0.06933842808747094,0.0993883814662695,0.0,0.7597000715952155,0.7340838110274983,0.786350773351767,0.7579892220955823,0.8148318592536817,0.7902715230824939,0.8534790028514646,0.853716708367529
npy,./data/MSL,P-10,P-10,mask_noTTA,100,256,128,0.15,50,64,0.001,1,1,1,0,0.001,adam,0.1,0.99,fixed,gated,5000,none,8,0.95,"[0.5, 1.0, 2.0]",0,0,9,55,2.887841,8,0.002042789477854967,0.001656471285969019,5.642151832580566,0.9570350116824969,0.5517541008208835,0.3317230273752013,0.21020408163265306,0.7862595419847328,0.5671641791044777,6001,5419,0,230,55,0.9898505210876465,0.239130437374115,0.929474949836731,0.0833423708582139,0.0005555555690079927,0.22007507955034575,0.961241222141369,0.5659678360045625,0.9607015380995192,0.5711209677420536,0.9582090163043409,0.5726909867917703,0.9255798725987577,0.41596049469230245
npy,./data/MSL,P-11,P-11,gate_noTTA,100,256,128,0.15,50,64,0.001,1,1,1,0,0.001,adam,0.1,0.99,fixed,gated,5000,unc,8,0.95,"[0.5, 1.0, 2.0]",0,0,7,55,2.887841,8,0.0029588292818516493,0.0019051411654800177,5.248652219772339,0.7073273598268426,0.11759184875442424,0.09090909090909091,0.09433962264150944,0.08771929824561403,0.2125,3436,3396,0,426,415,0.8777974247932434,0.9741784334182739,0.9903654456138611,0.08028995449523571,0.0,0.0,0.7440251672422665,0.12596883792388391,0.7451511679107051,0.1270459026859557,0.7417890811091836,0.1267636598340065,0.7336444755675096,0.13158688543714003
npy,./data/MSL,F-5,F-5,base_noTTA,100,256,128,0.15,50,64,0.001,1,0,1,0,0.001,adam,0.1,0.99,fixed,gated,5000,none,8,0.95,"[0.5, 1.0, 2.0]",0,0,2,55,2.887786,0,0.0030829047318547964,inf,3.020437240600586,0.8039236347096437,0.40011264871211705,0.2620689655172414,0.16550522648083624,0.6291390728476821,0.41904761904761906,3823,3174,0,250,58,0.9817265272140503,0.23199999332427979,0.8720963001251221,0.009030470073519344,0.22019147127866745,0.10465915997823079,,,,,,,,
npy,./data/MSL,F-7,F-7,fixed,100,256,128,0.15,50,64,0.001,1,1,1,1,0.001,adam,0.1,0.99,fixed,gated,5000,none,8,0.95,"[0.5, 1.0, 2.0]",0,0,9,55,2.887841,8,0.004523744806647301,0.004173413850367069,3.216054916381836,0.4376952932570257,0.07081666828366892,0.06802721088435375,0.05312084993359894,0.09456264775413711,0.1545205479452055,4955,4665,78,720,658,0.858949601650238,0.9138888716697693,0.9461629390716553,0.09961874044747454,0.012096773833036423,0.035690235594908394,0.4583797238570575,0.07239112065757994,0.4653085665366456,0.07300229599255267,0.47242679996508263,0.07386483322525583,0.5173787707774669,0.0852687618599905
npy,./data/MSL,T-4,T-4,gate_gbuf5k,100,256,128,0.15,50,64,0.001,1,1,1,1,0.001,adam,0.1,0.99,adaptive,gated,5000,unc,8,0.95,"[0.5, 1.0, 2.0]",0,0,6,55,2.887841,8,0.00419923011213541,0.0023151792120188475,2.9008002281188965,0.45916322564974493,0.028689851733748842,0.04232804232804233,0.024096385542168676,0.17391304347826086,0.06247086247086249,2118,1822,34,168,147,0.9193194508552551,0.875,0.8589743375778198,0.09113679639115663,0.07704402630527814,0.0,0.44046366016246996,0.02792509265412127,0.43171942892613285,0.028186066640829014,0.4272596011119208,0.02832312553777173,0.4211534828488921,0.028410044872311833
npy,./data/MSL,S-2,S-2,gate_gbuf5k,100,256,128,0.15,50,64,0.001,1,1,1,1,0.001,adam,0.1,0.99,adaptive,gated,5000,unc,8,0.95,"[0.5, 1.0, 2.0]",0,0,1,55,2.887841,8,0.00477213691920042,0.0026390773709863424,1.0866081714630127,0.6848217861433721,0.2898676751252518,0.015727391874180863,0.007978723404255319,0.5454545454545454,0.42857142857142855,1728,704,25,110,5,0.9928977489471436,0.04545454680919647,0.4320148229598999,0.09868238811139707,0.23506743957599005,0.0,0.6898778534241089,0.2896597497503984,0.6934321185422507,0.2889050301298568,0.7048458149779736,0.2885804151377144,0.6518822587104525,0.01418864011596392
npy,./data/MSL,M-2,M-2,gate_gbuf5k,100,256,128,0.15,50,64,0.001,1,1,1,1,0.001,adam,0.1,0.99,adaptive,gated,5000,unc,8,0.95,"[0.5, 1.0, 2.0]",0,0,1,55,2.887841,8,0.006376439239829779,0.002852081088349223,2.777618885040283,0.6869298613768501,0.6723852611517638,0.44081632653061226,0.6585365853658537,0.3312883435582822,0.7004512322110379,2178,1780,35,1167,799,0.5511236190795898,0.6846615076065063,0.9703264236450195,0.09941934335111367,0.01681957207620144,0.0,0.7327940032835047,0.7025212234974437,0.7547863870338596,0.7233377174278629,0.7771537198652035,0.7505861756180808,0.7831876226685265,0.7958365177060072
npy,./data/MSL,P-10,P-10,gate_gbuf5k,100,256,128,0.15,50,64,0.001,1,1,1,1,0.001,adam,0.1,0.99,adaptive,gated,5000,unc,8,0.95,"[0.5, 1.0, 2.0]",0,0,0,55,2.887841,8,0.0019772201776504517,0.001582189230248332,5.332372188568115,0.9583279514130898,0.5530419699236907,0.32387312186978295,0.20726495726495728,0.7404580152671756,0.5520833333333334,6001,5274,91,230,56,0.9893818497657776,0.24347825348377228,0.9041760563850403,0.10435836669942217,0.006111111181477706,0.11824324533032875,0.9607015380995192,0.5656332949024313,0.9592308351418717,0.5742880597857998,0.9548302361181626,0.5797726390075476,0.9202866208233635,0.41498520026560465
npy,./data/MSL,S-2,S-2,base_noTTA,100,256,128,0.15,50,64,0.001,1,0,1,0,0.001,adam,0.1,0.99,fixed,gated,5000,none,8,0.95,"[0.5, 1.0, 2.0]",0,0,4,55,2.887786,0,0.004443248733878136,inf,1.1069486141204834,0.6877252703243893,0.28193745869094583,0.012784090909090908,0.006442376521116679,0.8181818181818182,0.42857142857142855,1728,0,0,110,0,0.0,0.0,0.0,0.008681720053708111,1.0,1.0,,,,,,,,
npy,./data/MSL,T-12,T-12,mask_noTTA,100,256,128,0.15,50,64,0.001,1,1,1,0,0.001,adam,0.1,0.99,fixed,gated,5000,none,8,0.95,"[0.5, 1.0, 2.0]",0,0,2,55,2.887841,8,0.003033214947208762,0.001820852397941053,1.394819974899292,0.7797049991230864,0.22814271276124898,0.2368421052631579,0.17374517374517376,0.371900826446281,0.2643171806167401,2331,2192,0,220,134,0.9388686418533325,0.6090909242630005,0.9748933911323547,0.07143597498516932,0.0,0.045779685179392494,0.7994194474370859,0.23201343307311234,0.7994838737387656,0.23452625394342486,0.7989255124575413,0.23630400491648984,0.7801953548636489,0.13589275682949573
npy,./data/MSL,C-2,C-2,base_noTTA,100,256,128,0.15,50,64,0.001,1,0,1,0,0.001,adam,0.1,0.99,fixed,gated,5000,none,8,0.95,"[0.5, 1.0, 2.0]",0,0,5,55,2.887786,0,0.0058823819272220135,inf,0.867171049118042,0.6133980123408767,0.11024973109376421,0.17596034696406443,0.10597014925373134,0.5182481751824818,0.20521172638436483,1952,1300,0,335,129,0.9007692337036133,0.3850746154785156,0.7241805791854858,0.010758394100626961,0.7101445496082306,0.2577962627013524,,,,,,,,
npy,./data/MSL,S-2,S-2,gate_noTTA,100,256,128,0.15,50,64,0.001,1,1,1,0,0.001,adam,0.1,0.99,fixed,gated,5000,unc,8,0.95,"[0.5, 1.0, 2.0]",0,0,7,55,2.887841,8,0.00463750259950757,0.002456498797982931,1.1934857368469238,0.6731577893472167,0.28110978119261143,0.011747430249632892,0.005921539600296077,0.7272727272727273,0.42857142857142855,1728,0,0,110,0,0.0,0.0,0.0,0.07032244293778031,1.0,1.0,0.691179415298358,0.2822149594695209,0.7080496595915098,0.2833747418878209,0.7330796956347617,0.28613167490312963,0.7344313175810974,0.0183397768726507
npy,./data/MSL,D-16,D-16,gate_noTTA,100,256,128,0.15,50,64,0.001,1,1,1,0,0.001,adam,0.1,0.99,fixed,gated,5000,unc,8,0.95,"[0.5, 1.0, 2.0]",0,0,8,55,2.887841,8,0.0037558525800704956,0.0021769721060991287,1.8254473209381104,0.5335148722245497,0.3498913753037247,0.42770804277080426,0.30666666666666664,0.706605222734255,0.46436961628817547,2092,0,0,750,0,0.0,0.0,0.0,0.07123062761062418,1.0,1.0,0.54125820416143,0.3615801016163842,0.5460330759869931,0.37467284532601236,0.551187982524388,0.4020863266272573,0.5334669938356574,0.4532554948481803
npy,./data/MSL,M-4,M-4,base_noTTA,100,256,128,0.15,50,64,0.001,1,0,1,0,0.001,adam,0.1,0.99,fixed,gated,5000,none,8,0.95,"[0.5, 1.0, 2.0]",0,0,1,55,2.887786,0,0.004599244799464941,inf,2.437370777130127,0.4198583394457982,0.10434085142250153,0.13976377952755908,0.09281045751633987,0.28286852589641437,0.22007042253521128,1939,1143,0,350,324,0.7165354490280151,0.9257143139839172,0.515418529510498,0.010056493207312786,0.4347078998883565,0.5234915018081665,,,,,,,,
npy,./data/MSL,T-9,T-9,gate_noTTA,100,256,128,0.15,50,64,0.001,1,1,1,0,0.001,adam,0.1,0.99,fixed,gated,5000,unc,8,0.95,"[0.5, 1.0, 2.0]",0,0,7,55,2.887841,8,0.009134779684245586,0.003193723037838936,0.39945077896118164,0.5479275551684089,0.2697443377873728,0.23310023310023312,0.15772870662460567,0.44642857142857145,0.29999999999999993,997,745,0,290,102,0.8630872368812561,0.35172414779663086,0.909476637840271,0.08377124935597809,0.0,0.0,0.6173871225319396,0.29374374499999306,0.661603513356562,0.31881509504271155,0.7109102787456446,0.3703762278341253,0.7593459639953543,0.29442370716204813
npy,./data/MSL,T-9,T-9,gate_gbuf5k,100,256,128,0.15,50,64,0.001,1,1,1,1,0.001,adam,0.1,0.99,adaptive,gated,5000,unc,8,0.95,"[0.5, 1.0, 2.0]",0,0,7,55,2.887841,8,0.009134779684245586,0.003193723037838936,0.3906071186065674,0.5546875,0.2756268402478144,0.2257336343115124,0.1510574018126888,0.44642857142857145,0.3132530120481928,997,749,16,290,111,0.851802408695221,0.38275861740112305,0.9024045467376709,0.09529640825246737,0.0,0.0,0.6221689895470384,0.29784340239669194,0.666013356562137,0.3321662502541035,0.7165360046457607,0.376648300262673,0.7636650696864112,0.30860775344650115
npy,./data/MSL,M-5,M-5,fixed,100,256,128,0.15,50,64,0.001,1,1,1,1,0.001,adam,0.1,0.99,fixed,gated,5000,none,8,0.95,"[0.5, 1.0, 2.0]",0,0,8,55,2.887841,8,0.005556569434702396,0.0030864307191222906,2.700418472290039,0.4890806867551054,0.1318329996382614,0.1882591093117409,0.13537117903930132,0.3089700996677741,0.2336742722265933,2204,2142,35,400,394,0.8160597681999207,0.9850000143051147,0.9689579010009766,0.09847217376348977,0.04072398211186131,0.033333333830038704,0.5149236145913887,0.13626352713796466,0.5335893342537861,0.14013512680788376,0.5600114171542743,0.14650361922447247,0.6169843445590952,0.17803189202607064
npy,./data/MSL,M-7,M-7,mask_noTTA,100,256,128,0.15,50,64,0.001,1,1,1,0,0.001,adam,0.1,0.99,fixed,gated,5000,none,8,0.95,"[0.5, 1.0, 2.0]",0,0,5,55,2.887841,8,0.0027359803207218647,0.0021262732334434986,2.0632009506225586,0.88436799884368,0.5153865849697684,0.15463917525773196,0.08466603951081844,0.8910891089108911,0.6373626373626373,2057,434,0,200,0,1.0,0.0,0.23371028900146484,0.07122827491890069,1.0,0.29430894056955975,0.8998385969983859,0.5404012273971525,0.9066608850666088,0.5564980816053655,0.9125581171255811,0.5808769591551564,0.8824311628243117,0.4932548413549768
npy,./data/MSL,C-1,C-1,noMask_fixed,100,256,128,0.15,50,64,0.001,1,0,1,1,0.001,adam,0.1,0.99,fixed,gated,5000,none,8,0.95,"[0.5, 1.0, 2.0]",0,0,7,55,2.887786,0,0.0057283248752355576,inf,2.8391833305358887,0.6610084331651955,0.20217831084135857,0.21245421245421245,0.17159763313609466,0.27884615384615385,0.32133995037220847,2165,1670,32,464,348,0.7916167378425598,0.75,0.7771899104118347,0.032341122351948165,0.8894009391466776,0.0,,,,,,,,
npy,./data/MSL,F-7,F-7,base_noTTA,100,256,128,0.15,50,64,0.001,1,0,1,0,0.001,adam,0.1,0.99,fixed,gated,5000,none,8,0.95,"[0.5, 1.0, 2.0]",0,0,2,55,2.887786,0,0.0031042241025716066,inf,2.942249059677124,0.34614503043269407,0.05870751192967905,0.0221327967806841,0.01926444833625219,0.026004728132387706,0.15446412269490595,4955,4722,0,720,679,0.8562049865722656,0.9430555701255798,0.9546635150909424,0.009182892461597739,0.0073924728979667025,0.018181818692634504,,,,,,,,
npy,./data/MSL,T-8,T-8,noMask_fixed,100,256,128,0.15,50,64,0.001,1,0,1,1,0.001,adam,0.1,0.99,fixed,gated,5000,none,8,0.95,"[0.5, 1.0, 2.0]",0,0,3,55,2.887786,0,0.004989820998162031,inf,0.7763950824737549,0.5437613295141628,0.11101062805840933,0.13361611876988336,0.07491082045184304,0.6176470588235294,0.14948453608247422,1420,0,0,300,0,0.0,0.0,0.0,0.009858944046665246,1.0,1.0,,,,,,,,
npy,./data/MSL,M-3,M-3,mask_noTTA,100,256,128,0.15,50,64,0.001,1,1,1,0,0.001,adam,0.1,0.99,fixed,gated,5000,none,8,0.95,"[0.5, 1.0, 2.0]",0,0,8,55,2.887841,8,0.004780428484082222,0.00293957581743598,2.8014917373657227,0.4412902759962283,0.10761881027516898,0.15470643056849953,0.10097323600973236,0.33067729083665337,0.21236673773987205,2028,1334,0,350,286,0.7856072187423706,0.8171428442001343,0.6245530247688293,0.0695371063503288,0.26765188823143643,0.4300893545150757,0.4426473211631088,0.10771572429439029,0.44682888913429436,0.10795400868159184,0.4562772364698987,0.10886128475622797,0.50137615847909,0.11264352271479369
npy,./data/MSL,M-2,M-2,mask_noTTA,100,256,128,0.15,50,64,0.001,1,1,1,0,0.001,adam,0.1,0.99,fixed,gated,5000,none,8,0.95,"[0.5, 1.0, 2.0]",0,0,5,55,2.887841,8,0.005833858158439398,0.0028814373072236776,2.9410548210144043,0.7119843292886152,0.718756599324037,0.5676532769556025,0.715046604527297,0.4706397896581946,0.7044776119402987,2178,1147,0,1167,179,0.8439407348632812,0.1533847451210022,0.9574678540229797,0.067959365984844,0.0657492329676946,0.0,0.7658844169310339,0.7530696665816989,0.7915205959684487,0.7758336935918178,0.8192004789473035,0.8062041922087111,0.8450160317734629,0.8543362300625394
npy,./data/MSL,M-1,M-1,noMask_fixed,100,256,128,0.15,50,64,0.001,1,0,1,1,0.001,adam,0.1,0.99,fixed,gated,5000,none,8,0.95,"[0.5, 1.0, 2.0]",0,0,7,55,2.887786,0,0.003537166863679886,inf,2.918640613555908,0.38901970102825545,0.42369073143110364,0.3075313807531381,0.38132295719844356,0.25766871165644173,0.6686199824201583,2178,1374,32,1167,946,0.3114992678165436,0.8106255531311035,0.4233432114124298,0.026173828061947152,0.6299694130818049,0.0,,,,,,,,
npy,./data/MSL,T-13,T-13,noMask_fixed,100,256,128,0.15,50,64,0.001,1,0,1,1,0.001,adam,0.1,0.99,fixed,gated,5000,none,8,0.95,"[0.5, 1.0, 2.0]",0,0,7,55,2.887786,0,0.0029205249156802893,inf,1.464895248413086,0.7027854300581573,0.21494475649959,0.15696202531645567,0.21678321678321677,0.12301587301587301,0.29676258992805754,2331,2331,37,450,450,0.80694979429245,1.0,1.0,0.03196752311742546,0.0,0.0,,,,,,,,
npy,./data/MSL,C-1,C-1,base_noTTA,100,256,128,0.15,50,64,0.001,1,0,1,0,0.001,adam,0.1,0.99,fixed,gated,5000,none,8,0.95,"[0.5, 1.0, 2.0]",0,0,6,55,2.887786,0,0.005568701773881912,inf,2.5181655883789062,0.6523601697141657,0.2047269092349681,0.24000000000000002,0.19298245614035087,0.3173076923076923,0.3080168776371308,2165,1672,0,464,349,0.7912679314613342,0.7521551847457886,0.7777777910232544,0.008777988425027966,0.8878648082415262,0.0,,,,,,,,
npy,./data/MSL,F-5,F-5,gate_gbuf5k,100,256,128,0.15,50,64,0.001,1,1,1,1,0.001,adam,0.1,0.99,adaptive,gated,5000,unc,8,0.95,"[0.5, 1.0, 2.0]",0,0,5,55,2.887841,8,0.00322493864223361,0.0019517035689204931,3.139146566390991,0.8127343389161973,0.4120937070093256,0.28695652173913044,0.1836734693877551,0.6556291390728477,0.4545454545454546,3823,3315,58,250,66,0.9800904989242554,0.2639999985694885,0.9093198776245117,0.1007261433403061,0.1122715409534673,0.0,0.8877825018747113,0.5342208836902168,0.9052265371315775,0.6041376658881208,0.9167399867584792,0.6372811573500073,0.93029586193695,0.5231378906207247
npy,./data/MSL,T-8,T-8,noMask_fixed,100,256,128,0.15,50,64,0.001,1,0,1,1,0.001,adam,0.1,0.99,fixed,gated,5000,none,8,0.95,"[0.5, 1.0, 2.0]",0,0,1,55,2.887786,0,0.004784522578120232,inf,0.8391470909118652,0.556270496907302,0.11130684854487272,0.13757700205338808,0.0768348623853211,0.6568627450980392,0.1506849315068493,1420,0,0,300,0,0.0,0.0,0.0,0.009860790951151244,1.0,1.0,,,,,,,,
npy,./data/MSL,F-7,F-7,noMask_fixed,100,256,128,0.15,50,64,0.001,1,0,1,1,0.001,adam,0.1,0.99,fixed,gated,5000,none,8,0.95,"[0.5, 1.0, 2.0]",0,0,9,55,2.887786,0,0.003057400230318308,inf,3.0139529705047607,0.3157011056642128,0.05669406741208156,0.02666666666666667,0.02355072463768116,0.030732860520094562,0.1546353975815317,4955,4572,77,720,649,0.8580489754676819,0.9013888835906982,0.9263282418251038,0.02896706343418895,0.03269694931805134,0.042424243253966175,,,,,,,,
npy,./data/MSL,M-6,M-6,gate_noTTA,100,256,128,0.15,50,64,0.001,1,1,1,0,0.001,adam,0.1,0.99,fixed,gated,5000,unc,8,0.95,"[0.5, 1.0, 2.0]",0,0,9,55,2.887841,8,0.0020555041264742613,0.0017333331052213907,2.041574239730835,0.7605232647556402,0.6298587220429592,0.1859052247873633,0.10443686006825939,0.8453038674033149,0.7117437722419929,1950,0,0,199,0,0.0,0.0,0.0,0.06975051684257312,1.0,0.6666666666666666,0.7574325363493322,0.6382500817923819,0.7516296567960533,0.6363806128559387,0.7430081512416151,0.6331816465097732,0.7174630591408662,0.6187121471492122
npy,./data/MSL,C-1,C-1,base_noTTA,100,256,128,0.15,50,64,0.001,1,0,1,0,0.001,adam,0.1,0.99,fixed,gated,5000,none,8,0.95,"[0.5, 1.0, 2.0]",0,0,2,55,2.887786,0,0.005694437772035599,inf,2.4940197467803955,0.6453226802227828,0.2114312358703224,0.21182266009852216,0.172,0.27564102564102566,0.31525207402680283,2165,1697,0,464,360,0.7878609299659729,0.7758620977401733,0.7860082387924194,0.008546067165172127,0.8663594325383505,0.0,,,,,,,,
npy,./data/MSL,C-1,C-1,gate_gbuf5k,100,256,128,0.15,50,64,0.001,1,1,1,1,0.001,adam,0.1,0.99,adaptive,gated,5000,unc,8,0.95,"[0.5, 1.0, 2.0]",0,0,1,55,2.887841,8,0.005667607765644789,0.002741590142250061,2.6717050075531006,0.6578443542454814,0.20006352379855594,0.18598382749326145,0.16046511627906976,0.22115384615384615,0.31774503523382447,2165,1954,34,464,423,0.7835209965705872,0.9116379022598267,0.9000588059425354,0.10672221282888505,0.17972350120544434,0.0,0.6630313419503993,0.20376416741229553,0.6600577317150064,0.20471108000043634,0.6561252101723413,0.20900832240472692,0.6481386612021858,0.22145727470387783
npy,./data/MSL,M-6,M-6,fixed,100,256,128,0.15,50,64,0.001,1,1,1,1,0.001,adam,0.1,0.99,fixed,gated,5000,none,8,0.95,"[0.5, 1.0, 2.0]",0,0,2,55,2.887841,8,0.0021380481775850058,0.0019064792431890965,1.8956820964813232,0.7512895287896176,0.6308237263395127,0.1876543209876543,0.10562890896455872,0.8397790055248618,0.7163120567375887,1950,0,0,199,0,0.0,0.0,0.0,0.06924103467892377,1.0,0.6666666666666666,0.7542412483585128,0.6419816521826635,0.751576419368959,0.640848269600602,0.7490239805032711,0.6393150294334576,0.7440640268789853,0.6283313584810349
npy,./data/MSL,M-3,M-3,mask_noTTA,100,256,128,0.15,50,64,0.001,1,1,1,0,0.001,adam,0.1,0.99,fixed,gated,5000,none,8,0.95,"[0.5, 1.0, 2.0]",0,0,1,55,2.887841,8,0.004843642935156822,0.0026811326388269663,2.5378615856170654,0.4707205293962742,0.1129500596088793,0.17973231357552583,0.11823899371069183,0.3745019920318725,0.2131004366812227,2028,1341,0,350,291,0.7829977869987488,0.831428587436676,0.6257449388504028,0.0678057501301963,0.2791461373368899,0.4326786398887634,0.4638227473899711,0.11196402974375365,0.4623085483227007,0.11167582182300947,0.46227244539963813,0.11092660119731199,0.4687741571029316,0.10480020346771549
npy,./data/MSL,D-15,D-15,noMask_fixed,100,256,128,0.15,50,64,0.001,1,0,1,1,0.001,adam,0.1,0.99,fixed,gated,5000,none,8,0.95,"[0.5, 1.0, 2.0]",0,0,2,55,2.887786,0,0.003741210326552391,inf,2.4130873680114746,0.6433863946515672,0.39524979462459586,0.38304552590266877,0.3854660347551343,0.38065522620904835,0.5133976420150054,2059,914,26,658,32,0.9649890661239624,0.048632219433784485,0.6295503377914429,0.024284536019872266,0.33980582530299824,0.0,,,,,,,,
npy,./data/MSL,P-11,P-11,gate_gbuf5k,100,256,128,0.15,50,64,0.001,1,1,1,1,0.001,adam,0.1,0.99,adaptive,gated,5000,unc,8,0.95,"[0.5, 1.0, 2.0]",0,0,5,55,2.887841,8,0.002975230338051915,0.0020106793381273746,5.251241207122803,0.7044334452702667,0.1168946525750186,0.1054945054945055,0.10572687224669604,0.10526315789473684,0.2022867194371152,3436,3390,54,426,413,0.8781710863113403,0.9694835543632507,0.9890365600585938,0.09664230491007582,0.0,0.0,0.7464031639425144,0.12641202889518682,0.7499648539249545,0.1279263538379845,0.7467426882901236,0.12821134762476116,0.7358261847542958,0.138621913492906
npy,./data/MSL,F-8,F-8,mask_noTTA,100,256,128,0.15,50,64,0.001,1,1,1,0,0.001,adam,0.1,0.99,fixed,gated,5000,none,8,0.95,"[0.5, 1.0, 2.0]",0,0,2,55,2.887841,8,0.005633679684251547,0.0032401145435869694,4.138285160064697,0.55542949911665,0.23355165763433164,0.21428571428571427,0.21631878557874762,0.2122905027932961,0.3853211009174312,2388,2087,0,537,418,0.7997124791145325,0.7783985137939453,0.901674747467041,0.06638429871755629,0.09902371217807134,0.0805243452390035,0.5528195578474908,0.23555802836235404,0.5504006111827341,0.23860641026986093,0.5507358067134603,0.24849618898686354,0.5710394881344603,0.3041769404711419
npy,./data/MSL,M-4,M-4,gate_noTTA,100,256,128,0.15,50,64,0.001,1,1,1,0,0.001,adam,0.1,0.99,fixed,gated,5000,unc,8,0.95,"[0.5, 1.0, 2.0]",0,0,7,55,2.887841,8,0.004925425164401531,0.0028135678730905056,2.603879690170288,0.4414797441459679,0.11964257989066879,0.16030534351145037,0.1053952321204517,0.3346613545816733,0.2204515272244356,1939,1245,0,350,327,0.7373493909835815,0.9342857003211975,0.5777218341827393,0.0737619621351615,0.36082474887371063,0.458659549554189,0.4301674109382281,0.11562779256497767,0.42503739936727625,0.11183246023121259,0.42200309004608316,0.11095598093642507,0.419938600383023,0.10553933437812527
npy,./data/MSL,P-11,P-11,noMask_fixed,100,256,128,0.15,50,64,0.001,1,0,1,1,0.001,adam,0.1,0.99,fixed,gated,5000,none,8,0.95,"[0.5, 1.0, 2.0]",0,0,2,55,2.887786,0,0.002984943799674511,inf,4.709174871444702,0.7242611366638549,0.1231547274209932,0.08775981524249421,0.09268292682926829,0.08333333333333333,0.21301775147928995,3436,3436,54,426,426,0.8760186433792114,1.0,1.0,0.030998301034201287,0.0,0.0,,,,,,,,
npy,./data/MSL,M-4,M-4,gate_gbuf5k,100,256,128,0.15,50,64,0.001,1,1,1,1,0.001,adam,0.1,0.99,adaptive,gated,5000,unc,8,0.95,"[0.5, 1.0, 2.0]",0,0,7,55,2.887841,8,0.004925425164401531,0.0028135678730905056,2.6907927989959717,0.4292154270439228,0.11347682502368103,0.13608748481166466,0.0979020979020979,0.22310756972111553,0.22113241194828354,1939,1748,31,350,338,0.8066361546516418,0.9657142758369446,0.8873505592346191,0.0882103247640058,0.15292095889647803,0.0,0.41822859652603905,0.11276999076598535,0.41407955196561264,0.11194712018270857,0.4122201735865715,0.10917305922978154,0.4155443140699653,0.10972263339084895
npy,./data/MSL,T-13,T-13,fixed,100,256,128,0.15,50,64,0.001,1,1,1,1,0.001,adam,0.1,0.99,fixed,gated,5000,none,8,0.95,"[0.5, 1.0, 2.0]",0,0,5,55,2.887841,8,0.0026742967311292887,0.0016643888084217906,1.3982980251312256,0.7191139388109086,0.215711242874575,0.15384615384615383,0.21739130434782608,0.11904761904761904,0.33446327683615823,2331,2331,37,450,450,0.80694979429245,1.0,1.0,0.10490724325486898,0.0,0.0,0.7219161310070401,0.22618059923528722,0.7107201160231463,0.22288836593855668,0.6989009867797747,0.22285064170100227,0.6643746264958387,0.22456442274790558
npy,./data/MSL,D-16,D-16,noMask_fixed,100,256,128,0.15,50,64,0.001,1,0,1,1,0.001,adam,0.1,0.99,fixed,gated,5000,none,8,0.95,"[0.5, 1.0, 2.0]",0,0,2,55,2.887786,0,0.003797363955527544,inf,1.7151107788085938,0.5286721726813893,0.35418494962063246,0.4136986301369863,0.29434697855750486,0.695852534562212,0.46243194192377496,2092,0,0,750,0,0.0,0.0,0.0,0.009801602044479342,1.0,1.0,,,,,,,,
npy,./data/MSL,F-4,F-4,base_noTTA,100,256,128,0.15,50,64,0.001,1,0,1,0,0.001,adam,0.1,0.99,fixed,gated,5000,none,8,0.95,"[0.5, 1.0, 2.0]",0,0,4,55,2.887786,0,0.0038025793619453907,inf,2.739485263824463,0.5149776606520652,0.024458682873287906,0.05639913232104121,0.03333333333333333,0.18309859154929578,0.06382978723404255,3323,3157,0,170,164,0.948051929473877,0.9647058844566345,0.9492546916007996,0.008275915691732751,0.09309309472640355,0.05823799471060435,,,,,,,,
npy,./data/MSL,D-14,D-14,mask_noTTA,100,256,128,0.15,50,64,0.001,1,1,1,0,0.001,adam,0.1,0.99,fixed,gated,5000,none,8,0.95,"[0.5, 1.0, 2.0]",0,0,6,55,2.887841,8,0.0050804889760911465,0.0027011483907699585,4.79484224319458,0.47096159830242224,0.3036771506599262,0.1443020903573837,0.08485329103885805,0.481981981981982,0.39263803680981596,2526,642,0,420,115,0.8208722472190857,0.2738095223903656,0.2502374053001404,0.07147602117542982,0.8906455834706625,0.3902116318543752,0.4959247637150259,0.3125608577892524,0.5120682480233042,0.3196063199883444,0.5297675953106664,0.3286640561644717,0.5316121364810503,0.2036606784134573
npy,./data/MSL,M-4,M-4,gate_noTTA,100,256,128,0.15,50,64,0.001,1,1,1,0,0.001,adam,0.1,0.99,fixed,gated,5000,unc,8,0.95,"[0.5, 1.0, 2.0]",0,0,4,55,2.887841,8,0.0048115006648004055,0.0028498657047748566,2.5648186206817627,0.41496911068652087,0.10972891371099985,0.1523809523809524,0.10012515644555695,0.3187250996015936,0.21940559440559443,1939,1170,0,350,333,0.7153846025466919,0.9514285922050476,0.526746392250061,0.0678254747710442,0.39347078402837116,0.5031297306219736,0.40723061865576304,0.1080478807481994,0.40432115968136406,0.1070955336911182,0.40485177365523917,0.10541994921600467,0.4205539342350798,0.09873000923474992
npy,./data/MSL,M-2,M-2,noMask_fixed,100,256,128,0.15,50,64,0.001,1,0,1,1,0.001,adam,0.1,0.99,fixed,gated,5000,none,8,0.95,"[0.5, 1.0, 2.0]",0,0,9,55,2.887786,0,0.005507649853825569,inf,2.66654634475708,0.7371900112330425,0.7234433844724051,0.5883575883575882,0.722860791826309,0.49605609114811566,0.7157449806269814,2178,1237,34,1167,267,0.7841551899909973,0.22879177331924438,0.9594460725784302,0.02916073777239951,0.06269113222757976,0.0,,,,,,,,
npy,./data/MSL,T-9,T-9,base_noTTA,100,256,128,0.15,50,64,0.001,1,0,1,0,0.001,adam,0.1,0.99,fixed,gated,5000,none,8,0.95,"[0.5, 1.0, 2.0]",0,0,9,55,2.887786,0,0.008819542825222015,inf,0.4075925350189209,0.5705211962833914,0.27065797330635916,0.2272727272727273,0.1524390243902439,0.44642857142857145,0.29411764705882354,997,809,0,290,138,0.8294190168380737,0.475862056016922,0.9490806460380554,0.010027450209515265,0.0,0.0,,,,,,,,
npy,./data/MSL,M-2,M-2,mask_noTTA,100,256,128,0.15,50,64,0.001,1,1,1,0,0.001,adam,0.1,0.99,fixed,gated,5000,none,8,0.95,"[0.5, 1.0, 2.0]",0,0,0,55,2.887841,8,0.005758089479058981,0.0026468660216778517,2.771390438079834,0.7165323227709817,0.7160052690157849,0.5691906005221932,0.7041343669250646,0.4776511831726556,0.710201200141193,2178,1084,0,1167,135,0.8754612803459167,0.1156812310218811,0.9386745691299438,0.08701719856787647,0.09480122104287148,0.0,0.7717725062028613,0.7527055453167082,0.7981146078927553,0.7769186299979469,0.8266508560565848,0.8091547646686033,0.8535638678697954,0.8524301150600954
npy,./data/MSL,P-15,P-15,base_noTTA,100,256,128,0.15,50,64,0.001,1,0,1,0,0.001,adam,0.1,0.99,fixed,gated,5000,none,8,0.95,"[0.5, 1.0, 2.0]",0,0,8,55,2.887786,0,0.0016847853548824787,inf,4.500592470169067,0.7308809943730579,0.6692624525739106,0.07692307692307691,0.04081632653061224,0.6666666666666666,0.8,2757,2214,0,120,26,0.988256573677063,0.21666666865348816,0.829730749130249,0.009431413519758654,0.1678744008143743,0.1527272711197535,,,,,,,,
npy,./data/MSL,C-2,C-2,noMask_fixed,100,256,128,0.15,50,64,0.001,1,0,1,1,0.001,adam,0.1,0.99,fixed,gated,5000,none,8,0.95,"[0.5, 1.0, 2.0]",0,0,9,55,2.887786,0,0.006227889563888311,inf,0.8342218399047852,0.6275923086897162,0.10827546858609535,0.1723700887198986,0.10429447852760736,0.49635036496350365,0.19999999999999998,1952,1283,25,335,131,0.8978955745697021,0.3910447657108307,0.7124304175376892,0.024598397192407827,0.6490983267625173,0.3691614766915639,,,,,,,,
npy,./data/MSL,M-2,M-2,noMask_fixed,100,256,128,0.15,50,64,0.001,1,0,1,1,0.001,adam,0.1,0.99,fixed,gated,5000,none,8,0.95,"[0.5, 1.0, 2.0]",0,0,3,55,2.887786,0,0.005692573264241219,inf,2.6095519065856934,0.7104478867067434,0.6978509959431168,0.5390539053905391,0.723781388478582,0.4294478527607362,0.6986013986013986,2178,1334,34,1167,360,0.730134904384613,0.3084833025932312,0.9634025692939758,0.030307511433863225,0.056574923917651176,0.0,,,,,,,,
npy,./data/MSL,D-14,D-14,mask_noTTA,100,256,128,0.15,50,64,0.001,1,1,1,0,0.001,adam,0.1,0.99,fixed,gated,5000,none,8,0.95,"[0.5, 1.0, 2.0]",0,0,2,55,2.887841,8,0.00524080591276288,0.002538834698498249,4.382429599761963,0.47847098034363955,0.2697553257298728,0.14496833216045038,0.08590492076730609,0.46396396396396394,0.35942028985507246,2526,671,0,420,119,0.8226527571678162,0.28333333134651184,0.2621082663536072,0.0708729901770609,0.8708827296892802,0.3928571343421936,0.49894838658883606,0.2764299069216938,0.5102030869821131,0.2796710749565519,0.5222844567413856,0.2851674250757386,0.4932685494483247,0.17664855377292682
npy,./data/MSL,P-11,P-11,gate_gbuf5k,100,256,128,0.15,50,64,0.001,1,1,1,1,0.001,adam,0.1,0.99,adaptive,gated,5000,unc,8,0.95,"[0.5, 1.0, 2.0]",0,0,6,55,2.887841,8,0.00293714739382267,0.0020089729223400354,5.124358415603638,0.7123764582305476,0.11643661230978307,0.08908685968819598,0.09049773755656108,0.08771929824561403,0.2047005307050796,3436,3404,54,426,419,0.8769094944000244,0.9835680723190308,0.9916943311691284,0.10930721640448077,0.0,0.0,0.7340370505944329,0.12157700059956826,0.7313991055655468,0.12204602257215183,0.7263274606231334,0.12243414723807311,0.7186808683335191,0.13595248601991872
npy,./data/MSL,M-4,M-4,gate_gbuf5k,100,256,128,0.15,50,64,0.001,1,1,1,1,0.001,adam,0.1,0.99,adaptive,gated,5000,unc,8,0.95,"[0.5, 1.0, 2.0]",0,0,4,55,2.887841,8,0.0048115006648004055,0.0028498657047748566,2.540452241897583,0.4111589456388214,0.10869651399320684,0.13471502590673573,0.09980806142034548,0.20717131474103587,0.21950153038915612,1939,1739,31,350,344,0.8021851778030396,0.9828571677207947,0.8779106140136719,0.10341673305564593,0.1821305826306343,0.0,0.4049788534725118,0.10658665501644578,0.4035096324272022,0.10545356143026476,0.4048250200094975,0.10414998357571084,0.4262814438942607,0.09963001927345796
npy,./data/MSL,T-4,T-4,fixed,100,256,128,0.15,50,64,0.001,1,1,1,1,0.001,adam,0.1,0.99,fixed,gated,5000,none,8,0.95,"[0.5, 1.0, 2.0]",0,0,1,55,2.887841,8,0.003976329229772091,0.002388923428952694,2.8601725101470947,0.46258737484144336,0.02889908600194939,0.06088280060882802,0.034013605442176874,0.2898550724637681,0.06462585034013606,2118,1399,31,168,143,0.8977841138839722,0.851190447807312,0.6441025733947754,0.0851822980064846,0.4921383708715439,0.4184848964214325,0.4527366205165574,0.028289960438500697,0.45085418184762366,0.028062968761807576,0.4489312606266699,0.027614569253746675,0.41739535260302807,0.026230768667893214
npy,./data/MSL,F-5,F-5,noMask_fixed,100,256,128,0.15,50,64,0.001,1,0,1,1,0.001,adam,0.1,0.99,fixed,gated,5000,none,8,0.95,"[0.5, 1.0, 2.0]",0,0,8,55,2.887786,0,0.0031743880826979876,inf,3.397367238998413,0.8106655708166717,0.37844482796554474,0.2552011095700416,0.16140350877192983,0.609271523178808,0.40366972477064217,3823,3247,57,250,60,0.9815214276313782,0.23999999463558197,0.8919675350189209,0.029953618090781994,0.21322889626026154,0.07411814605196317,,,,,,,,
npy,./data/MSL,C-1,C-1,gate_gbuf5k,100,256,128,0.15,50,64,0.001,1,1,1,1,0.001,adam,0.1,0.99,adaptive,gated,5000,unc,8,0.95,"[0.5, 1.0, 2.0]",0,0,7,55,2.887841,8,0.0056020719930529594,0.002479324582964182,2.901014566421509,0.6577852432744851,0.21157106948844068,0.17910447761194032,0.15529411764705883,0.21153846153846154,0.3152039555006181,2165,1874,34,464,403,0.7849519848823547,0.868534505367279,0.8647854328155518,0.09377944276734808,0.20122888187567392,0.0,0.6596669425178646,0.21511693336410506,0.6557541246321985,0.217174329565767,0.6502420265868012,0.21888586953169237,0.6411487888818832,0.20265674483589347
npy,./data/MSL,F-4,F-4,noMask_fixed,100,256,128,0.15,50,64,0.001,1,0,1,1,0.001,adam,0.1,0.99,fixed,gated,5000,none,8,0.95,"[0.5, 1.0, 2.0]",0,0,4,55,2.887786,0,0.0038025793619453907,inf,2.770336389541626,0.509627145144817,0.024237095895430306,0.05714285714285715,0.033854166666666664,0.18309859154929578,0.07038123167155425,3323,3194,52,170,166,0.9480275511741638,0.9764705896377563,0.9603552222251892,0.027216309493756818,0.08708708733320236,0.03319635490576426,,,,,,,,
npy,./data/MSL,F-5,F-5,base_noTTA,100,256,128,0.15,50,64,0.001,1,0,1,0,0.001,adam,0.1,0.99,fixed,gated,5000,none,8,0.95,"[0.5, 1.0, 2.0]",0,0,4,55,2.887786,0,0.003186408895999193,inf,3.064065456390381,0.7887784258044575,0.37486338695498667,0.23848238482384826,0.14991482112436116,0.5827814569536424,0.41255605381165916,3823,3234,0,250,58,0.9820655584335327,0.23199999332427979,0.8888888955116272,0.008500685655662223,0.21061793466409048,0.08807975053787231,,,,,,,,
npy,./data/MSL,P-14,P-14,gate_noTTA,100,256,128,0.15,50,64,0.001,1,1,1,0,0.001,adam,0.1,0.99,fixed,gated,5000,unc,8,0.95,"[0.5, 1.0, 2.0]",0,0,0,55,2.887841,8,0.0022714235819876194,0.0016906592063605785,3.3319761753082275,0.9104671817230587,0.4834350244950833,0.362089914945322,0.23208722741433022,0.8232044198895028,0.45199999999999996,6001,5183,0,280,103,0.9801273345947266,0.3678571283817291,0.8879566788673401,0.07915318042034905,0.007777777810891469,0.26305555800596875,0.9237542925255219,0.5129820854232776,0.9261354249215233,0.5411768519889647,0.9267738782962256,0.5831495885893669,0.9033499200533164,0.5801156552690855
npy,./data/MSL,P-11,P-11,fixed,100,256,128,0.15,50,64,0.001,1,1,1,1,0.001,adam,0.1,0.99,fixed,gated,5000,none,8,0.95,"[0.5, 1.0, 2.0]",0,0,0,55,2.887841,8,0.0029366558883339167,0.001911642961204052,5.102138519287109,0.7110064244372649,0.12147447062580094,0.09111617312072892,0.0947867298578199,0.08771929824561403,0.22388059701492538,3436,3436,54,426,426,0.8760186433792114,1.0,1.0,0.09417277137392198,0.0,0.0,0.7452267651287274,0.128805767230014,0.7457957336643696,0.12922565848144146,0.7405569790821173,0.12794045515709104,0.731976031703086,0.1394016865375446
npy,./data/MSL,F-7,F-7,gate_gbuf5k,100,256,128,0.15,50,64,0.001,1,1,1,1,0.001,adam,0.1,0.99,adaptive,gated,5000,unc,8,0.95,"[0.5, 1.0, 2.0]",0,0,4,55,2.887841,8,0.004544675350189209,0.004443148151040077,3.1921377182006836,0.45580891034977056,0.07245634543484707,0.05481874447391688,0.043785310734463276,0.07328605200945626,0.15446412269490595,4955,4616,78,720,641,0.8611351847648621,0.8902778029441833,0.938606858253479,0.10092414832860984,0.006404981172333161,0.001346801407635212,0.4576711676322532,0.07196101993694504,0.45640107549441966,0.07121080703705691,0.45121095219644775,0.06999533415081248,0.4689825428694383,0.07597490464880123
npy,./data/MSL,M-4,M-4,gate_noTTA,100,256,128,0.15,50,64,0.001,1,1,1,0,0.001,adam,0.1,0.99,fixed,gated,5000,unc,8,0.95,"[0.5, 1.0, 2.0]",0,0,0,55,2.887841,8,0.004933968186378479,0.0029196699615567923,2.548588275909424,0.438327272889416,0.11809455585749076,0.16698292220113853,0.1095890410958904,0.350597609561753,0.21988611476127903,1939,1262,0,350,338,0.7321711778640747,0.9657142758369446,0.5814977884292603,0.06369882911182422,0.37113401542107266,0.45245160659154254,0.42967915690344394,0.11620833733829508,0.42680982839765724,0.1146196341292472,0.42578427197756263,0.1126614814182805,0.42378443695837803,0.09962090265877463
npy,./data/MSL,D-15,D-15,gate_gbuf5k,100,256,128,0.15,50,64,0.001,1,1,1,1,0.001,adam,0.1,0.99,adaptive,gated,5000,unc,8,0.95,"[0.5, 1.0, 2.0]",0,0,2,55,2.887841,8,0.0043005552142858505,0.0036298162303864956,2.5555877685546875,0.623307147183712,0.3857832796256174,0.3153310104529617,0.35700197238658776,0.2823712948517941,0.49427723611699875,2059,1628,33,658,387,0.7622849941253662,0.588145911693573,0.8857958316802979,0.0952050893152727,0.09708738109717767,0.0,0.6768151279775647,0.41957885834149156,0.6980626225708224,0.44050220189102546,0.7200104484073891,0.4719113949197753,0.7880978653780297,0.6155340207794943
npy,./data/MSL,S-2,S-2,gate_noTTA,100,256,128,0.15,50,64,0.001,1,1,1,0,0.001,adam,0.1,0.99,fixed,gated,5000,unc,8,0.95,"[0.5, 1.0, 2.0]",0,0,9,55,2.887841,8,0.004561437293887138,0.002586745424196124,1.212296485900879,0.6003704445334401,0.2879546025471749,0.011670313639679067,0.0058823529411764705,0.7272727272727273,0.42857142857142855,1728,0,0,110,0,0.0,0.0,0.0,0.08248496386739942,1.0,1.0,0.6090308370044053,0.2890790125947846,0.6171405686824188,0.2889213338291054,0.6306067280736884,0.286935391317576,0.6805166199439326,0.021449065504532523
npy,./data/MSL,P-14,P-14,mask_noTTA,100,256,128,0.15,50,64,0.001,1,1,1,0,0.001,adam,0.1,0.99,fixed,gated,5000,none,8,0.95,"[0.5, 1.0, 2.0]",0,0,3,55,2.887841,8,0.0023539061658084393,0.0016097126062959433,3.563023090362549,0.8975207660693767,0.4658383543854177,0.3230240549828179,0.203757225433526,0.7790055248618785,0.4701195219123506,6001,5475,0,280,109,0.9800913333892822,0.38928571343421936,0.9379479289054871,0.07908893732046449,0.0022222221984217563,0.2165277823805809,0.9119074354616048,0.49324113618661974,0.916085384738164,0.5191529211050194,0.9206469660863648,0.559451242835415,0.8977233163359123,0.5183757813326865
npy,./data/MSL,T-13,T-13,gate_noTTA,100,256,128,0.15,50,64,0.001,1,1,1,0,0.001,adam,0.1,0.99,fixed,gated,5000,unc,8,0.95,"[0.5, 1.0, 2.0]",0,0,4,55,2.887841,8,0.002582841319963336,0.0019033069256693125,1.5182886123657227,0.7086922617225647,0.20970932724037344,0.16377171215880895,0.2185430463576159,0.13095238095238096,0.30659898477157366,2331,2323,0,450,448,0.8071459531784058,0.995555579662323,0.9968101978302002,0.06500194636295405,0.0,0.0,0.7149197603743058,0.2185717090499947,0.7091459326307811,0.22088569251827936,0.7015993265993266,0.22246923387780446,0.6747216027519057,0.21030762869217406
npy,./data/MSL,T-4,T-4,base_noTTA,100,256,128,0.15,50,64,0.001,1,0,1,0,0.001,adam,0.1,0.99,fixed,gated,5000,none,8,0.95,"[0.5, 1.0, 2.0]",0,0,4,55,2.887786,0,0.0036154326517134905,inf,2.673229455947876,0.4530672280247214,0.030522043989479816,0.048027444253859346,0.027237354085603113,0.2028985507246377,0.06049978079789565,2118,1278,0,168,133,0.8959311246871948,0.7916666865348816,0.5871794819831848,0.009213898742502877,0.5204402506351471,0.48477599024772644,,,,,,,,
npy,./data/MSL,D-16,D-16,mask_noTTA,100,256,128,0.15,50,64,0.001,1,1,1,0,0.001,adam,0.1,0.99,fixed,gated,5000,none,8,0.95,"[0.5, 1.0, 2.0]",0,0,9,55,2.887841,8,0.0037678119260817766,0.0023079044185578823,1.769657850265503,0.5291669160332755,0.3609372531774391,0.4083140877598152,0.2919418758256275,0.6789554531490015,0.461814270347795,2092,0,0,750,0,0.0,0.0,0.0,0.0745785167978553,1.0,1.0,0.5378159474933669,0.3749374019532937,0.543900492748419,0.38807242587116986,0.5521251022403096,0.4125750649655522,0.5602519600215453,0.46497700129687447
npy,./data/MSL,M-5,M-5,gate_noTTA,100,256,128,0.15,50,64,0.001,1,1,1,0,0.001,adam,0.1,0.99,fixed,gated,5000,unc,8,0.95,"[0.5, 1.0, 2.0]",0,0,5,55,2.887841,8,0.00545724481344223,0.0029586704913526773,2.7141990661621094,0.49361933747315806,0.13147501889255184,0.17971014492753626,0.12670299727520437,0.3089700996677741,0.2364164247200332,2204,2036,0,400,366,0.8202357292175293,0.9150000214576721,0.9257206320762634,0.0739669843074847,0.06334841748078664,0.03939393969873587,0.512187148399773,0.13479904176882695,0.5250596579500234,0.13791314467263116,0.5424674992781304,0.14352679496100715,0.5898271164051895,0.16679482166531218
npy,./data/MSL,T-13,T-13,mask_noTTA,100,256,128,0.15,50,64,0.001,1,1,1,0,0.001,adam,0.1,0.99,fixed,gated,5000,none,8,0.95,"[0.5, 1.0, 2.0]",0,0,1,55,2.887841,8,0.0026954065542668104,0.0021465665195137262,1.422471523284912,0.709321752882359,0.21360927831981052,0.16040100250626566,0.21768707482993196,0.12698412698412698,0.3073639274279616,2331,2331,0,450,450,0.80694979429245,1.0,1.0,0.06864951537536071,0.0,0.0,0.7255382103866952,0.23230143708189194,0.7233973938519392,0.23828582052340114,0.7181883772792863,0.2419373130091634,0.7005881324063142,0.2895940359528526
npy,./data/MSL,D-15,D-15,base_noTTA,100,256,128,0.15,50,64,0.001,1,0,1,0,0.001,adam,0.1,0.99,fixed,gated,5000,none,8,0.95,"[0.5, 1.0, 2.0]",0,0,8,55,2.887786,0,0.003764595603570342,inf,2.4280078411102295,0.6393654032252258,0.3889567512151893,0.3675762439807384,0.3785123966942149,0.35725429017160687,0.5176817288801572,2059,967,0,658,57,0.9410548210144043,0.08662614226341248,0.6495360732078552,0.009714022836041369,0.3155339776227872,0.0,,,,,,,,
npy,./data/MSL,P-10,P-10,fixed,100,256,128,0.15,50,64,0.001,1,1,1,1,0.001,adam,0.1,0.99,fixed,gated,5000,none,8,0.95,"[0.5, 1.0, 2.0]",0,0,3,55,2.887841,8,0.0019839804153889418,0.0017106286250054836,5.553303480148315,0.9558392662343227,0.5114923565315611,0.3317535545023697,0.20916334661354583,0.8015267175572519,0.4973544973544973,6001,5409,90,230,54,0.9900166392326355,0.2347826063632965,0.9279154539108276,0.10242586909800921,0.0011111111380159855,0.2245795764029026,0.9592871055159035,0.5248925800354484,0.95955183204828,0.5357251457984132,0.958692429972159,0.5470754611940538,0.9276810595199881,0.3533737985134324
npy,./data/MSL,T-5,T-5,gate_noTTA,100,256,128,0.15,50,64,0.001,1,1,1,0,0.001,adam,0.1,0.99,fixed,gated,5000,unc,8,0.95,"[0.5, 1.0, 2.0]",0,0,7,55,2.887841,8,0.0030926379840821028,0.0024141615722328424,2.94335675239563,0.6326677428411005,0.2099252127402255,0.042643923240938165,0.022573363431151242,0.38461538461538464,0.32258064516129037,2119,1406,0,125,23,0.9836415648460388,0.18400000035762787,0.6935807466506958,0.07079782886514129,0.4245283007621765,0.3311946789423625,0.6492841100505333,0.21275876819838035,0.6408969679955082,0.21555160010665417,0.6320887142055026,0.22057719484646993,0.5544462380685008,0.04639992117092373
npy,./data/MSL,P-14,P-14,gate_gbuf5k,100,256,128,0.15,50,64,0.001,1,1,1,1,0.001,adam,0.1,0.99,adaptive,gated,5000,unc,8,0.95,"[0.5, 1.0, 2.0]",0,0,9,55,2.887841,8,0.0022883499041199684,0.0016510143177583814,3.7785356044769287,0.9064637803720391,0.49559109444760474,0.34916201117318435,0.2336448598130841,0.6906077348066298,0.4528301886792453,6001,5301,92,280,99,0.9813242554664612,0.35357141494750977,0.9092816114425659,0.1133430641783295,0.011111111069718996,0.15958333822588125,0.9203510746831769,0.527439944694826,0.9232633181467303,0.5539854417681405,0.9249331910814411,0.5941399843971815,0.9051019331882814,0.5521897360612914
npy,./data/MSL,F-4,F-4,gate_noTTA,100,256,128,0.15,50,64,0.001,1,1,1,0,0.001,adam,0.1,0.99,fixed,gated,5000,unc,8,0.95,"[0.5, 1.0, 2.0]",0,0,6,55,2.887841,8,0.0039035563822835684,0.0020707848016172647,3.0331380367279053,0.5495227407416747,0.029322302812200704,0.06097560975609756,0.035629453681710214,0.2112676056338028,0.06436781609195402,3323,3043,0,170,150,0.9507065415382385,0.8823529481887817,0.9175388813018799,0.07358653481523926,0.0740740733842055,0.05792113517721494,0.512909747353113,0.02694140136027368,0.4984469634878804,0.02555189741818989,0.48127319572463123,0.02330363891996058,0.40170056447308133,0.015798304124586264
npy,./data/MSL,F-4,F-4,base_noTTA,100,256,128,0.15,50,64,0.001,1,0,1,0,0.001,adam,0.1,0.99,fixed,gated,5000,none,8,0.95,"[0.5, 1.0, 2.0]",0,0,3,55,2.887786,0,0.00366141926497221,inf,2.643587589263916,0.5485392210019292,0.027674988866069852,0.06504065040650407,0.03800475059382423,0.22535211267605634,0.07051282051282051,3323,3106,0,170,156,0.9497746229171753,0.9176470637321472,0.9356168508529663,0.00842672997198297,0.11311311274766922,0.07832737763722737,,,,,,,,
npy,./data/MSL,S-2,S-2,mask_noTTA,100,256,128,0.15,50,64,0.001,1,1,1,0,0.001,adam,0.1,0.99,fixed,gated,5000,none,8,0.95,"[0.5, 1.0, 2.0]",0,0,0,55,2.887841,8,0.004650018643587828,0.0021907896734774113,1.1567554473876953,0.6556868241890268,0.2822916062084815,0.01348314606741573,0.006797583081570997,0.8181818181818182,0.42857142857142855,1728,0,0,110,0,0.0,0.0,0.0,0.07061011813305042,1.0,1.0,0.6966359631557869,0.282387882207135,0.7278233880656788,0.28344392546251757,0.7652683219863836,0.2981998249308874,0.7091009211053263,0.04984016571442011
npy,./data/MSL,F-4,F-4,mask_noTTA,100,256,128,0.15,50,64,0.001,1,1,1,0,0.001,adam,0.1,0.99,fixed,gated,5000,none,8,0.95,"[0.5, 1.0, 2.0]",0,0,7,55,2.887841,8,0.0036628670059144497,0.0019486708333715796,3.047866106033325,0.5845343622462918,0.028908419037295012,0.061224489795918366,0.03579952267303103,0.2112676056338028,0.07187500000000001,3323,3113,0,170,165,0.9469964504241943,0.970588207244873,0.9349825382232666,0.07239243297594124,0.11511511479814847,0.07790231704711914,0.5396875433442193,0.026650631630742494,0.522761757053812,0.025487505088988338,0.5047137495219001,0.02359894977505902,0.4285498127529726,0.01691021857660551
npy,./data/MSL,F-8,F-8,mask_noTTA,100,256,128,0.15,50,64,0.001,1,1,1,0,0.001,adam,0.1,0.99,fixed,gated,5000,none,8,0.95,"[0.5, 1.0, 2.0]",0,0,4,55,2.887841,8,0.005972903221845627,0.00334508647210896,4.393358945846558,0.5680795492527336,0.25259855598863035,0.22243528283796743,0.22924901185770752,0.21601489757914338,0.3887409661468239,2388,2158,0,537,423,0.8039851784706116,0.7877094745635986,0.9373311996459961,0.06554534087828057,0.06276150544484456,0.02996254712343216,0.5666322876378742,0.25596297588372197,0.5630396791290646,0.2605881503143611,0.5614066752614238,0.27559100009214754,0.5713804135033185,0.33441404755327186
npy,./data/MSL,F-5,F-5,gate_noTTA,100,256,128,0.15,50,64,0.001,1,1,1,0,0.001,adam,0.1,0.99,fixed,gated,5000,unc,8,0.95,"[0.5, 1.0, 2.0]",0,0,0,55,2.887841,8,0.003249472239986062,0.001783453393727541,3.1733899116516113,0.8206423718127712,0.4811387999565124,0.28413793103448276,0.1794425087108014,0.6821192052980133,0.5381165919282511,3823,3020,0,250,52,0.9827814698219299,0.20800000429153442,0.8306745290756226,0.07495242764180847,0.19930374125639597,0.0890449012319247,0.8894385700562502,0.5817530023465003,0.9057498757509822,0.6343296976364016,0.9176777814657345,0.6547079412709153,0.9342402194509861,0.5363931483617291
npy,./data/MSL,P-15,P-15,gate_noTTA,100,256,128,0.15,50,64,0.001,1,1,1,0,0.001,adam,0.1,0.99,fixed,gated,5000,unc,8,0.95,"[0.5, 1.0, 2.0]",0,0,1,55,2.887841,8,0.001554005080834031,0.001368307857774198,4.3127970695495605,0.7316536491139667,0.6417214700067839,0.08358208955223881,0.044585987261146494,0.6666666666666666,0.7272727272727273,2757,2037,0,120,24,0.9882179498672485,0.20000000298023224,0.7633674740791321,0.06493330434218757,0.17512077589829764,0.16242424150307974,0.7450071386579324,0.643216541748815,0.7472579155118837,0.6474546373665024,0.7487024439405392,0.6433369027080831,0.6805744520030235,0.07637966921577076
npy,./data/MSL,F-4,F-4,mask_noTTA,100,256,128,0.15,50,64,0.001,1,1,1,0,0.001,adam,0.1,0.99,fixed,gated,5000,none,8,0.95,"[0.5, 1.0, 2.0]",0,0,5,55,2.887841,8,0.00398485641926527,0.0019969448912888765,2.9535574913024902,0.567625388259128,0.032194555838469356,0.06439393939393939,0.037199124726477024,0.23943661971830985,0.08403361344537816,3323,3182,0,170,167,0.9475172758102417,0.9823529124259949,0.9562321305274963,0.06922583532663415,0.0790790772686402,0.057582154870033264,0.5425036041375078,0.029914018872541283,0.5263890114786001,0.028936493854450417,0.5108712555848369,0.027648167112455664,0.41418369963139023,0.018146225413532533
npy,./data/MSL,M-2,M-2,base_noTTA,100,256,128,0.15,50,64,0.001,1,0,1,0,0.001,adam,0.1,0.99,fixed,gated,5000,none,8,0.95,"[0.5, 1.0, 2.0]",0,0,8,55,2.887786,0,0.005244052037596703,inf,2.833097457885742,0.739144221155152,0.7350507424290394,0.5842105263157895,0.7312252964426877,0.4864154250657318,0.711756373937677,2178,1037,0,1167,116,0.8881388902664185,0.09940017014741898,0.9109792113304138,0.009183493965366107,0.13761467797060808,0.0,,,,,,,,
npy,./data/MSL,T-12,T-12,gate_noTTA,100,256,128,0.15,50,64,0.001,1,1,1,0,0.001,adam,0.1,0.99,fixed,gated,5000,unc,8,0.95,"[0.5, 1.0, 2.0]",0,0,7,55,2.887841,8,0.0029291033279150724,0.0016649778699502349,1.5431280136108398,0.7692715174899513,0.1890796045620729,0.21717171717171715,0.15636363636363637,0.35537190082644626,0.245398773006135,2331,2098,0,220,124,0.9408960938453674,0.5636363625526428,0.9351018667221069,0.07401643930612742,0.0,0.07153075933456421,0.7886924682074097,0.19318008545711718,0.7845262340321201,0.19493318170451973,0.7739102112108923,0.19543705264798047,0.727562645630286,0.11377544249327866
npy,./data/MSL,S-2,S-2,fixed,100,256,128,0.15,50,64,0.001,1,1,1,1,0.001,adam,0.1,0.99,fixed,gated,5000,none,8,0.95,"[0.5, 1.0, 2.0]",0,0,3,55,2.887841,8,0.00474217114970088,0.002568760421127081,1.1139085292816162,0.6724569483380056,0.28843884449918755,0.012012012012012012,0.006056018168054504,0.7272727272727273,0.42857142857142855,1728,0,0,110,0,0.0,0.0,0.0,0.07205649658485695,1.0,1.0,0.6799659591509811,0.2896646757861489,0.6860232278734482,0.2894249951844914,0.6967861433720465,0.2902531308169309,0.6454245094112936,0.009624620353972059
npy,./data/MSL,F-4,F-4,base_noTTA,100,256,128,0.15,50,64,0.001,1,0,1,0,0.001,adam,0.1,0.99,fixed,gated,5000,none,8,0.95,"[0.5, 1.0, 2.0]",0,0,0,55,2.887786,0,0.003962829243391752,inf,2.7328343391418457,0.5336267080249326,0.025974722222901314,0.05982905982905983,0.03526448362720403,0.19718309859154928,0.06798866855524079,3323,3209,0,170,165,0.948582112789154,0.970588207244873,0.9654297232627869,0.00887824008883104,0.06306306086480618,0.04496419740219911,,,,,,,,
npy,./data/MSL,P-10,P-10,base_noTTA,100,256,128,0.15,50,64,0.001,1,0,1,0,0.001,adam,0.1,0.99,fixed,gated,5000,none,8,0.95,"[0.5, 1.0, 2.0]",0,0,1,55,2.887786,0,0.0019305155146867037,inf,4.509167671203613,0.9669603383384126,0.5752879134491371,0.3771043771043771,0.24190064794816415,0.8549618320610687,0.5306122448979592,6001,5374,0,230,42,0.992184579372406,0.1826086938381195,0.9239299893379211,0.009249615840088663,0.0,0.23498498648405075,,,,,,,,
npy,./data/MSL,C-2,C-2,gate_noTTA,100,256,128,0.15,50,64,0.001,1,1,1,0,0.001,adam,0.1,0.99,fixed,gated,5000,unc,8,0.95,"[0.5, 1.0, 2.0]",0,0,6,55,2.887841,8,0.005930072627961636,0.002930531045421958,0.9139935970306396,0.6229854548505441,0.1065032114901231,0.17852522639068563,0.10849056603773585,0.5036496350364964,0.18495684340320592,1952,1297,0,335,130,0.8997687101364136,0.38805970549583435,0.7217068672180176,0.0683965741610918,0.6909115413824717,0.24878725533684096,0.6955700981625975,0.1239861563662058,0.7258807557070834,0.13957840967175542,0.7602681738095783,0.17026805797513786,0.8290239419109291,0.3284668949605721
npy,./data/MSL,P-10,P-10,mask_noTTA,100,256,128,0.15,50,64,0.001,1,1,1,0,0.001,adam,0.1,0.99,fixed,gated,5000,none,8,0.95,"[0.5, 1.0, 2.0]",0,0,8,55,2.887841,8,0.002053881762549281,0.0016972868470475078,5.869353771209717,0.9518862724585934,0.5231856392823808,0.33333333333333326,0.21095334685598377,0.7938931297709924,0.5120772946859903,6001,5421,0,230,56,0.9896697998046875,0.24347825348377228,0.929648220539093,0.08174821230356465,0.0005555555690079927,0.21972973023851713,0.9573726339266874,0.5406915457211248,0.9573419409953973,0.5497525718399288,0.9563840657647207,0.5610026393652165,0.9154985235421177,0.3604382555417188
npy,./data/MSL,D-15,D-15,mask_noTTA,100,256,128,0.15,50,64,0.001,1,1,1,0,0.001,adam,0.1,0.99,fixed,gated,5000,none,8,0.95,"[0.5, 1.0, 2.0]",0,0,1,55,2.887841,8,0.004412095993757248,0.0036060118582099676,2.4757158756256104,0.6260868760393132,0.38550259600195597,0.3692551505546751,0.3752012882447665,0.36349453978159124,0.498890368397692,2059,1041,0,658,66,0.9365994334220886,0.10030394792556763,0.6959314942359924,0.06605908383206872,0.2896440128485362,0.0,0.6873190682406466,0.42281919496229087,0.7121484332016657,0.4473475015020488,0.7383537793720054,0.4845809812525582,0.8054169233348109,0.6490753677065262
npy,./data/MSL,D-15,D-15,mask_noTTA,100,256,128,0.15,50,64,0.001,1,1,1,0,0.001,adam,0.1,0.99,fixed,gated,5000,none,8,0.95,"[0.5, 1.0, 2.0]",0,0,9,55,2.887841,8,0.0042181662283837795,0.003495028242468834,2.6243364810943604,0.6166709687504178,0.38966214174170266,0.3966565349544073,0.38666666666666666,0.40717628705148207,0.4850715746421268,2059,938,0,658,33,0.9648187756538391,0.050151973962783813,0.6459671854972839,0.07310499549780498,0.3333333410943548,0.0,0.6791896725308696,0.4269011275865571,0.7047738732225624,0.4498699333053352,0.7290479094443935,0.4838872339464251,0.7902595339146459,0.6576655149081696
npy,./data/MSL,M-3,M-3,gate_noTTA,100,256,128,0.15,50,64,0.001,1,1,1,0,0.001,adam,0.1,0.99,fixed,gated,5000,unc,8,0.95,"[0.5, 1.0, 2.0]",0,0,0,55,2.887841,8,0.004953938070684671,0.002664173487573862,2.3838679790496826,0.43343895208080263,0.10665544651747924,0.14697120158887786,0.09788359788359788,0.2948207171314741,0.21123785382340518,2028,1422,0,350,310,0.7819972038269043,0.8857142925262451,0.6626936793327332,0.06805498454227485,0.23152709503968558,0.34546137352784473,0.42448542716129084,0.10509538077428136,0.4231390005011936,0.10427225212274524,0.4247976112607141,0.1030323603290311,0.43923665678437634,0.09797949619640862
npy,./data/MSL,P-15,P-15,gate_gbuf5k,100,256,128,0.15,50,64,0.001,1,1,1,1,0.001,adam,0.1,0.99,adaptive,gated,5000,unc,8,0.95,"[0.5, 1.0, 2.0]",0,0,4,55,2.887841,8,0.001453234115615487,0.0014518133830279112,4.489363193511963,0.7319391954312588,0.6374238097815683,0.10606060606060606,0.05761316872427984,0.6666666666666666,0.7272727272727273,2757,2346,44,120,52,0.9778345823287964,0.4333333373069763,0.8699279427528381,0.09415934040012851,0.12077294538418452,0.0,0.7438481565465692,0.6456580931326417,0.7470059628789786,0.6520979987481967,0.7488032249937011,0.6610473288840273,0.7174267237759302,0.15266939046168718
npy,./data/MSL,P-10,P-10,gate_noTTA,100,256,128,0.15,50,64,0.001,1,1,1,0,0.001,adam,0.1,0.99,fixed,gated,5000,unc,8,0.95,"[0.5, 1.0, 2.0]",0,0,5,55,2.887841,8,0.0020399093627929688,0.0016478841425850987,5.55080509185791,0.9547049066487283,0.5125393683131457,0.3247588424437299,0.20570264765784113,0.7709923664122137,0.48913043478260876,6001,5250,0,230,53,0.9899047613143921,0.23043477535247803,0.9005371928215027,0.08049863037556891,0.0,0.22264263903101286,0.9604994763018598,0.534498597149082,0.9599572345157359,0.5447503693840249,0.9572741607721318,0.5574811504051369,0.9155931600802619,0.3848581188004714
npy,./data/MSL,P-15,P-15,gate_gbuf5k,100,256,128,0.15,50,64,0.001,1,1,1,1,0.001,adam,0.1,0.99,adaptive,gated,5000,unc,8,0.95,"[0.5, 1.0, 2.0]",0,0,2,55,2.887841,8,0.00153897306881845,0.001370836514979601,4.049594163894653,0.7131939195431258,0.6659266236533833,0.10144927536231883,0.054901960784313725,0.6666666666666666,0.7777777777777778,2757,2274,44,120,34,0.9850483536720276,0.28333333134651184,0.8494501113891602,0.1068215548321956,0.10990338275829951,0.001212121220305562,0.734408331233728,0.6608927806779865,0.7401864449483496,0.6609509914932502,0.7435794070714704,0.6568592054967601,0.6949189552364154,0.11324378959423374
npy,./data/MSL,F-8,F-8,gate_noTTA,100,256,128,0.15,50,64,0.001,1,1,1,0,0.001,adam,0.1,0.99,fixed,gated,5000,unc,8,0.95,"[0.5, 1.0, 2.0]",0,0,7,55,2.887841,8,0.005788278300315142,0.0033071304205805063,3.8377134799957275,0.5745938977223893,0.2578110388435635,0.22349570200573063,0.22941176470588234,0.21787709497206703,0.38580596451491134,2388,2054,0,537,404,0.8033106327056885,0.7523277401924133,0.8914100527763367,0.06994380423771077,0.08089260756969452,0.04681647817293803,0.5698362221267249,0.2587044182935023,0.5639001098218975,0.26116989665078477,0.5594709449458053,0.27022948148315695,0.5642906937879004,0.2925178984430732
npy,./data/MSL,C-2,C-2,mask_noTTA,100,256,128,0.15,50,64,0.001,1,1,1,0,0.001,adam,0.1,0.99,fixed,gated,5000,none,8,0.95,"[0.5, 1.0, 2.0]",0,0,9,55,2.887841,8,0.006238095927983522,0.003197707701474428,0.8942170143127441,0.6146450663188645,0.10555791737591931,0.17268041237113402,0.10485133020344288,0.48905109489051096,0.21632653061224488,1952,1354,0,335,133,0.9017724990844727,0.39701491594314575,0.7551020383834839,0.07506081315337634,0.6526961227258047,0.23185493828107914,0.685269508576833,0.12469703224993084,0.7150424455987003,0.1416677488256044,0.7476832254078667,0.17532216465726505,0.8129647850261996,0.32230972497288385
npy,./data/MSL,M-6,M-6,fixed,100,256,128,0.15,50,64,0.001,1,1,1,1,0.001,adam,0.1,0.99,fixed,gated,5000,none,8,0.95,"[0.5, 1.0, 2.0]",0,0,3,55,2.887841,8,0.002141630742698908,0.00151160079985857,1.9399652481079102,0.7584529203686396,0.6285796937782175,0.18482252141982866,0.10392291810048176,0.8342541436464088,0.7117437722419929,1950,0,0,199,0,0.0,0.0,0.0,0.06744886055970803,1.0,0.6666666666666666,0.7630195085593952,0.6414561216828265,0.7624516426703893,0.6402814076495761,0.7625640327942551,0.6382998246486026,0.752108793639902,0.627318253935239
npy,./data/MSL,S-2,S-2,base_noTTA,100,256,128,0.15,50,64,0.001,1,0,1,0,0.001,adam,0.1,0.99,fixed,gated,5000,none,8,0.95,"[0.5, 1.0, 2.0]",0,0,3,55,2.887786,0,0.0046538785099983215,inf,1.0557610988616943,0.6953344012815379,0.2849606262973217,0.01284796573875803,0.006474820143884892,0.8181818181818182,0.42857142857142855,1728,0,0,110,0,0.0,0.0,0.0,0.009837663835949369,1.0,1.0,,,,,,,,
npy,./data/MSL,P-10,P-10,gate_noTTA,100,256,128,0.15,50,64,0.001,1,1,1,0,0.001,adam,0.1,0.99,fixed,gated,5000,unc,8,0.95,"[0.5, 1.0, 2.0]",0,0,0,55,2.887841,8,0.0019772201776504517,0.001582189230248332,5.2158098220825195,0.9540309410324846,0.5501996743737075,0.3090909090909091,0.19281663516068054,0.7786259541984732,0.5728643216080401,6001,5169,0,230,46,0.9911007881164551,0.20000000298023224,0.8877144455909729,0.08166934863425676,0.0016666667070239782,0.22388889268040657,0.9577601321842241,0.5632418142693245,0.9567754006386688,0.5695010866245727,0.9530551615918889,0.5780207317497011,0.9153540109906271,0.4101014080874039
npy,./data/MSL,C-2,C-2,gate_gbuf5k,100,256,128,0.15,50,64,0.001,1,1,1,1,0.001,adam,0.1,0.99,adaptive,gated,5000,unc,8,0.95,"[0.5, 1.0, 2.0]",0,0,0,55,2.887841,8,0.005935264751315117,0.002999686636030674,0.8448436260223389,0.5795788237268228,0.11231980353737601,0.1487603305785124,0.1037463976945245,0.26277372262773724,0.19965576592082618,1952,1640,31,335,235,0.8567073345184326,0.7014925479888916,0.868893027305603,0.08863980164293384,0.239092489083608,0.0,0.653353316705947,0.13145124088838894,0.6943116033224264,0.14929749319787772,0.7393085142896368,0.1829722588713421,0.8219687435645151,0.3436363476840545
npy,./data/MSL,T-8,T-8,mask_noTTA,100,256,128,0.15,50,64,0.001,1,1,1,0,0.001,adam,0.1,0.99,fixed,gated,5000,none,8,0.95,"[0.5, 1.0, 2.0]",0,0,6,55,2.887841,8,0.0048570227809250355,0.002212949562817812,0.9252278804779053,0.5729793681763461,0.1095699940384848,0.13762486126526083,0.07759699624530664,0.6078431372549019,0.15879828326180256,1420,0,0,300,0,0.0,0.0,0.0,0.07078211072465064,1.0,1.0,0.5968630218495302,0.11466830993137096,0.6136410809913239,0.11898323756697135,0.6313877703516128,0.12333740713183168,0.619791882878769,0.10728754204824695
npy,./data/MSL,T-5,T-5,fixed,100,256,128,0.15,50,64,0.001,1,1,1,1,0.001,adam,0.1,0.99,fixed,gated,5000,none,8,0.95,"[0.5, 1.0, 2.0]",0,0,8,55,2.887841,8,0.00315338047221303,0.0023205254692584276,3.1075828075408936,0.62396476698484,0.20968558967637402,0.04063205417607224,0.02158273381294964,0.34615384615384615,0.32258064516129037,2119,1552,32,125,23,0.9851804375648499,0.18400000035762787,0.7668004035949707,0.09321840150337166,0.41509434084097546,0.24603564540545145,0.6503017967434026,0.21420817851886612,0.6559341661987648,0.22046129491487695,0.6657074677147669,0.23225017620093508,0.669620297585626,0.06841870684080789
npy,./data/MSL,F-8,F-8,mask_noTTA,100,256,128,0.15,50,64,0.001,1,1,1,0,0.001,adam,0.1,0.99,fixed,gated,5000,none,8,0.95,"[0.5, 1.0, 2.0]",0,0,3,55,2.887841,8,0.0057212794199585915,0.0033834129571914673,4.1563451290130615,0.5652790908656831,0.24375251279329188,0.20487804878048782,0.2151639344262295,0.19553072625698323,0.3847389558232931,2388,2094,0,537,416,0.8013371825218201,0.774674117565155,0.9065369963645935,0.06805842046561952,0.09344490865866344,0.08239700396855672,0.5673418325932293,0.24683551876169169,0.5647786850021487,0.24960053862088333,0.5640605452895956,0.2596000539820842,0.5760425917967817,0.31169572519564614
npy,./data/MSL,F-7,F-7,base_noTTA,100,256,128,0.15,50,64,0.001,1,0,1,0,0.001,adam,0.1,0.99,fixed,gated,5000,none,8,0.95,"[0.5, 1.0, 2.0]",0,0,7,55,2.887786,0,0.0030677204485982656,inf,2.9959611892700195,0.3461113382779123,0.05878683397138117,0.024844720496894408,0.022099447513812154,0.028368794326241134,0.15446412269490595,4955,4662,0,720,669,0.8564993739128113,0.9291666746139526,0.9428571462631226,0.008882258903126182,0.018227452412247658,0.0282828276976943,,,,,,,,
npy,./data/MSL,D-15,D-15,gate_gbuf5k,100,256,128,0.15,50,64,0.001,1,1,1,1,0.001,adam,0.1,0.99,adaptive,gated,5000,unc,8,0.95,"[0.5, 1.0, 2.0]",0,0,5,55,2.887841,8,0.004233871586620808,0.0030950545333325863,2.577500820159912,0.6155418003140692,0.3829712921408256,0.30035335689045933,0.34623217922606925,0.26521060842433697,0.4867617107942973,2059,1406,33,658,275,0.8044096827507019,0.4179331362247467,0.8072805404663086,0.1054071812678333,0.10679611936211586,0.0,0.6631231893969233,0.41347704160082166,0.6783217142792501,0.430798509416872,0.694539370236642,0.4580084713967187,0.7472194998544832,0.5263224777290805
npy,./data/MSL,M-7,M-7,fixed,100,256,128,0.15,50,64,0.001,1,1,1,1,0.001,adam,0.1,0.99,fixed,gated,5000,none,8,0.95,"[0.5, 1.0, 2.0]",0,0,2,55,2.887841,8,0.0025733946822583675,0.0020360061898827553,1.9677574634552002,0.8820698128206982,0.5886388799108311,0.1524440762220381,0.08318264014466546,0.9108910891089109,0.6627906976744186,2057,427,8,200,0,1.0,0.0,0.2299407720565796,0.07749357209602026,1.0,0.30569106340408325,0.8984317409843174,0.6122400969584348,0.907494399074944,0.6337256907594297,0.9148033051480331,0.6623247919326679,0.8808556768085567,0.4983846655798867
npy,./data/MSL,P-15,P-15,gate_noTTA,100,256,128,0.15,50,64,0.001,1,1,1,0,0.001,adam,0.1,0.99,fixed,gated,5000,unc,8,0.95,"[0.5, 1.0, 2.0]",0,0,7,55,2.887841,8,0.001551734283566475,0.0012819647090509534,4.907121658325195,0.7202317964222725,0.6691640412594149,0.0784313725490196,0.041666666666666664,0.6666666666666666,0.8,2757,1979,0,120,22,0.9888832569122314,0.18333333730697632,0.742131233215332,0.07327873290860658,0.18236715098222098,0.16363636155923209,0.7257411606617956,0.6692183424223451,0.7278239690938103,0.6692361268478366,0.7321407575375829,0.6692746720373902,0.697673637356177,0.30043322295057134
npy,./data/MSL,T-4,T-4,gate_gbuf5k,100,256,128,0.15,50,64,0.001,1,1,1,1,0.001,adam,0.1,0.99,adaptive,gated,5000,unc,8,0.95,"[0.5, 1.0, 2.0]",0,0,5,55,2.887841,8,0.004119544755667448,0.002463786629959941,2.7627413272857666,0.44042992470245323,0.03100213588800789,0.047186932849364795,0.026970954356846474,0.18840579710144928,0.0605528740675735,2118,1905,34,168,157,0.9175853133201599,0.9345238208770752,0.8964102268218994,0.10860596657699859,0.11006289223829906,0.0,0.4291960165168812,0.03011084464698876,0.4248171538067093,0.029161314505451237,0.4218281920492267,0.028284854626445942,0.40988583920330335,0.026256483567829364
npy,./data/MSL,D-14,D-14,gate_noTTA,100,256,128,0.15,50,64,0.001,1,1,1,0,0.001,adam,0.1,0.99,fixed,gated,5000,unc,8,0.95,"[0.5, 1.0, 2.0]",0,0,7,55,2.887841,8,0.0051813386380672455,0.002725937170907855,4.873702049255371,0.458224141744741,0.28427065379274624,0.1409993155373032,0.08313155770782889,0.46396396396396394,0.34337349397590367,2526,613,0,420,108,0.8238173127174377,0.2571428716182709,0.23979108035564423,0.0657252819879793,0.8735177715619405,0.394179900487264,0.4849831104512752,0.2916866168406946,0.5008247948322855,0.2955821061659682,0.5189852774122438,0.30353362540767703,0.5074531460299251,0.18628398669313895
npy,./data/MSL,T-13,T-13,mask_noTTA,100,256,128,0.15,50,64,0.001,1,1,1,0,0.001,adam,0.1,0.99,fixed,gated,5000,none,8,0.95,"[0.5, 1.0, 2.0]",0,0,4,55,2.887841,8,0.002582841319963336,0.0019033069256693125,1.391141414642334,0.7086922617225647,0.20970932724037344,0.16377171215880895,0.2185430463576159,0.13095238095238096,0.30659898477157366,2331,2331,0,450,450,0.80694979429245,1.0,1.0,0.06972418891059028,0.0,0.0,0.7149197603743058,0.2185717090499947,0.7091459326307811,0.22088569251827936,0.7015993265993266,0.22246923387780446,0.6747216027519057,0.21030762869217406
npy,./data/MSL,F-4,F-4,base_noTTA,100,256,128,0.15,50,64,0.001,1,0,1,0,0.001,adam,0.1,0.99,fixed,gated,5000,none,8,0.95,"[0.5, 1.0, 2.0]",0,0,2,55,2.887786,0,0.0037757863756269217,inf,2.646090269088745,0.5432433454802225,0.02546803025712986,0.05859375,0.034013605442176874,0.2112676056338028,0.06864988558352403,3323,3154,0,170,164,0.9480025172233582,0.9647058844566345,0.94830322265625,0.008877953096861011,0.09109109019239743,0.06310417378942172,,,,,,,,
npy,./data/MSL,P-15,P-15,base_noTTA,100,256,128,0.15,50,64,0.001,1,0,1,0,0.001,adam,0.1,0.99,fixed,gated,5000,none,8,0.95,"[0.5, 1.0, 2.0]",0,0,9,55,2.887786,0,0.0016637432854622602,inf,4.504212379455566,0.7480305702527924,0.6539701567305714,0.07506702412868632,0.03977272727272727,0.6666666666666666,0.742857142857143,2757,2215,0,120,26,0.988261878490448,0.21666666865348816,0.8301099538803101,0.010340033037575164,0.1654589424530665,0.15151515106360117,,,,,,,,
npy,./data/MSL,T-5,T-5,fixed,100,256,128,0.15,50,64,0.001,1,1,1,1,0.001,adam,0.1,0.99,fixed,gated,5000,none,8,0.95,"[0.5, 1.0, 2.0]",0,0,2,55,2.887841,8,0.0030923320446163416,0.002363942563533783,2.6276402473449707,0.5740103874227962,0.20826641616126262,0.04035874439461883,0.02142857142857143,0.34615384615384615,0.32258064516129037,2119,1483,32,125,23,0.9844908714294434,0.18400000035762787,0.732196569442749,0.08141718815384523,0.4323899398247401,0.316984115789334,0.588661566535654,0.21088344206653578,0.5916093486805165,0.21429537799672393,0.5943641212801796,0.22183765667972524,0.586362998315553,0.053976911204798896
npy,./data/MSL,T-9,T-9,base_noTTA,100,256,128,0.15,50,64,0.001,1,0,1,0,0.001,adam,0.1,0.99,fixed,gated,5000,none,8,0.95,"[0.5, 1.0, 2.0]",0,0,2,55,2.887786,0,0.008931953459978104,inf,0.35901808738708496,0.6010090011614402,0.2861512843003492,0.22883295194508008,0.15384615384615385,0.44642857142857145,0.3253968253968254,997,814,0,290,138,0.8304668068885803,0.475862056016922,0.9561527371406555,0.00952813426852824,0.0,0.0,,,,,,,,
npy,./data/MSL,T-8,T-8,gate_gbuf5k,100,256,128,0.15,50,64,0.001,1,1,1,1,0.001,adam,0.1,0.99,adaptive,gated,5000,unc,8,0.95,"[0.5, 1.0, 2.0]",0,0,3,55,2.887841,8,0.004845673684030771,0.002753984183073044,0.8414638042449951,0.5589757427318139,0.104035549744924,0.11744386873920552,0.07127882599580712,0.3333333333333333,0.1414141414141414,1420,677,22,300,97,0.8567208051681519,0.3233333230018616,0.5178571343421936,0.08874510375546737,0.21126760294040045,0.0,0.5743977195677141,0.10754249387446269,0.5845060677764402,0.10990827595107619,0.5994368107158177,0.11347021749024286,0.6182420745291765,0.10335628781137222
npy,./data/MSL,T-4,T-4,base_noTTA,100,256,128,0.15,50,64,0.001,1,0,1,0,0.001,adam,0.1,0.99,fixed,gated,5000,none,8,0.95,"[0.5, 1.0, 2.0]",0,0,2,55,2.887786,0,0.003738746978342533,inf,2.661818742752075,0.4117885191482471,0.026541840270550933,0.04225352112676056,0.02404809619238477,0.17391304347826086,0.0605528740675735,2118,1408,0,168,140,0.9005681872367859,0.8333333134651184,0.6502563953399658,0.008264952273274279,0.46226415534814197,0.4153327892223994,,,,,,,,
npy,./data/MSL,M-2,M-2,gate_gbuf5k,100,256,128,0.15,50,64,0.001,1,1,1,1,0.001,adam,0.1,0.99,adaptive,gated,5000,unc,8,0.95,"[0.5, 1.0, 2.0]",0,0,8,55,2.887841,8,0.005625459831207991,0.002816346939653158,3.082587957382202,0.6976336546888695,0.6794734006952534,0.44646924829157175,0.6373983739837399,0.34355828220858897,0.7018156424581005,2178,1786,35,1167,823,0.5391937494277954,0.7052270770072937,0.9525222778320312,0.10401322493540026,0.04281345568597317,0.0,0.7465834115120169,0.712605246375936,0.7716968991865303,0.7360598498662598,0.7992818876448877,0.7687264631174444,0.8321053622347583,0.8296916815834493
npy,./data/MSL,D-16,D-16,base_noTTA,100,256,128,0.15,50,64,0.001,1,0,1,0,0.001,adam,0.1,0.99,fixed,gated,5000,none,8,0.95,"[0.5, 1.0, 2.0]",0,0,7,55,2.887786,0,0.00374522153288126,inf,1.75433349609375,0.5258393680052666,0.34784923671605783,0.42831541218638,0.30234029095509174,0.7342549923195084,0.4632465543644717,2092,0,0,750,0,0.0,0.0,0.0,0.009082015568166117,1.0,1.0,,,,,,,,
npy,./data/MSL,M-7,M-7,mask_noTTA,100,256,128,0.15,50,64,0.001,1,1,1,0,0.001,adam,0.1,0.99,fixed,gated,5000,none,8,0.95,"[0.5, 1.0, 2.0]",0,0,8,55,2.887841,8,0.0027489475905895233,0.00185577932279557,2.0367271900177,0.8909397509093976,0.5760259746745173,0.1590909090909091,0.087248322147651,0.900990099009901,0.695187165775401,2057,434,0,200,0,1.0,0.0,0.23371028900146484,0.06903788390875906,1.0,0.29430894056955975,0.9049938570499385,0.6023779623396812,0.9126737491267374,0.6155244322325963,0.9213220592132204,0.634336232369153,0.9285249692852497,0.5242658985825764
npy,./data/MSL,F-7,F-7,base_noTTA,100,256,128,0.15,50,64,0.001,1,0,1,0,0.001,adam,0.1,0.99,fixed,gated,5000,none,8,0.95,"[0.5, 1.0, 2.0]",0,0,9,55,2.887786,0,0.003057400230318308,inf,3.08158278465271,0.31991926134545023,0.05696209272258141,0.025559105431309903,0.023255813953488372,0.028368794326241134,0.1545205479452055,4955,4663,0,720,673,0.855672299861908,0.9347222447395325,0.942148745059967,0.008780636291811854,0.008736558879415194,0.0309764314442873,,,,,,,,
npy,./data/MSL,M-4,M-4,gate_gbuf5k,100,256,128,0.15,50,64,0.001,1,1,1,1,0.001,adam,0.1,0.99,adaptive,gated,5000,unc,8,0.95,"[0.5, 1.0, 2.0]",0,0,1,55,2.887841,8,0.004643358290195465,0.0026271804235875607,2.5917012691497803,0.4248635006699559,0.11442878335565607,0.1351981351981352,0.09555189456342669,0.23107569721115537,0.21978021978021978,1939,1693,31,350,337,0.8009450435638428,0.9628571271896362,0.8533669114112854,0.09232983876897724,0.1821305826306343,0.0,0.4189487154905839,0.1130315364377921,0.4194124453501049,0.11255083901413687,0.4214858528950789,0.11159304011437507,0.43900949085582675,0.1074212748098193
npy,./data/MSL,P-10,P-10,base_noTTA,100,256,128,0.15,50,64,0.001,1,0,1,0,0.001,adam,0.1,0.99,fixed,gated,5000,none,8,0.95,"[0.5, 1.0, 2.0]",0,0,4,55,2.887786,0,0.001922372612170875,inf,5.043195962905884,0.9608153577197198,0.5479924370783406,0.3780068728522336,0.24390243902439024,0.8396946564885496,0.5157894736842105,6001,5369,0,230,40,0.9925498366355896,0.17391304671764374,0.923410177230835,0.009418268875963707,0.0,0.23429429779450098,,,,,,,,
npy,./data/MSL,F-4,F-4,gate_gbuf5k,100,256,128,0.15,50,64,0.001,1,1,1,1,0.001,adam,0.1,0.99,adaptive,gated,5000,unc,8,0.95,"[0.5, 1.0, 2.0]",0,0,9,55,2.887841,8,0.003847501240670681,0.001890485524199903,3.035245418548584,0.5355937475044237,0.024867555255543555,0.06521739130434782,0.038560411311053984,0.2112676056338028,0.0662251655629139,3323,2994,52,170,142,0.9525718092918396,0.8352941274642944,0.9045353531837463,0.10111466108443254,0.06006005903085073,0.018321327787513535,0.5035494975222867,0.023078833734476476,0.4924743927606222,0.022119679881361067,0.48018459908961375,0.02087367908352821,0.4121115832566272,0.016485892996665745
npy,./data/MSL,T-12,T-12,gate_noTTA,100,256,128,0.15,50,64,0.001,1,1,1,0,0.001,adam,0.1,0.99,fixed,gated,5000,unc,8,0.95,"[0.5, 1.0, 2.0]",0,0,1,55,2.887841,8,0.002964501269161701,0.0020417089108377695,1.349149227142334,0.7956863011786434,0.21615676095989578,0.22613065326633167,0.1624548736462094,0.371900826446281,0.2573099415204678,2331,2160,0,220,132,0.9388889074325562,0.6000000238418579,0.9606821537017822,0.09286725843274915,0.0,0.06294706960519154,0.8152790553672479,0.22078801016947364,0.8125301998289124,0.22059913261402672,0.8029145743032116,0.2173418148477771,0.7610714809817137,0.1307646966476084
npy,./data/MSL,P-11,P-11,noMask_fixed,100,256,128,0.15,50,64,0.001,1,0,1,1,0.001,adam,0.1,0.99,fixed,gated,5000,none,8,0.95,"[0.5, 1.0, 2.0]",0,0,7,55,2.887786,0,0.002960121026262641,inf,4.92041540145874,0.7220979952148288,0.12596511081516598,0.10874704491725767,0.11794871794871795,0.10087719298245613,0.21983273596176825,3436,3436,54,426,426,0.8760186433792114,1.0,1.0,0.031872872562430654,0.0,0.0,,,,,,,,
npy,./data/MSL,D-16,D-16,mask_noTTA,100,256,128,0.15,50,64,0.001,1,1,1,0,0.001,adam,0.1,0.99,fixed,gated,5000,none,8,0.95,"[0.5, 1.0, 2.0]",0,0,7,55,2.887841,8,0.0037296044174581766,0.002175709931179881,1.8328046798706055,0.5133610629002334,0.34336396984442485,0.4069548872180452,0.2931618144888287,0.6651305683563749,0.46428571428571425,2092,0,0,750,0,0.0,0.0,0.0,0.08366748434179827,1.0,1.0,0.524751132124404,0.35494167204464044,0.5324705248668382,0.36715593180442263,0.5431434157240609,0.3927289946975066,0.555699523211044,0.4685709132148552
npy,./data/MSL,D-15,D-15,fixed,100,256,128,0.15,50,64,0.001,1,1,1,1,0.001,adam,0.1,0.99,fixed,gated,5000,none,8,0.95,"[0.5, 1.0, 2.0]",0,0,9,55,2.887841,8,0.0042181662283837795,0.003495028242468834,2.5849106311798096,0.6266319209129605,0.3858912589626171,0.37411207576953437,0.37859424920127793,0.36973478939157567,0.5012260912211869,2059,913,27,658,23,0.9748083353042603,0.03495440632104874,0.6352605223655701,0.09714868127749694,0.3527508117258549,0.0,0.6874537868792273,0.42275903845743457,0.7099014085810631,0.44469887134000435,0.7318245531403326,0.47849273532747577,0.7949417778952423,0.6663409640296888
npy,./data/MSL,M-6,M-6,base_noTTA,100,256,128,0.15,50,64,0.001,1,0,1,0,0.001,adam,0.1,0.99,fixed,gated,5000,none,8,0.95,"[0.5, 1.0, 2.0]",0,0,8,55,2.887786,0,0.0022849184460937977,inf,1.882425308227539,0.7463709820530717,0.6327009253355903,0.18181818181818185,0.10194500335345406,0.8397790055248618,0.7137809187279153,1950,0,0,199,0,0.0,0.0,0.0,0.008720618027907152,1.0,0.6666666666666666,,,,,,,,
npy,./data/MSL,C-1,C-1,mask_noTTA,100,256,128,0.15,50,64,0.001,1,1,1,0,0.001,adam,0.1,0.99,fixed,gated,5000,none,8,0.95,"[0.5, 1.0, 2.0]",0,0,9,55,2.887841,8,0.0054741050116717815,0.0027410415932536125,2.752202033996582,0.6478004150903741,0.204211061469798,0.21176470588235294,0.16728624535315986,0.28846153846153844,0.31430253090052973,2165,1668,0,464,352,0.7889688014984131,0.7586206793785095,0.7736625671386719,0.07299319701161726,0.8986175060272217,0.0,0.651223925493905,0.20893518463443453,0.6493865594787727,0.21092902886470014,0.6477068227196301,0.2163763906189856,0.6534011795922656,0.2231137276421854
npy,./data/MSL,P-14,P-14,mask_noTTA,100,256,128,0.15,50,64,0.001,1,1,1,0,0.001,adam,0.1,0.99,fixed,gated,5000,none,8,0.95,"[0.5, 1.0, 2.0]",0,0,6,55,2.887841,8,0.0022931236308068037,0.0017232660902664065,3.633281707763672,0.8985988561977114,0.4756731410234547,0.33810143042912877,0.22108843537414966,0.7182320441988951,0.4782608695652174,6001,5401,0,280,109,0.9798185229301453,0.38928571343421936,0.9250131249427795,0.07850153210599747,0.006666666828095913,0.24729167421658835,0.9139114696655308,0.508331035981945,0.9193653922801279,0.5338449837911247,0.9242527341952455,0.5681028148782848,0.9024743801915175,0.49631553873757944
npy,./data/MSL,D-15,D-15,fixed,100,256,128,0.15,50,64,0.001,1,1,1,1,0.001,adam,0.1,0.99,fixed,gated,5000,none,8,0.95,"[0.5, 1.0, 2.0]",0,0,6,55,2.887841,8,0.004247953649610281,0.003836683463305235,2.353813648223877,0.6093282887544902,0.3773208440185579,0.36,0.3694581280788177,0.35101404056162244,0.49053564236810304,2059,953,28,658,35,0.9632738828659058,0.05319149047136307,0.6552462577819824,0.0769205033171229,0.3398058209568262,0.0,0.67500413925588,0.41606964467457874,0.7019632927703396,0.4407958853267525,0.7273726677478437,0.4765934773560206,0.8098893764583807,0.672295251809095
npy,./data/MSL,F-5,F-5,noMask_fixed,100,256,128,0.15,50,64,0.001,1,0,1,1,0.001,adam,0.1,0.99,fixed,gated,5000,none,8,0.95,"[0.5, 1.0, 2.0]",0,0,2,55,2.887786,0,0.0030829047318547964,inf,3.012493848800659,0.7976347904274694,0.36844350595460984,0.2568306010928962,0.16179001721170397,0.6225165562913907,0.41148325358851673,3823,3181,57,250,58,0.9817667603492737,0.23199999332427979,0.8740554451942444,0.027730082642367895,0.22628372659285864,0.09593315174182256,,,,,,,,
npy,./data/MSL,F-8,F-8,base_noTTA,100,256,128,0.15,50,64,0.001,1,0,1,0,0.001,adam,0.1,0.99,fixed,gated,5000,none,8,0.95,"[0.5, 1.0, 2.0]",0,0,1,55,2.887786,0,0.005239554215222597,inf,3.984196424484253,0.5392398414744783,0.23310860421953156,0.1967833491012299,0.2,0.19366852886405958,0.3827392120075047,2388,1833,0,537,466,0.7457719445228577,0.8677839636802673,0.7385197281837463,0.009003096888812144,0.24128313222900033,0.32022472222646076,,,,,,,,
npy,./data/MSL,M-4,M-4,gate_gbuf5k,100,256,128,0.15,50,64,0.001,1,1,1,1,0.001,adam,0.1,0.99,adaptive,gated,5000,unc,8,0.95,"[0.5, 1.0, 2.0]",0,0,9,55,2.887841,8,0.0048163700848817825,0.0026543601416051388,2.610147714614868,0.39426401835300096,0.1106212990149947,0.12855377008652658,0.0931899641577061,0.20717131474103587,0.22143802382002645,1939,1702,31,350,332,0.8049353957176208,0.9485714435577393,0.8621774911880493,0.106730124211422,0.14776631941397986,0.0,0.3836550830812174,0.10862919586732636,0.38296506196813196,0.10778576595317953,0.38744629762984995,0.1065876216447407,0.41236731863815024,0.10055432176785184
npy,./data/MSL,T-8,T-8,gate_noTTA,100,256,128,0.15,50,64,0.001,1,1,1,0,0.001,adam,0.1,0.99,fixed,gated,5000,unc,8,0.95,"[0.5, 1.0, 2.0]",0,0,3,55,2.887841,8,0.004845673684030771,0.002753984183073044,0.8467199802398682,0.556090608438153,0.10521063285714546,0.12742980561555076,0.07160194174757281,0.5784313725490197,0.14237288135593218,1420,0,0,300,0,0.0,0.0,0.0,0.06937141149816378,1.0,1.0,0.5719761440214759,0.1084046982476372,0.5838695393471433,0.11101188250411925,0.6023703765204036,0.11380517504621987,0.6270704470920336,0.10435361915796931
npy,./data/MSL,F-5,F-5,mask_noTTA,100,256,128,0.15,50,64,0.001,1,1,1,0,0.001,adam,0.1,0.99,fixed,gated,5000,none,8,0.95,"[0.5, 1.0, 2.0]",0,0,3,55,2.887841,8,0.0031564102973788977,0.00192977802362293,3.258883237838745,0.8078960909415002,0.3755050604349977,0.25242718446601936,0.15964912280701754,0.6026490066225165,0.4234234234234234,3823,3157,0,250,59,0.9813113808631897,0.23600000143051147,0.867058515548706,0.07312197414580796,0.22628372659285864,0.11163996160030365,0.8871748671018456,0.48058968649506634,0.9083244207712747,0.5734470739052986,0.9227039396158554,0.6302133709173647,0.9360964909969952,0.5800479038507244
npy,./data/MSL,M-2,M-2,fixed,100,256,128,0.15,50,64,0.001,1,1,1,1,0.001,adam,0.1,0.99,fixed,gated,5000,none,8,0.95,"[0.5, 1.0, 2.0]",0,0,6,55,2.887841,8,0.005505414679646492,0.00287442933768034,2.9358339309692383,0.7225183925639728,0.7180542705302873,0.5954198473282443,0.7099514563106796,0.5127081507449606,0.7073584265852831,2178,1233,33,1167,279,0.7737226486206055,0.23907454311847687,0.9436202049255371,0.096433856708397,0.08715596546729405,0.0,0.7640814210415869,0.7454402933670343,0.7851989236029675,0.7639609949256682,0.809407055831924,0.7902450756690497,0.8311093555196208,0.8260825458095999
npy,./data/MSL,M-5,M-5,noMask_fixed,100,256,128,0.15,50,64,0.001,1,0,1,1,0.001,adam,0.1,0.99,fixed,gated,5000,none,8,0.95,"[0.5, 1.0, 2.0]",0,0,1,55,2.887786,0,0.0048010037280619144,inf,2.4656801223754883,0.5178592171947654,0.13833121056230552,0.17777777777777778,0.1335559265442404,0.26578073089701,0.23947614593077643,2204,2136,35,400,384,0.8202247023582458,0.9599999785423279,0.9711751937866211,0.029493481623931717,0.052790348728497825,0.025757576028505962,,,,,,,,
npy,./data/MSL,F-4,F-4,base_noTTA,100,256,128,0.15,50,64,0.001,1,0,1,0,0.001,adam,0.1,0.99,fixed,gated,5000,none,8,0.95,"[0.5, 1.0, 2.0]",0,0,7,55,2.887786,0,0.0036949042696505785,inf,2.9688780307769775,0.5371404794028269,0.024688924040375565,0.05785123966942148,0.03389830508474576,0.19718309859154928,0.0599250936329588,3323,3104,0,170,161,0.9481314420700073,0.9470587968826294,0.9333967566490173,0.009029269613058784,0.1181181160112222,0.07679010679324468,,,,,,,,
npy,./data/MSL,M-2,M-2,gate_noTTA,100,256,128,0.15,50,64,0.001,1,1,1,0,0.001,adam,0.1,0.99,fixed,gated,5000,unc,8,0.95,"[0.5, 1.0, 2.0]",0,0,8,55,2.887841,8,0.005625459831207991,0.002816346939653158,2.9349567890167236,0.6990748170001606,0.7012852427403458,0.5726184279021344,0.7051282051282052,0.4820333041191937,0.6920415224913494,2178,1073,0,1167,131,0.8779124021530151,0.11225364357233047,0.9317507147789001,0.06888457894653656,0.0718654418985049,0.0,0.7635321129229363,0.7420385620286011,0.794260578810285,0.7686546459925775,0.8275743417560578,0.8048219739338067,0.8665999061855797,0.8630244225789081
npy,./data/MSL,M-5,M-5,fixed,100,256,128,0.15,50,64,0.001,1,1,1,1,0.001,adam,0.1,0.99,fixed,gated,5000,none,8,0.95,"[0.5, 1.0, 2.0]",0,0,4,55,2.887841,8,0.005358290858566761,0.0030582412146031857,2.547456979751587,0.4856522215326202,0.1341077429055597,0.18706467661691545,0.13352272727272727,0.3122923588039867,0.23392282958199354,2204,2109,35,400,391,0.8146041035652161,0.9775000214576721,0.9523281455039978,0.0871239253700104,0.07239819085225463,0.036363636453946434,0.504203437758255,0.1375632878841132,0.5191536038712118,0.1413037943568951,0.5402305335860154,0.1463771647046907,0.5859638700170262,0.1741061996962316
npy,./data/MSL,S-2,S-2,base_noTTA,100,256,128,0.15,50,64,0.001,1,0,1,0,0.001,adam,0.1,0.99,fixed,gated,5000,none,8,0.95,"[0.5, 1.0, 2.0]",0,0,9,55,2.887786,0,0.004548759199678898,inf,1.1903042793273926,0.5983179815778935,0.279589537591507,0.011502516175413372,0.005797101449275362,0.7272727272727273,0.42857142857142855,1728,0,0,110,0,0.0,0.0,0.0,0.0086876529234427,1.0,1.0,,,,,,,,
npy,./data/MSL,M-6,M-6,noMask_fixed,100,256,128,0.15,50,64,0.001,1,0,1,1,0.001,adam,0.1,0.99,fixed,gated,5000,none,8,0.95,"[0.5, 1.0, 2.0]",0,0,3,55,2.887786,0,0.0022659001406282187,inf,1.8669023513793945,0.7557525997610232,0.6346493361042831,0.17759237187127533,0.09953239812959253,0.8232044198895028,0.7208480565371024,1950,0,0,199,0,0.0,0.0,0.0,0.011796095432379307,1.0,0.6666666666666666,,,,,,,,
npy,./data/MSL,D-15,D-15,fixed,100,256,128,0.15,50,64,0.001,1,1,1,1,0.001,adam,0.1,0.99,fixed,gated,5000,none,8,0.95,"[0.5, 1.0, 2.0]",0,0,8,55,2.887841,8,0.004170671571046114,0.003450418123975396,2.5681099891662598,0.6236012657381708,0.3860306842550906,0.38235294117647056,0.3794162826420891,0.38533541341653665,0.4905494505494505,2059,902,26,658,20,0.9778270721435547,0.030395137146115303,0.6295503377914429,0.09399400630467375,0.3656957938025395,0.0,0.6789171500940461,0.41932105392670393,0.6976276150584586,0.4382602222637981,0.7162033613842906,0.46830800319925064,0.7761181904098842,0.5902756413240725
npy,./data/MSL,T-9,T-9,mask_noTTA,100,256,128,0.15,50,64,0.001,1,1,1,0,0.001,adam,0.1,0.99,fixed,gated,5000,none,8,0.95,"[0.5, 1.0, 2.0]",0,0,5,55,2.887841,8,0.008573578670620918,0.0031154784373939037,0.39752793312072754,0.548644381533101,0.2690343945982894,0.23008849557522126,0.15294117647058825,0.4642857142857143,0.3017543859649123,997,806,0,290,140,0.826302707195282,0.48275861144065857,0.9420084953308105,0.07523218152994139,0.0,0.0,0.6126596980255516,0.2925773872549135,0.6549252322880372,0.3139789647175613,0.7032520325203251,0.3588646633278072,0.7320884146341463,0.25537753166330035
npy,./data/MSL,F-8,F-8,gate_noTTA,100,256,128,0.15,50,64,0.001,1,1,1,0,0.001,adam,0.1,0.99,fixed,gated,5000,unc,8,0.95,"[0.5, 1.0, 2.0]",0,0,0,55,2.887841,8,0.006161646451801062,0.0034982729703187943,4.225298643112183,0.6020054433462255,0.27131434095687135,0.23764258555133078,0.24271844660194175,0.23277467411545624,0.3990167963949201,2388,2133,0,537,413,0.8063759803771973,0.769087553024292,0.9292274713516235,0.0657517107287843,0.044630403319994606,0.013108614832162857,0.5944057680370529,0.271376637058654,0.5877582008308265,0.27189868022586877,0.582989065558898,0.2780956326430229,0.580782122905028,0.3100967176087217
npy,./data/MSL,F-7,F-7,mask_noTTA,100,256,128,0.15,50,64,0.001,1,1,1,0,0.001,adam,0.1,0.99,fixed,gated,5000,none,8,0.95,"[0.5, 1.0, 2.0]",0,0,8,55,2.887841,8,0.004521676804870367,0.003966263961046934,3.380211114883423,0.4456410264263906,0.07120080600573214,0.061491160645657184,0.04555808656036447,0.09456264775413711,0.15446412269490595,4955,4616,0,720,653,0.8585355281829834,0.9069444537162781,0.9357733130455017,0.08326697902891157,0.009449747391045094,0.057912458976109825,0.4599224161563071,0.07211928256144261,0.4639751739867978,0.0723105586953357,0.4655954603394842,0.07232751134078902,0.507436522193686,0.0817528047767214
npy,./data/MSL,M-7,M-7,mask_noTTA,100,256,128,0.15,50,64,0.001,1,1,1,0,0.001,adam,0.1,0.99,fixed,gated,5000,none,8,0.95,"[0.5, 1.0, 2.0]",0,0,9,55,2.887841,8,0.002715430222451687,0.001914363936521113,1.9732046127319336,0.8781045987810461,0.5573938255469609,0.15730337078651685,0.08617424242424243,0.900990099009901,0.6703296703296704,2057,434,0,200,0,1.0,0.0,0.23371028900146484,0.07268996509928465,1.0,0.29430894056955975,0.892852496928525,0.5794136413742135,0.9010286430102864,0.59114847427834,0.9104092891040929,0.6119742131688584,0.9049842210498422,0.4521209698893686
npy,./data/MSL,P-14,P-14,base_noTTA,100,256,128,0.15,50,64,0.001,1,0,1,0,0.001,adam,0.1,0.99,fixed,gated,5000,none,8,0.95,"[0.5, 1.0, 2.0]",0,0,2,55,2.887786,0,0.0023949353490024805,inf,3.2981760501861572,0.911963440143596,0.47561938541745935,0.4152046783625731,0.2823061630218688,0.7845303867403315,0.4838709677419354,6001,5431,0,280,108,0.9801141619682312,0.3857142925262451,0.9304317235946655,0.010000310566321629,0.0,0.23784722139437994,,,,,,,,
npy,./data/MSL,S-2,S-2,noMask_fixed,100,256,128,0.15,50,64,0.001,1,0,1,1,0.001,adam,0.1,0.99,fixed,gated,5000,none,8,0.95,"[0.5, 1.0, 2.0]",0,0,7,55,2.887786,0,0.004488836973905563,inf,1.1002142429351807,0.7219162995594715,0.28361697357315746,0.016046681254558718,0.008088235294117648,1.0,0.42857142857142855,1728,0,0,110,0,0.0,0.0,0.0,0.012443573386580855,1.0,1.0,,,,,,,,
npy,./data/MSL,D-16,D-16,fixed,100,256,128,0.15,50,64,0.001,1,1,1,1,0.001,adam,0.1,0.99,fixed,gated,5000,none,8,0.95,"[0.5, 1.0, 2.0]",0,0,3,55,2.887841,8,0.0038178623653948307,0.00215110182762146,1.7787246704101562,0.5274133700400983,0.3493323800299083,0.42295233688107353,0.30264900662251654,0.7019969278033794,0.46545454545454545,2092,0,0,750,0,0.0,0.0,0.0,0.07577231919560332,1.0,1.0,0.5354210305823208,0.3617687350071863,0.5406896482933349,0.3766544483313061,0.5473751670756278,0.4054729642793686,0.5415634288906178,0.4571965579771884
npy,./data/MSL,T-8,T-8,fixed,100,256,128,0.15,50,64,0.001,1,1,1,1,0.001,adam,0.1,0.99,fixed,gated,5000,none,8,0.95,"[0.5, 1.0, 2.0]",0,0,1,55,2.887841,8,0.004710169043391943,0.0024396744556725025,0.8167078495025635,0.5707722750356318,0.1093632895107768,0.13807531380753138,0.07728337236533958,0.6470588235294118,0.1596244131455399,1420,0,0,300,0,0.0,0.0,0.0,0.0686710988971549,1.0,1.0,0.590525412705661,0.11516560906773675,0.6041623424246199,0.11907867108359255,0.6270496907302089,0.12784494905912897,0.6547801901282743,0.1115665449794093
npy,./data/MSL,T-9,T-9,gate_gbuf5k,100,256,128,0.15,50,64,0.001,1,1,1,1,0.001,adam,0.1,0.99,adaptive,gated,5000,unc,8,0.95,"[0.5, 1.0, 2.0]",0,0,8,55,2.887841,8,0.00855892151594162,0.003336843801662326,0.41504788398742676,0.5708297038327527,0.2806064137154664,0.22657952069716775,0.14985590778097982,0.4642857142857143,0.31884057971014496,997,767,16,290,133,0.8265971541404724,0.45862069725990295,0.896746814250946,0.10281795245355206,0.0,0.0,0.6164343786295006,0.2957525948822809,0.6532193670150988,0.31568501954614003,0.7000762195121951,0.35348608689405775,0.7272158101045296,0.2564859894023629
npy,./data/MSL,M-1,M-1,gate_gbuf5k,100,256,128,0.15,50,64,0.001,1,1,1,1,0.001,adam,0.1,0.99,adaptive,gated,5000,unc,8,0.95,"[0.5, 1.0, 2.0]",0,0,2,55,2.887841,8,0.0034127605613321066,0.002172874752432108,2.844808578491211,0.37037948550196886,0.41344737698705347,0.20823529411764705,0.31663685152057247,0.1551270815074496,0.6682297772567409,2178,1698,35,1167,1080,0.36395758390426636,0.9254498481750488,0.6112759709358215,0.09183712898863905,0.259938841064771,0.0,0.34811707669328856,0.4042428580023719,0.33640570416363214,0.39836198115424803,0.32070413277209264,0.3900250505633403,0.2964130642752219,0.3751561776421726
npy,./data/MSL,S-2,S-2,mask_noTTA,100,256,128,0.15,50,64,0.001,1,1,1,0,0.001,adam,0.1,0.99,fixed,gated,5000,none,8,0.95,"[0.5, 1.0, 2.0]",0,0,6,55,2.887841,8,0.004379786550998688,0.002706218510866165,1.1631560325622559,0.6733580296355628,0.28565718066968965,0.01536312849162011,0.007741027445460943,1.0,0.42857142857142855,1728,0,0,110,0,0.0,0.0,0.0,0.07553577974990562,1.0,1.0,0.6781137364837806,0.28686005344482407,0.6806668001601923,0.2880680313111995,0.6840708850620745,0.2873662085986413,0.6489787745294353,0.010668851780424779
npy,./data/MSL,F-7,F-7,fixed,100,256,128,0.15,50,64,0.001,1,1,1,1,0.001,adam,0.1,0.99,fixed,gated,5000,none,8,0.95,"[0.5, 1.0, 2.0]",0,0,6,55,2.887841,8,0.004350400995463133,0.004221555311232805,3.2508034706115723,0.4483052590901178,0.07112129854087566,0.06752411575562701,0.05115712545676005,0.09929078014184398,0.15503023639362287,4955,4539,78,720,648,0.8572372794151306,0.8999999761581421,0.9187721610069275,0.10898948076635027,0.018542900681495667,0.09292929247021675,0.45791671197240513,0.07156632847039901,0.4611537112674223,0.07176532976689123,0.4657223164071095,0.07209322078599924,0.5035532461114913,0.07991568673638162
npy,./data/MSL,T-5,T-5,gate_noTTA,100,256,128,0.15,50,64,0.001,1,1,1,0,0.001,adam,0.1,0.99,fixed,gated,5000,unc,8,0.95,"[0.5, 1.0, 2.0]",0,0,1,55,2.887841,8,0.003140907036140561,0.0022964230738580227,2.591552972793579,0.5999789444132511,0.21383310925381502,0.039387308533916844,0.02088167053364269,0.34615384615384615,0.32258064516129037,2119,1415,0,125,22,0.9844523072242737,0.17599999904632568,0.6985957622528076,0.06863844737853572,0.4166666716337204,0.30120868732531864,0.6333345030881528,0.21427130235111416,0.6306148231330713,0.2148872453235885,0.6219118472768108,0.21459812238312775,0.5506737787759686,0.051001669725994195
npy,./data/MSL,F-8,F-8,fixed,100,256,128,0.15,50,64,0.001,1,1,1,1,0.001,adam,0.1,0.99,fixed,gated,5000,none,8,0.95,"[0.5, 1.0, 2.0]",0,0,2,55,2.887841,8,0.005633679684251547,0.0032401145435869694,4.245728015899658,0.5821381845962852,0.23839138938352494,0.19391634980988592,0.19805825242718447,0.18994413407821228,0.40063846767757383,2388,2159,38,537,455,0.7892543077468872,0.8472998142242432,0.9205834865570068,0.10294820395746024,0.09065551062424977,0.03745318452517191,0.5648589027359977,0.23332168001437648,0.5543666141431505,0.23164656532711458,0.5454710404431076,0.23376538931785307,0.5529642362603256,0.2671852460420763
npy,./data/MSL,M-3,M-3,mask_noTTA,100,256,128,0.15,50,64,0.001,1,1,1,0,0.001,adam,0.1,0.99,fixed,gated,5000,none,8,0.95,"[0.5, 1.0, 2.0]",0,0,3,55,2.887841,8,0.004884959198534489,0.0026119796093553305,2.562558174133301,0.43631232001631004,0.10906341302642329,0.14611005692599618,0.0958904109589041,0.30677290836653387,0.21163575042158514,2028,1446,0,350,325,0.775242030620575,0.9285714030265808,0.6680572032928467,0.06703006680430275,0.24794746190309525,0.36526335775852203,0.44332690559722726,0.1092830823791748,0.45044555254461893,0.10993868657112152,0.46265046424111655,0.1111127582042261,0.5113278230362134,0.116194372248944
npy,./data/MSL,D-14,D-14,base_noTTA,100,256,128,0.15,50,64,0.001,1,0,1,0,0.001,adam,0.1,0.99,fixed,gated,5000,none,8,0.95,"[0.5, 1.0, 2.0]",0,0,9,55,2.887786,0,0.004406159743666649,inf,4.731578826904297,0.4739355460329243,0.26968158178913676,0.13236187006678812,0.07649122807017544,0.49099099099099097,0.3365695792880259,2526,479,0,420,111,0.7682672142982483,0.26428571343421936,0.1747388392686844,0.010292018488674812,0.9762845834096273,0.4285714228947957,,,,,,,,
npy,./data/MSL,S-2,S-2,base_noTTA,100,256,128,0.15,50,64,0.001,1,0,1,0,0.001,adam,0.1,0.99,fixed,gated,5000,none,8,0.95,"[0.5, 1.0, 2.0]",0,0,8,55,2.887786,0,0.004752927925437689,inf,1.2031044960021973,0.7163596315578694,0.28491496829348645,0.014814814814814817,0.0074682598954443615,0.9090909090909091,0.42857142857142855,1728,0,0,110,0,0.0,0.0,0.0,0.00926479697227478,1.0,1.0,,,,,,,,
npy,./data/MSL,M-3,M-3,gate_noTTA,100,256,128,0.15,50,64,0.001,1,1,1,0,0.001,adam,0.1,0.99,fixed,gated,5000,unc,8,0.95,"[0.5, 1.0, 2.0]",0,0,9,55,2.887841,8,0.00486458744853735,0.002775755012407899,2.65944766998291,0.42391202779500337,0.10349004417093668,0.14619883040935674,0.0967741935483871,0.29880478087649404,0.21175453759723423,2028,1371,0,350,299,0.7819110155105591,0.854285717010498,0.6388557553291321,0.07027951923347789,0.26436781138181686,0.3906061351299286,0.4331734894112251,0.10477500557792092,0.44260272343461976,0.10611233335940179,0.45986629176258714,0.10854250080911461,0.5424294294039195,0.12095548702586142
npy,./data/MSL,D-16,D-16,base_noTTA,100,256,128,0.15,50,64,0.001,1,0,1,0,0.001,adam,0.1,0.99,fixed,gated,5000,none,8,0.95,"[0.5, 1.0, 2.0]",0,0,3,55,2.887786,0,0.003785449545830488,inf,1.6488089561462402,0.5236229975861313,0.3549806378576518,0.4074941451990632,0.2931266846361186,0.6682027649769585,0.4630434782608695,2092,0,0,750,0,0.0,0.0,0.0,0.007648199055892332,1.0,1.0,,,,,,,,
npy,./data/MSL,F-7,F-7,gate_noTTA,100,256,128,0.15,50,64,0.001,1,1,1,0,0.001,adam,0.1,0.99,fixed,gated,5000,unc,8,0.95,"[0.5, 1.0, 2.0]",0,0,7,55,2.887841,8,0.004445639904588461,0.0042989058420062065,3.2301418781280518,0.42839421658848553,0.06825211338205253,0.05633802816901409,0.04336734693877551,0.08037825059101655,0.1547183613752743,4955,4401,0,720,617,0.8598045706748962,0.8569444417953491,0.8935064673423767,0.07993128417599213,0.013125411700457335,0.05925925883154074,0.43566100179027856,0.06858374968115391,0.4385906877947106,0.06881130855276844,0.4427917421549604,0.06922856652480652,0.4855682717915497,0.07824073476937998
npy,./data/MSL,T-12,T-12,noMask_fixed,100,256,128,0.15,50,64,0.001,1,0,1,1,0.001,adam,0.1,0.99,fixed,gated,5000,none,8,0.95,"[0.5, 1.0, 2.0]",0,0,1,55,2.887786,0,0.002917171223089099,inf,1.3187456130981445,0.7593785009431295,0.19811022427918965,0.26436781609195403,0.2026431718061674,0.38016528925619836,0.2666666666666666,2331,2189,36,220,134,0.9387848377227783,0.6090909242630005,0.9734722971916199,0.026172652668013996,0.0,0.05007153252760569,,,,,,,,
npy,./data/MSL,P-10,P-10,base_noTTA,100,256,128,0.15,50,64,0.001,1,0,1,0,0.001,adam,0.1,0.99,fixed,gated,5000,none,8,0.95,"[0.5, 1.0, 2.0]",0,0,8,55,2.887786,0,0.0019185226410627365,inf,5.484215021133423,0.958799855231674,0.5566054053280012,0.3544715447154472,0.22520661157024793,0.8320610687022901,0.5025125628140704,6001,5351,0,230,39,0.9927116632461548,0.16956521570682526,0.9204643964767456,0.008583148307272682,0.0011111111380159855,0.24788288523753485,,,,,,,,
npy,./data/MSL,S-2,S-2,fixed,100,256,128,0.15,50,64,0.001,1,1,1,1,0.001,adam,0.1,0.99,fixed,gated,5000,none,8,0.95,"[0.5, 1.0, 2.0]",0,0,8,55,2.887841,8,0.0045976960100233555,0.0028452472761273384,1.2362406253814697,0.7388866639967961,0.297037430543733,0.016176470588235296,0.00815418828762046,1.0,0.42857142857142855,1728,0,0,110,0,0.0,0.0,0.0,0.0709086932517864,1.0,1.0,0.7435923107729274,0.3076043886376408,0.7454445334401282,0.3186079742579114,0.7478474169002803,0.3244286096407681,0.6797657188626351,0.016027358792869945
npy,./data/MSL,F-4,F-4,mask_noTTA,100,256,128,0.15,50,64,0.001,1,1,1,0,0.001,adam,0.1,0.99,fixed,gated,5000,none,8,0.95,"[0.5, 1.0, 2.0]",0,0,3,55,2.887841,8,0.004004298243671656,0.002011170145124197,2.8790764808654785,0.5729212637808347,0.03203321910180143,0.0778688524590164,0.045563549160671464,0.2676056338028169,0.0826771653543307,3323,3210,0,170,166,0.9482865929603577,0.9764705896377563,0.9654297232627869,0.07163527641101232,0.06606606456140678,0.043733260594308376,0.5329374035919485,0.028953788400049946,0.5146582268904384,0.0268922329556659,0.49293673109981884,0.0240818294801537,0.38421576909982724,0.015530895730462999
npy,./data/MSL,M-6,M-6,base_noTTA,100,256,128,0.15,50,64,0.001,1,0,1,0,0.001,adam,0.1,0.99,fixed,gated,5000,none,8,0.95,"[0.5, 1.0, 2.0]",0,0,1,55,2.887786,0,0.0022072740830481052,inf,1.8431079387664795,0.7579323766370508,0.6405457149715644,0.17817109144542775,0.09973579920739763,0.8342541436464088,0.7208480565371024,1950,0,0,199,0,0.0,0.0,0.0,0.008974197583320813,1.0,0.6666666666666666,,,,,,,,
npy,./data/MSL,D-14,D-14,gate_gbuf5k,100,256,128,0.15,50,64,0.001,1,1,1,1,0.001,adam,0.1,0.99,adaptive,gated,5000,unc,8,0.95,"[0.5, 1.0, 2.0]",0,0,8,55,2.887841,8,0.005205465015023947,0.0028070174157619476,5.03376579284668,0.434783097704446,0.2020720185534402,0.16407982261640797,0.10882352941176471,0.3333333333333333,0.2994350282485876,2526,1575,37,420,132,0.916190505027771,0.3142857253551483,0.6851851940155029,0.09621709278435907,0.11462450275818507,0.0,0.462775509591989,0.20731337812892423,0.48113656727888937,0.21485480271710589,0.5013327934676249,0.2189557937319167,0.4927136874702418,0.16106642477473565
npy,./data/MSL,T-8,T-8,gate_noTTA,100,256,128,0.15,50,64,0.001,1,1,1,0,0.001,adam,0.1,0.99,fixed,gated,5000,unc,8,0.95,"[0.5, 1.0, 2.0]",0,0,4,55,2.887841,8,0.004916852805763483,0.003438783809542656,0.892235517501831,0.5707445998865319,0.11661671468649339,0.13362068965517243,0.07506053268765134,0.6078431372549019,0.16279069767441862,1420,0,0,300,0,0.0,0.0,0.0,0.06938803363853777,1.0,1.0,0.5841462908381418,0.12018496917317792,0.5933413591265723,0.12305924941829963,0.605553018666888,0.12816991593396465,0.6149003002753677,0.10933743326037632
npy,./data/MSL,T-13,T-13,gate_gbuf5k,100,256,128,0.15,50,64,0.001,1,1,1,1,0.001,adam,0.1,0.99,adaptive,gated,5000,unc,8,0.95,"[0.5, 1.0, 2.0]",0,0,4,55,2.887841,8,0.002582841319963336,0.0019033069256693125,1.4616456031799316,0.713228059818969,0.21196710374119476,0.16625916870415647,0.21656050955414013,0.1349206349206349,0.3248945147679325,2331,2316,37,450,442,0.8091537356376648,0.9822221994400024,0.9962785840034485,0.10898112227915695,0.0,0.0014306151618560155,0.7210889559374408,0.22023962441942915,0.7124218374218374,0.22178764048202027,0.7026141647353769,0.22295542379386438,0.6705456440304925,0.21133070709048712
npy,./data/MSL,M-7,M-7,gate_noTTA,100,256,128,0.15,50,64,0.001,1,1,1,0,0.001,adam,0.1,0.99,fixed,gated,5000,unc,8,0.95,"[0.5, 1.0, 2.0]",0,0,3,55,2.887841,8,0.0027013346552848816,0.0017985600279644132,1.9642438888549805,0.8812170268121703,0.540510955920206,0.15303430079155672,0.08397683397683398,0.8613861386138614,0.6701570680628273,2057,357,0,200,0,1.0,0.0,0.19224555790424347,0.06928592268332266,1.0,0.2926829258600871,0.9012165450121655,0.5683168841716323,0.9102936571029365,0.5896747710909607,0.9198814771988147,0.6000621206058407,0.9200838332008384,0.5057942439615369
npy,./data/MSL,F-5,F-5,mask_noTTA,100,256,128,0.15,50,64,0.001,1,1,1,0,0.001,adam,0.1,0.99,fixed,gated,5000,none,8,0.95,"[0.5, 1.0, 2.0]",0,0,5,55,2.887841,8,0.00322493864223361,0.0019517035689204931,3.333357572555542,0.8239439711566662,0.43854638620798303,0.2769640479360852,0.17333333333333334,0.6887417218543046,0.4769874476987448,3823,3216,0,250,59,0.9816542267799377,0.23600000143051147,0.883571207523346,0.07600008490320716,0.20191470781962076,0.09157015383243561,0.8897617053111845,0.524143211002649,0.9058253910551243,0.5751052853208038,0.9167329620790241,0.5989879748826706,0.9292597217173234,0.48584809112982946
npy,./data/MSL,M-4,M-4,fixed,100,256,128,0.15,50,64,0.001,1,1,1,1,0.001,adam,0.1,0.99,fixed,gated,5000,none,8,0.95,"[0.5, 1.0, 2.0]",0,0,2,55,2.887841,8,0.00492908013984561,0.0029545044526457787,2.537296772003174,0.4055674336788269,0.11060116786421348,0.11752988047808766,0.07835325365205843,0.2350597609561753,0.22007891275756247,1939,1326,30,350,339,0.7443438768386841,0.9685714244842529,0.6211453676223755,0.07788332053347308,0.35738831013441086,0.3893645703792572,0.3949016469098424,0.10876447712864708,0.3925317197912324,0.10754331679235626,0.3938025179639584,0.10618963249667704,0.4169444215304423,0.10251578830057582
npy,./data/MSL,M-1,M-1,fixed,100,256,128,0.15,50,64,0.001,1,1,1,1,0.001,adam,0.1,0.99,fixed,gated,5000,none,8,0.95,"[0.5, 1.0, 2.0]",0,0,9,55,2.887841,8,0.0033433930948376656,0.002000723499804735,2.887972831726074,0.354123976990779,0.4069707608027014,0.34598750600672756,0.3829787234042553,0.31551270815074495,0.6676418958455237,2178,1110,26,1167,831,0.25135135650634766,0.7120822668075562,0.2759643793106079,0.09299287892351246,0.7217125495274862,0.0,0.33441291923319055,0.3992312468557719,0.3257111688536124,0.39506567108846036,0.3162533483107232,0.38971319933650406,0.32421445853032305,0.39009938363339935
npy,./data/MSL,P-14,P-14,base_noTTA,100,256,128,0.15,50,64,0.001,1,0,1,0,0.001,adam,0.1,0.99,fixed,gated,5000,none,8,0.95,"[0.5, 1.0, 2.0]",0,0,3,55,2.887786,0,0.0024332264438271523,inf,3.330228567123413,0.8856851099418578,0.4360290668696004,0.39365079365079364,0.27616926503340755,0.6850828729281768,0.43629343629343625,6001,5486,0,280,109,0.9801312685012817,0.38928571343421936,0.9398706555366516,0.009000192104111392,0.0005555555690079927,0.2129166672627131,,,,,,,,
npy,./data/MSL,M-3,M-3,base_noTTA,100,256,128,0.15,50,64,0.001,1,0,1,0,0.001,adam,0.1,0.99,fixed,gated,5000,none,8,0.95,"[0.5, 1.0, 2.0]",0,0,7,55,2.887786,0,0.004783668555319309,inf,2.450486183166504,0.43584935312056683,0.1024388038830752,0.1372950819672131,0.09241379310344827,0.26693227091633465,0.213526159081242,2028,1511,0,350,323,0.7862342596054077,0.9228571653366089,0.7079856991767883,0.009125976637740577,0.2200328360001246,0.33945102492968243,,,,,,,,
npy,./data/MSL,M-3,M-3,gate_noTTA,100,256,128,0.15,50,64,0.001,1,1,1,0,0.001,adam,0.1,0.99,fixed,gated,5000,unc,8,0.95,"[0.5, 1.0, 2.0]",0,0,2,55,2.887841,8,0.004900000523775816,0.0029435097239911556,2.556743860244751,0.47674334644364974,0.11784357310859288,0.1681329423264907,0.11139896373056994,0.3426294820717131,0.21367521367521372,2028,1388,0,350,304,0.7809798121452332,0.868571400642395,0.6460071802139282,0.06805698312010755,0.2660098547736804,0.37292386839787167,0.4656714294209091,0.11586559858428969,0.4603398771651135,0.11445586973897684,0.45487346987317256,0.11242867436593335,0.4326680484883494,0.09941087774248511
npy,./data/MSL,D-14,D-14,noMask_fixed,100,256,128,0.15,50,64,0.001,1,0,1,1,0.001,adam,0.1,0.99,fixed,gated,5000,none,8,0.95,"[0.5, 1.0, 2.0]",0,0,6,55,2.887786,0,0.0044194431975483894,inf,4.551337480545044,0.4607510131854701,0.25365090488953396,0.11954765751211634,0.06788990825688074,0.5,0.3302752293577982,2526,436,18,420,109,0.75,0.25952380895614624,0.15527065098285675,0.01940411985250852,0.9591567913691202,0.4285714427630107,,,,,,,,
npy,./data/MSL,D-15,D-15,gate_noTTA,100,256,128,0.15,50,64,0.001,1,1,1,0,0.001,adam,0.1,0.99,fixed,gated,5000,unc,8,0.95,"[0.5, 1.0, 2.0]",0,0,3,55,2.887841,8,0.004273981787264347,0.003627329133450985,2.5156469345092773,0.6199690044292608,0.3930250998964769,0.4055299539170507,0.39939485627836613,0.4118564742589704,0.4892014063284782,2059,921,0,658,32,0.9652551412582397,0.048632219433784485,0.6345467567443848,0.06702977977602617,0.33009709510952234,0.0,0.673126305408182,0.42517383196686914,0.6964747937313669,0.4470688554137271,0.7211750961798524,0.4805324442570903,0.7915378184013319,0.6331789390464224
npy,./data/MSL,S-2,S-2,base_noTTA,100,256,128,0.15,50,64,0.001,1,0,1,0,0.001,adam,0.1,0.99,fixed,gated,5000,none,8,0.95,"[0.5, 1.0, 2.0]",0,0,6,55,2.887786,0,0.004659256897866726,inf,1.0792772769927979,0.6796155386463756,0.2932878051209012,0.014587892049598834,0.007352941176470588,0.9090909090909091,0.42857142857142855,1728,0,0,110,0,0.0,0.0,0.0,0.008679788421701503,1.0,1.0,,,,,,,,
npy,./data/MSL,T-8,T-8,noMask_fixed,100,256,128,0.15,50,64,0.001,1,0,1,1,0.001,adam,0.1,0.99,fixed,gated,5000,none,8,0.95,"[0.5, 1.0, 2.0]",0,0,0,55,2.887786,0,0.005013222340494394,inf,0.807147741317749,0.5463489559550002,0.0989928492302454,0.11764705882352941,0.0657439446366782,0.5588235294117647,0.16058394160583941,1420,0,0,300,0,0.0,0.0,0.0,0.011975832388434611,1.0,1.0,,,,,,,,
npy,./data/MSL,D-15,D-15,gate_gbuf5k,100,256,128,0.15,50,64,0.001,1,1,1,1,0.001,adam,0.1,0.99,adaptive,gated,5000,unc,8,0.95,"[0.5, 1.0, 2.0]",0,0,9,55,2.887841,8,0.0042181662283837795,0.003495028242468834,2.6106982231140137,0.6233451974862119,0.3797911384035325,0.2814159292035398,0.32515337423312884,0.24804992199687986,0.4960835509138381,2059,1592,33,658,346,0.7826633453369141,0.5258358716964722,0.8893647193908691,0.1090485358365593,0.10194174821178119,0.0,0.6824815378903883,0.4147257675509854,0.7042653360715839,0.4362741079506549,0.7260146833032187,0.4695508022371448,0.788799225007893,0.656069683962385
npy,./data/MSL,T-13,T-13,gate_gbuf5k,100,256,128,0.15,50,64,0.001,1,1,1,1,0.001,adam,0.1,0.99,adaptive,gated,5000,unc,8,0.95,"[0.5, 1.0, 2.0]",0,0,6,55,2.887841,8,0.002672293223440647,0.001724492758512497,1.4728403091430664,0.7331185228912501,0.23121483376803606,0.1658291457286432,0.22602739726027396,0.13095238095238096,0.32578209277238407,2331,2301,37,450,431,0.8126901388168335,0.9577777981758118,0.9941520690917969,0.09911431615723913,0.0,0.0014306151618560155,0.7379093970003061,0.24124774368496898,0.7304939729182154,0.24024801352674208,0.7186074307286429,0.23493271235355762,0.679116198055592,0.2151534357185404
npy,./data/MSL,F-8,F-8,mask_noTTA,100,256,128,0.15,50,64,0.001,1,1,1,0,0.001,adam,0.1,0.99,fixed,gated,5000,none,8,0.95,"[0.5, 1.0, 2.0]",0,0,9,55,2.887841,8,0.0057070497423410416,0.003362905001267791,4.422237396240234,0.5616339588406628,0.24793857859566226,0.22410546139359697,0.22666666666666666,0.22160148975791433,0.379746835443038,2388,2099,0,537,423,0.798475444316864,0.7877094745635986,0.9054564833641052,0.07098953128859425,0.09623430793484052,0.0805243452390035,0.5623033949290932,0.24922815270444953,0.5577882824810199,0.24993033432600878,0.5536456095115313,0.25381642788697717,0.555273838514062,0.28130481060937085
npy,./data/MSL,P-10,P-10,gate_noTTA,100,256,128,0.15,50,64,0.001,1,1,1,0,0.001,adam,0.1,0.99,fixed,gated,5000,unc,8,0.95,"[0.5, 1.0, 2.0]",0,0,9,55,2.887841,8,0.002042789477854967,0.001656471285969019,5.601670980453491,0.9570350116824969,0.5517541008208835,0.3317230273752013,0.21020408163265306,0.7862595419847328,0.5671641791044777,6001,5268,0,230,48,0.9908883571624756,0.208695650100708,0.9045225977897644,0.08375587870212142,0.0005555555690079927,0.22007507955034575,0.961241222141369,0.5659678360045625,0.9607015380995192,0.5711209677420536,0.9582090163043409,0.5726909867917703,0.9255798725987577,0.41596049469230245
npy,./data/MSL,P-10,P-10,noMask_fixed,100,256,128,0.15,50,64,0.001,1,0,1,1,0.001,adam,0.1,0.99,fixed,gated,5000,none,8,0.95,"[0.5, 1.0, 2.0]",0,0,5,55,2.887786,0,0.001928672892972827,inf,5.450711250305176,0.9652888524552425,0.5773294043576729,0.3704918032786886,0.2359081419624217,0.8625954198473282,0.5416666666666667,6001,5362,88,230,45,0.9916076064109802,0.19565217196941376,0.9213308095932007,0.027581585027678494,0.0011111111380159855,0.24094594766696295,,,,,,,,
npy,./data/MSL,C-2,C-2,gate_noTTA,100,256,128,0.15,50,64,0.001,1,1,1,0,0.001,adam,0.1,0.99,fixed,gated,5000,unc,8,0.95,"[0.5, 1.0, 2.0]",0,0,3,55,2.887841,8,0.005789789371192455,0.0027744073886424303,0.8709108829498291,0.6004774653151195,0.10351099869094849,0.1686746987951807,0.10101010101010101,0.5109489051094891,0.19097222222222224,1952,1270,0,335,128,0.8992125988006592,0.3820895552635193,0.7062461376190186,0.07403409871898714,0.738067756096522,0.27410487830638885,0.6810783393969903,0.12296857693843782,0.7143331121433312,0.13895219603506612,0.7525265237321619,0.17085935415328998,0.8304959995118566,0.34278961469578395
npy,./data/MSL,T-8,T-8,gate_gbuf5k,100,256,128,0.15,50,64,0.001,1,1,1,1,0.001,adam,0.1,0.99,adaptive,gated,5000,unc,8,0.95,"[0.5, 1.0, 2.0]",0,0,9,55,2.887841,8,0.004768699873238802,0.002574548125267029,0.8856449127197266,0.5641440768262139,0.09950469388562158,0.12162162162162163,0.07346938775510205,0.35294117647058826,0.14705882352941177,1420,534,22,300,68,0.8726591467857361,0.2266666740179062,0.41607141494750977,0.097915488229671,0.22300469626983008,0.0,0.5737404347765924,0.10291668633318046,0.5797459421312632,0.1076986076176304,0.5926494803990756,0.11316859913847867,0.6136549185658737,0.11752685423768673
npy,./data/MSL,T-13,T-13,gate_gbuf5k,100,256,128,0.15,50,64,0.001,1,1,1,1,0.001,adam,0.1,0.99,adaptive,gated,5000,unc,8,0.95,"[0.5, 1.0, 2.0]",0,0,8,55,2.887841,8,0.0027245176024734974,0.0018999685999006033,1.4952762126922607,0.7051357733175916,0.21296548110037228,0.17777777777777778,0.23529411764705882,0.14285714285714285,0.30033370411568405,2331,2316,37,450,442,0.8091537356376648,0.9822221994400024,0.9962785840034485,0.09606990216884016,0.0,0.0014306151618560155,0.7005389391753027,0.21466579618602766,0.6902539099508797,0.2122323007651878,0.6800581573308845,0.20589797254220693,0.6434511055723178,0.18208505539667874
npy,./data/MSL,P-14,P-14,gate_noTTA,100,256,128,0.15,50,64,0.001,1,1,1,0,0.001,adam,0.1,0.99,fixed,gated,5000,unc,8,0.95,"[0.5, 1.0, 2.0]",0,0,3,55,2.887841,8,0.0023539061658084393,0.0016097126062959433,3.417653799057007,0.8975207660693767,0.4658383543854177,0.3230240549828179,0.203757225433526,0.7790055248618785,0.4701195219123506,6001,5209,0,280,103,0.9802265167236328,0.3678571283817291,0.8925012946128845,0.07742127862061646,0.0022222221984217563,0.2165277823805809,0.9119074354616048,0.49324113618661974,0.916085384738164,0.5191529211050194,0.9206469660863648,0.559451242835415,0.8977233163359123,0.5183757813326865
npy,./data/MSL,P-15,P-15,gate_noTTA,100,256,128,0.15,50,64,0.001,1,1,1,0,0.001,adam,0.1,0.99,fixed,gated,5000,unc,8,0.95,"[0.5, 1.0, 2.0]",0,0,9,55,2.887841,8,0.0014861596282571554,0.0013965184334665537,4.725508451461792,0.7368270765096162,0.6477737985423045,0.08139534883720931,0.043343653250773995,0.6666666666666666,0.7368421052631577,2757,2033,0,120,23,0.9886866807937622,0.19166666269302368,0.7622298002243042,0.06997624211524076,0.20169082283973694,0.16848484675089517,0.7455950281347106,0.6509972239261287,0.7469219786680104,0.6571265526698762,0.7480473670949861,0.6534766030342901,0.6875115478290081,0.20606464590323956
npy,./data/MSL,P-14,P-14,mask_noTTA,100,256,128,0.15,50,64,0.001,1,1,1,0,0.001,adam,0.1,0.99,fixed,gated,5000,none,8,0.95,"[0.5, 1.0, 2.0]",0,0,2,55,2.887841,8,0.002310133771970868,0.0017136409878730774,3.5043082237243652,0.9048928490421799,0.4663514899505204,0.31627906976744186,0.20029455081001474,0.7513812154696132,0.4457593688362919,6001,5415,0,280,108,0.9800553917884827,0.3857142925262451,0.9276350140571594,0.07989577026570605,0.008333333147068819,0.2387500082453092,0.9152117116990979,0.49557452767319443,0.9164223462414791,0.518217993163059,0.9173081536283099,0.5596878867517481,0.8932000048537391,0.5201507623342553
npy,./data/MSL,F-7,F-7,gate_gbuf5k,100,256,128,0.15,50,64,0.001,1,1,1,1,0.001,adam,0.1,0.99,adaptive,gated,5000,unc,8,0.95,"[0.5, 1.0, 2.0]",0,0,2,55,2.887841,8,0.004554920829832554,0.004067391622811556,2.9749972820281982,0.4584614018080435,0.07230260133317432,0.07260155574762317,0.05722070844686648,0.09929078014184398,0.154548776032152,4955,4449,78,720,624,0.8597437739372253,0.8666666746139526,0.9031876921653748,0.10947411284076217,0.014154048326114813,0.002020201956232389,0.44247090095374325,0.06970505486367128,0.434484839296079,0.06843622256198165,0.4285963695171761,0.06746147610811518,0.4506683043095839,0.07071781558305248
npy,./data/MSL,F-7,F-7,noMask_fixed,100,256,128,0.15,50,64,0.001,1,0,1,1,0.001,adam,0.1,0.99,fixed,gated,5000,none,8,0.95,"[0.5, 1.0, 2.0]",0,0,7,55,2.887786,0,0.0030677204485982656,inf,3.025090456008911,0.3236376500640916,0.057537735656311526,0.03838383838383838,0.03350970017636684,0.04491725768321513,0.1545205479452055,4955,4563,78,720,657,0.8560158014297485,0.9125000238418579,0.9223140478134155,0.02644102941488041,0.03538512128094832,0.051178450075288616,,,,,,,,
npy,./data/MSL,D-16,D-16,mask_noTTA,100,256,128,0.15,50,64,0.001,1,1,1,0,0.001,adam,0.1,0.99,fixed,gated,5000,none,8,0.95,"[0.5, 1.0, 2.0]",0,0,4,55,2.887841,8,0.0036914239171892405,0.00209941272623837,1.877823829650879,0.5163903684641011,0.330046798430112,0.4224841341795105,0.2996784565916399,0.7158218125960062,0.4655359076145795,2092,0,0,750,0,0.0,0.0,0.0,0.06980285133959914,1.0,1.0,0.5266632752807867,0.34445488528706547,0.5327313623396572,0.3576869610718732,0.5390248768128952,0.38570053162625395,0.531225188022423,0.4512205350005116
npy,./data/MSL,T-12,T-12,mask_noTTA,100,256,128,0.15,50,64,0.001,1,1,1,0,0.001,adam,0.1,0.99,fixed,gated,5000,none,8,0.95,"[0.5, 1.0, 2.0]",0,0,8,55,2.887841,8,0.002925049513578415,0.0019612719770520926,1.5272326469421387,0.8011016897587234,0.2199512405788731,0.2617801047120419,0.19157088122605365,0.4132231404958678,0.2752293577981651,2331,2179,0,220,137,0.9371271133422852,0.6227272748947144,0.9673140645027161,0.06843431473596574,0.0,0.06723891198635101,0.803109642827742,0.2198308610238906,0.7920157916023896,0.21675684852321325,0.777385652262616,0.21101295845375412,0.7005250743586897,0.09576064633090191
npy,./data/MSL,C-2,C-2,base_noTTA,100,256,128,0.15,50,64,0.001,1,0,1,0,0.001,adam,0.1,0.99,fixed,gated,5000,none,8,0.95,"[0.5, 1.0, 2.0]",0,0,7,55,2.887786,0,0.006210586987435818,inf,0.8880438804626465,0.6248312472827953,0.10892374814886403,0.1717948717948718,0.104199066874028,0.48905109489051096,0.17829457364341086,1952,1359,0,335,134,0.9013980627059937,0.4000000059604645,0.7575757503509521,0.008713270797104131,0.6421891152858734,0.23185493828107914,,,,,,,,
npy,./data/MSL,C-2,C-2,noMask_fixed,100,256,128,0.15,50,64,0.001,1,0,1,1,0.001,adam,0.1,0.99,fixed,gated,5000,none,8,0.95,"[0.5, 1.0, 2.0]",0,0,2,55,2.887786,0,0.006118929013609886,inf,0.7912192344665527,0.6308796497570724,0.10086960086039168,0.15617715617715616,0.09292649098474341,0.48905109489051096,0.18213660245183888,1952,1216,24,335,129,0.8939144611358643,0.3850746154785156,0.6722325086593628,0.02484670916541678,0.6629525323708853,0.45987526575724286,,,,,,,,
npy,./data/MSL,P-11,P-11,gate_gbuf5k,100,256,128,0.15,50,64,0.001,1,1,1,1,0.001,adam,0.1,0.99,adaptive,gated,5000,unc,8,0.95,"[0.5, 1.0, 2.0]",0,0,0,55,2.887841,8,0.0029366558883339167,0.001911642961204052,4.942708969116211,0.7122040435227773,0.12180406766905122,0.09354120267260577,0.09502262443438914,0.09210526315789473,0.220873786407767,3436,3380,54,426,408,0.8792899250984192,0.9577465057373047,0.9873754382133484,0.10502685351477235,0.0,0.0,0.745932339163603,0.1290836218435815,0.7461153640072361,0.12949683696139278,0.7407758131342872,0.12815179232484727,0.7320542814550739,0.13933307910231083
npy,./data/MSL,M-3,M-3,noMask_fixed,100,256,128,0.15,50,64,0.001,1,0,1,1,0.001,adam,0.1,0.99,fixed,gated,5000,none,8,0.95,"[0.5, 1.0, 2.0]",0,0,5,55,2.887786,0,0.004796170629560947,inf,2.445310115814209,0.42603148174891053,0.10183931370205589,0.11751662971175168,0.08141321044546851,0.21115537848605578,0.21213406873143825,2028,1618,32,350,336,0.7923362255096436,0.9599999785423279,0.7640047669410706,0.02909635415914261,0.2085385943452517,0.23408194879690805,,,,,,,,
npy,./data/MSL,P-14,P-14,gate_noTTA,100,256,128,0.15,50,64,0.001,1,1,1,0,0.001,adam,0.1,0.99,fixed,gated,5000,unc,8,0.95,"[0.5, 1.0, 2.0]",0,0,5,55,2.887841,8,0.002258380874991417,0.0016731931827962399,3.621755838394165,0.8975553022899381,0.41801805287875765,0.33291614518147683,0.215210355987055,0.7348066298342542,0.4051172707889126,6001,5178,0,280,98,0.981073796749115,0.3499999940395355,0.8879566788673401,0.08041964751683639,0.008888889104127884,0.253680557012558,0.9114239283737453,0.45108698285207505,0.9167882434971564,0.4754824657715877,0.9207076378251888,0.5159969517944133,0.8969728535972274,0.5306628996871945
npy,./data/MSL,T-5,T-5,gate_noTTA,100,256,128,0.15,50,64,0.001,1,1,1,0,0.001,adam,0.1,0.99,fixed,gated,5000,unc,8,0.95,"[0.5, 1.0, 2.0]",0,0,3,55,2.887841,8,0.0031555306632071733,0.0024149753153324127,2.831549882888794,0.6185604997192589,0.21330391340146118,0.039045553145336226,0.020689655172413793,0.34615384615384615,0.32258064516129037,2119,1426,0,125,22,0.9845722317695618,0.17599999904632568,0.7041123509407043,0.06938081915055654,0.4166666716337204,0.2902098496754964,0.6156829028635598,0.2357502725564544,0.6115419708029197,0.2402596772468118,0.6082257158899493,0.24107275436341066,0.6208239752947782,0.04729260341169306
npy,./data/MSL,F-8,F-8,mask_noTTA,100,256,128,0.15,50,64,0.001,1,1,1,0,0.001,adam,0.1,0.99,fixed,gated,5000,none,8,0.95,"[0.5, 1.0, 2.0]",0,0,8,55,2.887841,8,0.005934807471930981,0.0033623024355620146,4.245877504348755,0.580551974406723,0.2510098068189377,0.21821631878557873,0.22243713733075435,0.21415270018621974,0.3943329397874853,2388,2158,0,537,426,0.8025950193405151,0.7932960987091064,0.9357104301452637,0.07161533013859786,0.055788006633520126,0.03183520585298538,0.5744783459867259,0.25297434564539883,0.5699002053191997,0.2558510343882743,0.5688077161820179,0.2667620905885142,0.5850661318817744,0.3045116578131176
npy,./data/MSL,F-5,F-5,fixed,100,256,128,0.15,50,64,0.001,1,1,1,1,0.001,adam,0.1,0.99,fixed,gated,5000,none,8,0.95,"[0.5, 1.0, 2.0]",0,0,4,55,2.887841,8,0.0033523691818118095,0.002015473088249564,3.112039566040039,0.7983952119784833,0.44516824980584496,0.24728260869565216,0.15555555555555556,0.6026490066225165,0.5,3823,3303,57,250,58,0.9824402332305908,0.23199999332427979,0.9082003831863403,0.09496867454023908,0.19060052434603372,0.06626474236448605,0.8874699036389595,0.538380683539964,0.9051791205452557,0.6153363441480809,0.918482107263343,0.6694961882525851,0.9344755462127319,0.5755185585213072
npy,./data/MSL,M-6,M-6,gate_noTTA,100,256,128,0.15,50,64,0.001,1,1,1,0,0.001,adam,0.1,0.99,fixed,gated,5000,unc,8,0.95,"[0.5, 1.0, 2.0]",0,0,5,55,2.887841,8,0.0021033238153904676,0.0016861759359017015,2.1262869834899902,0.7498314148142013,0.6372169700723869,0.18872704243191893,0.10658082975679542,0.8232044198895028,0.7253521126760564,1950,0,0,199,0,0.0,0.0,0.0,0.06924237960424179,1.0,0.6666666666666666,0.7434222201190153,0.6360435323556234,0.7394944810533912,0.6347307764502716,0.7357530729825972,0.6332595256614375,0.7308404415157288,0.6231371066598678
npy,./data/MSL,D-15,D-15,noMask_fixed,100,256,128,0.15,50,64,0.001,1,0,1,1,0.001,adam,0.1,0.99,fixed,gated,5000,none,8,0.95,"[0.5, 1.0, 2.0]",0,0,3,55,2.887786,0,0.003922287840396166,inf,2.444017171859741,0.6322602805232842,0.3862393641119722,0.36553945249597425,0.3777038269550749,0.3541341653666147,0.5111583421891605,2059,1003,29,658,65,0.9351944327354431,0.0987841933965683,0.6695217490196228,0.025742722113425435,0.304207122263809,0.0,,,,,,,,
npy,./data/MSL,F-8,F-8,fixed,100,256,128,0.15,50,64,0.001,1,1,1,1,0.001,adam,0.1,0.99,fixed,gated,5000,none,8,0.95,"[0.5, 1.0, 2.0]",0,0,9,55,2.887841,8,0.0057070497423410416,0.003362905001267791,4.472941637039185,0.5551248627226282,0.23346120761249947,0.19256434699714015,0.197265625,0.18808193668528864,0.3887791386803635,2388,2176,38,537,465,0.7863051295280457,0.8659217953681946,0.924365222454071,0.10659237403166753,0.09344490865866344,0.026217229664325714,0.5497474096356778,0.2312162760557513,0.5425488229957504,0.22875940051002822,0.5355517356634675,0.2283866773583205,0.5355956644224801,0.24374944763796963
npy,./data/MSL,D-16,D-16,gate_gbuf5k,100,256,128,0.15,50,64,0.001,1,1,1,1,0.001,adam,0.1,0.99,adaptive,gated,5000,unc,8,0.95,"[0.5, 1.0, 2.0]",0,0,6,55,2.887841,8,0.003752621589228511,0.002104988321661949,1.773622751235962,0.5113401959024079,0.3628526829705442,0.37346437346437344,0.3111566018423746,0.46697388632872505,0.46030589949016754,2092,671,29,750,234,0.6512667536735535,0.31200000643730164,0.32563337683677673,0.09681059343181195,0.12698413183291754,0.1738437016805013,0.5219352843776808,0.3774374159752427,0.528937498753167,0.39105738210054686,0.5385256448620503,0.4158362689005813,0.5562610968140922,0.4734989218153059
npy,./data/MSL,M-5,M-5,gate_noTTA,100,256,128,0.15,50,64,0.001,1,1,1,0,0.001,adam,0.1,0.99,fixed,gated,5000,unc,8,0.95,"[0.5, 1.0, 2.0]",0,0,7,55,2.887841,8,0.005492354743182659,0.0029608297627419233,2.6784064769744873,0.47951218216998953,0.1264150082675794,0.16695957820738136,0.1135005973715651,0.31561461794019935,0.23261205564142193,2204,2028,0,400,366,0.8195266127586365,0.9150000214576721,0.9212860465049744,0.07510661213454231,0.07390648638829589,0.036363636453946434,0.49976269577598487,0.1298546486167934,0.5127430708826058,0.1325295862941785,0.5309391605072667,0.1376638972148751,0.5982895841699828,0.17131161755676316
npy,./data/MSL,M-6,M-6,fixed,100,256,128,0.15,50,64,0.001,1,1,1,1,0.001,adam,0.1,0.99,fixed,gated,5000,none,8,0.95,"[0.5, 1.0, 2.0]",0,0,6,55,2.887841,8,0.0022054172586649656,0.0015344445127993822,1.9821763038635254,0.7578318170525394,0.6361114899181235,0.18825015792798486,0.10627674750356633,0.8232044198895028,0.7163120567375887,1950,0,0,199,0,0.0,0.0,0.0,0.0677034182426257,1.0,0.6666666666666666,0.7581305381712352,0.6378144969828438,0.7585150307002496,0.6373644202357637,0.7587457262176582,0.6365266840418196,0.7730296236705432,0.6335072090460954
npy,./data/MSL,S-2,S-2,fixed,100,256,128,0.15,50,64,0.001,1,1,1,1,0.001,adam,0.1,0.99,fixed,gated,5000,none,8,0.95,"[0.5, 1.0, 2.0]",0,0,6,55,2.887841,8,0.004379786550998688,0.002706218510866165,1.1583251953125,0.6733580296355628,0.28565718066968965,0.01536312849162011,0.007741027445460943,1.0,0.42857142857142855,1728,0,0,110,0,0.0,0.0,0.0,0.07639632180885032,1.0,1.0,0.6781137364837806,0.28686005344482407,0.6806668001601923,0.2880680313111995,0.6840708850620745,0.2873662085986413,0.6489787745294353,0.010668851780424779
npy,./data/MSL,P-11,P-11,base_noTTA,100,256,128,0.15,50,64,0.001,1,0,1,0,0.001,adam,0.1,0.99,fixed,gated,5000,none,8,0.95,"[0.5, 1.0, 2.0]",0,0,2,55,2.887786,0,0.002984943799674511,inf,4.7159271240234375,0.7205608517817071,0.12065639294078866,0.08857808857808856,0.0945273631840796,0.08333333333333333,0.20935960591133004,3436,3436,0,426,426,0.8760186433792114,1.0,1.0,0.008004855221447484,0.0,0.0,,,,,,,,
npy,./data/MSL,M-1,M-1,noMask_fixed,100,256,128,0.15,50,64,0.001,1,0,1,1,0.001,adam,0.1,0.99,fixed,gated,5000,none,8,0.95,"[0.5, 1.0, 2.0]",0,0,3,55,2.887786,0,0.0033478704281151295,inf,2.67751145362854,0.3731653726037205,0.41621582279376196,0.31677018633540377,0.3868520859671302,0.26818580192813324,0.6678372841673983,2178,1304,29,1167,915,0.29831287264823914,0.7840616703033447,0.3847675621509552,0.026636653476291232,0.6437308887640635,0.0,,,,,,,,
npy,./data/MSL,T-13,T-13,fixed,100,256,128,0.15,50,64,0.001,1,1,1,1,0.001,adam,0.1,0.99,fixed,gated,5000,none,8,0.95,"[0.5, 1.0, 2.0]",0,0,3,55,2.887841,8,0.0026998063549399376,0.0016746650217100978,1.3642661571502686,0.7128591105863833,0.21833744533037813,0.16377171215880895,0.2185430463576159,0.13095238095238096,0.30842230130486364,2331,2331,37,450,450,0.80694979429245,1.0,1.0,0.08430658927141776,0.0,0.0,0.728085326570175,0.23455699080367112,0.7235795910038335,0.23816567093336702,0.7165139854533795,0.24001870962660013,0.6839298468086347,0.25086054453276607
npy,./data/MSL,F-4,F-4,base_noTTA,100,256,128,0.15,50,64,0.001,1,0,1,0,0.001,adam,0.1,0.99,fixed,gated,5000,none,8,0.95,"[0.5, 1.0, 2.0]",0,0,6,55,2.887786,0,0.0038422311190515757,inf,2.8550119400024414,0.5103416680326662,0.024888290463279908,0.056521739130434775,0.033419023136246784,0.18309859154929578,0.06190476190476191,3323,3183,0,170,167,0.9475337862968445,0.9823529124259949,0.956549346446991,0.009784919470145047,0.08108108304440975,0.051838409155607224,,,,,,,,
npy,./data/MSL,M-7,M-7,noMask_fixed,100,256,128,0.15,50,64,0.001,1,0,1,1,0.001,adam,0.1,0.99,fixed,gated,5000,none,8,0.95,"[0.5, 1.0, 2.0]",0,0,0,55,2.887786,0,0.0028665249701589346,inf,1.7913410663604736,0.8639252246392521,0.4833273382177936,0.15126050420168066,0.08264462809917356,0.8910891089108911,0.6153846153846154,2057,436,8,200,0,1.0,0.0,0.23478728532791138,0.015074846289026894,1.0,0.29105691115061444,,,,,,,,
npy,./data/MSL,F-8,F-8,base_noTTA,100,256,128,0.15,50,64,0.001,1,0,1,0,0.001,adam,0.1,0.99,fixed,gated,5000,none,8,0.95,"[0.5, 1.0, 2.0]",0,0,0,55,2.887786,0,0.0052573042921721935,inf,3.988879442214966,0.5800993171942892,0.23978710416893992,0.22735674676524956,0.22568807339449543,0.22905027932960895,0.39936983064198495,2388,1856,0,537,467,0.748383641242981,0.8696461915969849,0.7504051923751831,0.009011383631720615,0.23988842063893875,0.3164794047673543,,,,,,,,
npy,./data/MSL,P-15,P-15,mask_noTTA,100,256,128,0.15,50,64,0.001,1,1,1,0,0.001,adam,0.1,0.99,fixed,gated,5000,none,8,0.95,"[0.5, 1.0, 2.0]",0,0,8,55,2.887841,8,0.0015174138825386763,0.0013345045736059546,4.28394341468811,0.7307130259511212,0.642385697930675,0.08139534883720931,0.043343653250773995,0.6666666666666666,0.7058823529411765,2757,2166,0,120,26,0.9879962801933289,0.21666666865348816,0.8115282654762268,0.0683772723917776,0.18961352606614432,0.16606060167153677,0.7380364491475602,0.653366841406048,0.7399344923154446,0.6570495985390544,0.7423028470647518,0.669375679413668,0.7234903838078441,0.16991264444692827
npy,./data/MSL,C-2,C-2,fixed,100,256,128,0.15,50,64,0.001,1,1,1,1,0.001,adam,0.1,0.99,fixed,gated,5000,none,8,0.95,"[0.5, 1.0, 2.0]",0,0,9,55,2.887841,8,0.006238095927983522,0.003197707701474428,0.8777191638946533,0.619389210504237,0.10399243347671129,0.17164179104477612,0.10344827586206896,0.5036496350364964,0.2035225048923679,1952,1296,25,335,131,0.8989197611808777,0.3910447657108307,0.7204700112342834,0.10042942938257436,0.657824327548345,0.32411642869313556,0.6827715870001296,0.12204544684607227,0.7106072046922789,0.13769140055915308,0.7421115255245636,0.1710444374110476,0.8089604832620186,0.3214034704231584
npy,./data/MSL,T-8,T-8,noMask_fixed,100,256,128,0.15,50,64,0.001,1,0,1,1,0.001,adam,0.1,0.99,fixed,gated,5000,none,8,0.95,"[0.5, 1.0, 2.0]",0,0,5,55,2.887786,0,0.004892503842711449,inf,0.818134069442749,0.5366488161954972,0.10118428441668711,0.13374485596707822,0.07471264367816093,0.6372549019607843,0.140625,1420,0,0,300,0,0.0,0.0,0.0,0.010915877113879566,1.0,1.0,,,,,,,,
npy,./data/MSL,F-7,F-7,base_noTTA,100,256,128,0.15,50,64,0.001,1,0,1,0,0.001,adam,0.1,0.99,fixed,gated,5000,none,8,0.95,"[0.5, 1.0, 2.0]",0,0,4,55,2.887786,0,0.0030307131819427013,inf,2.9469776153564453,0.32046599312986335,0.05667297710005475,0.0288659793814433,0.025594149908592323,0.03309692671394799,0.1548316251830161,4955,4643,0,720,670,0.8556967377662659,0.9305555820465088,0.9381346106529236,0.008780203240911366,0.016170177919169266,0.030976429892083008,,,,,,,,
npy,./data/MSL,C-2,C-2,mask_noTTA,100,256,128,0.15,50,64,0.001,1,1,1,0,0.001,adam,0.1,0.99,fixed,gated,5000,none,8,0.95,"[0.5, 1.0, 2.0]",0,0,2,55,2.887841,8,0.006094817072153091,0.0028119401540607214,0.8305134773254395,0.6290452981870047,0.1050201957644849,0.1717171717171717,0.10381679389312977,0.49635036496350365,0.20415879017013233,1952,1347,0,335,134,0.9005196690559387,0.4000000059604645,0.7501546144485474,0.06814154445147905,0.6613863209883372,0.22905983527501425,0.6923666567512528,0.12105957812937038,0.7180399514907444,0.1350899975292675,0.7474467809227437,0.1613007185438357,0.7943733839782166,0.28364340907333785
npy,./data/MSL,T-4,T-4,noMask_fixed,100,256,128,0.15,50,64,0.001,1,0,1,1,0.001,adam,0.1,0.99,fixed,gated,5000,none,8,0.95,"[0.5, 1.0, 2.0]",0,0,6,55,2.887786,0,0.003672352759167552,inf,2.7278504371643066,0.4708053329015195,0.028663607634463076,0.048611111111111105,0.027613412228796843,0.2028985507246377,0.06175438596491228,2118,1360,32,168,140,0.8970588445663452,0.8333333134651184,0.6256410479545593,0.029747952145152322,0.5125786115725836,0.42791887124379474,,,,,,,,
npy,./data/MSL,T-8,T-8,fixed,100,256,128,0.15,50,64,0.001,1,1,1,1,0.001,adam,0.1,0.99,fixed,gated,5000,none,8,0.95,"[0.5, 1.0, 2.0]",0,0,6,55,2.887841,8,0.0048570227809250355,0.002212949562817812,0.8679494857788086,0.5729793681763461,0.1095699940384848,0.13762486126526083,0.07759699624530664,0.6078431372549019,0.15879828326180256,1420,0,0,300,0,0.0,0.0,0.0,0.07325461213017853,1.0,1.0,0.5968630218495302,0.11466830993137096,0.6136410809913239,0.11898323756697135,0.6313877703516128,0.12333740713183168,0.619791882878769,0.10728754204824695
npy,./data/MSL,T-4,T-4,mask_noTTA,100,256,128,0.15,50,64,0.001,1,1,1,0,0.001,adam,0.1,0.99,fixed,gated,5000,none,8,0.95,"[0.5, 1.0, 2.0]",0,0,3,55,2.887841,8,0.004114286508411169,0.0024544058833271265,2.6089887619018555,0.45797911100315764,0.030439992643457973,0.049132947976878616,0.027287319422150885,0.2463768115942029,0.06111603188662532,2118,1464,0,168,147,0.8995901346206665,0.875,0.6753846406936646,0.06846609376757859,0.44182389974594116,0.40745626389980316,0.4385812214935363,0.029354825125616383,0.4274080371359944,0.028387824006022154,0.41639003589452944,0.0268760548863383,0.40047364585863493,0.024647801983671048
npy,./data/MSL,F-8,F-8,base_noTTA,100,256,128,0.15,50,64,0.001,1,0,1,0,0.001,adam,0.1,0.99,fixed,gated,5000,none,8,0.95,"[0.5, 1.0, 2.0]",0,0,5,55,2.887786,0,0.005275499541312456,inf,4.198037624359131,0.5427665568447692,0.22503689939837362,0.192197906755471,0.19649805447470817,0.18808193668528864,0.38732122149207576,2388,1853,0,537,475,0.7436589598655701,0.884543776512146,0.7444624304771423,0.008378496122120613,0.24128312338143587,0.32022472222646076,,,,,,,,
npy,./data/MSL,T-12,T-12,noMask_fixed,100,256,128,0.15,50,64,0.001,1,0,1,1,0.001,adam,0.1,0.99,fixed,gated,5000,none,8,0.95,"[0.5, 1.0, 2.0]",0,0,8,55,2.887786,0,0.0030467116739600897,inf,1.4228837490081787,0.7617229024764756,0.18337632978382312,0.24590163934426232,0.1836734693877551,0.371900826446281,0.25477707006369427,2331,2214,37,220,141,0.9363143444061279,0.6409090757369995,0.9819990396499634,0.029389206711594406,0.0,0.035765379667282104,,,,,,,,
npy,./data/MSL,M-1,M-1,fixed,100,256,128,0.15,50,64,0.001,1,1,1,1,0.001,adam,0.1,0.99,fixed,gated,5000,none,8,0.95,"[0.5, 1.0, 2.0]",0,0,7,55,2.887841,8,0.003542563645169139,0.0020497713703662157,3.0094213485717773,0.36721942081939496,0.40920898602709643,0.31246870305458185,0.3644859813084112,0.27344434706397897,0.669208211143695,2178,1254,27,1167,904,0.27910685539245605,0.7746357917785645,0.3461918830871582,0.10011084480390732,0.7064220160245895,0.0,0.3439494327930775,0.4000702019832367,0.33282054288923724,0.39484744496860025,0.32069873227092616,0.38853915592821486,0.3149981175395934,0.38324573053404787
npy,./data/MSL,F-5,F-5,fixed,100,256,128,0.15,50,64,0.001,1,1,1,1,0.001,adam,0.1,0.99,fixed,gated,5000,none,8,0.95,"[0.5, 1.0, 2.0]",0,0,2,55,2.887841,8,0.0031736225355416536,0.001922949799336493,3.2082371711730957,0.823952752005985,0.44298156483696965,0.260989010989011,0.16464471403812825,0.6291390728476821,0.4845814977973568,3823,3196,57,250,58,0.9818522930145264,0.23199999332427979,0.8782535791397095,0.08991180587557016,0.2228024328748385,0.09418795506159465,0.8933478041730109,0.5391996509414468,0.9099892698021324,0.5864811201523206,0.9241352180548311,0.6280374992891858,0.9385498602966873,0.5209246033344948
npy,./data/MSL,P-11,P-11,gate_noTTA,100,256,128,0.15,50,64,0.001,1,1,1,0,0.001,adam,0.1,0.99,fixed,gated,5000,unc,8,0.95,"[0.5, 1.0, 2.0]",0,0,4,55,2.887841,8,0.002961066784337163,0.001910308375954628,5.10015344619751,0.7181987702852535,0.12177089609338004,0.08314087759815242,0.08780487804878048,0.07894736842105263,0.22160148975791433,3436,3388,0,426,413,0.8780992031097412,0.9694835543632507,0.9883720874786377,0.07510379529249127,0.0,0.0,0.7478395110849394,0.12531089297495854,0.7418858985989315,0.12321291912638374,0.7327028260096872,0.12094560337111641,0.7177703860497934,0.12345254964332114
npy,./data/MSL,M-4,M-4,mask_noTTA,100,256,128,0.15,50,64,0.001,1,1,1,0,0.001,adam,0.1,0.99,fixed,gated,5000,none,8,0.95,"[0.5, 1.0, 2.0]",0,0,1,55,2.887841,8,0.004643358290195465,0.0026271804235875607,2.508833169937134,0.414520987120349,0.1134935858237873,0.15185185185185185,0.09891435464414958,0.32669322709163345,0.22056239015817222,1939,1130,0,350,332,0.7061946988105774,0.9485714435577393,0.5022026300430298,0.07195691585294853,0.42611684401830036,0.5554904540379842,0.4120328980663803,0.11249107271474801,0.4149624222750854,0.11236172139783271,0.420473673297855,0.1113683291695917,0.4440369467847691,0.10539804339517038
npy,./data/MSL,D-16,D-16,noMask_fixed,100,256,128,0.15,50,64,0.001,1,0,1,1,0.001,adam,0.1,0.99,fixed,gated,5000,none,8,0.95,"[0.5, 1.0, 2.0]",0,0,1,55,2.887786,0,0.0038933742325752974,inf,1.6504814624786377,0.5220370259540767,0.34310042946880703,0.4218678815489749,0.29987046632124353,0.7112135176651305,0.4669316949765088,2092,0,0,750,0,0.0,0.0,0.0,0.010284707377563243,1.0,1.0,,,,,,,,
npy,./data/MSL,M-7,M-7,fixed,100,256,128,0.15,50,64,0.001,1,1,1,1,0.001,adam,0.1,0.99,fixed,gated,5000,none,8,0.95,"[0.5, 1.0, 2.0]",0,0,4,55,2.887841,8,0.0026741130277514458,0.0019648701418191195,2.0019397735595703,0.885866396858664,0.5186973010020257,0.15713065755764302,0.08598130841121496,0.9108910891089109,0.686868686868687,2057,434,8,200,0,1.0,0.0,0.23371028900146484,0.08168647053987005,1.0,0.29430894056955975,0.8960082869600828,0.530024116200443,0.9016260750162608,0.541669597010441,0.9064681650646816,0.5491467392223355,0.8786442147864422,0.3990060912467735
npy,./data/MSL,F-8,F-8,base_noTTA,100,256,128,0.15,50,64,0.001,1,0,1,0,0.001,adam,0.1,0.99,fixed,gated,5000,none,8,0.95,"[0.5, 1.0, 2.0]",0,0,8,55,2.887786,0,0.0053590391762554646,inf,4.195522308349609,0.5686730649859141,0.2376273580254778,0.21408450704225349,0.2159090909090909,0.2122905027932961,0.39600153787005,2388,1883,0,537,482,0.744025468826294,0.8975791335105896,0.7568881511688232,0.008584566451796335,0.23709902089710036,0.3146067460378011,,,,,,,,
npy,./data/MSL,T-13,T-13,fixed,100,256,128,0.15,50,64,0.001,1,1,1,1,0.001,adam,0.1,0.99,fixed,gated,5000,none,8,0.95,"[0.5, 1.0, 2.0]",0,0,0,55,2.887841,8,0.002732192864641547,0.0021654521115124226,1.4270212650299072,0.7187896278805369,0.2241575348892847,0.1758793969849246,0.23972602739726026,0.1388888888888889,0.3186528497409326,2331,2331,37,450,450,0.80694979429245,1.0,1.0,0.09926620444122275,0.0,0.0,0.7339028816301543,0.23667085239922525,0.7292222367979944,0.23832670885975998,0.7188734385704082,0.23641981805715628,0.6895396971154546,0.23141470332509734
npy,./data/MSL,P-10,P-10,mask_noTTA,100,256,128,0.15,50,64,0.001,1,1,1,0,0.001,adam,0.1,0.99,fixed,gated,5000,none,8,0.95,"[0.5, 1.0, 2.0]",0,0,4,55,2.887841,8,0.0019896391313523054,0.0016770190559327602,5.109227180480957,0.9461428576909453,0.5387074703445751,0.3141025641025641,0.19878296146044624,0.7480916030534351,0.5561497326203209,6001,5409,0,230,55,0.9898317456245422,0.239130437374115,0.9277421832084656,0.07725123504145387,0.0005555555690079927,0.22444444770614305,0.9551307710703777,0.5551177194890383,0.9563891812532691,0.5659078625726287,0.9560950406617394,0.5761677751679941,0.9205334431458209,0.378934738865371
npy,./data/MSL,M-2,M-2,fixed,100,256,128,0.15,50,64,0.001,1,1,1,1,0.001,adam,0.1,0.99,fixed,gated,5000,none,8,0.95,"[0.5, 1.0, 2.0]",0,0,9,55,2.887841,8,0.005991221871227026,0.002270476659759879,2.854628086090088,0.7031190208737086,0.7003638613025762,0.54983922829582,0.7075862068965517,0.44960560911481157,0.6971631205673758,2178,1397,34,1167,404,0.7108088731765747,0.3461868166923523,0.9821958541870117,0.10149154890776775,0.0275229358424743,0.0,0.7624998456999668,0.7392433635997351,0.7890718544395205,0.7629648870776687,0.8148384170050981,0.7920674094921709,0.8251772907382948,0.8183584037488044
npy,./data/MSL,D-14,D-14,gate_gbuf5k,100,256,128,0.15,50,64,0.001,1,1,1,1,0.001,adam,0.1,0.99,adaptive,gated,5000,unc,8,0.95,"[0.5, 1.0, 2.0]",0,0,3,55,2.887841,8,0.005035092122852802,0.002962135709822178,4.499963045120239,0.45644146018677856,0.19539715646813788,0.17281105990783407,0.11609907120743033,0.33783783783783783,0.2923076923076924,2526,1720,36,420,128,0.9255813956260681,0.3047619163990021,0.7559354305267334,0.09266035196239383,0.13043478379646936,0.0,0.4772694042356964,0.20287202271434368,0.4927961669534703,0.20970375367598867,0.5116633487420005,0.2196342310891082,0.5152680770658299,0.17585520272418678
npy,./data/MSL,D-14,D-14,gate_gbuf5k,100,256,128,0.15,50,64,0.001,1,1,1,1,0.001,adam,0.1,0.99,adaptive,gated,5000,unc,8,0.95,"[0.5, 1.0, 2.0]",0,0,1,55,2.887841,8,0.005283655598759651,0.002769866958260536,4.520996809005737,0.4452317486025351,0.19612980863466778,0.152954808806489,0.1029641185647426,0.2972972972972973,0.292063492063492,2526,1580,38,420,128,0.9189873337745667,0.3047619163990021,0.6894586682319641,0.08929710206962821,0.10671936720609665,0.0,0.4751380594077224,0.2031622763964949,0.49340913947655524,0.20882528030957748,0.5133729234852831,0.21894048231507346,0.5103886658193775,0.17849214772319516
npy,./data/MSL,C-1,C-1,fixed,100,256,128,0.15,50,64,0.001,1,1,1,1,0.001,adam,0.1,0.99,fixed,gated,5000,none,8,0.95,"[0.5, 1.0, 2.0]",0,0,2,55,2.887841,8,0.005695381201803684,0.002600234467536211,2.6313960552215576,0.6623318621269442,0.21604764900574389,0.21634615384615383,0.17307692307692307,0.28846153846153844,0.3256121773659828,2165,1691,33,464,360,0.7871082425117493,0.7758620977401733,0.7824808955192566,0.09031538049288214,0.8755760391553243,0.0,0.6646092764817151,0.22190320934515245,0.6621627390710383,0.22698573851318704,0.6615469997898276,0.23652201316711907,0.6672544924337956,0.24818494926312387
npy,./data/MSL,C-2,C-2,noMask_fixed,100,256,128,0.15,50,64,0.001,1,0,1,1,0.001,adam,0.1,0.99,fixed,gated,5000,none,8,0.95,"[0.5, 1.0, 2.0]",0,0,4,55,2.887786,0,0.006097584031522274,inf,0.8056492805480957,0.6363255001563585,0.1037405427471278,0.16389548693586697,0.09787234042553192,0.5036496350364964,0.1840873634945398,1952,1205,24,335,130,0.8921161890029907,0.38805970549583435,0.664811372756958,0.026644619761920365,0.6856043438116709,0.45987526575724286,,,,,,,,
npy,./data/MSL,M-2,M-2,mask_noTTA,100,256,128,0.15,50,64,0.001,1,1,1,0,0.001,adam,0.1,0.99,fixed,gated,5000,none,8,0.95,"[0.5, 1.0, 2.0]",0,0,9,55,2.887841,8,0.005991221871227026,0.002270476659759879,2.8295705318450928,0.7153364975126835,0.7172002626836529,0.5690021231422505,0.721399730820996,0.4697633654688869,0.6994535519125683,2178,1176,0,1167,202,0.8282312750816345,0.17309340834617615,0.9634025692939758,0.07439305521787253,0.05657492484897375,0.0,0.7817742343632347,0.7622260377367609,0.8119306328770166,0.7900964357027063,0.8406512695806744,0.8228037675236798,0.8528108837071509,0.8480832631095282
npy,./data/MSL,M-5,M-5,base_noTTA,100,256,128,0.15,50,64,0.001,1,0,1,0,0.001,adam,0.1,0.99,fixed,gated,5000,none,8,0.95,"[0.5, 1.0, 2.0]",0,0,5,55,2.887786,0,0.004796045832335949,inf,2.6209843158721924,0.5119398873551697,0.14171002508205782,0.19162995594713658,0.14332784184514002,0.28903654485049834,0.23548004741209008,2204,2078,0,400,367,0.823387861251831,0.9175000190734863,0.9484478831291199,0.008394735478229835,0.0648567130168279,0.06060606241226196,,,,,,,,
npy,./data/MSL,P-11,P-11,gate_noTTA,100,256,128,0.15,50,64,0.001,1,1,1,0,0.001,adam,0.1,0.99,fixed,gated,5000,unc,8,0.95,"[0.5, 1.0, 2.0]",0,0,3,55,2.887841,8,0.002940521342679858,0.001863513607531786,4.678553819656372,0.7125130637297811,0.1174326663223295,0.0867579908675799,0.09047619047619047,0.08333333333333333,0.20533548908649962,3436,3365,0,426,399,0.8814264535903931,0.9366196990013123,0.985382080078125,0.06985907227113167,0.0,0.0,0.760827643647977,0.13248091196428777,0.7638528586358548,0.1347463693165038,0.7607162372214176,0.13629735655924197,0.7635305757590226,0.17611479535619645
npy,./data/MSL,P-14,P-14,base_noTTA,100,256,128,0.15,50,64,0.001,1,0,1,0,0.001,adam,0.1,0.99,fixed,gated,5000,none,8,0.95,"[0.5, 1.0, 2.0]",0,0,7,55,2.887786,0,0.002443314529955387,inf,3.578580856323242,0.896440809118309,0.41648937428475297,0.41503267973856206,0.29466357308584684,0.7016574585635359,0.4593495934959349,6001,5515,0,280,110,0.9800543785095215,0.3928571343421936,0.9447649121284485,0.009582869471400763,0.0,0.19986111422379813,,,,,,,,
npy,./data/MSL,F-4,F-4,fixed,100,256,128,0.15,50,64,0.001,1,1,1,1,0.001,adam,0.1,0.99,fixed,gated,5000,none,8,0.95,"[0.5, 1.0, 2.0]",0,0,2,55,2.887841,8,0.0039513614028692245,0.002034521894529462,2.8612492084503174,0.560471753229013,0.027452165814042473,0.06666666666666667,0.0387243735763098,0.23943661971830985,0.0707395498392283,3323,3207,52,170,165,0.9485500454902649,0.970588207244873,0.9647954106330872,0.09837130484292567,0.07607607543468475,0.03448072262108326,0.5354214213961777,0.025595080598743478,0.5270825189873949,0.024502133129958435,0.5130358396274394,0.023011239035107715,0.4457866266533849,0.01731161371168674
npy,./data/MSL,P-11,P-11,gate_gbuf5k,100,256,128,0.15,50,64,0.001,1,1,1,1,0.001,adam,0.1,0.99,adaptive,gated,5000,unc,8,0.95,"[0.5, 1.0, 2.0]",0,0,7,55,2.887841,8,0.0029588292818516493,0.0019051411654800177,5.2592267990112305,0.6973021077034892,0.11700550500823825,0.10596026490066225,0.10666666666666667,0.10526315789473684,0.20408163265306126,3436,3391,54,426,412,0.8785018920898438,0.9671361446380615,0.989700973033905,0.11018352264297716,0.0,0.0,0.7377731446851177,0.12525904177256006,0.7415158701107166,0.1273142750509643,0.7401126796428629,0.12747927572321022,0.7329362489986685,0.12985576609669755
npy,./data/MSL,M-1,M-1,gate_gbuf5k,100,256,128,0.15,50,64,0.001,1,1,1,1,0.001,adam,0.1,0.99,adaptive,gated,5000,unc,8,0.95,"[0.5, 1.0, 2.0]",0,0,6,55,2.887841,8,0.0033594327978789806,0.0021152528934180737,2.760075092315674,0.3620897162113787,0.4133296016967677,0.2300469483568075,0.3481349911190053,0.17177914110429449,0.6676418958455237,2178,1629,35,1167,1040,0.3615715205669403,0.8911739587783813,0.5825914740562439,0.10516448673356882,0.2568807303905487,0.0,0.34015982397452194,0.4046203586977799,0.33051375739097155,0.39964826929585295,0.31974207206428756,0.3930267000935781,0.30672300675216946,0.38069872832123564
npy,./data/MSL,T-13,T-13,noMask_fixed,100,256,128,0.15,50,64,0.001,1,0,1,1,0.001,adam,0.1,0.99,fixed,gated,5000,none,8,0.95,"[0.5, 1.0, 2.0]",0,0,0,55,2.887786,0,0.002720298944041133,inf,1.315208911895752,0.7252485169151837,0.23350410513928704,0.16915422885572137,0.22666666666666666,0.1349206349206349,0.32266666666666666,2331,2330,37,450,449,0.8072961568832397,0.9977777600288391,1.0,0.026171629851286835,0.0,0.0,,,,,,,,
npy,./data/MSL,T-4,T-4,base_noTTA,100,256,128,0.15,50,64,0.001,1,0,1,0,0.001,adam,0.1,0.99,fixed,gated,5000,none,8,0.95,"[0.5, 1.0, 2.0]",0,0,5,55,2.887786,0,0.0036824974231421947,inf,2.5234103202819824,0.4307545947696543,0.03153781361159351,0.035650623885918,0.02032520325203252,0.14492753623188406,0.06138790035587188,2118,1359,0,168,137,0.8991906046867371,0.8154761791229248,0.6266666650772095,0.008262025510735732,0.49842766920725506,0.44846343249082565,,,,,,,,
npy,./data/MSL,F-7,F-7,mask_noTTA,100,256,128,0.15,50,64,0.001,1,1,1,0,0.001,adam,0.1,0.99,fixed,gated,5000,none,8,0.95,"[0.5, 1.0, 2.0]",0,0,1,55,2.887841,8,0.004527409560978413,0.004005010239779949,3.0838539600372314,0.48554274743186654,0.07670433659244168,0.06185567010309279,0.046539379474940336,0.09219858156028368,0.15497343835867375,4955,4610,0,720,652,0.8585683107376099,0.9055555462837219,0.9345926642417908,0.07196526474476342,0.011109282107402882,0.057239056254426636,0.4937815002503939,0.07688694778029824,0.4924394294182539,0.07615257003136816,0.48780624764856834,0.07506300963909182,0.5117919989300188,0.08105171150327958
npy,./data/MSL,F-5,F-5,fixed,100,256,128,0.15,50,64,0.001,1,1,1,1,0.001,adam,0.1,0.99,fixed,gated,5000,none,8,0.95,"[0.5, 1.0, 2.0]",0,0,6,55,2.887841,8,0.0032940327655524015,0.0019178802613168955,3.2656900882720947,0.8196395988205563,0.4447493641001456,0.2701949860724234,0.1710758377425044,0.6423841059602649,0.47963800904977383,3823,3265,57,250,61,0.9813169836997986,0.24400000274181366,0.8967254161834717,0.10255478827266708,0.194952130317688,0.0802263468503952,0.8893279313548323,0.5620369337570561,0.9077448847162293,0.6411649880492089,0.9213376394618392,0.6773469338488606,0.931841291417071,0.5680132824226869
npy,./data/MSL,T-9,T-9,fixed,100,256,128,0.15,50,64,0.001,1,1,1,1,0.001,adam,0.1,0.99,fixed,gated,5000,none,8,0.95,"[0.5, 1.0, 2.0]",0,0,7,55,2.887841,8,0.009134779684245586,0.003193723037838936,0.3820970058441162,0.5523827671312428,0.2751327614804283,0.2336448598130841,0.15822784810126583,0.44642857142857145,0.3056768558951965,997,834,16,290,155,0.8141486644744873,0.5344827771186829,0.9603960514068604,0.09330775338405353,0.0,0.0,0.6216790069686411,0.2975035081044388,0.6658591027874564,0.3324179437394431,0.7168535859465738,0.38087309415309417,0.7660696138211383,0.31258954953923146
npy,./data/MSL,P-14,P-14,mask_noTTA,100,256,128,0.15,50,64,0.001,1,1,1,0,0.001,adam,0.1,0.99,fixed,gated,5000,none,8,0.95,"[0.5, 1.0, 2.0]",0,0,0,55,2.887841,8,0.0022714235819876194,0.0016906592063605785,3.377481698989868,0.9104671817230587,0.4834350244950833,0.362089914945322,0.23208722741433022,0.8232044198895028,0.45199999999999996,6001,5375,0,280,107,0.9800930023193359,0.3821428716182709,0.920818030834198,0.07716625298168078,0.007777777810891469,0.26305555800596875,0.9237542925255219,0.5129820854232776,0.9261354249215233,0.5411768519889647,0.9267738782962256,0.5831495885893669,0.9033499200533164,0.5801156552690855
npy,./data/MSL,P-11,P-11,fixed,100,256,128,0.15,50,64,0.001,1,1,1,1,0.001,adam,0.1,0.99,fixed,gated,5000,none,8,0.95,"[0.5, 1.0, 2.0]",0,0,5,55,2.887841,8,0.002975230338051915,0.0020106793381273746,5.423080921173096,0.7037981633854822,0.11650057335927358,0.09887640449438202,0.10138248847926268,0.09649122807017543,0.20238095238095236,3436,3436,54,426,426,0.8760186433792114,1.0,1.0,0.09795263565738486,0.0,0.0,0.7459084663579117,0.12602489821004212,0.749579573366437,0.12755888045262537,0.7466405657324442,0.12807064622897027,0.7361683616358707,0.1387281905804251
npy,./data/MSL,T-8,T-8,mask_noTTA,100,256,128,0.15,50,64,0.001,1,1,1,0,0.001,adam,0.1,0.99,fixed,gated,5000,none,8,0.95,"[0.5, 1.0, 2.0]",0,0,4,55,2.887841,8,0.004916852805763483,0.003438783809542656,0.8716988563537598,0.5707445998865319,0.11661671468649339,0.13362068965517243,0.07506053268765134,0.6078431372549019,0.16279069767441862,1420,0,0,300,0,0.0,0.0,0.0,0.07044765311227717,1.0,1.0,0.5841462908381418,0.12018496917317792,0.5933413591265723,0.12305924941829963,0.605553018666888,0.12816991593396465,0.6149003002753677,0.10933743326037632
npy,./data/MSL,S-2,S-2,gate_gbuf5k,100,256,128,0.15,50,64,0.001,1,1,1,1,0.001,adam,0.1,0.99,adaptive,gated,5000,unc,8,0.95,"[0.5, 1.0, 2.0]",0,0,4,55,2.887841,8,0.004450122360140085,0.0022577554918825626,1.1243369579315186,0.7012414897877453,0.2858761747490138,0.0149812734082397,0.007594936708860759,0.5454545454545454,0.42857142857142855,1728,387,25,110,2,0.9948320388793945,0.0181818176060915,0.23794808983802795,0.09029717357070358,0.26589596023162204,0.0,0.7168602322787345,0.28707479643395695,0.7277232679215058,0.2883656817672439,0.744343211854225,0.29191613939819816,0.678163796555867,0.047164509555088434
npy,./data/MSL,F-5,F-5,noMask_fixed,100,256,128,0.15,50,64,0.001,1,0,1,1,0.001,adam,0.1,0.99,fixed,gated,5000,none,8,0.95,"[0.5, 1.0, 2.0]",0,0,7,55,2.887786,0,0.003094204468652606,inf,3.2624800205230713,0.7953693313032011,0.3416301934744329,0.25242718446601936,0.15964912280701754,0.6026490066225165,0.39805825242718446,3823,3218,57,250,59,0.9816656112670898,0.23600000143051147,0.8841309547424316,0.03047772736066678,0.22367276002963385,0.07935374851028125,,,,,,,,
npy,./data/MSL,P-14,P-14,gate_gbuf5k,100,256,128,0.15,50,64,0.001,1,1,1,1,0.001,adam,0.1,0.99,adaptive,gated,5000,unc,8,0.95,"[0.5, 1.0, 2.0]",0,0,6,55,2.887841,8,0.0022931236308068037,0.0017232660902664065,3.557615041732788,0.9033751221602125,0.5063435876644866,0.3584905660377359,0.23707664884135474,0.7348066298342542,0.4779411764705883,6001,5330,92,280,105,0.9803001880645752,0.375,0.9133018851280212,0.10470306251550035,0.015000000596046448,0.15298611174027124,0.9203305396331133,0.537156894356931,0.9244403498799166,0.5600652474488705,0.9279695782567423,0.5963330108666604,0.9033947237989096,0.4960661740052564
npy,./data/MSL,C-2,C-2,base_noTTA,100,256,128,0.15,50,64,0.001,1,0,1,0,0.001,adam,0.1,0.99,fixed,gated,5000,none,8,0.95,"[0.5, 1.0, 2.0]",0,0,3,55,2.887786,0,0.005831223446875811,inf,0.8141899108886719,0.612112822155611,0.11343293666020624,0.16806722689075632,0.10057471264367816,0.5109489051094891,0.18661971830985916,1952,1295,0,335,131,0.8988416790962219,0.3910447657108307,0.719851553440094,0.008454210445529124,0.7205441494782766,0.2577962627013524,,,,,,,,
npy,./data/MSL,D-15,D-15,base_noTTA,100,256,128,0.15,50,64,0.001,1,0,1,0,0.001,adam,0.1,0.99,fixed,gated,5000,none,8,0.95,"[0.5, 1.0, 2.0]",0,0,6,55,2.887786,0,0.0038135210052132607,inf,2.4254400730133057,0.6342604923709142,0.3883926864077176,0.35760517799352753,0.37142857142857144,0.34477379095163807,0.5038719669592153,2059,993,0,658,60,0.939577043056488,0.09118541330099106,0.6659528613090515,0.008984871892572433,0.2977346380551656,0.0,,,,,,,,
npy,./data/MSL,F-7,F-7,fixed,100,256,128,0.15,50,64,0.001,1,1,1,1,0.001,adam,0.1,0.99,fixed,gated,5000,none,8,0.95,"[0.5, 1.0, 2.0]",0,0,0,55,2.887841,8,0.004515376407653093,0.003912145271897316,3.070991039276123,0.4817421702750454,0.0756111237328995,0.06405124099279423,0.048426150121065374,0.09456264775413711,0.15495562130177512,4955,4643,78,720,656,0.8587120175361633,0.9111111164093018,0.9414404034614563,0.1003224000439995,0.011424731463193893,0.04579124537607034,0.48431604670549433,0.0753642528827628,0.4823522024714727,0.0747018802727104,0.47881605768096897,0.07389224747765136,0.5049841417153289,0.08390102855447376
npy,./data/MSL,T-4,T-4,fixed,100,256,128,0.15,50,64,0.001,1,1,1,1,0.001,adam,0.1,0.99,fixed,gated,5000,none,8,0.95,"[0.5, 1.0, 2.0]",0,0,7,55,2.887841,8,0.0040884059853851795,0.002423239639028907,2.901585102081299,0.4345397133835317,0.02828293607038729,0.050156739811912224,0.028119507908611598,0.2318840579710145,0.06073943661971831,2118,1507,32,168,148,0.9017916321754456,0.8809523582458496,0.6969230771064758,0.09302804783000712,0.44811321794986725,0.3490789569914341,0.4290205921247942,0.027802892283344104,0.4291825223328745,0.027479319905024148,0.4276576795401182,0.027041794242587583,0.41493941111380994,0.025282363337739894
npy,./data/MSL,T-9,T-9,mask_noTTA,100,256,128,0.15,50,64,0.001,1,1,1,0,0.001,adam,0.1,0.99,fixed,gated,5000,none,8,0.95,"[0.5, 1.0, 2.0]",0,0,9,55,2.887841,8,0.008764089085161686,0.002611189614981413,0.43256306648254395,0.5599956445993032,0.27553678504656226,0.2339955849889625,0.15542521994134897,0.4732142857142857,0.29411764705882354,997,808,0,290,141,0.8254950642585754,0.48620688915252686,0.9434229135513306,0.07473334386092849,0.0,0.0,0.6320684523809523,0.3012736906446488,0.6755952380952382,0.33414817396277496,0.720020325203252,0.3811960201836784,0.7292574041811847,0.2962516586165412
npy,./data/MSL,T-12,T-12,gate_gbuf5k,100,256,128,0.15,50,64,0.001,1,1,1,1,0.001,adam,0.1,0.99,adaptive,gated,5000,unc,8,0.95,"[0.5, 1.0, 2.0]",0,0,7,55,2.887841,8,0.0029291033279150724,0.0016649778699502349,1.5325276851654053,0.7557026225084023,0.18390306115554492,0.25443786982248523,0.19815668202764977,0.35537190082644626,0.25846153846153846,2331,2155,37,220,125,0.94199538230896,0.5681818127632141,0.9616295695304871,0.1047032935994728,0.0,0.0,0.7783878391776342,0.18977279830269544,0.7745222610768498,0.19014965496246874,0.7670380723650538,0.19228691048277174,0.7282104878860657,0.1150024045114188
npy,./data/MSL,T-4,T-4,gate_gbuf5k,100,256,128,0.15,50,64,0.001,1,1,1,1,0.001,adam,0.1,0.99,adaptive,gated,5000,unc,8,0.95,"[0.5, 1.0, 2.0]",0,0,0,55,2.887841,8,0.004090030211955309,0.002119779819622636,2.814307689666748,0.47162847812592773,0.029519244997693168,0.05663716814159292,0.03225806451612903,0.2318840579710145,0.0625,2118,1634,34,168,136,0.9167686700820923,0.8095238208770752,0.7682051062583923,0.09296050715604066,0.10691824182868004,0.0,0.44551048498097323,0.028341091097726645,0.43727228564488707,0.027872279449049835,0.4318071411221764,0.02750736449841551,0.39842252988961757,0.02493529012449133
npy,./data/MSL,M-3,M-3,mask_noTTA,100,256,128,0.15,50,64,0.001,1,1,1,0,0.001,adam,0.1,0.99,fixed,gated,5000,none,8,0.95,"[0.5, 1.0, 2.0]",0,0,7,55,2.887841,8,0.004735474940389395,0.0026339187752455473,2.5921003818511963,0.46846091115283,0.11187645911459877,0.16091954022988508,0.10340909090909091,0.36254980079681276,0.21145745577085087,2028,1356,0,350,308,0.7728613615036011,0.8799999952316284,0.6245530247688293,0.06953404970187878,0.2660098448395729,0.42348869641621906,0.4662225299229521,0.11120921241046641,0.4650098964483218,0.11091198647247112,0.4645182595842642,0.11048174694320881,0.466763011918212,0.11023672265829232
npy,./data/MSL,T-8,T-8,fixed,100,256,128,0.15,50,64,0.001,1,1,1,1,0.001,adam,0.1,0.99,fixed,gated,5000,none,8,0.95,"[0.5, 1.0, 2.0]",0,0,8,55,2.887841,8,0.004726326558738947,0.0030021448619663715,0.8631916046142578,0.5652164888538337,0.10618659682945054,0.1331923890063425,0.07464454976303317,0.6176470588235294,0.15261044176706826,1420,0,0,300,0,0.0,0.0,0.0,0.07219062724583586,1.0,1.0,0.5820153043574522,0.10829861172345137,0.594005562704969,0.11219951688575872,0.6101263370556409,0.11563365601157233,0.6429629014626316,0.11411107654526309
npy,./data/MSL,S-2,S-2,gate_gbuf5k,100,256,128,0.15,50,64,0.001,1,1,1,1,0.001,adam,0.1,0.99,adaptive,gated,5000,unc,8,0.95,"[0.5, 1.0, 2.0]",0,0,6,55,2.887841,8,0.004379786550998688,0.002706218510866165,1.178771734237671,0.6388666399679614,0.28828874636694507,0.012738853503184714,0.006459948320413436,0.45454545454545453,0.42857142857142855,1728,755,26,110,6,0.9920529723167419,0.05454545468091965,0.46291717886924744,0.10013221590607255,0.25626203417778015,0.0,0.6425210252302762,0.2896302792357121,0.6426712054465358,0.2904030030816205,0.6461253504205046,0.2885763834131246,0.6337104525430516,0.009826219264397073
npy,./data/MSL,C-2,C-2,gate_noTTA,100,256,128,0.15,50,64,0.001,1,1,1,0,0.001,adam,0.1,0.99,fixed,gated,5000,unc,8,0.95,"[0.5, 1.0, 2.0]",0,0,5,55,2.887841,8,0.00593255739659071,0.0034693945199251175,0.9317195415496826,0.6032423403427682,0.10303738197113287,0.18,0.1085972850678733,0.5255474452554745,0.19215686274509805,1952,1306,0,335,129,0.9012250900268555,0.3850746154785156,0.7278911471366882,0.06737108113335781,0.704908937215805,0.253291758398215,0.6688976347924246,0.11902457525252375,0.7016642640856081,0.13372003817378214,0.7389347794583134,0.16343415384372018,0.8238336041004051,0.3580644007124753
npy,./data/MSL,C-1,C-1,gate_noTTA,100,256,128,0.15,50,64,0.001,1,1,1,0,0.001,adam,0.1,0.99,fixed,gated,5000,unc,8,0.95,"[0.5, 1.0, 2.0]",0,0,2,55,2.887841,8,0.005695381201803684,0.002600234467536211,2.667498826980591,0.6589182035519127,0.20688662312256895,0.21739130434782608,0.1744186046511628,0.28846153846153844,0.3238482384823848,2165,1659,0,464,344,0.7926461696624756,0.7413793206214905,0.7730746865272522,0.0669842779498728,0.8540706634521484,0.0,0.6621249737284574,0.213481124447861,0.6602071511139134,0.21836616630696318,0.6598918926019336,0.22786205045264696,0.6666929382093316,0.24520069881100626
npy,./data/MSL,M-5,M-5,fixed,100,256,128,0.15,50,64,0.001,1,1,1,1,0.001,adam,0.1,0.99,fixed,gated,5000,none,8,0.95,"[0.5, 1.0, 2.0]",0,0,7,55,2.887841,8,0.005492354743182659,0.0029608297627419233,2.6474790573120117,0.4800681046528223,0.12657109594253962,0.16390243902439022,0.11602209944751381,0.27906976744186046,0.23337222870478413,2204,2148,35,400,398,0.814711332321167,0.9950000047683716,0.9700665473937988,0.08962266890842556,0.04524887104829153,0.022727273404598236,0.5045120991964845,0.13122780038349935,0.5214868188290115,0.13513135091273068,0.5429387887859649,0.14124730578375347,0.6078141127975015,0.1759363509861167
npy,./data/MSL,C-1,C-1,noMask_fixed,100,256,128,0.15,50,64,0.001,1,0,1,1,0.001,adam,0.1,0.99,fixed,gated,5000,none,8,0.95,"[0.5, 1.0, 2.0]",0,0,0,55,2.887786,0,0.005558284465223551,inf,2.5166118144989014,0.6605059899117276,0.2154301852621351,0.24879227053140096,0.1996124031007752,0.3301282051282051,0.3194168323392976,2165,1647,31,464,344,0.7911353707313538,0.7413793206214905,0.7660199999809265,0.028348244365313312,0.918586790561676,0.0,,,,,,,,
npy,./data/MSL,F-8,F-8,noMask_fixed,100,256,128,0.15,50,64,0.001,1,0,1,1,0.001,adam,0.1,0.99,fixed,gated,5000,none,8,0.95,"[0.5, 1.0, 2.0]",0,0,8,55,2.887786,0,0.0053590391762554646,inf,4.099795579910278,0.5992398414744783,0.2517071547798768,0.21616541353383462,0.21821631878557876,0.21415270018621974,0.4076858813700919,2388,1956,37,537,509,0.7397750616073608,0.947858452796936,0.7817395925521851,0.02742961822842034,0.23988843197003007,0.2752808928489685,,,,,,,,
npy,./data/MSL,F-7,F-7,base_noTTA,100,256,128,0.15,50,64,0.001,1,0,1,0,0.001,adam,0.1,0.99,fixed,gated,5000,none,8,0.95,"[0.5, 1.0, 2.0]",0,0,6,55,2.887786,0,0.003064037999138236,inf,2.9856438636779785,0.30492778392914843,0.05563135506781104,0.02564102564102564,0.023391812865497075,0.028368794326241134,0.15460526315789475,4955,4669,0,720,676,0.8552152514457703,0.9388889074325562,0.9428571462631226,0.008980272756936452,0.010437239116678635,0.027609427149097126,,,,,,,,
npy,./data/MSL,T-8,T-8,mask_noTTA,100,256,128,0.15,50,64,0.001,1,1,1,0,0.001,adam,0.1,0.99,fixed,gated,5000,none,8,0.95,"[0.5, 1.0, 2.0]",0,0,0,55,2.887841,8,0.00478816032409668,0.002702378900721669,0.8374812602996826,0.5479333582409676,0.09763465205372769,0.1281216069489685,0.07203907203907203,0.5784313725490197,0.14965986394557823,1420,0,0,300,0,0.0,0.0,0.0,0.06937594480917487,1.0,1.0,0.5583461330897921,0.10118828175257699,0.5629402078403698,0.1055064122072676,0.5679840037638203,0.10789053241394814,0.5808321917334329,0.09325104148012829
npy,./data/MSL,F-4,F-4,gate_noTTA,100,256,128,0.15,50,64,0.001,1,1,1,0,0.001,adam,0.1,0.99,fixed,gated,5000,unc,8,0.95,"[0.5, 1.0, 2.0]",0,0,3,55,2.887841,8,0.004004298243671656,0.002011170145124197,2.8204705715179443,0.5729212637808347,0.03203321910180143,0.0778688524590164,0.045563549160671464,0.2676056338028169,0.0826771653543307,3323,3044,0,170,147,0.9517082571983337,0.8647058606147766,0.9188075065612793,0.07404737217111326,0.06606606456140678,0.043733260594308376,0.5329374035919485,0.028953788400049946,0.5146582268904384,0.0268922329556659,0.49293673109981884,0.0240818294801537,0.38421576909982724,0.015530895730462999
npy,./data/MSL,D-14,D-14,base_noTTA,100,256,128,0.15,50,64,0.001,1,0,1,0,0.001,adam,0.1,0.99,fixed,gated,5000,none,8,0.95,"[0.5, 1.0, 2.0]",0,0,4,55,2.887786,0,0.00485559506341815,inf,4.14297080039978,0.44930136128638004,0.2515634077407569,0.12484394506866417,0.07246376811594203,0.45045045045045046,0.3148148148148148,2526,600,0,420,113,0.8116666674613953,0.2690476179122925,0.2312440574169159,0.008708979530364676,0.9196311036745707,0.40608465671539307,,,,,,,,
npy,./data/MSL,M-5,M-5,gate_gbuf5k,100,256,128,0.15,50,64,0.001,1,1,1,1,0.001,adam,0.1,0.99,adaptive,gated,5000,unc,8,0.95,"[0.5, 1.0, 2.0]",0,0,9,55,2.887841,8,0.005417603999376297,0.0029424019157886505,2.7065210342407227,0.4787861640021108,0.1302662284207491,0.15748031496062992,0.11188811188811189,0.26578073089701,0.2350581628559968,2204,2093,35,400,390,0.8136646151542664,0.9750000238418579,0.9440132975578308,0.09867381270697675,0.046757166584332786,0.016666666915019352,0.49066050228840924,0.13280348051521662,0.4984334602274801,0.1344045159756267,0.5111101523061656,0.13907346083952987,0.5680216793173605,0.1509443090026809
npy,./data/MSL,M-6,M-6,gate_gbuf5k,100,256,128,0.15,50,64,0.001,1,1,1,1,0.001,adam,0.1,0.99,adaptive,gated,5000,unc,8,0.95,"[0.5, 1.0, 2.0]",0,0,7,55,2.887841,8,0.002129873726516962,0.0017497451044619083,2.027003049850464,0.7341500349000911,0.612293745798554,0.24972375690607734,0.15607734806629833,0.6243093922651933,0.6931407942238267,1950,456,29,199,30,0.9342105388641357,0.15075376629829407,0.2432895451784134,0.09412484291272286,0.28205128526315093,0.008726003269354502,0.7440728997835012,0.6399440645087524,0.742061708093272,0.6393628529853679,0.7414731387603961,0.6384683739658829,0.7628243046600495,0.6308496310857443
npy,./data/MSL,F-8,F-8,gate_noTTA,100,256,128,0.15,50,64,0.001,1,1,1,0,0.001,adam,0.1,0.99,fixed,gated,5000,unc,8,0.95,"[0.5, 1.0, 2.0]",0,0,2,55,2.887841,8,0.005633679684251547,0.0032401145435869694,4.178009271621704,0.55542949911665,0.23355165763433164,0.21428571428571427,0.21631878557874762,0.2122905027932961,0.3853211009174312,2388,2020,0,537,405,0.7995049357414246,0.7541899681091309,0.8725013732910156,0.07036433148024669,0.09902371217807134,0.0805243452390035,0.5528195578474908,0.23555802836235404,0.5504006111827341,0.23860641026986093,0.5507358067134603,0.24849618898686354,0.5710394881344603,0.3041769404711419
npy,./data/MSL,D-15,D-15,gate_noTTA,100,256,128,0.15,50,64,0.001,1,1,1,0,0.001,adam,0.1,0.99,fixed,gated,5000,unc,8,0.95,"[0.5, 1.0, 2.0]",0,0,5,55,2.887841,8,0.004233871586620808,0.0030950545333325863,2.567488431930542,0.6242758873176286,0.38599501699758687,0.38639876352395675,0.38284839203675347,0.39001560062402496,0.49344341913550266,2059,848,0,658,20,0.9764150977134705,0.030395137146115303,0.5910063982009888,0.07091650052693586,0.3268608469516039,0.0,0.668588035545153,0.4167685319054214,0.6837824468812636,0.4353954419814438,0.6995465843683187,0.46400557950866594,0.7488793157527225,0.534142510094874
npy,./data/MSL,F-8,F-8,gate_gbuf5k,100,256,128,0.15,50,64,0.001,1,1,1,1,0.001,adam,0.1,0.99,adaptive,gated,5000,unc,8,0.95,"[0.5, 1.0, 2.0]",0,0,2,55,2.887841,8,0.005633679684251547,0.0032401145435869694,4.14051079750061,0.5779840519505324,0.23666637494693057,0.17913385826771652,0.18997912317327767,0.16945996275605213,0.400320256204964,2388,2180,38,537,467,0.7857798337936401,0.8696461915969849,0.9254456758499146,0.1126001628000333,0.03486750274896622,0.0,0.5618822518263858,0.23182545556425904,0.5518273408776202,0.229858255239267,0.5437129351095831,0.231610695995042,0.5510089289977558,0.2624517147277462
npy,./data/MSL,M-1,M-1,noMask_fixed,100,256,128,0.15,50,64,0.001,1,0,1,1,0.001,adam,0.1,0.99,fixed,gated,5000,none,8,0.95,"[0.5, 1.0, 2.0]",0,0,4,55,2.887786,0,0.003366894321516156,inf,2.6369996070861816,0.38256455913394477,0.4232647827397277,0.3079331941544885,0.38064516129032255,0.25854513584574934,0.6678383128295255,2178,1222,30,1167,893,0.26923078298568726,0.7652099132537842,0.3254203796386719,0.026630961205348497,0.6819571902354559,0.0,,,,,,,,
npy,./data/MSL,M-2,M-2,fixed,100,256,128,0.15,50,64,0.001,1,1,1,1,0.001,adam,0.1,0.99,fixed,gated,5000,none,8,0.95,"[0.5, 1.0, 2.0]",0,0,1,55,2.887841,8,0.006376439239829779,0.002852081088349223,2.6948211193084717,0.682753730974806,0.6706524194176694,0.5016797312430011,0.6945736434108527,0.39263803680981596,0.6946564885496184,2178,1613,34,1167,609,0.6224426627159119,0.5218508839607239,0.9930761456489563,0.09597146916104851,0.010703363455832005,0.0,0.7308721963683944,0.7020202048303037,0.7538389848292206,0.7232968770710937,0.7777146004863537,0.7519799346034242,0.7875712866153979,0.7997863008868266
npy,./data/MSL,T-8,T-8,gate_gbuf5k,100,256,128,0.15,50,64,0.001,1,1,1,1,0.001,adam,0.1,0.99,adaptive,gated,5000,unc,8,0.95,"[0.5, 1.0, 2.0]",0,0,5,55,2.887841,8,0.004749177023768425,0.0027364762499928474,0.8762302398681641,0.5585675342825909,0.09725505994984471,0.11660777385159012,0.07112068965517242,0.3235294117647059,0.14038876889848814,1420,645,22,300,88,0.8635658621788025,0.2933333218097687,0.4973214268684387,0.09719351647605359,0.17605633785327277,0.0,0.5771998284140756,0.10271793940166019,0.5883044819903968,0.10797746804514836,0.6018722238366059,0.11946336082500161,0.6365491856587377,0.11532363757598182
npy,./data/MSL,M-3,M-3,noMask_fixed,100,256,128,0.15,50,64,0.001,1,0,1,1,0.001,adam,0.1,0.99,fixed,gated,5000,none,8,0.95,"[0.5, 1.0, 2.0]",0,0,1,55,2.887786,0,0.004684112034738064,inf,2.461867094039917,0.46214502331824087,0.11257396893825604,0.1490947816826411,0.10174418604651163,0.2788844621513944,0.21110176619007567,2028,1535,32,350,317,0.7934853434562683,0.9057142734527588,0.7258641123771667,0.030329829372127616,0.23316912601391473,0.2901875525712967,,,,,,,,
npy,./data/MSL,T-5,T-5,mask_noTTA,100,256,128,0.15,50,64,0.001,1,1,1,0,0.001,adam,0.1,0.99,fixed,gated,5000,none,8,0.95,"[0.5, 1.0, 2.0]",0,0,8,55,2.887841,8,0.00315338047221303,0.0023205254692584276,3.0171260833740234,0.597768107804604,0.21190224245005132,0.04195804195804196,0.022332506203473945,0.34615384615384615,0.32258064516129037,2119,1526,0,125,23,0.9849278926849365,0.18400000035762787,0.7537612915039062,0.06985461841275412,0.41509434829155606,0.283883273601532,0.64010738349242,0.22020955168056802,0.6515300393037619,0.22907339943650787,0.6646371420550253,0.2414143963728444,0.6705151600224593,0.07395479818918452
npy,./data/MSL,M-3,M-3,gate_gbuf5k,100,256,128,0.15,50,64,0.001,1,1,1,1,0.001,adam,0.1,0.99,adaptive,gated,5000,unc,8,0.95,"[0.5, 1.0, 2.0]",0,0,4,55,2.887841,8,0.004830746911466122,0.002701908815652132,2.5130951404571533,0.4181567971185621,0.10200447340792937,0.1411483253588517,0.10085470085470086,0.2350597609561753,0.21178479931682323,2028,1827,32,350,334,0.8171866536140442,0.954285740852356,0.8897497057914734,0.08555888189131457,0.12807881832122803,0.003300329980750879,0.424999362889593,0.10249667481071666,0.4337214043612331,0.10331829916037226,0.4477229674054316,0.10447441797783272,0.494975322590236,0.1111091364086377
npy,./data/MSL,F-7,F-7,mask_noTTA,100,256,128,0.15,50,64,0.001,1,1,1,0,0.001,adam,0.1,0.99,fixed,gated,5000,none,8,0.95,"[0.5, 1.0, 2.0]",0,0,7,55,2.887841,8,0.004445639904588461,0.0042989058420062065,3.248105525970459,0.42839421658848553,0.06825211338205253,0.05633802816901409,0.04336734693877551,0.08037825059101655,0.1547183613752743,4955,4603,0,720,653,0.858135998249054,0.9069444537162781,0.9327036738395691,0.07811680090295077,0.013125411700457335,0.05925925883154074,0.43566100179027856,0.06858374968115391,0.4385906877947106,0.06881130855276844,0.4427917421549604,0.06922856652480652,0.4855682717915497,0.07824073476937998
npy,./data/MSL,C-1,C-1,mask_noTTA,100,256,128,0.15,50,64,0.001,1,1,1,0,0.001,adam,0.1,0.99,fixed,gated,5000,none,8,0.95,"[0.5, 1.0, 2.0]",0,0,7,55,2.887841,8,0.0056020719930529594,0.002479324582964182,2.8180174827575684,0.6583156000420345,0.21814330930894296,0.21575757575757576,0.17348927875243664,0.28525641025641024,0.31443298969072164,2165,1684,0,464,353,0.79038006067276,0.7607758641242981,0.7824808955192566,0.06859726498363751,0.8755760391553243,0.0,0.6588049075241698,0.22278735208812978,0.6547755096679277,0.22574589669041778,0.6497379413619168,0.227616338125776,0.6417793059058429,0.20232575282345622
npy,./data/MSL,D-16,D-16,gate_gbuf5k,100,256,128,0.15,50,64,0.001,1,1,1,1,0.001,adam,0.1,0.99,adaptive,gated,5000,unc,8,0.95,"[0.5, 1.0, 2.0]",0,0,9,55,2.887841,8,0.0037678119260817766,0.0023079044185578823,1.7621426582336426,0.5324525704710036,0.3573460240688556,0.37331622835150735,0.32048458149779735,0.4470046082949309,0.4633233532934132,2092,879,29,750,321,0.6348122954368591,0.42800000309944153,0.41579732298851013,0.09704923994454553,0.13650794078906378,0.15151515106360117,0.5398437967562391,0.36983387012426,0.5449368603746484,0.38210971275870653,0.5517186346679435,0.4055883089336848,0.558733816107088,0.46714497088093465
npy,./data/MSL,F-7,F-7,base_noTTA,100,256,128,0.15,50,64,0.001,1,0,1,0,0.001,adam,0.1,0.99,fixed,gated,5000,none,8,0.95,"[0.5, 1.0, 2.0]",0,0,5,55,2.887786,0,0.0031158372294157743,inf,3.0446250438690186,0.32166665900935876,0.057404946579492265,0.03801478352692714,0.03435114503816794,0.0425531914893617,0.15449233016800584,4955,4675,0,720,674,0.8558288812637329,0.9361110925674438,0.9447461366653442,0.009182555644230693,0.008736558879415194,0.029629630347092945,,,,,,,,
npy,./data/MSL,P-14,P-14,noMask_fixed,100,256,128,0.15,50,64,0.001,1,0,1,1,0.001,adam,0.1,0.99,fixed,gated,5000,none,8,0.95,"[0.5, 1.0, 2.0]",0,0,8,55,2.887786,0,0.002338326768949628,inf,3.5774149894714355,0.9224185808600266,0.527364097306182,0.4806451612903226,0.33940774487471526,0.8232044198895028,0.5078809106830122,6001,5409,91,280,109,0.9798483848571777,0.38928571343421936,0.9264114499092102,0.029577253024154176,0.003888889060666164,0.2337500030795733,,,,,,,,
npy,./data/MSL,T-8,T-8,mask_noTTA,100,256,128,0.15,50,64,0.001,1,1,1,0,0.001,adam,0.1,0.99,fixed,gated,5000,none,8,0.95,"[0.5, 1.0, 2.0]",0,0,7,55,2.887841,8,0.004824239294975996,0.00252611399628222,0.9447181224822998,0.55051406589453,0.11703151702936754,0.1288936627282492,0.07237635705669482,0.5882352941176471,0.16964285714285715,1420,0,0,300,0,0.0,0.0,0.0,0.07747579628313092,1.0,1.0,0.5626496187748211,0.12020695579041732,0.5727302918344472,0.12288193710020413,0.5868792118117536,0.12623682644370054,0.5891624116124925,0.0951945103183116
npy,./data/MSL,F-7,F-7,noMask_fixed,100,256,128,0.15,50,64,0.001,1,0,1,1,0.001,adam,0.1,0.99,fixed,gated,5000,none,8,0.95,"[0.5, 1.0, 2.0]",0,0,1,55,2.887786,0,0.003154334845021367,inf,2.951587438583374,0.35340773173693774,0.059469091322413056,0.026998961578400833,0.024074074074074074,0.030732860520094562,0.1547183613752743,4955,4677,78,720,676,0.855462908744812,0.9388889074325562,0.9447461366653442,0.028459912712951722,0.02996763338645299,0.01279461228599151,,,,,,,,
npy,./data/MSL,T-4,T-4,noMask_fixed,100,256,128,0.15,50,64,0.001,1,0,1,1,0.001,adam,0.1,0.99,fixed,gated,5000,none,8,0.95,"[0.5, 1.0, 2.0]",0,0,1,55,2.887786,0,0.0036340844817459583,inf,2.7331979274749756,0.4535125360969422,0.02836595942365402,0.04778156996587031,0.027079303675048357,0.2028985507246377,0.060420315236427324,2118,1311,32,168,136,0.8962624073028564,0.8095238208770752,0.6025640964508057,0.028337702872732882,0.5235849221547445,0.4594622751077016,,,,,,,,
npy,./data/MSL,M-1,M-1,gate_gbuf5k,100,256,128,0.15,50,64,0.001,1,1,1,1,0.001,adam,0.1,0.99,adaptive,gated,5000,unc,8,0.95,"[0.5, 1.0, 2.0]",0,0,3,55,2.887841,8,0.0033720089122653008,0.0020552841015160084,2.8111727237701416,0.349793546555406,0.4044095088081142,0.2,0.30052724077328646,0.14986853637160386,0.6678372841673983,2178,1623,35,1167,1036,0.3616759181022644,0.8877463340759277,0.5806132555007935,0.10506366785783304,0.26605504751205444,0.0,0.32784899581538307,0.39547785935267116,0.3165264593697152,0.38994281228593175,0.3033654380269346,0.3826598987348001,0.30433829973707277,0.37703070737889505
npy,./data/MSL,T-9,T-9,mask_noTTA,100,256,128,0.15,50,64,0.001,1,1,1,0,0.001,adam,0.1,0.99,fixed,gated,5000,none,8,0.95,"[0.5, 1.0, 2.0]",0,0,8,55,2.887841,8,0.00855892151594162,0.003336843801662326,0.42357373237609863,0.5767367160278746,0.281359573573148,0.23981900452488686,0.1606060606060606,0.4732142857142857,0.3272727272727272,997,799,0,290,140,0.8247810006141663,0.48275861144065857,0.9321075081825256,0.07422900606421315,0.0,0.0,0.6174324912891985,0.29693114772378126,0.6530015969802556,0.3147707712412565,0.6965193089430894,0.351537173269549,0.7068361643437863,0.24245630011034236
npy,./data/MSL,D-15,D-15,gate_gbuf5k,100,256,128,0.15,50,64,0.001,1,1,1,1,0.001,adam,0.1,0.99,adaptive,gated,5000,unc,8,0.95,"[0.5, 1.0, 2.0]",0,0,4,55,2.887841,8,0.004287878517061472,0.0033500459976494312,2.579188108444214,0.626842740156541,0.39106481262298903,0.279646017699115,0.3231083844580777,0.24648985959438377,0.5071283095723015,2059,1541,33,658,333,0.7839065790176392,0.5060790181159973,0.862241268157959,0.09253987297958514,0.1003236211836338,0.0,0.681495315185053,0.4262876437812776,0.7018429715435157,0.4477204707724325,0.7241250230101492,0.4828561635911609,0.7961491037096988,0.6449302759478216
npy,./data/MSL,F-7,F-7,gate_noTTA,100,256,128,0.15,50,64,0.001,1,1,1,0,0.001,adam,0.1,0.99,fixed,gated,5000,unc,8,0.95,"[0.5, 1.0, 2.0]",0,0,9,55,2.887841,8,0.004523744806647301,0.004173413850367069,3.0951342582702637,0.4353199963449117,0.0710266726934883,0.061769616026711195,0.04774193548387097,0.08747044917257683,0.15449233016800584,4955,4365,0,720,603,0.861855685710907,0.8374999761581421,0.8883116841316223,0.08094707723823494,0.018227452412247658,0.05387205506364504,0.45283123854913415,0.07247735856765164,0.460401253143963,0.0731392618503452,0.46808204345981674,0.07402753278381005,0.5099200423908565,0.08345733649200411
npy,./data/MSL,F-7,F-7,noMask_fixed,100,256,128,0.15,50,64,0.001,1,0,1,1,0.001,adam,0.1,0.99,fixed,gated,5000,none,8,0.95,"[0.5, 1.0, 2.0]",0,0,2,55,2.887786,0,0.0031042241025716066,inf,2.9181833267211914,0.30749196110291777,0.05562251885384958,0.022680412371134023,0.02010968921389397,0.026004728132387706,0.15449233016800584,4955,4626,78,720,657,0.8579766750335693,0.9125000238418579,0.937190055847168,0.02956938911999992,0.029611037733654182,0.028282829094678164,,,,,,,,
npy,./data/MSL,F-4,F-4,gate_gbuf5k,100,256,128,0.15,50,64,0.001,1,1,1,1,0.001,adam,0.1,0.99,adaptive,gated,5000,unc,8,0.95,"[0.5, 1.0, 2.0]",0,0,2,55,2.887841,8,0.0039513614028692245,0.002034521894529462,2.869786500930786,0.5600976794818447,0.02742176663853048,0.06464646464646463,0.03773584905660377,0.22535211267605634,0.0704,3323,3090,52,170,157,0.9491909146308899,0.9235293865203857,0.9302251935005188,0.09827021192148297,0.05305305185417334,0.015096750731269518,0.5351986583782011,0.02557649374246026,0.5268303344387423,0.024443976419203026,0.5132039626598744,0.023041950636000348,0.4459967804439289,0.017333337885798626
npy,./data/MSL,T-8,T-8,noMask_fixed,100,256,128,0.15,50,64,0.001,1,0,1,1,0.001,adam,0.1,0.99,fixed,gated,5000,none,8,0.95,"[0.5, 1.0, 2.0]",0,0,8,55,2.887786,0,0.004962530918419361,inf,0.8245315551757812,0.582672589148574,0.11679479684607397,0.14422057264050903,0.08085612366230678,0.6666666666666666,0.18326693227091634,1420,0,0,300,0,0.0,0.0,0.0,0.010563118357053945,1.0,1.0,,,,,,,,
npy,./data/MSL,P-15,P-15,gate_gbuf5k,100,256,128,0.15,50,64,0.001,1,1,1,1,0.001,adam,0.1,0.99,adaptive,gated,5000,unc,8,0.95,"[0.5, 1.0, 2.0]",0,0,5,55,2.887841,8,0.0015217307955026627,0.0012410172494128346,4.955843925476074,0.7316536491139665,0.6574759559718236,0.10486891385767791,0.056910569105691054,0.6666666666666666,0.742857142857143,2757,2111,44,120,40,0.9810516238212585,0.3333333432674408,0.7853621244430542,0.09700661342041104,0.12077295035123825,0.0,0.7440833123372805,0.6628190863930548,0.7463172923490383,0.6628447735259044,0.7480809607793735,0.6628649779499194,0.7323759133282942,0.17443038818211187
npy,./data/MSL,M-5,M-5,gate_gbuf5k,100,256,128,0.15,50,64,0.001,1,1,1,1,0.001,adam,0.1,0.99,adaptive,gated,5000,unc,8,0.95,"[0.5, 1.0, 2.0]",0,0,2,55,2.887841,8,0.005566761363297701,0.0031549285631626844,2.564145088195801,0.47267516536619525,0.12493288986259832,0.16566866267465072,0.11840228245363767,0.2757475083056478,0.2362459546925567,2204,2119,35,400,387,0.8173666596412659,0.9674999713897705,0.9600886702537537,0.09272254313834133,0.04223227997620901,0.009090909113486608,0.4954298193500851,0.12883569249968888,0.5124227931536902,0.1324025425958215,0.5360503284091324,0.1390268718184684,0.597936946774156,0.1870545314077242
npy,./data/MSL,M-3,M-3,base_noTTA,100,256,128,0.15,50,64,0.001,1,0,1,0,0.001,adam,0.1,0.99,fixed,gated,5000,none,8,0.95,"[0.5, 1.0, 2.0]",0,0,4,55,2.887786,0,0.0048757921904325485,inf,2.420299768447876,0.42666009735047017,0.10275177611641759,0.12173913043478261,0.08370702541106129,0.22310756972111553,0.21181434599156118,2028,1455,0,350,320,0.7800687551498413,0.9142857193946838,0.6764004826545715,0.009127152271759816,0.223316906640927,0.38671549657980603,,,,,,,,
npy,./data/MSL,C-2,C-2,base_noTTA,100,256,128,0.15,50,64,0.001,1,0,1,0,0.001,adam,0.1,0.99,fixed,gated,5000,none,8,0.95,"[0.5, 1.0, 2.0]",0,0,8,55,2.887786,0,0.005806827452033758,inf,0.8808445930480957,0.6092678610926786,0.10173310844940761,0.16417910447761194,0.09895052473763119,0.48175182481751827,0.19736842105263155,1952,1292,0,335,129,0.9001547694206238,0.3850746154785156,0.7192331552505493,0.009220398840357046,0.7135991354783376,0.26851467539866763,,,,,,,,
npy,./data/MSL,T-12,T-12,base_noTTA,100,256,128,0.15,50,64,0.001,1,0,1,0,0.001,adam,0.1,0.99,fixed,gated,5000,none,8,0.95,"[0.5, 1.0, 2.0]",0,0,7,55,2.887786,0,0.002878432162106037,inf,1.4337222576141357,0.6876004423939381,0.1597880626755602,0.2167487684729064,0.1543859649122807,0.36363636363636365,0.23529411764705882,2331,2144,0,220,137,0.9361007213592529,0.6227272748947144,0.9507342576980591,0.008581330059220073,0.0,0.10443490743637085,,,,,,,,
npy,./data/MSL,M-3,M-3,base_noTTA,100,256,128,0.15,50,64,0.001,1,0,1,0,0.001,adam,0.1,0.99,fixed,gated,5000,none,8,0.95,"[0.5, 1.0, 2.0]",0,0,0,55,2.887786,0,0.004522609058767557,inf,2.446281671524048,0.45150527952157254,0.11115106045029674,0.15036045314109164,0.10138888888888889,0.2908366533864542,0.21190375685943436,2028,1414,0,350,305,0.7842998504638672,0.8714285492897034,0.6609058380126953,0.009863216731205025,0.24137931068738303,0.4036867121855418,,,,,,,,
npy,./data/MSL,T-13,T-13,mask_noTTA,100,256,128,0.15,50,64,0.001,1,1,1,0,0.001,adam,0.1,0.99,fixed,gated,5000,none,8,0.95,"[0.5, 1.0, 2.0]",0,0,7,55,2.887841,8,0.0029856725595891476,0.001672755111940205,1.557849645614624,0.7128399798854345,0.22712519215182586,0.17543859649122806,0.23809523809523808,0.1388888888888889,0.30077787381158166,2331,2331,0,450,450,0.80694979429245,1.0,1.0,0.07058018422955252,0.0,0.0,0.7198044660165872,0.23520290098030228,0.7103320360896117,0.23381451144962617,0.699726339877855,0.23200487576074014,0.6591656099231857,0.19352744625777013
npy,./data/MSL,F-4,F-4,noMask_fixed,100,256,128,0.15,50,64,0.001,1,0,1,1,0.001,adam,0.1,0.99,fixed,gated,5000,none,8,0.95,"[0.5, 1.0, 2.0]",0,0,5,55,2.887786,0,0.0037713563069701195,inf,2.8995392322540283,0.5519311031813081,0.028382659326131425,0.06329113924050633,0.03722084367245657,0.2112676056338028,0.07427055702917772,3323,3181,52,170,166,0.9478151798248291,0.9764705896377563,0.9562321305274963,0.030246155469345108,0.09709709758559863,0.040504820023973785,,,,,,,,
npy,./data/MSL,M-4,M-4,base_noTTA,100,256,128,0.15,50,64,0.001,1,0,1,0,0.001,adam,0.1,0.99,fixed,gated,5000,none,8,0.95,"[0.5, 1.0, 2.0]",0,0,8,55,2.887786,0,0.0046771676279604435,inf,2.6334738731384277,0.39460512733620634,0.10505852023705557,0.13518886679920478,0.09006622516556291,0.27091633466135456,0.21969365426695842,1939,1209,0,350,335,0.7229114770889282,0.9571428298950195,0.5500314831733704,0.008767508181669836,0.41408934195836383,0.49072081844011944,,,,,,,,
npy,./data/MSL,M-5,M-5,gate_noTTA,100,256,128,0.15,50,64,0.001,1,1,1,0,0.001,adam,0.1,0.99,fixed,gated,5000,unc,8,0.95,"[0.5, 1.0, 2.0]",0,0,4,55,2.887841,8,0.005358290858566761,0.0030582412146031857,2.5611982345581055,0.48549623134340736,0.1320419897240274,0.17507136060894388,0.12266666666666666,0.30564784053156147,0.2353416902547513,2204,1991,0,400,373,0.8126569390296936,0.9325000047683716,0.8968957662582397,0.06688463276830213,0.09200603344167273,0.07434200976664822,0.5023863180009359,0.13506031596435025,0.5149468471727607,0.13762627837836294,0.5330533254121295,0.14109809394871772,0.5816293341210285,0.16572947557158627
npy,./data/MSL,M-4,M-4,base_noTTA,100,256,128,0.15,50,64,0.001,1,0,1,0,0.001,adam,0.1,0.99,fixed,gated,5000,none,8,0.95,"[0.5, 1.0, 2.0]",0,0,2,55,2.887786,0,0.004964768420904875,inf,2.42893648147583,0.3866013283185111,0.10755376441179107,0.11839323467230443,0.08057553956834532,0.22310756972111553,0.21940559440559443,1939,1374,0,350,341,0.7518194913864136,0.9742857217788696,0.6500943899154663,0.008252430601547895,0.3436426172653834,0.4272879759470622,,,,,,,,
npy,./data/MSL,M-3,M-3,base_noTTA,100,256,128,0.15,50,64,0.001,1,0,1,0,0.001,adam,0.1,0.99,fixed,gated,5000,none,8,0.95,"[0.5, 1.0, 2.0]",0,0,2,55,2.887786,0,0.0047609698958694935,inf,2.4598023891448975,0.4321392468505509,0.11072484311528354,0.14519427402862986,0.09766162310866575,0.28286852589641437,0.21305841924398627,2028,1487,0,350,320,0.7848016023635864,0.9142857193946838,0.6954708099365234,0.008873803140613925,0.218390803784132,0.37351419031620026,,,,,,,,
npy,./data/MSL,T-13,T-13,noMask_fixed,100,256,128,0.15,50,64,0.001,1,0,1,1,0.001,adam,0.1,0.99,fixed,gated,5000,none,8,0.95,"[0.5, 1.0, 2.0]",0,0,4,55,2.887786,0,0.0027038485277444124,inf,1.3292388916015625,0.7014991181657848,0.22209934674133858,0.16748768472906403,0.22077922077922077,0.1349206349206349,0.29978586723768735,2331,2328,37,450,447,0.8079897165298462,0.9933333396911621,1.0,0.032395060509379354,0.0,0.0,,,,,,,,
npy,./data/MSL,T-5,T-5,base_noTTA,100,256,128,0.15,50,64,0.001,1,0,1,0,0.001,adam,0.1,0.99,fixed,gated,5000,none,8,0.95,"[0.5, 1.0, 2.0]",0,0,8,55,2.887786,0,0.0029727828223258257,inf,2.9030845165252686,0.5300217574396406,0.21156847545381077,0.049627791563275445,0.026525198938992044,0.38461538461538464,0.32258064516129037,2119,1427,0,125,23,0.9838822484016418,0.18400000035762787,0.7041123509407043,0.012979354426342116,0.45440251131852466,0.34378818174203235,,,,,,,,
npy,./data/MSL,M-3,M-3,gate_noTTA,100,256,128,0.15,50,64,0.001,1,1,1,0,0.001,adam,0.1,0.99,fixed,gated,5000,unc,8,0.95,"[0.5, 1.0, 2.0]",0,0,4,55,2.887841,8,0.004830746911466122,0.002701908815652132,2.617818832397461,0.42627995480763514,0.10344784973448394,0.14814814814814814,0.09806451612903226,0.30278884462151395,0.2118752669799231,2028,1343,0,350,286,0.7870439291000366,0.8171428442001343,0.6299165487289429,0.06756615591707549,0.2495894804596901,0.4036867121855418,0.43219021568310984,0.1037602309820299,0.44002667368903914,0.10447972508029,0.45272003669755945,0.10554805627243338,0.49427450114255134,0.11170416938575736
npy,./data/MSL,M-1,M-1,gate_noTTA,100,256,128,0.15,50,64,0.001,1,1,1,0,0.001,adam,0.1,0.99,fixed,gated,5000,unc,8,0.95,"[0.5, 1.0, 2.0]",0,0,1,55,2.887841,8,0.0035152907948940992,0.002064242959022522,2.791043519973755,0.3618582661613855,0.40863249482855435,0.3136064744562469,0.3708133971291866,0.27169149868536374,0.6684241359109548,2178,1161,0,1167,841,0.27562445402145386,0.7206512689590454,0.31651830673217773,0.0685827791198226,0.6850152860085169,0.0,0.33932660379454643,0.39956227752334916,0.3295524681833331,0.3944281381207975,0.31787504166100894,0.38751660933498877,0.3162471763093901,0.38236058709697585
npy,./data/MSL,F-4,F-4,base_noTTA,100,256,128,0.15,50,64,0.001,1,0,1,0,0.001,adam,0.1,0.99,fixed,gated,5000,none,8,0.95,"[0.5, 1.0, 2.0]",0,0,1,55,2.887786,0,0.0037320994306355715,inf,2.710740566253662,0.5194833579213268,0.027110745126294127,0.05845511482254697,0.03431372549019608,0.19718309859154928,0.06968641114982578,3323,3127,0,170,166,0.9469139575958252,0.9764705896377563,0.9391056299209595,0.009028982621088755,0.10910910740494728,0.07051697249213855,,,,,,,,
npy,./data/MSL,C-1,C-1,fixed,100,256,128,0.15,50,64,0.001,1,1,1,1,0.001,adam,0.1,0.99,fixed,gated,5000,none,8,0.95,"[0.5, 1.0, 2.0]",0,0,9,55,2.887841,8,0.0054741050116717815,0.0027410415932536125,2.8416504859924316,0.6522074663724253,0.21434018243338748,0.22977725674091443,0.18114602587800369,0.3141025641025641,0.3222308288148722,2165,1656,32,464,349,0.7892512083053589,0.7521551847457886,0.7683715224266052,0.08592539516387306,0.9124424060185751,0.0,0.6538100304749894,0.2178073615058876,0.6519348991172761,0.2209513745144624,0.6503963718999579,0.22734470629168235,0.654905225409836,0.22823817695027238
npy,./data/MSL,P-11,P-11,base_noTTA,100,256,128,0.15,50,64,0.001,1,0,1,0,0.001,adam,0.1,0.99,fixed,gated,5000,none,8,0.95,"[0.5, 1.0, 2.0]",0,0,4,55,2.887786,0,0.0030582810286432505,inf,4.820948600769043,0.7153711690778201,0.11991921651192068,0.08457711442786069,0.09770114942528736,0.07456140350877193,0.20689655172413793,3436,3436,0,426,426,0.8760186433792114,1.0,1.0,0.008876928766892314,0.0,0.0,,,,,,,,
npy,./data/MSL,C-2,C-2,base_noTTA,100,256,128,0.15,50,64,0.001,1,0,1,0,0.001,adam,0.1,0.99,fixed,gated,5000,none,8,0.95,"[0.5, 1.0, 2.0]",0,0,6,55,2.887786,0,0.006031404249370098,inf,0.8271520137786865,0.6147289659748758,0.11550692045785582,0.18807947019867546,0.11488673139158576,0.5182481751824818,0.19742489270386265,1952,1334,0,335,133,0.9002998471260071,0.39701491594314575,0.7427334785461426,0.008965124849413262,0.6734953224658966,0.235273741496106,,,,,,,,
npy,./data/MSL,C-2,C-2,base_noTTA,100,256,128,0.15,50,64,0.001,1,0,1,0,0.001,adam,0.1,0.99,fixed,gated,5000,none,8,0.95,"[0.5, 1.0, 2.0]",0,0,2,55,2.887786,0,0.006118929013609886,inf,0.7987203598022461,0.6165251813376655,0.10687534180643415,0.16645962732919256,0.10029940119760479,0.48905109489051096,0.20267686424474185,1952,1350,0,335,134,0.9007407426834106,0.4000000059604645,0.7520098686218262,0.008454943289522265,0.6544055243333181,0.22905983527501425,,,,,,,,
npy,./data/MSL,T-13,T-13,mask_noTTA,100,256,128,0.15,50,64,0.001,1,1,1,0,0.001,adam,0.1,0.99,fixed,gated,5000,none,8,0.95,"[0.5, 1.0, 2.0]",0,0,9,55,2.887841,8,0.0027139331214129925,0.0018610837869346142,1.4998607635498047,0.7113851356275598,0.21447357528245437,0.17456359102244387,0.2348993288590604,0.1388888888888889,0.31392931392931395,2331,2331,0,450,450,0.80694979429245,1.0,1.0,0.07079374836218404,0.0,0.0,0.7350106403136706,0.23278496898059076,0.736083781538327,0.238002827343238,0.7313102161587011,0.24284028242241784,0.7049062049062049,0.25981216404162033
npy,./data/MSL,C-2,C-2,gate_gbuf5k,100,256,128,0.15,50,64,0.001,1,1,1,1,0.001,adam,0.1,0.99,adaptive,gated,5000,unc,8,0.95,"[0.5, 1.0, 2.0]",0,0,5,55,2.887841,8,0.00593255739659071,0.0034693945199251175,0.9210999011993408,0.5718066646835839,0.11032135568507492,0.1532091097308489,0.1069364161849711,0.27007299270072993,0.1968253968253968,1952,1731,31,335,258,0.850953221321106,0.7701492309570312,0.9109461903572083,0.09376531253095532,0.20767887433369955,0.0,0.6419429634883952,0.12760542626648455,0.6812308842261019,0.14300610178420492,0.7272651000312718,0.1731219876225706,0.8276472248281963,0.36727987574559334
npy,./data/MSL,F-8,F-8,base_noTTA,100,256,128,0.15,50,64,0.001,1,0,1,0,0.001,adam,0.1,0.99,fixed,gated,5000,none,8,0.95,"[0.5, 1.0, 2.0]",0,0,4,55,2.887786,0,0.005161817651242018,inf,4.154441595077515,0.5534326505276226,0.23109772069944512,0.1929321872015282,0.1980392156862745,0.18808193668528864,0.3932710280373831,2388,1796,0,537,453,0.7477728128433228,0.8435754179954529,0.7255537509918213,0.008586663097592455,0.2538354283509155,0.322097380956014,,,,,,,,
npy,./data/MSL,F-8,F-8,noMask_fixed,100,256,128,0.15,50,64,0.001,1,0,1,1,0.001,adam,0.1,0.99,fixed,gated,5000,none,8,0.95,"[0.5, 1.0, 2.0]",0,0,9,55,2.887786,0,0.005149437114596367,inf,4.262144565582275,0.5580690445494915,0.22694212682089637,0.18791946308724833,0.19367588932806323,0.1824953445065177,0.39259544928654067,2388,1903,35,537,501,0.7367314696311951,0.9329608678817749,0.7574284076690674,0.0265956524029449,0.24965132012342414,0.29400750001271564,,,,,,,,
npy,./data/MSL,P-15,P-15,base_noTTA,100,256,128,0.15,50,64,0.001,1,0,1,0,0.001,adam,0.1,0.99,fixed,gated,5000,none,8,0.95,"[0.5, 1.0, 2.0]",0,0,2,55,2.887786,0,0.001724306377582252,inf,4.170016765594482,0.7486184597295708,0.6439964679317903,0.07387862796833773,0.03910614525139665,0.6666666666666666,0.717948717948718,2757,2256,0,120,27,0.9880319237709045,0.22499999403953552,0.8452787399291992,0.009430202834191943,0.1509661798675855,0.13939394056797028,,,,,,,,
npy,./data/MSL,P-11,P-11,mask_noTTA,100,256,128,0.15,50,64,0.001,1,1,1,0,0.001,adam,0.1,0.99,fixed,gated,5000,none,8,0.95,"[0.5, 1.0, 2.0]",0,0,7,55,2.887841,8,0.0029588292818516493,0.0019051411654800177,5.364439249038696,0.7073273598268426,0.11759184875442424,0.09090909090909091,0.09433962264150944,0.08771929824561403,0.2125,3436,3436,0,426,426,0.8760186433792114,1.0,1.0,0.07568957225546431,0.0,0.0,0.7440251672422665,0.12596883792388391,0.7451511679107051,0.1270459026859557,0.7417890811091836,0.1267636598340065,0.7336444755675096,0.13158688543714003
npy,./data/MSL,T-13,T-13,gate_gbuf5k,100,256,128,0.15,50,64,0.001,1,1,1,1,0.001,adam,0.1,0.99,adaptive,gated,5000,unc,8,0.95,"[0.5, 1.0, 2.0]",0,0,1,55,2.887841,8,0.0026954065542668104,0.0021465665195137262,1.399251937866211,0.7079634731149882,0.20939460750383004,0.16336633663366337,0.21710526315789475,0.13095238095238096,0.29328621908127206,2331,2324,37,450,444,0.8089500665664673,0.9866666793823242,0.9994683861732483,0.09696721928357975,0.0,0.0,0.723065795035492,0.2272298228723385,0.7208830731558006,0.23385310589614483,0.7159291325957992,0.23863720020401047,0.6999413325170901,0.28518930730456715
npy,./data/MSL,M-3,M-3,gate_noTTA,100,256,128,0.15,50,64,0.001,1,1,1,0,0.001,adam,0.1,0.99,fixed,gated,5000,unc,8,0.95,"[0.5, 1.0, 2.0]",0,0,3,55,2.887841,8,0.004884959198534489,0.0026119796093553305,2.5712950229644775,0.43631232001631004,0.10906341302642329,0.14611005692599618,0.0958904109589041,0.30677290836653387,0.21163575042158514,2028,1375,0,350,299,0.7825454473495483,0.854285717010498,0.641239583492279,0.06657685988988632,0.24794746190309525,0.36526335775852203,0.44332690559722726,0.1092830823791748,0.45044555254461893,0.10993868657112152,0.46265046424111655,0.1111127582042261,0.5113278230362134,0.116194372248944
npy,./data/MSL,F-8,F-8,noMask_fixed,100,256,128,0.15,50,64,0.001,1,0,1,1,0.001,adam,0.1,0.99,fixed,gated,5000,none,8,0.95,"[0.5, 1.0, 2.0]",0,0,5,55,2.887786,0,0.005275499541312456,inf,4.1213109493255615,0.5497741488802941,0.2293274063605526,0.19120458891013384,0.19646365422396855,0.186219739292365,0.3984555984555984,2388,1936,36,537,508,0.7376033067703247,0.9459962844848633,0.7714748978614807,0.030153560478683294,0.24407253259172043,0.2846441864967346,,,,,,,,
npy,./data/MSL,M-7,M-7,fixed,100,256,128,0.15,50,64,0.001,1,1,1,1,0.001,adam,0.1,0.99,fixed,gated,5000,none,8,0.95,"[0.5, 1.0, 2.0]",0,0,3,55,2.887841,8,0.0027013346552848816,0.0017985600279644132,1.9286115169525146,0.8811110308111103,0.5404493882321969,0.15289982425307555,0.08389585342333655,0.8613861386138614,0.6701570680628273,2057,436,8,200,0,1.0,0.0,0.23478728532791138,0.07074216528314378,1.0,0.29105690121650696,0.9011153670111537,0.5682654802799175,0.9103032931030329,0.5896763377707074,0.9199537471995375,0.6000765943838752,0.9201175592011755,0.505855437180458
npy,./data/MSL,C-1,C-1,fixed,100,256,128,0.15,50,64,0.001,1,1,1,1,0.001,adam,0.1,0.99,fixed,gated,5000,none,8,0.95,"[0.5, 1.0, 2.0]",0,0,1,55,2.887841,8,0.005667607765644789,0.002741590142250061,2.534467935562134,0.6573714664775115,0.20261095653724576,0.22923976608187138,0.18047882136279927,0.3141025641025641,0.3183885640025991,2165,1675,31,464,353,0.7892537117004395,0.7607758641242981,0.7771899104118347,0.08684427027889542,0.8894009192784628,0.0,0.6629344656368222,0.20699573231993296,0.660650483396385,0.2091360837330361,0.6574207256200084,0.21306203809672258,0.6513774498213536,0.227611715407397
npy,./data/MSL,M-5,M-5,fixed,100,256,128,0.15,50,64,0.001,1,1,1,1,0.001,adam,0.1,0.99,fixed,gated,5000,none,8,0.95,"[0.5, 1.0, 2.0]",0,0,5,55,2.887841,8,0.00545724481344223,0.0029586704913526773,2.6530416011810303,0.48957852778450783,0.13123043517913952,0.17303822937625757,0.1240981240981241,0.2857142857142857,0.23944275141488897,2204,2150,35,400,396,0.8158139586448669,0.9900000095367432,0.9722838401794434,0.0932626629048813,0.04223227997620901,0.024242423474788666,0.5106986037218595,0.1351608290388851,0.5250745931809054,0.13894194499634555,0.5452637063932745,0.14542819642427024,0.5949416032472511,0.17005815831863186
npy,./data/MSL,T-4,T-4,gate_noTTA,100,256,128,0.15,50,64,0.001,1,1,1,0,0.001,adam,0.1,0.99,fixed,gated,5000,unc,8,0.95,"[0.5, 1.0, 2.0]",0,0,3,55,2.887841,8,0.004114286508411169,0.0024544058833271265,2.753998279571533,0.45797911100315764,0.030439992643457973,0.049132947976878616,0.027287319422150885,0.2463768115942029,0.06111603188662532,2118,1399,0,168,140,0.8999285101890564,0.8333333134651184,0.645641028881073,0.06870620086352931,0.44182389974594116,0.40745626389980316,0.4385812214935363,0.029354825125616383,0.4274080371359944,0.028387824006022154,0.41639003589452944,0.0268760548863383,0.40047364585863493,0.024647801983671048
npy,./data/MSL,F-4,F-4,gate_noTTA,100,256,128,0.15,50,64,0.001,1,1,1,0,0.001,adam,0.1,0.99,fixed,gated,5000,unc,8,0.95,"[0.5, 1.0, 2.0]",0,0,2,55,2.887841,8,0.0039513614028692245,0.002034521894529462,2.7946345806121826,0.5589796613161512,0.02711947376491007,0.0627177700348432,0.03578528827037773,0.2535211267605634,0.06696428571428571,3323,2999,0,170,148,0.9506502151489258,0.8705882430076599,0.9042181968688965,0.0695264594152395,0.10310310125350952,0.07933139304320018,0.5362998642406513,0.025610226843113683,0.5277381988138921,0.024577913545328088,0.5144144484934076,0.023044353128222835,0.4418105169362939,0.017034133280080518
npy,./data/MSL,P-14,P-14,gate_gbuf5k,100,256,128,0.15,50,64,0.001,1,1,1,1,0.001,adam,0.1,0.99,adaptive,gated,5000,unc,8,0.95,"[0.5, 1.0, 2.0]",0,0,1,55,2.887841,8,0.0023312754929065704,0.0017331440467387438,3.559769868850708,0.9096877832320116,0.4746433326119003,0.37735849056603776,0.24955436720142601,0.7734806629834254,0.42811501597444085,6001,5406,92,280,107,0.9802072048187256,0.3821428716182709,0.9262366890907288,0.09975821112537558,0.011666666716337204,0.11631944651405017,0.9190788349906049,0.49964444913991085,0.9192300476319819,0.5169150202959475,0.9196379483991529,0.546836155252491,0.8909290149989872,0.5317054508971356
npy,./data/MSL,T-12,T-12,fixed,100,256,128,0.15,50,64,0.001,1,1,1,1,0.001,adam,0.1,0.99,fixed,gated,5000,none,8,0.95,"[0.5, 1.0, 2.0]",0,0,8,55,2.887841,8,0.002925049513578415,0.0019612719770520926,1.5352411270141602,0.7932917902995464,0.2112936371674032,0.2621082621082621,0.2,0.38016528925619836,0.28115015974440893,2331,2210,36,220,138,0.9375565648078918,0.6272727251052856,0.9815253615379333,0.10297759721740435,0.0,0.037195995450019836,0.800095923604723,0.2116546528769871,0.7899988904359155,0.20884607052748672,0.7766053781644946,0.20920498851861757,0.702078464076968,0.09856661345336648
npy,./data/MSL,M-5,M-5,gate_gbuf5k,100,256,128,0.15,50,64,0.001,1,1,1,1,0.001,adam,0.1,0.99,adaptive,gated,5000,unc,8,0.95,"[0.5, 1.0, 2.0]",0,0,7,55,2.887841,8,0.005492354743182659,0.0029608297627419233,2.659275531768799,0.47945576018665725,0.12674466873029724,0.16183816183816183,0.11571428571428571,0.2691029900332226,0.2335539120280265,2204,2082,35,400,380,0.8174831867218018,0.949999988079071,0.9434589743614197,0.1066192957537144,0.048265462120374046,0.01515151560306549,0.5035778175313059,0.13112719055378302,0.5204197795559922,0.1351584173987081,0.5419895718899042,0.14130338772955525,0.6066209537970336,0.1754156718509985
npy,./data/MSL,P-11,P-11,gate_gbuf5k,100,256,128,0.15,50,64,0.001,1,1,1,1,0.001,adam,0.1,0.99,adaptive,gated,5000,unc,8,0.95,"[0.5, 1.0, 2.0]",0,0,2,55,2.887841,8,0.0029132303316146135,0.0019173817709088326,4.746512413024902,0.7079692730465413,0.12055970182721902,0.130718954248366,0.12987012987012986,0.13157894736842105,0.21744627054361568,3436,3389,54,426,413,0.8781351447105408,0.9694835543632507,0.9887043237686157,0.10406110561490753,0.0,0.0,0.7436153507445663,0.127541610941687,0.7435676051331838,0.12730270282279058,0.7353739277131444,0.12587869947512467,0.7169083125109417,0.1286621691627198
npy,./data/MSL,T-4,T-4,mask_noTTA,100,256,128,0.15,50,64,0.001,1,1,1,0,0.001,adam,0.1,0.99,fixed,gated,5000,none,8,0.95,"[0.5, 1.0, 2.0]",0,0,5,55,2.887841,8,0.004119544755667448,0.002463786629959941,2.9277589321136475,0.4307883302296711,0.030480888156424985,0.04465709728867623,0.025089605734767026,0.2028985507246377,0.0605528740675735,2118,1491,0,168,145,0.9027498364448547,0.863095223903656,0.6902564167976379,0.06492808812963613,0.43553459644317627,0.37431815763314563,0.4157288208782015,0.029683931237703208,0.4084689498826006,0.02931916962814725,0.4048929911208269,0.028916392820627027,0.4006355760667153,0.026492754504695636
npy,./data/MSL,T-5,T-5,mask_noTTA,100,256,128,0.15,50,64,0.001,1,1,1,0,0.001,adam,0.1,0.99,fixed,gated,5000,none,8,0.95,"[0.5, 1.0, 2.0]",0,0,3,55,2.887841,8,0.0031555306632071733,0.0024149753153324127,2.7459521293640137,0.6185604997192589,0.21330391340146118,0.039045553145336226,0.020689655172413793,0.34615384615384615,0.32258064516129037,2119,1518,0,125,23,0.9848484992980957,0.18400000035762787,0.7497492432594299,0.0689075824616933,0.4166666716337204,0.2902098496754964,0.6156829028635598,0.2357502725564544,0.6115419708029197,0.2402596772468118,0.6082257158899493,0.24107275436341066,0.6208239752947782,0.04729260341169306
npy,./data/MSL,D-14,D-14,mask_noTTA,100,256,128,0.15,50,64,0.001,1,1,1,0,0.001,adam,0.1,0.99,fixed,gated,5000,none,8,0.95,"[0.5, 1.0, 2.0]",0,0,5,55,2.887841,8,0.005060955416411161,0.0027610543183982372,4.705654144287109,0.46264429223230724,0.2644598980341732,0.133419689119171,0.07791225416036308,0.46396396396396394,0.33544303797468356,2526,606,0,420,117,0.8069307208061218,0.2785714268684387,0.2321937382221222,0.07126912745991493,0.8998682300249735,0.4007936517397563,0.4805029748849974,0.2674803816293322,0.49358347111156103,0.26898538022821084,0.5102649465945346,0.2732538509149356,0.501763936220865,0.16388365406451183
npy,./data/MSL,M-3,M-3,mask_noTTA,100,256,128,0.15,50,64,0.001,1,1,1,0,0.001,adam,0.1,0.99,fixed,gated,5000,none,8,0.95,"[0.5, 1.0, 2.0]",0,0,5,55,2.887841,8,0.004845748655498028,0.0028439483139663935,2.591472625732422,0.4416746659417766,0.10901763303467266,0.1520912547528517,0.09987515605493133,0.3187250996015936,0.21208280523869877,2028,1422,0,350,309,0.7827004194259644,0.8828571438789368,0.6632896065711975,0.06904698452770827,0.259441706041495,0.3664439593752225,0.44911823919673116,0.11014629949992183,0.4566531316100205,0.11133727516198991,0.468950424315531,0.11348830283919525,0.5180472141285605,0.12370301933636714
npy,./data/MSL,F-7,F-7,gate_gbuf5k,100,256,128,0.15,50,64,0.001,1,1,1,1,0.001,adam,0.1,0.99,adaptive,gated,5000,unc,8,0.95,"[0.5, 1.0, 2.0]",0,0,1,55,2.887841,8,0.004527409560978413,0.004005010239779949,3.1446056365966797,0.466791021347043,0.07334511957784201,0.048993875765529306,0.03888888888888889,0.06619385342789598,0.154548776032152,4955,4397,78,720,607,0.8619513511657715,0.8430555462837219,0.8949232697486877,0.10715656877165486,0.008736558879415194,0.00336700351908803,0.4750062917546619,0.07361926153438854,0.47469489456652747,0.07317845024254574,0.4726427360480021,0.07262415506532717,0.506916846230537,0.08008885823342807
npy,./data/MSL,D-14,D-14,noMask_fixed,100,256,128,0.15,50,64,0.001,1,0,1,1,0.001,adam,0.1,0.99,fixed,gated,5000,none,8,0.95,"[0.5, 1.0, 2.0]",0,0,4,55,2.887786,0,0.00485559506341815,inf,4.17102837562561,0.43808790063471714,0.23483362970472269,0.11452184179456906,0.06589673913043478,0.4369369369369369,0.3012820512820513,2526,551,22,420,112,0.7967332005500793,0.2666666805744171,0.208452045917511,0.01920496577416161,0.9222661455472311,0.408730149269104,,,,,,,,
npy,./data/MSL,F-4,F-4,mask_noTTA,100,256,128,0.15,50,64,0.001,1,1,1,0,0.001,adam,0.1,0.99,fixed,gated,5000,none,8,0.95,"[0.5, 1.0, 2.0]",0,0,1,55,2.887841,8,0.003865581238642335,0.002138499403372407,2.895742893218994,0.5836517163260074,0.029661478272589397,0.07453416149068323,0.043689320388349516,0.2535211267605634,0.07515657620041755,3323,3191,0,170,165,0.948292076587677,0.970588207244873,0.9597209095954895,0.07434727877979354,0.07807807810604572,0.05032325660188993,0.5481735534063827,0.027328651825267253,0.5347026954325176,0.02588212690408481,0.5186763673656382,0.024006637017520774,0.42306059574396543,0.01672452430115507
npy,./data/MSL,F-8,F-8,fixed,100,256,128,0.15,50,64,0.001,1,1,1,1,0.001,adam,0.1,0.99,fixed,gated,5000,none,8,0.95,"[0.5, 1.0, 2.0]",0,0,8,55,2.887841,8,0.005934807471930981,0.0033623024355620146,4.45496678352356,0.6099059351573318,0.2577813239123513,0.21606118546845127,0.2220039292730845,0.21042830540037244,0.4186447993094519,2388,2235,38,537,471,0.7892617583274841,0.8770949840545654,0.9529983997344971,0.09821257998595885,0.03905160414675871,0.016853932291269302,0.5897445447166118,0.25195870167308043,0.5762717853220647,0.24915812704411838,0.5646277992646709,0.24949817648171826,0.5696576421716086,0.26690061427367195
npy,./data/MSL,M-2,M-2,gate_noTTA,100,256,128,0.15,50,64,0.001,1,1,1,0,0.001,adam,0.1,0.99,fixed,gated,5000,unc,8,0.95,"[0.5, 1.0, 2.0]",0,0,9,55,2.887841,8,0.005991221871227026,0.002270476659759879,2.8360748291015625,0.7153364975126835,0.7172002626836529,0.5690021231422505,0.721399730820996,0.4697633654688869,0.6994535519125683,2178,1015,0,1167,137,0.8650246262550354,0.11739502847194672,0.8684470653533936,0.08450329467941578,0.05657492484897375,0.0,0.7817742343632347,0.7622260377367609,0.8119306328770166,0.7900964357027063,0.8406512695806744,0.8228037675236798,0.8528108837071509,0.8480832631095282
npy,./data/MSL,F-8,F-8,fixed,100,256,128,0.15,50,64,0.001,1,1,1,1,0.001,adam,0.1,0.99,fixed,gated,5000,none,8,0.95,"[0.5, 1.0, 2.0]",0,0,7,55,2.887841,8,0.005788278300315142,0.0033071304205805063,4.442983388900757,0.6000611182734088,0.2592491622739522,0.20809248554913293,0.2155688622754491,0.2011173184357542,0.40484429065743943,2388,2218,38,537,475,0.7858430743217468,0.884543776512146,0.9416531324386597,0.09927128627272307,0.06555090844631195,0.026217229664325714,0.5815274793487083,0.25276492904824577,0.5679272310557226,0.24941109082380544,0.5542672969488612,0.25037548488092487,0.5425765172133887,0.25468693595794145
npy,./data/MSL,M-5,M-5,mask_noTTA,100,256,128,0.15,50,64,0.001,1,1,1,0,0.001,adam,0.1,0.99,fixed,gated,5000,none,8,0.95,"[0.5, 1.0, 2.0]",0,0,1,55,2.887841,8,0.005891862325370312,0.003081544302403927,2.6108644008636475,0.46549629772221135,0.12429560370922521,0.1582591493570722,0.11267605633802817,0.26578073089701,0.23501762632197418,2204,2163,0,400,400,0.8150716423988342,1.0,0.9772727489471436,0.06920034353183532,0.030165913204352062,0.02121212085088094,0.4871042578683775,0.12824549964129153,0.5036856830876765,0.13161003215630246,0.5267075117573456,0.13665237543857145,0.6067387761739921,0.16530354049285576
npy,./data/MSL,M-1,M-1,mask_noTTA,100,256,128,0.15,50,64,0.001,1,1,1,0,0.001,adam,0.1,0.99,fixed,gated,5000,none,8,0.95,"[0.5, 1.0, 2.0]",0,0,5,55,2.887841,8,0.0034804672468453646,0.0021170643158257008,2.99104380607605,0.3685919196158547,0.41381571836491415,0.330804248861912,0.3911483253588517,0.28659070990359337,0.6680327868852458,2178,1226,0,1167,878,0.28384992480278015,0.7523564696311951,0.34421366453170776,0.06772981421240325,0.6896024644374847,0.0,0.3428654750589426,0.4037414710848136,0.33053767389613753,0.3979694507637478,0.3171344015010307,0.39054106093145724,0.30823823307945836,0.3796859405276874
npy,./data/MSL,T-9,T-9,fixed,100,256,128,0.15,50,64,0.001,1,1,1,1,0.001,adam,0.1,0.99,fixed,gated,5000,none,8,0.95,"[0.5, 1.0, 2.0]",0,0,8,55,2.887841,8,0.00855892151594162,0.003336843801662326,0.39758944511413574,0.569994918699187,0.28108769789718135,0.22907488986784139,0.15204678362573099,0.4642857142857143,0.3165467625899281,997,814,16,290,147,0.8194103240966797,0.5068965554237366,0.9434229135513306,0.10131259141499205,0.0,0.0,0.6184396777003485,0.29584101617809233,0.6568125725900116,0.3166684274916961,0.7035060975609756,0.3555544931837516,0.7289307491289199,0.2675350544408703
npy,./data/MSL,T-13,T-13,base_noTTA,100,256,128,0.15,50,64,0.001,1,0,1,0,0.001,adam,0.1,0.99,fixed,gated,5000,none,8,0.95,"[0.5, 1.0, 2.0]",0,0,5,55,2.887786,0,0.0028474065475165844,inf,1.4171173572540283,0.6967893217893217,0.2086327831722911,0.15938303341902313,0.22627737226277372,0.12301587301587301,0.28641975308641976,2331,2330,0,450,449,0.8072961568832397,0.9977777600288391,1.0,0.00965242373590457,0.0,0.0,,,,,,,,
npy,./data/MSL,P-10,P-10,noMask_fixed,100,256,128,0.15,50,64,0.001,1,0,1,1,0.001,adam,0.1,0.99,fixed,gated,5000,none,8,0.95,"[0.5, 1.0, 2.0]",0,0,2,55,2.887786,0,0.0018574133282527328,inf,4.720295667648315,0.9631787134290526,0.5441767753066874,0.3729372937293729,0.23789473684210527,0.8625954198473282,0.49740932642487046,6001,5345,88,230,42,0.9921422004699707,0.1826086938381195,0.9189048409461975,0.02924944237656761,0.0038888889054457345,0.24123122791449228,,,,,,,,
npy,./data/MSL,T-12,T-12,mask_noTTA,100,256,128,0.15,50,64,0.001,1,1,1,0,0.001,adam,0.1,0.99,fixed,gated,5000,none,8,0.95,"[0.5, 1.0, 2.0]",0,0,3,55,2.887841,8,0.0028160694055259228,0.0016207481967285275,1.3896524906158447,0.7437765982196864,0.21337446585066927,0.23772609819121449,0.17293233082706766,0.38016528925619836,0.26755852842809363,2331,2148,0,220,134,0.9376164078712463,0.6090909242630005,0.9540502429008484,0.06907551854222387,0.0,0.09871244430541992,0.7780370737573776,0.2252541504452199,0.7834023529917069,0.2326273752797867,0.7888320585277159,0.24623076572329325,0.785714541374213,0.16246053919658102
npy,./data/MSL,T-8,T-8,noMask_fixed,100,256,128,0.15,50,64,0.001,1,0,1,1,0.001,adam,0.1,0.99,fixed,gated,5000,none,8,0.95,"[0.5, 1.0, 2.0]",0,0,2,55,2.887786,0,0.0049538337625563145,inf,0.7991578578948975,0.582278218273901,0.11879867280882475,0.14553014553014554,0.08139534883720931,0.6862745098039216,0.1607717041800643,1420,0,0,300,0,0.0,0.0,0.0,0.01056345415786958,1.0,1.0,,,,,,,,
npy,./data/MSL,M-7,M-7,noMask_fixed,100,256,128,0.15,50,64,0.001,1,0,1,1,0.001,adam,0.1,0.99,fixed,gated,5000,none,8,0.95,"[0.5, 1.0, 2.0]",0,0,5,55,2.887786,0,0.002881926018744707,inf,1.8324711322784424,0.8724386307243863,0.4417177192696797,0.1559934318555008,0.08504923903312445,0.9405940594059405,0.5505617977528091,2057,434,8,200,0,1.0,0.0,0.23371028900146484,0.017021487045473536,1.0,0.29430894056955975,,,,,,,,
npy,./data/MSL,T-9,T-9,base_noTTA,100,256,128,0.15,50,64,0.001,1,0,1,0,0.001,adam,0.1,0.99,fixed,gated,5000,none,8,0.95,"[0.5, 1.0, 2.0]",0,0,1,55,2.887786,0,0.008450780063867569,inf,0.37212181091308594,0.5821446718931474,0.2663443155669401,0.23853211009174313,0.16049382716049382,0.4642857142857143,0.3076923076923077,997,799,0,290,136,0.8297872543334961,0.4689655303955078,0.9377651810646057,0.009026905239644716,0.0,0.0,,,,,,,,
npy,./data/MSL,M-3,M-3,fixed,100,256,128,0.15,50,64,0.001,1,1,1,1,0.001,adam,0.1,0.99,fixed,gated,5000,none,8,0.95,"[0.5, 1.0, 2.0]",0,0,3,55,2.887841,8,0.004884959198534489,0.0026119796093553305,2.5901007652282715,0.4273672899022248,0.10594644803308775,0.14170040485829957,0.09497964721845319,0.2788844621513944,0.21240441801189466,2028,1551,32,350,331,0.7865893244743347,0.9457142949104309,0.7270560264587402,0.08062909575844188,0.23809523632129034,0.26484478389223415,0.4373954077081864,0.10706380140437627,0.4471304547269344,0.10825083533123242,0.4624975577434399,0.10961889883604706,0.5122771175426226,0.11717195068423789
npy,./data/MSL,P-11,P-11,base_noTTA,100,256,128,0.15,50,64,0.001,1,0,1,0,0.001,adam,0.1,0.99,fixed,gated,5000,none,8,0.95,"[0.5, 1.0, 2.0]",0,0,3,55,2.887786,0,0.0030342123936861753,inf,4.624711036682129,0.7165873559010923,0.11886145761799224,0.06698564593301436,0.07368421052631578,0.06140350877192982,0.21081576535288726,3436,3436,0,426,426,0.8760186433792114,1.0,1.0,0.00931483902670313,0.0,0.0,,,,,,,,
npy,./data/MSL,D-14,D-14,fixed,100,256,128,0.15,50,64,0.001,1,1,1,1,0.001,adam,0.1,0.99,fixed,gated,5000,none,8,0.95,"[0.5, 1.0, 2.0]",0,0,9,55,2.887841,8,0.005123554728925228,0.002641454106196761,4.95402717590332,0.4671356750008435,0.2558142641195942,0.1357943309162821,0.07953667953667953,0.46396396396396394,0.3251533742331288,2526,636,21,420,117,0.8160377144813538,0.2785714268684387,0.24643874168395996,0.10117659565011189,0.8906455636024475,0.4007936517397563,0.4890171069946351,0.26447086020156235,0.5033123010651102,0.27172088451902754,0.5195813791319409,0.2825233951556267,0.503882159312871,0.18908843894879013
npy,./data/MSL,P-15,P-15,base_noTTA,100,256,128,0.15,50,64,0.001,1,0,1,0,0.001,adam,0.1,0.99,fixed,gated,5000,none,8,0.95,"[0.5, 1.0, 2.0]",0,0,3,55,2.887786,0,0.001716680359095335,inf,4.447047710418701,0.7406063660031914,0.6693610979641971,0.08668730650154799,0.046357615894039736,0.6666666666666666,0.8,2757,2244,0,120,26,0.9884135723114014,0.21666666865348816,0.8411073088645935,0.010159122022892368,0.15579709659020105,0.14787878592809042,,,,,,,,
npy,./data/MSL,T-5,T-5,noMask_fixed,100,256,128,0.15,50,64,0.001,1,0,1,1,0.001,adam,0.1,0.99,fixed,gated,5000,none,8,0.95,"[0.5, 1.0, 2.0]",0,0,1,55,2.887786,0,0.0029836054891347885,inf,2.5616579055786133,0.5599733295901179,0.20913591700144094,0.04411764705882353,0.02356020942408377,0.34615384615384615,0.32258064516129037,2119,1447,31,125,22,0.9847961068153381,0.17599999904632568,0.7146439552307129,0.029026083700946052,0.4575471778710683,0.3106575384736061,,,,,,,,
npy,./data/MSL,D-16,D-16,base_noTTA,100,256,128,0.15,50,64,0.001,1,0,1,0,0.001,adam,0.1,0.99,fixed,gated,5000,none,8,0.95,"[0.5, 1.0, 2.0]",0,0,6,55,2.887786,0,0.003681766800582409,inf,1.7484707832336426,0.511485826001955,0.34847615088500883,0.4184782608695652,0.29672447013487474,0.7096774193548387,0.46181686572566055,2092,0,0,750,0,0.0,0.0,0.0,0.008844166823144624,1.0,1.0,,,,,,,,
npy,./data/MSL,M-2,M-2,mask_noTTA,100,256,128,0.15,50,64,0.001,1,1,1,0,0.001,adam,0.1,0.99,fixed,gated,5000,none,8,0.95,"[0.5, 1.0, 2.0]",0,0,7,55,2.887841,8,0.0056137386709451675,0.0026002272497862577,2.8956069946289062,0.7021029551542384,0.6985845814178882,0.549651100375738,0.7091412742382271,0.44872918492550395,0.6978131212723657,2178,1100,0,1167,153,0.860909104347229,0.13110539317131042,0.9366963505744934,0.06797622386417441,0.09785932675004005,0.0,0.7680075853896384,0.7427104750408104,0.7993883546678846,0.7716184247559816,0.8319256026959301,0.8095602807081997,0.8693001567688339,0.8756629503289405
npy,./data/MSL,F-5,F-5,gate_noTTA,100,256,128,0.15,50,64,0.001,1,1,1,0,0.001,adam,0.1,0.99,fixed,gated,5000,unc,8,0.95,"[0.5, 1.0, 2.0]",0,0,9,55,2.887841,8,0.0032457751221954823,0.001998253632336855,3.438749074935913,0.8040184678822875,0.3905222626766051,0.26865671641791045,0.1689419795221843,0.6556291390728477,0.44347826086956516,3823,3167,0,250,55,0.9826334118843079,0.2199999988079071,0.8709767460823059,0.08567484018224526,0.18450826903184256,0.0715003435810407,0.883839900530539,0.48540051788205363,0.8985004065533235,0.5372929805820755,0.9095256409580961,0.5501649590474045,0.9299586773231053,0.48497914528894887
npy,./data/MSL,T-5,T-5,gate_noTTA,100,256,128,0.15,50,64,0.001,1,1,1,0,0.001,adam,0.1,0.99,fixed,gated,5000,unc,8,0.95,"[0.5, 1.0, 2.0]",0,0,4,55,2.887841,8,0.0031070199329406023,0.0023523487616330385,2.8181087970733643,0.631228944413251,0.21365562719331616,0.04026845637583892,0.021377672209026127,0.34615384615384615,0.32258064516129037,2119,1390,0,125,22,0.9841726422309875,0.17599999904632568,0.6860581636428833,0.06819997772173592,0.42924528817335766,0.33277445286512375,0.6324396406513195,0.21945646622990336,0.6363875631667604,0.23071658069728374,0.6420023862998315,0.2798307156918805,0.6135071588994947,0.0486061784957162
npy,./data/MSL,D-14,D-14,gate_gbuf5k,100,256,128,0.15,50,64,0.001,1,1,1,1,0.001,adam,0.1,0.99,adaptive,gated,5000,unc,8,0.95,"[0.5, 1.0, 2.0]",0,0,0,55,2.887841,8,0.0053862398490309715,0.002803472802042961,4.516366720199585,0.4373568324879187,0.22432265913343646,0.16494845360824742,0.11059907834101383,0.32432432432432434,0.3002832861189802,2526,1610,36,420,130,0.9192546606063843,0.3095238208770752,0.702754020690918,0.09640860161135711,0.10540184440712135,0.0013227513991296291,0.46632587643823603,0.22584931198290747,0.4854704892158076,0.22803025638499264,0.5073687920129868,0.2250004393087423,0.5016270952600541,0.157516990781765
npy,./data/MSL,P-15,P-15,mask_noTTA,100,256,128,0.15,50,64,0.001,1,1,1,0,0.001,adam,0.1,0.99,fixed,gated,5000,none,8,0.95,"[0.5, 1.0, 2.0]",0,0,7,55,2.887841,8,0.001551734283566475,0.0012819647090509534,4.946862697601318,0.7202317964222725,0.6691640412594149,0.0784313725490196,0.041666666666666664,0.6666666666666666,0.8,2757,2172,0,120,26,0.9880294799804688,0.21666666865348816,0.8138035535812378,0.07509242636507994,0.18236715098222098,0.16363636155923209,0.7257411606617956,0.6692183424223451,0.7278239690938103,0.6692361268478366,0.7321407575375829,0.6692746720373902,0.697673637356177,0.30043322295057134
npy,./data/MSL,D-15,D-15,mask_noTTA,100,256,128,0.15,50,64,0.001,1,1,1,0,0.001,adam,0.1,0.99,fixed,gated,5000,none,8,0.95,"[0.5, 1.0, 2.0]",0,0,5,55,2.887841,8,0.004233871586620808,0.0030950545333325863,2.687671661376953,0.6242758873176286,0.38599501699758687,0.38639876352395675,0.38284839203675347,0.39001560062402496,0.49344341913550266,2059,946,0,658,28,0.9704017043113708,0.042553190141916275,0.6552462577819824,0.07723418759628081,0.3268608469516039,0.0,0.668588035545153,0.4167685319054214,0.6837824468812636,0.4353954419814438,0.6995465843683187,0.46400557950866594,0.7488793157527225,0.534142510094874
npy,./data/MSL,M-6,M-6,noMask_fixed,100,256,128,0.15,50,64,0.001,1,0,1,1,0.001,adam,0.1,0.99,fixed,gated,5000,none,8,0.95,"[0.5, 1.0, 2.0]",0,0,9,55,2.887786,0,0.00230230251327157,inf,1.8885140419006348,0.7381842488199037,0.631194116789083,0.17724550898203592,0.09939556749496306,0.8176795580110497,0.7208480565371024,1950,0,0,199,0,0.0,0.0,0.0,0.010513892540564904,1.0,0.6666666666666666,,,,,,,,
npy,./data/MSL,P-10,P-10,noMask_fixed,100,256,128,0.15,50,64,0.001,1,0,1,1,0.001,adam,0.1,0.99,fixed,gated,5000,none,8,0.95,"[0.5, 1.0, 2.0]",0,0,1,55,2.887786,0,0.0019305155146867037,inf,4.800753831863403,0.9666904963174877,0.5552648892407912,0.3658119658119658,0.2356828193832599,0.816793893129771,0.5360824742268041,6001,5325,90,230,40,0.9924882650375366,0.17391304671764374,0.9157858490943909,0.030750712639608893,0.0005555555690079927,0.26561561475197476,,,,,,,,
npy,./data/MSL,M-5,M-5,mask_noTTA,100,256,128,0.15,50,64,0.001,1,1,1,0,0.001,adam,0.1,0.99,fixed,gated,5000,none,8,0.95,"[0.5, 1.0, 2.0]",0,0,2,55,2.887841,8,0.005566761363297701,0.0031549285631626844,2.5655136108398438,0.47623638819652103,0.12360994789051243,0.17695852534562212,0.12244897959183673,0.31893687707641194,0.2374893977947413,2204,2138,0,400,394,0.8157156109809875,0.9850000143051147,0.9667405486106873,0.0687515238019386,0.04072398195664088,0.03030303120613098,0.4946813983358834,0.1271559782897638,0.5085155708079296,0.13055326403859674,0.5286872595842695,0.13610792330979515,0.5927162538458219,0.18813381069229734
npy,./data/MSL,P-15,P-15,noMask_fixed,100,256,128,0.15,50,64,0.001,1,0,1,1,0.001,adam,0.1,0.99,fixed,gated,5000,none,8,0.95,"[0.5, 1.0, 2.0]",0,0,5,55,2.887786,0,0.0016993809258565307,inf,4.743327856063843,0.7479129923574368,0.6535639706810514,0.07291666666666666,0.03856749311294766,0.6666666666666666,0.7647058823529412,2757,2198,44,120,27,0.9877160787582397,0.22499999403953552,0.8232840299606323,0.03011563051685199,0.17270531256993613,0.16000000139077505,,,,,,,,
npy,./data/MSL,P-15,P-15,gate_noTTA,100,256,128,0.15,50,64,0.001,1,1,1,0,0.001,adam,0.1,0.99,fixed,gated,5000,unc,8,0.95,"[0.5, 1.0, 2.0]",0,0,4,55,2.887841,8,0.001453234115615487,0.0014518133830279112,3.971012592315674,0.7443184681279919,0.602676560716543,0.08045977011494251,0.04281345565749235,0.6666666666666666,0.6470588235294118,2757,2020,0,120,23,0.9886138439178467,0.19166666269302368,0.7572999596595764,0.06942269937863245,0.22222221891085306,0.1721212069193522,0.7481481481481481,0.6186108348211712,0.7484336944654405,0.622779383744011,0.7488536155202822,0.6380462871989037,0.7141009490215839,0.14693819452350623
npy,./data/MSL,D-15,D-15,mask_noTTA,100,256,128,0.15,50,64,0.001,1,1,1,0,0.001,adam,0.1,0.99,fixed,gated,5000,none,8,0.95,"[0.5, 1.0, 2.0]",0,0,2,55,2.887841,8,0.0043005552142858505,0.0036298162303864956,2.581435203552246,0.6274104095343775,0.39463185168012477,0.3875486381322957,0.38664596273291924,0.38845553822152884,0.4983099951714148,2059,987,0,658,46,0.9533941149711609,0.06990881264209747,0.6716631054878235,0.06630155517963486,0.30258899709830683,0.0,0.6817956040588361,0.42932182794102985,0.7031202276436477,0.4517416658010518,0.7248130136148097,0.4821687730640929,0.7899325069904576,0.6228763900026668
npy,./data/MSL,D-14,D-14,gate_noTTA,100,256,128,0.15,50,64,0.001,1,1,1,0,0.001,adam,0.1,0.99,fixed,gated,5000,unc,8,0.95,"[0.5, 1.0, 2.0]",0,0,8,55,2.887841,8,0.005205465015023947,0.0028070174157619476,4.996318101882935,0.4666145546295359,0.25922655242580395,0.1420039814200398,0.08326848249027237,0.481981981981982,0.3359173126614987,2526,625,0,420,114,0.8176000118255615,0.27142858505249023,0.24264007806777954,0.07463435945488212,0.877470334370931,0.394179900487264,0.4910397288674443,0.26814202402933474,0.5061597177702046,0.2769906447740751,0.523195480124319,0.28686964984609187,0.4974806266941098,0.20009189296190202
npy,./data/MSL,M-7,M-7,fixed,100,256,128,0.15,50,64,0.001,1,1,1,1,0.001,adam,0.1,0.99,fixed,gated,5000,none,8,0.95,"[0.5, 1.0, 2.0]",0,0,0,55,2.887841,8,0.002640648279339075,0.0019974359311163425,1.9830780029296875,0.8870227168702272,0.5020791477897139,0.1524440762220381,0.08318264014466546,0.9108910891089109,0.6806282722513088,2057,430,8,200,0,1.0,0.0,0.2315562665462494,0.07366125712304308,1.0,0.3008130192756653,0.9015393510153935,0.5229303601124846,0.9084772710847727,0.543936073317633,0.9131507311315074,0.5675736675253229,0.8747705427477054,0.44971106597507254
npy,./data/MSL,F-7,F-7,gate_gbuf5k,100,256,128,0.15,50,64,0.001,1,1,1,1,0.001,adam,0.1,0.99,adaptive,gated,5000,unc,8,0.95,"[0.5, 1.0, 2.0]",0,0,9,55,2.887841,8,0.004523744806647301,0.004173413850367069,3.216660261154175,0.4479499600033284,0.07298320978392003,0.06914893617021277,0.05531914893617021,0.09219858156028368,0.1546353975815317,4955,4528,78,720,620,0.8630741834640503,0.8611111044883728,0.922786295413971,0.1044685737155641,0.011424731463193893,0.0,0.4641135160162805,0.07407947713480059,0.4693858277524321,0.0745088221116065,0.4747173560030486,0.07503976459593067,0.5154848632889771,0.08481936072083315
npy,./data/MSL,F-7,F-7,base_noTTA,100,256,128,0.15,50,64,0.001,1,0,1,0,0.001,adam,0.1,0.99,fixed,gated,5000,none,8,0.95,"[0.5, 1.0, 2.0]",0,0,3,55,2.887786,0,0.0031363985035568476,inf,3.01997971534729,0.3049124693133386,0.0559562296390132,0.029442691903259727,0.026515151515151516,0.03309692671394799,0.15446412269490595,4955,4688,0,720,675,0.8560153841972351,0.9375,0.9475796818733215,0.009385464049492306,0.010121790381769339,0.02424242440611124,,,,,,,,
npy,./data/MSL,M-5,M-5,gate_noTTA,100,256,128,0.15,50,64,0.001,1,1,1,0,0.001,adam,0.1,0.99,fixed,gated,5000,unc,8,0.95,"[0.5, 1.0, 2.0]",0,0,6,55,2.887841,8,0.005438569001853466,0.0028893211856484413,2.670513153076172,0.4831696542659998,0.12827095686750636,0.17958412098298676,0.12549537648612946,0.31561461794019935,0.23487544483985764,2204,2012,0,400,370,0.8161033987998962,0.925000011920929,0.9101995825767517,0.07442434989389188,0.0633484177912275,0.051515152057011925,0.5007633562450838,0.13230033904362332,0.5144025409806141,0.13572095641048218,0.5344655344655345,0.14144666947694834,0.6197573190928672,0.1665180171595863
npy,./data/MSL,C-2,C-2,base_noTTA,100,256,128,0.15,50,64,0.001,1,0,1,0,0.001,adam,0.1,0.99,fixed,gated,5000,none,8,0.95,"[0.5, 1.0, 2.0]",0,0,1,55,2.887786,0,0.005966758355498314,inf,0.8026795387268066,0.6035131074144414,0.10808341533344273,0.1711366538952746,0.10371517027863777,0.48905109489051096,0.19858156028368795,1952,1316,0,335,130,0.9012157917022705,0.38805970549583435,0.7334570288658142,0.00793975396234481,0.6944377322991689,0.2380688445021709,,,,,,,,
npy,./data/MSL,M-6,M-6,gate_gbuf5k,100,256,128,0.15,50,64,0.001,1,1,1,1,0.001,adam,0.1,0.99,adaptive,gated,5000,unc,8,0.95,"[0.5, 1.0, 2.0]",0,0,4,55,2.887841,8,0.002166339661926031,0.001525767263956368,1.8771467208862305,0.7519668271676505,0.6244616444074733,0.26344676180021953,0.1643835616438356,0.6629834254143646,0.7025089605734767,1950,267,28,199,16,0.9400749206542969,0.08040200918912888,0.1433466523885727,0.0935973876561874,0.3504273525128762,0.02268760899702708,0.7559507612952074,0.6397064647343266,0.754149561678517,0.6388371887470831,0.7533421273675867,0.6377289978550119,0.7616205472807505,0.6289745682290938
npy,./data/MSL,M-6,M-6,base_noTTA,100,256,128,0.15,50,64,0.001,1,0,1,0,0.001,adam,0.1,0.99,fixed,gated,5000,none,8,0.95,"[0.5, 1.0, 2.0]",0,0,7,55,2.887786,0,0.0022257305681705475,inf,2.0106313228607178,0.7469743395601405,0.6286290438000364,0.18684695759065767,0.10511756569847856,0.8397790055248618,0.7092198581560284,1950,0,0,199,0,0.0,0.0,0.0,0.009742639003655849,1.0,0.6666666666666666,,,,,,,,
npy,./data/MSL,S-2,S-2,noMask_fixed,100,256,128,0.15,50,64,0.001,1,0,1,1,0.001,adam,0.1,0.99,fixed,gated,5000,none,8,0.95,"[0.5, 1.0, 2.0]",0,0,6,55,2.887786,0,0.004659256897866726,inf,1.0906238555908203,0.6796155386463756,0.2932878051209012,0.014587892049598834,0.007352941176470588,0.9090909090909091,0.42857142857142855,1728,0,0,110,0,0.0,0.0,0.0,0.010998160750777633,1.0,1.0,,,,,,,,
npy,./data/MSL,T-5,T-5,fixed,100,256,128,0.15,50,64,0.001,1,1,1,1,0.001,adam,0.1,0.99,fixed,gated,5000,none,8,0.95,"[0.5, 1.0, 2.0]",0,0,1,55,2.887841,8,0.003140907036140561,0.0022964230738580227,2.775230646133423,0.6284215328467153,0.21473471719657947,0.04109589041095891,0.021844660194174758,0.34615384615384615,0.32258064516129037,2119,1530,32,125,23,0.9849672913551331,0.18400000035762787,0.755767285823822,0.1005324174233797,0.42295598487059277,0.2759694779912631,0.6620051937113981,0.21499250020427443,0.6550042111173499,0.21494598242074714,0.6387738629983154,0.2152754985199974,0.5426024705221786,0.04876069691009437
npy,./data/MSL,D-16,D-16,noMask_fixed,100,256,128,0.15,50,64,0.001,1,0,1,1,0.001,adam,0.1,0.99,fixed,gated,5000,none,8,0.95,"[0.5, 1.0, 2.0]",0,0,8,55,2.887786,0,0.003758012782782316,inf,1.801246166229248,0.5471612105252659,0.37613518675787905,0.43670886075949367,0.3094170403587444,0.7419354838709677,0.4608729846637829,2092,0,0,750,0,0.0,0.0,0.0,0.01123302525361683,1.0,1.0,,,,,,,,
npy,./data/MSL,F-7,F-7,mask_noTTA,100,256,128,0.15,50,64,0.001,1,1,1,0,0.001,adam,0.1,0.99,fixed,gated,5000,none,8,0.95,"[0.5, 1.0, 2.0]",0,0,6,55,2.887841,8,0.004350400995463133,0.004221555311232805,3.267751693725586,0.4293442332558924,0.06901934247127622,0.056910569105691054,0.04337050805452292,0.08274231678486997,0.15497343835867375,4955,4501,0,720,641,0.8575872182846069,0.8902778029441833,0.9114521741867065,0.07842263107222817,0.02364494154850642,0.09696969514091809,0.4474693363104947,0.0703060021866225,0.4541375752777178,0.07088407374907868,0.4610250684946192,0.07142848712325,0.5067999446631881,0.07984772092299675
npy,./data/MSL,F-8,F-8,mask_noTTA,100,256,128,0.15,50,64,0.001,1,1,1,0,0.001,adam,0.1,0.99,fixed,gated,5000,none,8,0.95,"[0.5, 1.0, 2.0]",0,0,1,55,2.887841,8,0.006021629553288221,0.003278575139120221,4.12847113609314,0.537095927040061,0.23185024904220652,0.2032913843175218,0.21169354838709678,0.19553072625698323,0.38178913738019166,2388,2191,0,537,443,0.7978092432022095,0.8249534368515015,0.9443544149398804,0.06742723024071161,0.05718270565072695,0.018726592262585957,0.552440911044263,0.24288156061360122,0.5573184357541899,0.2507408855208518,0.5659552117652676,0.26887777326352913,0.6018392780403954,0.3256724010557701
npy,./data/MSL,M-6,M-6,gate_gbuf5k,100,256,128,0.15,50,64,0.001,1,1,1,1,0.001,adam,0.1,0.99,adaptive,gated,5000,unc,8,0.95,"[0.5, 1.0, 2.0]",0,0,0,55,2.887841,8,0.002069976646453142,0.0017382166115567088,1.9147918224334717,0.7595768216072971,0.6301046674703885,0.2690582959641255,0.16877637130801687,0.6629834254143646,0.7071428571428572,1950,479,29,199,27,0.9436325430870056,0.13567839562892914,0.2581382095813751,0.09795959179217999,0.2854700889438391,0.04537521799405416,0.7634927301335668,0.6453218832299232,0.7633034415038981,0.6447546153236673,0.7639511635335454,0.643815013265665,0.7642055201296628,0.6311198172535394
npy,./data/MSL,P-15,P-15,noMask_fixed,100,256,128,0.15,50,64,0.001,1,0,1,1,0.001,adam,0.1,0.99,fixed,gated,5000,none,8,0.95,"[0.5, 1.0, 2.0]",0,0,4,55,2.887786,0,0.0016791211673989892,inf,4.278760671615601,0.7368606701940035,0.6693258246995559,0.08092485549132947,0.043076923076923075,0.6666666666666666,0.8,2757,2188,44,120,26,0.988116979598999,0.21666666865348816,0.8198710680007935,0.0266631011907545,0.18478260934352875,0.15636363625526428,,,,,,,,
npy,./data/MSL,D-14,D-14,gate_gbuf5k,100,256,128,0.15,50,64,0.001,1,1,1,1,0.001,adam,0.1,0.99,adaptive,gated,5000,unc,8,0.95,"[0.5, 1.0, 2.0]",0,0,7,55,2.887841,8,0.0051813386380672455,0.002725937170907855,4.668166637420654,0.42589030978544085,0.2220423919763904,0.1657077100115075,0.11128284389489954,0.32432432432432434,0.3063063063063063,2526,1539,36,420,127,0.9174788594245911,0.3023809492588043,0.670465350151062,0.08770585154505448,0.102766798188289,0.0013227513991296291,0.45650706886661946,0.2271180731215386,0.4758353859477455,0.23052341676873028,0.4975462353739507,0.23519120746658495,0.500669208534377,0.16777675238135983
npy,./data/MSL,D-14,D-14,fixed,100,256,128,0.15,50,64,0.001,1,1,1,1,0.001,adam,0.1,0.99,fixed,gated,5000,none,8,0.95,"[0.5, 1.0, 2.0]",0,0,4,55,2.887841,8,0.005293536465615034,0.002629682421684265,4.190723657608032,0.43309226829826075,0.23136007810822945,0.12491781722550956,0.0731331793687452,0.42792792792792794,0.32022471910112354,2526,716,24,420,117,0.8365921974182129,0.2785714268684387,0.28442543745040894,0.07715965204548476,0.8563899795214335,0.3968253930409749,0.46379713046379717,0.23749029838460373,0.48363906978139193,0.24434105596232,0.5055092545729251,0.25323443460188727,0.5050181267409732,0.21130772814105014
npy,./data/MSL,F-7,F-7,fixed,100,256,128,0.15,50,64,0.001,1,1,1,1,0.001,adam,0.1,0.99,fixed,gated,5000,none,8,0.95,"[0.5, 1.0, 2.0]",0,0,5,55,2.887841,8,0.004591408185660839,0.004300329368561506,3.2476441860198975,0.45394767404167513,0.07199594230514893,0.06776859504132231,0.052096569250317665,0.09692671394799054,0.15491668192638713,4955,4652,78,720,657,0.8587704300880432,0.9125000238418579,0.943329393863678,0.10800169166233899,0.010080644860863686,0.04309764256079992,0.4601807226763006,0.07198571513834998,0.46088009013161896,0.07184161123445039,0.461234368244021,0.07176201948274706,0.49606848287800426,0.08040125290480268
npy,./data/MSL,T-12,T-12,fixed,100,256,128,0.15,50,64,0.001,1,1,1,1,0.001,adam,0.1,0.99,fixed,gated,5000,none,8,0.95,"[0.5, 1.0, 2.0]",0,0,7,55,2.887841,8,0.0029291033279150724,0.0016649778699502349,1.5422794818878174,0.7544069379968431,0.18373740742072736,0.23822714681440443,0.17916666666666667,0.35537190082644626,0.25925925925925924,2331,2205,36,220,133,0.9396825432777405,0.6045454740524292,0.9815253615379333,0.10962478084556027,0.0,0.030042919019858044,0.7772925920490786,0.19020864813892815,0.7736328201897713,0.190860914121522,0.7664761318448472,0.1936417966610081,0.7279241487674891,0.1145285770388158
npy,./data/MSL,M-7,M-7,gate_gbuf5k,100,256,128,0.15,50,64,0.001,1,1,1,1,0.001,adam,0.1,0.99,adaptive,gated,5000,unc,8,0.95,"[0.5, 1.0, 2.0]",0,0,2,55,2.887841,8,0.0025733946822583675,0.0020360061898827553,1.9535937309265137,0.8729782467297825,0.6054779770675589,0.24203821656050956,0.1442125237191651,0.7524752475247525,0.6857142857142857,2057,1143,31,200,30,0.9737532734870911,0.15000000596046448,0.5993537902832031,0.08654698736759199,0.20711974302927652,0.0,0.8979065789790657,0.6366353551856945,0.9096962250969624,0.6773483875010733,0.9181951771819519,0.7238853314397743,0.8851966948519671,0.5873655847851115
npy,./data/MSL,D-14,D-14,fixed,100,256,128,0.15,50,64,0.001,1,1,1,1,0.001,adam,0.1,0.99,fixed,gated,5000,none,8,0.95,"[0.5, 1.0, 2.0]",0,0,7,55,2.887841,8,0.0051813386380672455,0.002725937170907855,4.923318147659302,0.44717189099211574,0.2630843333862376,0.13025780189959293,0.07667731629392971,0.43243243243243246,0.3269230769230769,2526,666,22,420,116,0.8258258104324341,0.27619048953056335,0.2611585855484009,0.09047730235192668,0.8708827296892802,0.3928571542104085,0.47449696887899134,0.2699405731569804,0.4914005766065691,0.2761644086346174,0.5108816681850389,0.2814941210326796,0.5058035563653541,0.17820996335915668
npy,./data/MSL,T-9,T-9,mask_noTTA,100,256,128,0.15,50,64,0.001,1,1,1,0,0.001,adam,0.1,0.99,fixed,gated,5000,none,8,0.95,"[0.5, 1.0, 2.0]",0,0,7,55,2.887841,8,0.009134779684245586,0.003193723037838936,0.4276132583618164,0.5479275551684089,0.2697443377873728,0.23310023310023312,0.15772870662460567,0.44642857142857145,0.29999999999999993,997,828,0,290,151,0.8176328539848328,0.5206896662712097,0.9575672149658203,0.07875871993115577,0.0,0.0,0.6173871225319396,0.29374374499999306,0.661603513356562,0.31881509504271155,0.7109102787456446,0.3703762278341253,0.7593459639953543,0.29442370716204813
npy,./data/MSL,T-9,T-9,fixed,100,256,128,0.15,50,64,0.001,1,1,1,1,0.001,adam,0.1,0.99,fixed,gated,5000,none,8,0.95,"[0.5, 1.0, 2.0]",0,0,6,55,2.887841,8,0.008770079351961613,0.0034290740732103586,0.3693513870239258,0.5687790360046457,0.2768996182867251,0.22869955156950675,0.15269461077844312,0.45535714285714285,0.3333333333333333,997,825,16,290,149,0.8193939328193665,0.5137931108474731,0.9561527371406555,0.08025738516207803,0.0,0.0,0.6424034552845528,0.3026264040648894,0.6841154907084785,0.32974923929475786,0.7355727351916377,0.38263006591682763,0.7701437282229966,0.3146641136050729
npy,./data/MSL,M-6,M-6,base_noTTA,100,256,128,0.15,50,64,0.001,1,0,1,0,0.001,adam,0.1,0.99,fixed,gated,5000,none,8,0.95,"[0.5, 1.0, 2.0]",0,0,6,55,2.887786,0,0.0024092865642160177,inf,1.8868653774261475,0.757612952074485,0.6379564710082588,0.18863210493441598,0.10633802816901408,0.8342541436464088,0.7183098591549295,1950,0,0,199,0,0.0,0.0,0.0,0.009230466989370493,1.0,0.6666666666666666,,,,,,,,
npy,./data/MSL,S-2,S-2,gate_gbuf5k,100,256,128,0.15,50,64,0.001,1,1,1,1,0.001,adam,0.1,0.99,adaptive,gated,5000,unc,8,0.95,"[0.5, 1.0, 2.0]",0,0,2,55,2.887841,8,0.004712443333119154,0.002609675982967019,1.1218070983886719,0.6736083299959952,0.2842207249341147,0.016238159675236806,0.008241758241758242,0.5454545454545454,0.42857142857142855,1728,679,25,110,1,0.9985272288322449,0.00909090880304575,0.4190358519554138,0.08797424810904043,0.20423891643683115,0.0,0.6944833800560672,0.28518246668447883,0.7123047657188626,0.2857922170632487,0.7422907488986784,0.28664877546847867,0.7236183420104125,0.014818636574221656
npy,./data/MSL,C-1,C-1,fixed,100,256,128,0.15,50,64,0.001,1,1,1,1,0.001,adam,0.1,0.99,fixed,gated,5000,none,8,0.95,"[0.5, 1.0, 2.0]",0,0,5,55,2.887841,8,0.005560963414609432,0.002679597819224,2.7150628566741943,0.6436593631778058,0.19689092932312763,0.2179176755447942,0.17509727626459143,0.28846153846153844,0.3104325699745547,2165,1675,31,464,352,0.7898507714271545,0.7586206793785095,0.7777777910232544,0.08638758582275954,0.8878648281097412,0.0,0.6390733370113494,0.19909557052900895,0.6336433375367801,0.20049906667272938,0.6283742512610341,0.2053969692762143,0.6170315127154267,0.20662678423886907
npy,./data/MSL,F-8,F-8,gate_noTTA,100,256,128,0.15,50,64,0.001,1,1,1,0,0.001,adam,0.1,0.99,fixed,gated,5000,unc,8,0.95,"[0.5, 1.0, 2.0]",0,0,1,55,2.887841,8,0.006021629553288221,0.003278575139120221,3.9877116680145264,0.537095927040061,0.23185024904220652,0.2032913843175218,0.21169354838709678,0.19553072625698323,0.38178913738019166,2388,2108,0,537,417,0.802182137966156,0.7765362858772278,0.9135602116584778,0.06784665924021148,0.05718270565072695,0.018726592262585957,0.552440911044263,0.24288156061360122,0.5573184357541899,0.2507408855208518,0.5659552117652676,0.26887777326352913,0.6018392780403954,0.3256724010557701
npy,./data/MSL,T-9,T-9,gate_noTTA,100,256,128,0.15,50,64,0.001,1,1,1,0,0.001,adam,0.1,0.99,fixed,gated,5000,unc,8,0.95,"[0.5, 1.0, 2.0]",0,0,9,55,2.887841,8,0.008764089085161686,0.002611189614981413,0.4230954647064209,0.5599956445993032,0.27553678504656226,0.2339955849889625,0.15542521994134897,0.4732142857142857,0.29411764705882354,997,610,0,290,81,0.8672131299972534,0.27931034564971924,0.7482319474220276,0.07623990057942381,0.0,0.0,0.6320684523809523,0.3012736906446488,0.6755952380952382,0.33414817396277496,0.720020325203252,0.3811960201836784,0.7292574041811847,0.2962516586165412
npy,./data/MSL,D-14,D-14,gate_noTTA,100,256,128,0.15,50,64,0.001,1,1,1,0,0.001,adam,0.1,0.99,fixed,gated,5000,unc,8,0.95,"[0.5, 1.0, 2.0]",0,0,1,55,2.887841,8,0.005283655598759651,0.002769866958260536,4.3449482917785645,0.4664102304551742,0.23300588814240117,0.14799728445349628,0.08713029576338929,0.49099099099099097,0.3146067415730337,2526,639,0,420,109,0.8294209837913513,0.25952380895614624,0.25166192650794983,0.06532791768947671,0.8695652087529501,0.3928571542104085,0.4915908417781077,0.23887436563781023,0.5070594939508797,0.24435794088331442,0.523952791743054,0.2569354229219485,0.5095095095095096,0.19587660434302212
npy,./data/MSL,T-5,T-5,noMask_fixed,100,256,128,0.15,50,64,0.001,1,0,1,1,0.001,adam,0.1,0.99,fixed,gated,5000,none,8,0.95,"[0.5, 1.0, 2.0]",0,0,4,55,2.887786,0,0.003067184006795287,inf,2.3974101543426514,0.6195606400898372,0.2117040582680343,0.051020408163265314,0.0273224043715847,0.38461538461538464,0.32258064516129037,2119,1516,32,125,23,0.9848284721374512,0.18400000035762787,0.7487462162971497,0.031153511022159994,0.43396226565043133,0.263353602339824,,,,,,,,
npy,./data/MSL,M-1,M-1,mask_noTTA,100,256,128,0.15,50,64,0.001,1,1,1,0,0.001,adam,0.1,0.99,fixed,gated,5000,none,8,0.95,"[0.5, 1.0, 2.0]",0,0,0,55,2.887841,8,0.0034322822466492653,0.002202465198934078,2.7555148601531982,0.3650260458456259,0.41172388286609896,0.33565737051792827,0.3886966551326413,0.2953549517966696,0.6678372841673983,2178,1209,0,1167,867,0.28287839889526367,0.7429305911064148,0.3382789194583893,0.06750070030695808,0.6865443487962087,0.0,0.3475507955709718,0.40463709673276144,0.3393790658058782,0.4004807528801858,0.3298236504919085,0.3945971043508158,0.32394829097283084,0.3883287465067962
npy,./data/MSL,T-13,T-13,base_noTTA,100,256,128,0.15,50,64,0.001,1,0,1,0,0.001,adam,0.1,0.99,fixed,gated,5000,none,8,0.95,"[0.5, 1.0, 2.0]",0,0,9,55,2.887786,0,0.002774846972897649,inf,1.4107117652893066,0.6935972276881368,0.20687700886507182,0.18,0.24324324324324326,0.14285714285714285,0.2889390519187359,2331,2330,0,450,449,0.8072961568832397,0.9977777600288391,1.0,0.009442337180145408,0.0,0.0,,,,,,,,
npy,./data/MSL,T-12,T-12,base_noTTA,100,256,128,0.15,50,64,0.001,1,0,1,0,0.001,adam,0.1,0.99,fixed,gated,5000,none,8,0.95,"[0.5, 1.0, 2.0]",0,0,4,55,2.887786,0,0.00288173696026206,inf,1.3297383785247803,0.7041114718188618,0.18191684641324699,0.225,0.16129032258064516,0.371900826446281,0.25846153846153846,2331,2131,0,220,134,0.9371187090873718,0.6090909242630005,0.9459971785545349,0.008579898115802046,0.0,0.10872674981753032,,,,,,,,
npy,./data/MSL,M-5,M-5,mask_noTTA,100,256,128,0.15,50,64,0.001,1,1,1,0,0.001,adam,0.1,0.99,fixed,gated,5000,none,8,0.95,"[0.5, 1.0, 2.0]",0,0,5,55,2.887841,8,0.00545724481344223,0.0029586704913526773,2.6629934310913086,0.49361933747315806,0.13147501889255184,0.17971014492753626,0.12670299727520437,0.3089700996677741,0.2364164247200332,2204,2102,0,400,380,0.8192197680473328,0.949999988079071,0.9545454382896423,0.06806515089613123,0.06334841748078664,0.03939393969873587,0.512187148399773,0.13479904176882695,0.5250596579500234,0.13791314467263116,0.5424674992781304,0.14352679496100715,0.5898271164051895,0.16679482166531218
npy,./data/MSL,C-2,C-2,base_noTTA,100,256,128,0.15,50,64,0.001,1,0,1,0,0.001,adam,0.1,0.99,fixed,gated,5000,none,8,0.95,"[0.5, 1.0, 2.0]",0,0,0,55,2.887786,0,0.00597743596881628,inf,0.8066573143005371,0.6128335964731636,0.10382272898699327,0.17922077922077922,0.10900473933649289,0.5036496350364964,0.18625954198473282,1952,1326,0,335,132,0.9004524946212769,0.3940298557281494,0.7384044528007507,0.009733267494889557,0.6874927381674448,0.24257334818442663,,,,,,,,
npy,./data/MSL,T-13,T-13,base_noTTA,100,256,128,0.15,50,64,0.001,1,0,1,0,0.001,adam,0.1,0.99,fixed,gated,5000,none,8,0.95,"[0.5, 1.0, 2.0]",0,0,6,55,2.887786,0,0.0027596717700362206,inf,1.4022796154022217,0.692209796376463,0.20768036321799888,0.16040100250626566,0.21768707482993196,0.12698412698412698,0.2838063439065109,2331,2330,0,450,449,0.8072961568832397,0.9977777600288391,1.0,0.009008765169501253,0.0,0.0,,,,,,,,
npy,./data/MSL,P-15,P-15,noMask_fixed,100,256,128,0.15,50,64,0.001,1,0,1,1,0.001,adam,0.1,0.99,fixed,gated,5000,none,8,0.95,"[0.5, 1.0, 2.0]",0,0,2,55,2.887786,0,0.001724306377582252,inf,4.298794984817505,0.7438481565465692,0.6354115786078008,0.07253886010362695,0.038356164383561646,0.6666666666666666,0.7027027027027026,2757,2218,44,120,27,0.9878268837928772,0.22499999403953552,0.8308684229850769,0.0319211950845203,0.16545893251895905,0.15272727608680725,,,,,,,,
npy,./data/MSL,P-14,P-14,noMask_fixed,100,256,128,0.15,50,64,0.001,1,0,1,1,0.001,adam,0.1,0.99,fixed,gated,5000,none,8,0.95,"[0.5, 1.0, 2.0]",0,0,9,55,2.887786,0,0.0023761552292853594,inf,3.5941596031188965,0.9073617221066348,0.5088702607397843,0.4632952691680261,0.3287037037037037,0.7845303867403315,0.5082266910420475,6001,5493,91,280,110,0.9799745082855225,0.3928571343421936,0.9409193992614746,0.02958213979056469,0.0022222221984217563,0.19805555293957391,,,,,,,,
npy,./data/MSL,P-14,P-14,base_noTTA,100,256,128,0.15,50,64,0.001,1,0,1,0,0.001,adam,0.1,0.99,fixed,gated,5000,none,8,0.95,"[0.5, 1.0, 2.0]",0,0,6,55,2.887786,0,0.0024215637240558863,inf,3.586038112640381,0.8984905804791947,0.46667897868449176,0.42519685039370075,0.2973568281938326,0.7458563535911602,0.45531914893617026,6001,5412,0,280,109,0.9798595905303955,0.38928571343421936,0.9269358515739441,0.008500192467718597,0.0005555555690079927,0.24645833919445673,,,,,,,,
npy,./data/MSL,T-4,T-4,fixed,100,256,128,0.15,50,64,0.001,1,1,1,1,0.001,adam,0.1,0.99,fixed,gated,5000,none,8,0.95,"[0.5, 1.0, 2.0]",0,0,3,55,2.887841,8,0.004114286508411169,0.0024544058833271265,2.7745025157928467,0.47028580681726173,0.02947415503562737,0.05381165919282511,0.03,0.2608695652173913,0.06129510627780523,2118,1528,32,168,148,0.9031413793563843,0.8809523582458496,0.7076923251152039,0.08547013384537161,0.44968554377555847,0.32538974036773044,0.44344587482794917,0.028033520181401685,0.42779262138018515,0.02717706249921771,0.41495290529781664,0.026297012028534697,0.39160796696623756,0.023945777984271867
npy,./data/MSL,T-12,T-12,base_noTTA,100,256,128,0.15,50,64,0.001,1,0,1,0,0.001,adam,0.1,0.99,fixed,gated,5000,none,8,0.95,"[0.5, 1.0, 2.0]",0,0,8,55,2.887786,0,0.0030467116739600897,inf,1.426330804824829,0.7374091320703392,0.18847115794363847,0.22797927461139897,0.1660377358490566,0.36363636363636365,0.2545454545454545,2331,2167,0,220,140,0.9353945255279541,0.6363636255264282,0.9602084159851074,0.009437734504873176,0.0,0.08583690722783406,,,,,,,,
npy,./data/MSL,M-6,M-6,gate_noTTA,100,256,128,0.15,50,64,0.001,1,1,1,0,0.001,adam,0.1,0.99,fixed,gated,5000,unc,8,0.95,"[0.5, 1.0, 2.0]",0,0,2,55,2.887841,8,0.0021380481775850058,0.0019064792431890965,1.94529128074646,0.7512895287896176,0.6308237263395127,0.1876543209876543,0.10562890896455872,0.8397790055248618,0.7163120567375887,1950,0,0,199,0,0.0,0.0,0.0,0.06693424322666267,1.0,0.6666666666666666,0.7542412483585128,0.6419816521826635,0.751576419368959,0.640848269600602,0.7490239805032711,0.6393150294334576,0.7440640268789853,0.6283313584810349
npy,./data/MSL,M-1,M-1,fixed,100,256,128,0.15,50,64,0.001,1,1,1,1,0.001,adam,0.1,0.99,fixed,gated,5000,none,8,0.95,"[0.5, 1.0, 2.0]",0,0,2,55,2.887841,8,0.0034127605613321066,0.002172874752432108,2.686291217803955,0.38515679969386873,0.4193732099943649,0.35829662261380324,0.4057649667405765,0.32077125328659073,0.6680363956560024,2178,1155,27,1167,845,0.268398255109787,0.7240788340568542,0.306627094745636,0.09758949717652152,0.7155963281790415,0.0,0.3612402945279036,0.4095357407768078,0.3483215242374492,0.403211495650973,0.3314287565886114,0.3944019434369804,0.30042447939168754,0.3769830646223546
npy,./data/MSL,C-1,C-1,gate_gbuf5k,100,256,128,0.15,50,64,0.001,1,1,1,1,0.001,adam,0.1,0.99,adaptive,gated,5000,unc,8,0.95,"[0.5, 1.0, 2.0]",0,0,5,55,2.887841,8,0.005560963414609432,0.002679597819224,2.8037045001983643,0.638741658785204,0.18874696644807354,0.19783197831978322,0.17136150234741784,0.23397435897435898,0.30085470085470084,2165,1936,34,464,419,0.7835744023323059,0.9030172228813171,0.8918283581733704,0.09144084833510753,0.18433180078864098,0.0,0.6360061344052123,0.19172990727814887,0.6312329234972678,0.1931789361683785,0.626625551702396,0.1964796474606184,0.6175799311685582,0.1997903425402991
npy,./data/MSL,M-1,M-1,gate_noTTA,100,256,128,0.15,50,64,0.001,1,1,1,0,0.001,adam,0.1,0.99,fixed,gated,5000,unc,8,0.95,"[0.5, 1.0, 2.0]",0,0,6,55,2.887841,8,0.0033594327978789806,0.0021152528934180737,2.920612335205078,0.3709851131327844,0.4170847780341951,0.35061728395061725,0.40158371040723984,0.31113058720420683,0.6678372841673983,2178,1103,0,1167,811,0.2647325396537781,0.6949443221092224,0.2888229489326477,0.07071935112482917,0.6972477038701376,0.0,0.35110895433953415,0.40897155205805313,0.34187718334547157,0.40407610880733297,0.3309118514769599,0.3973079039453289,0.32029755218427125,0.3859884725106626
npy,./data/MSL,M-7,M-7,fixed,100,256,128,0.15,50,64,0.001,1,1,1,1,0.001,adam,0.1,0.99,fixed,gated,5000,none,8,0.95,"[0.5, 1.0, 2.0]",0,0,9,55,2.887841,8,0.002715430222451687,0.001914363936521113,1.9659090042114258,0.8780226927802269,0.5570770391686121,0.15662650602409636,0.08576814326107446,0.900990099009901,0.6703296703296704,2057,435,8,200,0,1.0,0.0,0.2342487871646881,0.07706274960767777,1.0,0.2926829159259796,0.8928814049288141,0.5792550658822835,0.900884103008841,0.5910098441075161,0.9102454771024548,0.6118944712712028,0.9049456770494568,0.45210831624663717
npy,./data/MSL,D-15,D-15,mask_noTTA,100,256,128,0.15,50,64,0.001,1,1,1,0,0.001,adam,0.1,0.99,fixed,gated,5000,none,8,0.95,"[0.5, 1.0, 2.0]",0,0,7,55,2.887841,8,0.004277374595403671,0.0036772857420146465,2.71469783782959,0.6210745199748662,0.37945192470526606,0.369496855345912,0.3724247226624406,0.3666146645865835,0.4987510407993338,2059,960,0,658,35,0.9635416865348816,0.05319149047136307,0.6602426767349243,0.07213314162000051,0.3171521086866657,0.0,0.6824558282265372,0.41615735707846935,0.7063575885158017,0.43800123590057827,0.7311602154264154,0.47005634746358504,0.8119019289446595,0.6563529722497057
npy,./data/MSL,P-11,P-11,fixed,100,256,128,0.15,50,64,0.001,1,1,1,1,0.001,adam,0.1,0.99,fixed,gated,5000,none,8,0.95,"[0.5, 1.0, 2.0]",0,0,9,55,2.887841,8,0.002954743569716811,0.0019319847924634814,5.309241056442261,0.7213141714279651,0.11901074406618317,0.08126410835214447,0.08372093023255814,0.07894736842105263,0.2066306861989206,3436,3436,54,426,426,0.8760186433792114,1.0,1.0,0.10144884011798189,0.0,0.0,0.7409296601042976,0.12347857755821269,0.7372200913532698,0.12230979947088624,0.7305290744247981,0.1208349765921299,0.7191218521053162,0.12474441257368712
npy,./data/MSL,C-1,C-1,noMask_fixed,100,256,128,0.15,50,64,0.001,1,0,1,1,0.001,adam,0.1,0.99,fixed,gated,5000,none,8,0.95,"[0.5, 1.0, 2.0]",0,0,9,55,2.887786,0,0.005551446694880724,inf,2.577073097229004,0.6593648197772173,0.2178194136504184,0.22650602409638554,0.18146718146718147,0.30128205128205127,0.31994818652849744,2165,1639,32,464,340,0.7925564646720886,0.732758641242981,0.763668417930603,0.028873536107721837,0.9247311949729919,0.0,,,,,,,,
npy,./data/MSL,T-9,T-9,gate_gbuf5k,100,256,128,0.15,50,64,0.001,1,1,1,1,0.001,adam,0.1,0.99,adaptive,gated,5000,unc,8,0.95,"[0.5, 1.0, 2.0]",0,0,5,55,2.887841,8,0.008573578670620918,0.0031154784373939037,0.38758063316345215,0.5505045005807201,0.27193084792354666,0.22616407982261644,0.1504424778761062,0.45535714285714285,0.30718954248366015,997,739,16,290,117,0.8416779637336731,0.40344828367233276,0.8797736763954163,0.09379343857377798,0.0,0.0,0.6164888211382114,0.29323464354334206,0.6580012340301974,0.31742596708952,0.7080429732868757,0.3621869497315177,0.7403273809523809,0.27116131004356825
npy,./data/MSL,M-2,M-2,noMask_fixed,100,256,128,0.15,50,64,0.001,1,0,1,1,0.001,adam,0.1,0.99,fixed,gated,5000,none,8,0.95,"[0.5, 1.0, 2.0]",0,0,6,55,2.887786,0,0.005401235073804855,inf,2.746961832046509,0.7351524792929356,0.7311057327122357,0.6014568158168575,0.7400768245838668,0.5065731814198072,0.7084300077339521,2178,1205,34,1167,245,0.7966805100440979,0.20994001626968384,0.9495549201965332,0.032836740667169746,0.0779816514501969,0.0,,,,,,,,
npy,./data/MSL,S-2,S-2,gate_noTTA,100,256,128,0.15,50,64,0.001,1,1,1,0,0.001,adam,0.1,0.99,fixed,gated,5000,unc,8,0.95,"[0.5, 1.0, 2.0]",0,0,0,55,2.887841,8,0.004650018643587828,0.0021907896734774113,1.1461782455444336,0.6556868241890268,0.2822916062084815,0.01348314606741573,0.006797583081570997,0.8181818181818182,0.42857142857142855,1728,0,0,110,0,0.0,0.0,0.0,0.06829133188283001,1.0,1.0,0.6966359631557869,0.282387882207135,0.7278233880656788,0.28344392546251757,0.7652683219863836,0.2981998249308874,0.7091009211053263,0.04984016571442011
npy,./data/MSL,T-9,T-9,noMask_fixed,100,256,128,0.15,50,64,0.001,1,0,1,1,0.001,adam,0.1,0.99,fixed,gated,5000,none,8,0.95,"[0.5, 1.0, 2.0]",0,0,4,55,2.887786,0,0.008565893396735191,inf,0.3597276210784912,0.5591336382113822,0.2785578168311233,0.23798627002288328,0.16,0.4642857142857143,0.32,997,814,16,290,139,0.8292383551597595,0.4793103337287903,0.9547383189201355,0.028584641941571787,0.0,0.0,,,,,,,,
npy,./data/MSL,P-15,P-15,fixed,100,256,128,0.15,50,64,0.001,1,1,1,1,0.001,adam,0.1,0.99,fixed,gated,5000,none,8,0.95,"[0.5, 1.0, 2.0]",0,0,7,55,2.887841,8,0.001551734283566475,0.0012819647090509534,4.874122858047485,0.732795834383136,0.6091690461772502,0.07977207977207977,0.04242424242424243,0.6666666666666666,0.6666666666666667,2757,2172,42,120,26,0.9880294799804688,0.21666666865348816,0.8138035535812378,0.09305528164082867,0.18599033852418265,0.16000000139077505,0.7460317460317459,0.6207211076303133,0.7486016628873772,0.6238543543679386,0.7493071302595112,0.6284763851934506,0.6730494667002603,0.1831144769065952
npy,./data/MSL,P-14,P-14,mask_noTTA,100,256,128,0.15,50,64,0.001,1,1,1,0,0.001,adam,0.1,0.99,fixed,gated,5000,none,8,0.95,"[0.5, 1.0, 2.0]",0,0,4,55,2.887841,8,0.002270721597597003,0.0017221327871084213,3.6408259868621826,0.9015045657816994,0.4754498656855516,0.3681462140992167,0.24102564102564103,0.7790055248618785,0.42388059701492536,6001,5405,0,280,109,0.9798334836959839,0.38928571343421936,0.9257122874259949,0.08159000820725029,0.00722222247471412,0.2502777849634488,0.9183246386064542,0.5043953167510635,0.921622380964382,0.5239099100219599,0.924849184058454,0.556612224843102,0.9092416125988132,0.5516188340142041
npy,./data/MSL,T-5,T-5,mask_noTTA,100,256,128,0.15,50,64,0.001,1,1,1,0,0.001,adam,0.1,0.99,fixed,gated,5000,none,8,0.95,"[0.5, 1.0, 2.0]",0,0,7,55,2.887841,8,0.0030926379840821028,0.0024141615722328424,2.911876678466797,0.6326677428411005,0.2099252127402255,0.042643923240938165,0.022573363431151242,0.38461538461538464,0.32258064516129037,2119,1479,0,125,23,0.9844489693641663,0.18400000035762787,0.7301905751228333,0.07009022412518388,0.4245283007621765,0.3311946789423625,0.6492841100505333,0.21275876819838035,0.6408969679955082,0.21555160010665417,0.6320887142055026,0.22057719484646993,0.5544462380685008,0.04639992117092373
npy,./data/MSL,M-5,M-5,base_noTTA,100,256,128,0.15,50,64,0.001,1,0,1,0,0.001,adam,0.1,0.99,fixed,gated,5000,none,8,0.95,"[0.5, 1.0, 2.0]",0,0,0,55,2.887786,0,0.004603763576596975,inf,2.4881389141082764,0.5039661335342398,0.13077330590914277,0.1754385964912281,0.12413793103448276,0.29900332225913623,0.23950966525223955,2204,2022,0,400,341,0.831355094909668,0.8525000214576721,0.9318181872367859,0.008849072153468746,0.09653092424074809,0.06515151758988698,,,,,,,,
npy,./data/MSL,P-15,P-15,gate_gbuf5k,100,256,128,0.15,50,64,0.001,1,1,1,1,0.001,adam,0.1,0.99,adaptive,gated,5000,unc,8,0.95,"[0.5, 1.0, 2.0]",0,0,1,55,2.887841,8,0.001554005080834031,0.001368307857774198,4.399078130722046,0.7269673301419333,0.6533040529872307,0.1,0.05405405405405406,0.6666666666666666,0.742857142857143,2757,2298,44,120,45,0.9804177284240723,0.375,0.8543799519538879,0.09886017302304538,0.09782608598470688,0.001212121220305562,0.7429579239103049,0.6535105897767013,0.7463004955068447,0.6521052934663679,0.7483833039388594,0.6521294688344701,0.6919123204837491,0.07916131439707993
npy,./data/MSL,M-6,M-6,noMask_fixed,100,256,128,0.15,50,64,0.001,1,0,1,1,0.001,adam,0.1,0.99,fixed,gated,5000,none,8,0.95,"[0.5, 1.0, 2.0]",0,0,7,55,2.887786,0,0.0022257305681705475,inf,1.92458176612854,0.7469743395601405,0.6286290438000364,0.18684695759065767,0.10511756569847856,0.8397790055248618,0.7092198581560284,1950,0,0,199,0,0.0,0.0,0.0,0.011538481101011619,1.0,0.6666666666666666,,,,,,,,
npy,./data/MSL,P-14,P-14,gate_gbuf5k,100,256,128,0.15,50,64,0.001,1,1,1,1,0.001,adam,0.1,0.99,adaptive,gated,5000,unc,8,0.95,"[0.5, 1.0, 2.0]",0,0,5,55,2.887841,8,0.002258380874991417,0.0016731931827962399,3.7412314414978027,0.9091324034689301,0.4423322652454358,0.3685636856368564,0.24416517055655296,0.7513812154696132,0.4063492063492063,6001,5308,92,280,102,0.9807837009429932,0.3642857074737549,0.9099807739257812,0.10767640163254448,0.014444444328546524,0.14687500024835268,0.9181304890422173,0.4708865787777805,0.9200019788320969,0.49270290006142214,0.9219266730698685,0.5287073094163781,0.8946327913013528,0.5262687851638961
npy,./data/MSL,C-1,C-1,gate_gbuf5k,100,256,128,0.15,50,64,0.001,1,1,1,1,0.001,adam,0.1,0.99,adaptive,gated,5000,unc,8,0.95,"[0.5, 1.0, 2.0]",0,0,9,55,2.887841,8,0.0054741050116717815,0.0027410415932536125,2.8280606269836426,0.6426643284993695,0.20175694004433653,0.18157181571815717,0.1572769953051643,0.21474358974358973,0.31178247734138975,2165,1938,34,464,417,0.7848297357559204,0.8987069129943848,0.8941798806190491,0.08569666750161258,0.2058371752500534,0.0,0.6474588850357293,0.20655178681240266,0.6454737415931063,0.2087982972520016,0.643931930432955,0.21576221742922047,0.6512699006935687,0.22285726409777376
npy,./data/MSL,P-14,P-14,fixed,100,256,128,0.15,50,64,0.001,1,1,1,1,0.001,adam,0.1,0.99,fixed,gated,5000,none,8,0.95,"[0.5, 1.0, 2.0]",0,0,0,55,2.887841,8,0.0022714235819876194,0.0016906592063605785,3.688061475753784,0.9080757818020253,0.4791343467862691,0.3748427672955975,0.24267100977198697,0.8232044198895028,0.45381526104417674,6001,5429,90,280,109,0.9799226522445679,0.38928571343421936,0.9299073815345764,0.09775527257399645,0.009444444440305233,0.22444444398085275,0.9193756598051598,0.5100376892974997,0.9218015959467545,0.536804167662148,0.9236674852684351,0.5787628613771196,0.9045334856660684,0.5798011900394427
npy,./data/MSL,D-14,D-14,base_noTTA,100,256,128,0.15,50,64,0.001,1,0,1,0,0.001,adam,0.1,0.99,fixed,gated,5000,none,8,0.95,"[0.5, 1.0, 2.0]",0,0,3,55,2.887786,0,0.004649961367249489,inf,4.275378704071045,0.4698312544754492,0.25425433432072814,0.13357843137254902,0.07730496453900709,0.49099099099099097,0.3192488262910798,2526,534,0,420,112,0.7902621626853943,0.2666666805744171,0.2003798633813858,0.009302855104278782,0.9604743123054504,0.4100529154141744,,,,,,,,
npy,./data/MSL,P-10,P-10,mask_noTTA,100,256,128,0.15,50,64,0.001,1,1,1,0,0.001,adam,0.1,0.99,fixed,gated,5000,none,8,0.95,"[0.5, 1.0, 2.0]",0,0,5,55,2.887841,8,0.0020399093627929688,0.0016478841425850987,4.791756629943848,0.9547049066487283,0.5125393683131457,0.3247588424437299,0.20570264765784113,0.7709923664122137,0.48913043478260876,6001,5418,0,230,56,0.9896640777587891,0.24347825348377228,0.9291284084320068,0.07616808128007312,0.0,0.22264263903101286,0.9604994763018598,0.534498597149082,0.9599572345157359,0.5447503693840249,0.9572741607721318,0.5574811504051369,0.9155931600802619,0.3848581188004714
npy,./data/MSL,M-6,M-6,noMask_fixed,100,256,128,0.15,50,64,0.001,1,0,1,1,0.001,adam,0.1,0.99,fixed,gated,5000,none,8,0.95,"[0.5, 1.0, 2.0]",0,0,2,55,2.887786,0,0.0022334617096930742,inf,1.8174614906311035,0.7569652300448378,0.635138692706307,0.1823671497584541,0.1023728813559322,0.8342541436464088,0.7092198581560284,1950,0,0,199,0,0.0,0.0,0.0,0.010257745400453225,1.0,0.6666666666666666,,,,,,,,
npy,./data/MSL,T-4,T-4,gate_gbuf5k,100,256,128,0.15,50,64,0.001,1,1,1,1,0.001,adam,0.1,0.99,adaptive,gated,5000,unc,8,0.95,"[0.5, 1.0, 2.0]",0,0,8,55,2.887841,8,0.004024383146315813,0.002428127685561776,3.0205941200256348,0.44632688311337815,0.03263034766536693,0.05338078291814946,0.030425963488843813,0.21739130434782608,0.06100795755968169,2118,1891,34,168,153,0.9190904498100281,0.9107142686843872,0.8912820219993591,0.10884280920704094,0.09276729573806126,0.0,0.435713707392114,0.03223181762638245,0.4355247888160203,0.03220210457128182,0.4432974388038755,0.03249931501170059,0.4631676247537312,0.03490856164028848
npy,./data/MSL,D-16,D-16,gate_gbuf5k,100,256,128,0.15,50,64,0.001,1,1,1,1,0.001,adam,0.1,0.99,adaptive,gated,5000,unc,8,0.95,"[0.5, 1.0, 2.0]",0,0,4,55,2.887841,8,0.0036914239171892405,0.00209941272623837,1.8293471336364746,0.5063568535918767,0.3311012128084174,0.3249336870026525,0.28588098016336055,0.3763440860215054,0.46488052136133234,2092,711,30,750,268,0.6230661273002625,0.35733333230018616,0.3301043212413788,0.08988688142532145,0.12380952884753545,0.08293460821732879,0.5159863945578231,0.3435312062207379,0.5222195623117283,0.35637142655881704,0.5294242623735711,0.3837788692445384,0.5263021924312247,0.44952387314620196
npy,./data/MSL,M-6,M-6,gate_gbuf5k,100,256,128,0.15,50,64,0.001,1,1,1,1,0.001,adam,0.1,0.99,adaptive,gated,5000,unc,8,0.95,"[0.5, 1.0, 2.0]",0,0,8,55,2.887841,8,0.002158557064831257,0.0014375646132975817,1.978729248046875,0.7526293373714907,0.6367672838093812,0.2594594594594595,0.16129032258064516,0.6629834254143646,0.7117437722419929,1950,195,28,199,11,0.9435897469520569,0.055276382714509964,0.10508280992507935,0.09666870801876752,0.31111111274609965,0.020942407349745434,0.7538360523856282,0.6411464510418114,0.7557437268565074,0.6407289492499681,0.7597956865853515,0.6399152412445396,0.7815017686656336,0.6327477304569705
npy,./data/MSL,P-15,P-15,mask_noTTA,100,256,128,0.15,50,64,0.001,1,1,1,0,0.001,adam,0.1,0.99,fixed,gated,5000,none,8,0.95,"[0.5, 1.0, 2.0]",0,0,5,55,2.887841,8,0.0015217307955026627,0.0012410172494128346,5.077974796295166,0.7384899638867893,0.6369907125655561,0.08358208955223881,0.044585987261146494,0.6666666666666666,0.7272727272727273,2757,2163,0,120,27,0.9875173568725586,0.22499999403953552,0.8100113868713379,0.06765691447958463,0.19806763529777527,0.16363636155923209,0.7447551860250272,0.6423261090432627,0.7462501049802636,0.6419077171689381,0.7474258839338204,0.643675795682049,0.7331989585957839,0.16301988274814222
npy,./data/MSL,D-15,D-15,fixed,100,256,128,0.15,50,64,0.001,1,1,1,1,0.001,adam,0.1,0.99,fixed,gated,5000,none,8,0.95,"[0.5, 1.0, 2.0]",0,0,5,55,2.887841,8,0.004233871586620808,0.0030950545333325863,2.5888278484344482,0.6330459678505795,0.39316105758470676,0.40244835501147663,0.3948948948948949,0.41029641185647425,0.5032437442075997,2059,923,27,658,23,0.9750812649726868,0.03495440632104874,0.6423982977867126,0.08160990381078734,0.34789643064141273,0.0,0.6768140995910107,0.4233066053964476,0.6910572533646238,0.4402192645469971,0.706026448045397,0.4668812871008412,0.7521043359862278,0.5352462482506791
npy,./data/MSL,D-16,D-16,gate_gbuf5k,100,256,128,0.15,50,64,0.001,1,1,1,1,0.001,adam,0.1,0.99,adaptive,gated,5000,unc,8,0.95,"[0.5, 1.0, 2.0]",0,0,7,55,2.887841,8,0.0037296044174581766,0.002175709931179881,1.829451084136963,0.506726913639356,0.35063910609303994,0.3441269841269841,0.29329004329004327,0.4162826420890937,0.46271371407784645,2092,786,29,750,289,0.6323155164718628,0.3853333294391632,0.37034276127815247,0.09442674954124436,0.13174603631099066,0.15311004718144736,0.5179125022442995,0.3625298047261708,0.5262473317772858,0.3749007232570375,0.5371985157699444,0.3997647778918144,0.5509595627107148,0.4660038217649911
npy,./data/MSL,D-15,D-15,fixed,100,256,128,0.15,50,64,0.001,1,1,1,1,0.001,adam,0.1,0.99,fixed,gated,5000,none,8,0.95,"[0.5, 1.0, 2.0]",0,0,7,55,2.887841,8,0.004277374595403671,0.0036772857420146465,2.7601542472839355,0.6169270370023767,0.3788274793275672,0.3894080996884735,0.38880248833592534,0.39001560062402496,0.4944134078212291,2059,965,27,658,47,0.9512953162193298,0.0714285746216774,0.6552462577819824,0.08525334266043798,0.3300970811396837,0.0,0.6784636316237092,0.4144286443917093,0.7038215872735106,0.4375251368354996,0.7298706186876348,0.47224198776296333,0.8102801633489203,0.6546008783644054
npy,./data/MSL,D-15,D-15,gate_gbuf5k,100,256,128,0.15,50,64,0.001,1,1,1,1,0.001,adam,0.1,0.99,adaptive,gated,5000,unc,8,0.95,"[0.5, 1.0, 2.0]",0,0,7,55,2.887841,8,0.004277374595403671,0.0036772857420146465,2.713104486465454,0.6189221069172365,0.3768875679407711,0.29876977152899825,0.3420523138832998,0.26521060842433697,0.49606299212598415,2059,1628,33,658,387,0.7622849941253662,0.588145911693573,0.8857958316802979,0.10784011607380849,0.10194174634913604,0.0,0.6808659426139736,0.4124115438407732,0.7057693514068843,0.4346056129770638,0.7307632582165515,0.46827083221729954,0.8113959627600661,0.6508391951319127
npy,./data/MSL,F-5,F-5,noMask_fixed,100,256,128,0.15,50,64,0.001,1,0,1,1,0.001,adam,0.1,0.99,fixed,gated,5000,none,8,0.95,"[0.5, 1.0, 2.0]",0,0,9,55,2.887786,0,0.0031230663880705833,inf,3.1981444358825684,0.8048034758113946,0.3526603856315406,0.261455525606469,0.16412859560067683,0.6423841059602649,0.40366972477064217,3823,3241,57,250,62,0.9808701276779175,0.24799999594688416,0.8897285461425781,0.028518055110834606,0.219321146607399,0.07508329302072525,,,,,,,,
npy,./data/MSL,M-3,M-3,gate_gbuf5k,100,256,128,0.15,50,64,0.001,1,1,1,1,0.001,adam,0.1,0.99,adaptive,gated,5000,unc,8,0.95,"[0.5, 1.0, 2.0]",0,0,5,55,2.887841,8,0.004845748655498028,0.0028439483139663935,2.650646924972534,0.4309138711677809,0.10648538125604691,0.14386792452830188,0.10217755443886097,0.24302788844621515,0.21225194132873168,2028,1876,32,350,337,0.8203624486923218,0.9628571271896362,0.9171633124351501,0.09222378627318133,0.11986863240599632,0.0016501649903754394,0.43903065775278416,0.10763362480797045,0.44755731869961524,0.1088239890004776,0.46146331518276573,0.11130982033902578,0.5152948971703804,0.12322808274819173
npy,./data/MSL,F-4,F-4,gate_noTTA,100,256,128,0.15,50,64,0.001,1,1,1,0,0.001,adam,0.1,0.99,fixed,gated,5000,unc,8,0.95,"[0.5, 1.0, 2.0]",0,0,1,55,2.887841,8,0.003865581238642335,0.002138499403372407,2.8522047996520996,0.5836517163260074,0.029661478272589397,0.07453416149068323,0.043689320388349516,0.2535211267605634,0.07515657620041755,3323,3072,0,170,148,0.9518229365348816,0.8705882430076599,0.9273707866668701,0.07253800965273843,0.07807807810604572,0.05032325660188993,0.5481735534063827,0.027328651825267253,0.5347026954325176,0.02588212690408481,0.5186763673656382,0.024006637017520774,0.42306059574396543,0.01672452430115507
npy,./data/MSL,P-15,P-15,mask_noTTA,100,256,128,0.15,50,64,0.001,1,1,1,0,0.001,adam,0.1,0.99,fixed,gated,5000,none,8,0.95,"[0.5, 1.0, 2.0]",0,0,0,55,2.887841,8,0.001516831573098898,0.001315527711994946,4.521631717681885,0.7371966070378768,0.6575241845704511,0.08,0.0425531914893617,0.6666666666666666,0.742857142857143,2757,2162,0,120,26,0.9879741072654724,0.21666666865348816,0.8100113868713379,0.0651203552622444,0.1956521769364675,0.16242424150307974,0.7447551860250273,0.6694035383534522,0.7460485428739396,0.6694177075529385,0.7475098681447888,0.6694341352063266,0.7080708826740573,0.22438299392903358
npy,./data/MSL,D-15,D-15,fixed,100,256,128,0.15,50,64,0.001,1,1,1,1,0.001,adam,0.1,0.99,fixed,gated,5000,none,8,0.95,"[0.5, 1.0, 2.0]",0,0,3,55,2.887841,8,0.004273981787264347,0.003627329133450985,2.4915661811828613,0.6224073089489169,0.38825723644095567,0.38267716535433066,0.3863275039745628,0.3790951638065523,0.4959432048681542,2059,936,27,658,29,0.9690170884132385,0.0440729483962059,0.6473947167396545,0.07480113699692091,0.3414239604026079,0.0,0.6785880663967495,0.42207249652547124,0.7011354415943282,0.443665237950824,0.7237681728758933,0.47421022927617695,0.7927163493922751,0.6354963495263977
npy,./data/MSL,M-1,M-1,gate_gbuf5k,100,256,128,0.15,50,64,0.001,1,1,1,1,0.001,adam,0.1,0.99,adaptive,gated,5000,unc,8,0.95,"[0.5, 1.0, 2.0]",0,0,4,55,2.887841,8,0.0033870157785713673,0.00235390174202621,2.752453565597534,0.3504608941995532,0.40713160169646306,0.19846426461901948,0.30434782608695654,0.147239263803681,0.6678372841673983,2178,1791,35,1167,1112,0.37911781668663025,0.9528706073760986,0.6716122627258301,0.09298609198508075,0.2553516874710719,0.0,0.3279469763365469,0.39812690550228763,0.31677873992420785,0.39275095478832384,0.30401118366641566,0.3857375564562314,0.29547839182333263,0.37353875119346647
npy,./data/MSL,P-15,P-15,noMask_fixed,100,256,128,0.15,50,64,0.001,1,0,1,1,0.001,adam,0.1,0.99,fixed,gated,5000,none,8,0.95,"[0.5, 1.0, 2.0]",0,0,9,55,2.887786,0,0.0016637432854622602,inf,4.5546650886535645,0.7400352733686066,0.660003389036129,0.07035175879396985,0.03713527851458886,0.6666666666666666,0.7567567567567567,2757,2184,44,120,26,0.988095223903656,0.21666666865348816,0.8183541893959045,0.031921454517141734,0.18236715098222098,0.1612121214469274,,,,,,,,
npy,./data/MSL,S-2,S-2,mask_noTTA,100,256,128,0.15,50,64,0.001,1,1,1,0,0.001,adam,0.1,0.99,fixed,gated,5000,none,8,0.95,"[0.5, 1.0, 2.0]",0,0,4,55,2.887841,8,0.004450122360140085,0.0022577554918825626,1.1467680931091309,0.6884261113336003,0.28420900508190466,0.014388489208633096,0.007251631617113851,0.9090909090909091,0.42857142857142855,1728,0,0,110,0,0.0,0.0,0.0,0.07263598618683992,1.0,1.0,0.7024429315178214,0.2853265869027587,0.7178614337204645,0.28657002324868186,0.7328794553464156,0.29067617240467125,0.6685522627152582,0.0506252472702986
npy,./data/MSL,D-15,D-15,gate_noTTA,100,256,128,0.15,50,64,0.001,1,1,1,0,0.001,adam,0.1,0.99,fixed,gated,5000,unc,8,0.95,"[0.5, 1.0, 2.0]",0,0,9,55,2.887841,8,0.0042181662283837795,0.003495028242468834,2.687784433364868,0.6166709687504178,0.38966214174170266,0.3966565349544073,0.38666666666666666,0.40717628705148207,0.4850715746421268,2059,893,0,658,29,0.9675251841545105,0.0440729483962059,0.6167023777961731,0.07043896860842452,0.3333333410943548,0.0,0.6791896725308696,0.4269011275865571,0.7047738732225624,0.4498699333053352,0.7290479094443935,0.4838872339464251,0.7902595339146459,0.6576655149081696
npy,./data/MSL,P-10,P-10,fixed,100,256,128,0.15,50,64,0.001,1,1,1,1,0.001,adam,0.1,0.99,fixed,gated,5000,none,8,0.95,"[0.5, 1.0, 2.0]",0,0,7,55,2.887841,8,0.002015412086620927,0.0017319938633590937,5.9823219776153564,0.9513453095446065,0.5051999786609902,0.3210702341137124,0.20556745182012848,0.732824427480916,0.4751381215469612,6001,5429,90,230,56,0.9896849989891052,0.24347825348377228,0.931034505367279,0.10417513282393201,0.0005555555690079927,0.21584084009130797,0.957473664825517,0.5284367980510081,0.9565592712475013,0.5476110489673951,0.9542956675648612,0.5704100460255517,0.9284074588938523,0.4437647490157559
npy,./data/MSL,P-11,P-11,gate_noTTA,100,256,128,0.15,50,64,0.001,1,1,1,0,0.001,adam,0.1,0.99,fixed,gated,5000,unc,8,0.95,"[0.5, 1.0, 2.0]",0,0,2,55,2.887841,8,0.0029132303316146135,0.0019173817709088326,4.800579309463501,0.7152159958408267,0.12153355676340422,0.11037527593818984,0.1111111111111111,0.10964912280701754,0.2168949771689498,3436,3399,0,426,414,0.8781994581222534,0.9718309640884399,0.9916943311691284,0.07570365810283265,0.0,0.0,0.7476551599743235,0.12804799992090646,0.745449577981846,0.12735730218713198,0.7358832142345583,0.1257259092668501,0.7170396129422437,0.1302841971127919
npy,./data/MSL,F-8,F-8,fixed,100,256,128,0.15,50,64,0.001,1,1,1,1,0.001,adam,0.1,0.99,fixed,gated,5000,none,8,0.95,"[0.5, 1.0, 2.0]",0,0,3,55,2.887841,8,0.0057212794199585915,0.0033834129571914673,4.177600860595703,0.5922656734947238,0.2496944196107411,0.20642648490749757,0.2163265306122449,0.1973929236499069,0.3993316624895572,2388,2191,38,537,468,0.7863988876342773,0.8715083599090576,0.9308481812477112,0.09235175610387346,0.07810320580999057,0.033707864582538605,0.5799455665377453,0.24554520659345475,0.5700377214343695,0.2431231229725843,0.5604531346989448,0.2449269684678099,0.5564981139282815,0.2713849748110351
npy,./data/MSL,M-5,M-5,fixed,100,256,128,0.15,50,64,0.001,1,1,1,1,0.001,adam,0.1,0.99,fixed,gated,5000,none,8,0.95,"[0.5, 1.0, 2.0]",0,0,2,55,2.887841,8,0.005566761363297701,0.0031549285631626844,2.5855791568756104,0.4730087188558949,0.12507309803875988,0.16731517509727628,0.11829436038514443,0.2857142857142857,0.2362204724409449,2204,2167,35,400,397,0.8167974352836609,0.9925000071525574,0.9811530113220215,0.08009057728651431,0.030165913204352062,0.013636363049348196,0.49574179972851073,0.12898201201586607,0.5127563466433898,0.13261833453313904,0.5362029996581491,0.139141734840103,0.5981659536476812,0.18718441246523843
npy,./data/MSL,F-4,F-4,noMask_fixed,100,256,128,0.15,50,64,0.001,1,0,1,1,0.001,adam,0.1,0.99,fixed,gated,5000,none,8,0.95,"[0.5, 1.0, 2.0]",0,0,7,55,2.887786,0,0.0036949042696505785,inf,2.917984962463379,0.5492957746478874,0.025548049664907833,0.06198347107438017,0.03631961259079903,0.2112676056338028,0.06818181818181819,3323,3146,52,170,165,0.9475524425506592,0.970588207244873,0.9454487562179565,0.031452382719376844,0.11511511231462161,0.049405318995316826,,,,,,,,
npy,./data/MSL,C-2,C-2,gate_noTTA,100,256,128,0.15,50,64,0.001,1,1,1,0,0.001,adam,0.1,0.99,fixed,gated,5000,unc,8,0.95,"[0.5, 1.0, 2.0]",0,0,4,55,2.887841,8,0.005908480379730463,0.002852685982361436,0.8335332870483398,0.6148510018381651,0.1059239231584464,0.17358490566037735,0.10486322188449848,0.5036496350364964,0.19938650306748468,1952,1296,0,335,131,0.8989197611808777,0.3910447657108307,0.7204700112342834,0.06916300683725075,0.7031637330849966,0.24428274979194006,0.6795643319680571,0.1224559215010515,0.7093944733008413,0.13629369556601878,0.7437513824375137,0.16479295036291103,0.8091740460227749,0.30417981890256773
npy,./data/MSL,T-4,T-4,noMask_fixed,100,256,128,0.15,50,64,0.001,1,0,1,1,0.001,adam,0.1,0.99,fixed,gated,5000,none,8,0.95,"[0.5, 1.0, 2.0]",0,0,7,55,2.887786,0,0.0036862229462713003,inf,2.7885560989379883,0.44385070034814994,0.02802964343331787,0.04609929078014184,0.026262626262626262,0.18840579710144928,0.06100795755968169,2118,1371,31,168,139,0.8986141681671143,0.8273809552192688,0.6317948698997498,0.027151913773461937,0.5141509473323822,0.41214342912038165,,,,,,,,
npy,./data/MSL,D-16,D-16,fixed,100,256,128,0.15,50,64,0.001,1,1,1,1,0.001,adam,0.1,0.99,fixed,gated,5000,none,8,0.95,"[0.5, 1.0, 2.0]",0,0,6,55,2.887841,8,0.003752621589228511,0.002104988321661949,1.7735884189605713,0.5131825164083228,0.34515265978000087,0.4099264705882353,0.29245901639344263,0.685099846390169,0.4621428571428572,2092,0,0,750,0,0.0,0.0,0.0,0.07028071419914639,1.0,1.0,0.5230594290502125,0.3599961552078404,0.5293434675923155,0.3731490132936193,0.5376314162028448,0.39832057379865543,0.553296626568516,0.4674545699828976
npy,./data/MSL,C-1,C-1,gate_noTTA,100,256,128,0.15,50,64,0.001,1,1,1,0,0.001,adam,0.1,0.99,fixed,gated,5000,unc,8,0.95,"[0.5, 1.0, 2.0]",0,0,5,55,2.887841,8,0.005560963414609432,0.002679597819224,2.7631287574768066,0.6462586039302227,0.19522927894708908,0.2270011947431302,0.18095238095238095,0.30448717948717946,0.3084468664850136,2165,1651,0,464,348,0.7892186641693115,0.75,0.7660199999809265,0.0706867588034403,0.8878648281097412,0.0,0.6393360524379992,0.1974623043671464,0.63244962431694,0.19855683184324865,0.6276287962379151,0.20332761515861753,0.6186948297604036,0.2054672086142791
npy,./data/MSL,P-14,P-14,gate_noTTA,100,256,128,0.15,50,64,0.001,1,1,1,0,0.001,adam,0.1,0.99,fixed,gated,5000,unc,8,0.95,"[0.5, 1.0, 2.0]",0,0,1,55,2.887841,8,0.0023312754929065704,0.0017331440467387438,3.538503885269165,0.9116768828540734,0.47933010299516826,0.35723598435462844,0.23378839590443687,0.7569060773480663,0.4351464435146443,6001,5275,0,280,106,0.9799051880836487,0.37857142090797424,0.9035133719444275,0.07956482096327044,0.005000000198682149,0.23590278128782907,0.9183386397769521,0.5030021428427126,0.9187026702098963,0.5209093199048859,0.9190340312450119,0.5512648089262603,0.8920276401773855,0.5315093457168276
npy,./data/MSL,M-7,M-7,mask_noTTA,100,256,128,0.15,50,64,0.001,1,1,1,0,0.001,adam,0.1,0.99,fixed,gated,5000,none,8,0.95,"[0.5, 1.0, 2.0]",0,0,4,55,2.887841,8,0.0026741130277514458,0.0019648701418191195,2.0063719749450684,0.8855821348558214,0.5187114854124517,0.15659574468085108,0.0856610800744879,0.9108910891089109,0.686868686868687,2057,434,0,200,0,1.0,0.0,0.23371028900146484,0.0773140337493852,1.0,0.29430894056955975,0.8957095709570957,0.5301003759186124,0.901365903013659,0.541634283919849,0.9064874370648743,0.5491703203113671,0.878721302787213,0.39901489064949414
npy,./data/MSL,T-5,T-5,gate_noTTA,100,256,128,0.15,50,64,0.001,1,1,1,0,0.001,adam,0.1,0.99,fixed,gated,5000,unc,8,0.95,"[0.5, 1.0, 2.0]",0,0,8,55,2.887841,8,0.00315338047221303,0.0023205254692584276,3.0608773231506348,0.597768107804604,0.21190224245005132,0.04195804195804196,0.022332506203473945,0.34615384615384615,0.32258064516129037,2119,1412,0,125,20,0.9858356714248657,0.1599999964237213,0.6980943083763123,0.07221303834505607,0.41509434829155606,0.283883273601532,0.64010738349242,0.22020955168056802,0.6515300393037619,0.22907339943650787,0.6646371420550253,0.2414143963728444,0.6705151600224593,0.07395479818918452
npy,./data/MSL,T-5,T-5,gate_gbuf5k,100,256,128,0.15,50,64,0.001,1,1,1,1,0.001,adam,0.1,0.99,adaptive,gated,5000,unc,8,0.95,"[0.5, 1.0, 2.0]",0,0,0,55,2.887841,8,0.003164711408317089,0.002194211818277836,2.7995479106903076,0.5764317798989332,0.21159475591852675,0.049999999999999996,0.026737967914438502,0.38461538461538464,0.32258064516129037,2119,1674,33,125,22,0.9868578314781189,0.17599999904632568,0.8284854292869568,0.09131544094256716,0.11006289472182591,0.0,0.600680797304885,0.22093853163271032,0.6118227119595732,0.23626754515666964,0.6268950028074116,0.2418798011219115,0.6075765019651881,0.04546507204934437
npy,./data/MSL,P-14,P-14,base_noTTA,100,256,128,0.15,50,64,0.001,1,0,1,0,0.001,adam,0.1,0.99,fixed,gated,5000,none,8,0.95,"[0.5, 1.0, 2.0]",0,0,4,55,2.887786,0,0.00259086349979043,inf,3.310159683227539,0.8942351580592138,0.4619452183585691,0.4149108589951378,0.29357798165137616,0.7071823204419889,0.46183953033268105,6001,5540,0,280,111,0.9799638986587524,0.39642858505249023,0.9489599466323853,0.00883304880094854,0.0,0.18638888746500015,,,,,,,,
npy,./data/MSL,C-1,C-1,fixed,100,256,128,0.15,50,64,0.001,1,1,1,1,0.001,adam,0.1,0.99,fixed,gated,5000,none,8,0.95,"[0.5, 1.0, 2.0]",0,0,3,55,2.887841,8,0.005589597392827272,0.0023749470710754395,2.583073139190674,0.6575208858764188,0.21243669189501943,0.22142857142857145,0.17613636363636365,0.2980769230769231,0.31300813008130085,2165,1660,31,464,348,0.7903614640235901,0.75,0.7713109850883484,0.07761135938261178,0.9047619104385376,0.0,0.6588016235813368,0.22098177310610714,0.6544208438419504,0.22553731471168906,0.6500351381883145,0.23874469795073233,0.6522517996006726,0.2446881161280155
npy,./data/MSL,M-1,M-1,fixed,100,256,128,0.15,50,64,0.001,1,1,1,1,0.001,adam,0.1,0.99,fixed,gated,5000,none,8,0.95,"[0.5, 1.0, 2.0]",0,0,0,55,2.887841,8,0.0034322822466492653,0.002202465198934078,2.747965097427368,0.3583695424078212,0.4088909634138462,0.3260654112983152,0.3751425313568985,0.2883435582822086,0.6680327868852458,2178,1187,27,1167,869,0.26790228486061096,0.7446444034576416,0.3145400583744049,0.08907889531663626,0.7079510788122813,0.0,0.3377218834479268,0.400748487322674,0.32827409240720395,0.39605988942293646,0.3176898816210144,0.38995508042933136,0.31302924911431784,0.38369714439409885
npy,./data/MSL,D-15,D-15,fixed,100,256,128,0.15,50,64,0.001,1,1,1,1,0.001,adam,0.1,0.99,fixed,gated,5000,none,8,0.95,"[0.5, 1.0, 2.0]",0,0,1,55,2.887841,8,0.004412095993757248,0.0036060118582099676,2.609501600265503,0.6237956307968865,0.379494629573566,0.36640000000000006,0.3760262725779967,0.35725429017160687,0.5031390134529148,2059,1035,29,658,67,0.9352657198905945,0.10182370990514755,0.6909350752830505,0.08758009493264138,0.30097087814162177,0.0,0.6889932815506424,0.4184454997389967,0.71371569431004,0.4418928629037846,0.7396433761107859,0.47920287105613446,0.8070541147288607,0.646318797985069
npy,./data/MSL,C-2,C-2,mask_noTTA,100,256,128,0.15,50,64,0.001,1,1,1,0,0.001,adam,0.1,0.99,fixed,gated,5000,none,8,0.95,"[0.5, 1.0, 2.0]",0,0,6,55,2.887841,8,0.005930072627961636,0.002930531045421958,0.8926589488983154,0.6229854548505441,0.1065032114901231,0.17852522639068563,0.10849056603773585,0.5036496350364964,0.18495684340320592,1952,1319,0,335,132,0.8999241590499878,0.3940298557281494,0.7340754270553589,0.06993982146997921,0.6909115413824717,0.24878725533684096,0.6955700981625975,0.1239861563662058,0.7258807557070834,0.13957840967175542,0.7602681738095783,0.17026805797513786,0.8290239419109291,0.3284668949605721
npy,./data/MSL,M-3,M-3,mask_noTTA,100,256,128,0.15,50,64,0.001,1,1,1,0,0.001,adam,0.1,0.99,fixed,gated,5000,none,8,0.95,"[0.5, 1.0, 2.0]",0,0,4,55,2.887841,8,0.004830746911466122,0.002701908815652132,2.4942626953125,0.42627995480763514,0.10344784973448394,0.14814814814814814,0.09806451612903226,0.30278884462151395,0.2118752669799231,2028,1396,0,350,302,0.7836676239967346,0.8628571629524231,0.6519666314125061,0.07323659148206843,0.2495894804596901,0.4036867121855418,0.43219021568310984,0.1037602309820299,0.44002667368903914,0.10447972508029,0.45272003669755945,0.10554805627243338,0.49427450114255134,0.11170416938575736
npy,./data/MSL,T-9,T-9,base_noTTA,100,256,128,0.15,50,64,0.001,1,0,1,0,0.001,adam,0.1,0.99,fixed,gated,5000,none,8,0.95,"[0.5, 1.0, 2.0]",0,0,5,55,2.887786,0,0.008570872247219086,inf,0.3805868625640869,0.5607941347270615,0.28318848757739584,0.23981900452488686,0.1606060606060606,0.4732142857142857,0.32857142857142857,997,804,0,290,133,0.8345771431922913,0.45862069725990295,0.9490806460380554,0.012542204249467151,0.0,0.0,,,,,,,,
npy,./data/MSL,F-8,F-8,gate_gbuf5k,100,256,128,0.15,50,64,0.001,1,1,1,1,0.001,adam,0.1,0.99,adaptive,gated,5000,unc,8,0.95,"[0.5, 1.0, 2.0]",0,0,8,55,2.887841,8,0.005934807471930981,0.0033623024355620146,4.5143654346466064,0.6071260086902545,0.2568428666799419,0.20295566502463053,0.21548117154811716,0.19180633147113593,0.41622574955908287,2388,2225,38,537,482,0.7833707928657532,0.8975791335105896,0.9416531324386597,0.10450501338121679,0.025104602177937824,0.0,0.5869130497063457,0.2507633339903592,0.5731456811345079,0.24702013945836487,0.5613742061786754,0.2467604718262081,0.5651129255598529,0.2617307166023957
npy,./data/MSL,M-4,M-4,noMask_fixed,100,256,128,0.15,50,64,0.001,1,0,1,1,0.001,adam,0.1,0.99,fixed,gated,5000,none,8,0.95,"[0.5, 1.0, 2.0]",0,0,2,55,2.887786,0,0.004964768420904875,inf,2.425532817840576,0.395898220213717,0.11031626060744347,0.11630321910695743,0.07865168539325842,0.22310756972111553,0.21940559440559443,1939,1436,30,350,345,0.7597492933273315,0.9857142567634583,0.6865953207015991,0.026047506425846724,0.3470790336529414,0.33873794972896576,,,,,,,,
npy,./data/MSL,P-10,P-10,base_noTTA,100,256,128,0.15,50,64,0.001,1,0,1,0,0.001,adam,0.1,0.99,fixed,gated,5000,none,8,0.95,"[0.5, 1.0, 2.0]",0,0,9,55,2.887786,0,0.0018708703573793173,inf,5.274677991867065,0.9616261626546315,0.575929429721558,0.36212624584717606,0.23142250530785563,0.8320610687022901,0.5743589743589743,6001,5362,0,230,38,0.9929130673408508,0.16521738469600677,0.9225437641143799,0.008582631819765879,0.0005555555690079927,0.2386636659502983,,,,,,,,
npy,./data/MSL,M-1,M-1,gate_noTTA,100,256,128,0.15,50,64,0.001,1,1,1,0,0.001,adam,0.1,0.99,fixed,gated,5000,unc,8,0.95,"[0.5, 1.0, 2.0]",0,0,4,55,2.887841,8,0.0033870157785713673,0.00235390174202621,2.7448840141296387,0.3654303119329474,0.41321469720155724,0.32681704260651623,0.38173302107728335,0.2857142857142857,0.6678372841673983,2178,1151,0,1167,833,0.2762815058231354,0.713796079158783,0.3145400583744049,0.06841890739672112,0.6865443388621012,0.0,0.3402956080038514,0.40349748948661135,0.32772787028921996,0.397594338336509,0.3135322672229697,0.3900160036066278,0.3031617619829406,0.37646245223061575
npy,./data/MSL,F-4,F-4,gate_noTTA,100,256,128,0.15,50,64,0.001,1,1,1,0,0.001,adam,0.1,0.99,fixed,gated,5000,unc,8,0.95,"[0.5, 1.0, 2.0]",0,0,5,55,2.887841,8,0.00398485641926527,0.0019969448912888765,3.022190809249878,0.567625388259128,0.032194555838469356,0.06439393939393939,0.037199124726477024,0.23943661971830985,0.08403361344537816,3323,3011,0,170,151,0.9498505592346191,0.8882352709770203,0.9070726037025452,0.07419373807582803,0.0790790772686402,0.057582154870033264,0.5425036041375078,0.029914018872541283,0.5263890114786001,0.028936493854450417,0.5108712555848369,0.027648167112455664,0.41418369963139023,0.018146225413532533
npy,./data/MSL,M-4,M-4,base_noTTA,100,256,128,0.15,50,64,0.001,1,0,1,0,0.001,adam,0.1,0.99,fixed,gated,5000,none,8,0.95,"[0.5, 1.0, 2.0]",0,0,7,55,2.887786,0,0.0047042109072208405,inf,2.463024854660034,0.4338482666981765,0.11006103864440253,0.15730337078651685,0.10576923076923077,0.30677290836653387,0.22062780269058296,1939,1185,0,350,332,0.7198312282562256,0.9485714435577393,0.5368155837059021,0.009543014101418962,0.4175257782141368,0.5096745689709982,,,,,,,,
npy,./data/MSL,M-2,M-2,gate_gbuf5k,100,256,128,0.15,50,64,0.001,1,1,1,1,0.001,adam,0.1,0.99,adaptive,gated,5000,unc,8,0.95,"[0.5, 1.0, 2.0]",0,0,5,55,2.887841,8,0.005833858158439398,0.0028814373072236776,3.058098316192627,0.7074972843194134,0.6946023749542615,0.46215596330275227,0.6683250414593698,0.3531989482909728,0.7062818336162989,2178,1800,35,1167,828,0.5400000214576721,0.7095115780830383,0.9614243507385254,0.0957469528590571,0.03363914415240288,0.0,0.7498912184765032,0.7223281056348239,0.7709277135203861,0.7410339551578731,0.7930203922924047,0.7662865895880812,0.7958031933934897,0.8030316976989182
npy,./data/MSL,T-5,T-5,fixed,100,256,128,0.15,50,64,0.001,1,1,1,1,0.001,adam,0.1,0.99,fixed,gated,5000,none,8,0.95,"[0.5, 1.0, 2.0]",0,0,4,55,2.887841,8,0.0031070199329406023,0.0023523487616330385,2.873375177383423,0.6251228242560359,0.21408174208394912,0.04329004329004329,0.022935779816513763,0.38461538461538464,0.32258064516129037,2119,1488,32,125,23,0.9845430254936218,0.18400000035762787,0.7347041368484497,0.08684838363841886,0.42924528817335766,0.3059629164636135,0.625807130825379,0.22118215165529057,0.6319132509825941,0.23584785584622947,0.6407215047725997,0.27393286981820103,0.6122789163391352,0.05170113730242917
npy,./data/MSL,P-10,P-10,fixed,100,256,128,0.15,50,64,0.001,1,1,1,1,0.001,adam,0.1,0.99,fixed,gated,5000,none,8,0.95,"[0.5, 1.0, 2.0]",0,0,5,55,2.887841,8,0.0020399093627929688,0.0016478841425850987,5.780527591705322,0.9562446687017785,0.5254187376819871,0.348111658456486,0.2217573221757322,0.8091603053435115,0.5268817204301075,6001,5434,90,230,57,0.9895104765892029,0.24782608449459076,0.9317275881767273,0.10558848102139227,0.0,0.2160510557393233,0.9601605751855324,0.5394163093356353,0.959701460088319,0.549992003197112,0.9575989942949514,0.5603559662124427,0.9106106742341793,0.38721309415707017
npy,./data/MSL,F-7,F-7,gate_noTTA,100,256,128,0.15,50,64,0.001,1,1,1,0,0.001,adam,0.1,0.99,fixed,gated,5000,unc,8,0.95,"[0.5, 1.0, 2.0]",0,0,5,55,2.887841,8,0.004591408185660839,0.004300329368561506,3.072063446044922,0.4424315934398312,0.07103958290901528,0.06862745098039216,0.052434456928838954,0.09929078014184398,0.1546617915904936,4955,4387,0,720,612,0.8604969382286072,0.8500000238418579,0.8913813233375549,0.08185528121009003,0.00976519612595439,0.05050505014757315,0.4556766941666118,0.07185871547224215,0.46057022440506545,0.07219950963210209,0.464741415264486,0.07260459484009636,0.5025128732108062,0.0819154599452494
npy,./data/MSL,T-5,T-5,fixed,100,256,128,0.15,50,64,0.001,1,1,1,1,0.001,adam,0.1,0.99,fixed,gated,5000,none,8,0.95,"[0.5, 1.0, 2.0]",0,0,9,55,2.887841,8,0.0030896812677383423,0.0025369450449943542,2.9410202503204346,0.6210871701291409,0.2107968469395277,0.04395604395604396,0.023310023310023312,0.38461538461538464,0.32258064516129037,2119,1490,32,125,23,0.9845637679100037,0.18400000035762787,0.7357071042060852,0.09628667646896845,0.42924528817335766,0.30594801530241966,0.6457748455923639,0.21640095763182374,0.6386334924199888,0.22312980033011515,0.6268423638405389,0.24765260448927243,0.5774845592363841,0.05549670249481238
npy,./data/MSL,P-14,P-14,base_noTTA,100,256,128,0.15,50,64,0.001,1,0,1,0,0.001,adam,0.1,0.99,fixed,gated,5000,none,8,0.95,"[0.5, 1.0, 2.0]",0,0,9,55,2.887786,0,0.0023761552292853594,inf,3.539248466491699,0.8933848203043109,0.4846677655010069,0.43053435114503813,0.2974683544303797,0.7790055248618785,0.4768946395563771,6001,5475,0,280,109,0.9800913333892822,0.38928571343421936,0.9379479289054871,0.008915925180886193,0.0,0.2203472231825193,,,,,,,,
npy,./data/MSL,T-12,T-12,noMask_fixed,100,256,128,0.15,50,64,0.001,1,0,1,1,0.001,adam,0.1,0.99,fixed,gated,5000,none,8,0.95,"[0.5, 1.0, 2.0]",0,0,7,55,2.887786,0,0.002878432162106037,inf,1.4533603191375732,0.6968742505968382,0.17101485882773712,0.22506393861892585,0.16296296296296298,0.36363636363636365,0.24927536231884057,2331,2191,36,220,134,0.9388406872749329,0.6090909242630005,0.9744197130203247,0.032823927563078566,0.0,0.05150214831034342,,,,,,,,
npy,./data/MSL,F-5,F-5,noMask_fixed,100,256,128,0.15,50,64,0.001,1,0,1,1,0.001,adam,0.1,0.99,fixed,gated,5000,none,8,0.95,"[0.5, 1.0, 2.0]",0,0,0,55,2.887786,0,0.003142299596220255,inf,2.948341131210327,0.8199785396042646,0.4222850659429209,0.2606310013717421,0.1643598615916955,0.6291390728476821,0.47706422018348627,3823,3219,57,250,59,0.9816713333129883,0.23600000143051147,0.8844108581542969,0.028647024407612538,0.22106179098288217,0.07935374975204468,,,,,,,,
npy,./data/MSL,D-14,D-14,gate_noTTA,100,256,128,0.15,50,64,0.001,1,1,1,0,0.001,adam,0.1,0.99,fixed,gated,5000,unc,8,0.95,"[0.5, 1.0, 2.0]",0,0,2,55,2.887841,8,0.00524080591276288,0.002538834698498249,4.5978710651397705,0.47847098034363955,0.2697553257298728,0.14496833216045038,0.08590492076730609,0.46396396396396394,0.35942028985507246,2526,609,0,420,108,0.8226600885391235,0.2571428716182709,0.23789173364639282,0.06691171173433982,0.8708827296892802,0.3928571343421936,0.49894838658883606,0.2764299069216938,0.5102030869821131,0.2796710749565519,0.5222844567413856,0.2851674250757386,0.4932685494483247,0.17664855377292682
npy,./data/MSL,M-7,M-7,fixed,100,256,128,0.15,50,64,0.001,1,1,1,1,0.001,adam,0.1,0.99,fixed,gated,5000,none,8,0.95,"[0.5, 1.0, 2.0]",0,0,8,55,2.887841,8,0.0027489475905895233,0.00185577932279557,2.0039942264556885,0.8907663029076629,0.5759174312636169,0.159369527145359,0.08741594620557157,0.900990099009901,0.695187165775401,2057,435,8,200,0,1.0,0.0,0.2342487871646881,0.07220061009638391,1.0,0.2926829258600871,0.9050083110500831,0.6023864004654548,0.9127074751270748,0.615474071711946,0.9214376912143768,0.63427263580468,0.9284430632844307,0.5242358077186259
npy,./data/MSL,T-13,T-13,gate_noTTA,100,256,128,0.15,50,64,0.001,1,1,1,0,0.001,adam,0.1,0.99,fixed,gated,5000,unc,8,0.95,"[0.5, 1.0, 2.0]",0,0,7,55,2.887841,8,0.0029856725595891476,0.001672755111940205,1.5332796573638916,0.7128399798854345,0.22712519215182586,0.17543859649122806,0.23809523809523808,0.1388888888888889,0.30077787381158166,2331,2284,0,450,426,0.8134850859642029,0.9466666579246521,0.9877724647521973,0.07422908290370449,0.0,0.0,0.7198044660165872,0.23520290098030228,0.7103320360896117,0.23381451144962617,0.699726339877855,0.23200487576074014,0.6591656099231857,0.19352744625777013
npy,./data/MSL,T-13,T-13,fixed,100,256,128,0.15,50,64,0.001,1,1,1,1,0.001,adam,0.1,0.99,fixed,gated,5000,none,8,0.95,"[0.5, 1.0, 2.0]",0,0,8,55,2.887841,8,0.0027245176024734974,0.0018999685999006033,1.5543615818023682,0.7050100572827847,0.21263296344748966,0.15696202531645567,0.21678321678321677,0.12301587301587301,0.2998872604284104,2331,2331,37,450,450,0.80694979429245,1.0,1.0,0.10357308111595831,0.0,0.0,0.7002036964158176,0.2143640265436661,0.6899860801375952,0.21193943467107101,0.679797615403676,0.20573889814895602,0.6433199236229539,0.1820033151701536
npy,./data/MSL,M-7,M-7,base_noTTA,100,256,128,0.15,50,64,0.001,1,0,1,0,0.001,adam,0.1,0.99,fixed,gated,5000,none,8,0.95,"[0.5, 1.0, 2.0]",0,0,1,55,2.887786,0,0.0030006493907421827,inf,1.827258825302124,0.8772807207728072,0.5853802389318928,0.16035242290748897,0.08800773694390715,0.900990099009901,0.6171428571428571,2057,440,0,200,0,1.0,0.0,0.23694130778312683,0.008264906961592182,1.0,0.28455284237861633,,,,,,,,
npy,./data/MSL,M-2,M-2,base_noTTA,100,256,128,0.15,50,64,0.001,1,0,1,0,0.001,adam,0.1,0.99,fixed,gated,5000,none,8,0.95,"[0.5, 1.0, 2.0]",0,0,3,55,2.887786,0,0.005692573264241219,inf,2.5878565311431885,0.7242010344274235,0.7220918367980198,0.5554953979426097,0.726628895184136,0.44960560911481157,0.7049009384775808,2178,1132,0,1167,179,0.8418728113174438,0.1533847451210022,0.9426310658454895,0.008034749902422216,0.08868501645823319,0.0,,,,,,,,
npy,./data/MSL,T-8,T-8,base_noTTA,100,256,128,0.15,50,64,0.001,1,0,1,0,0.001,adam,0.1,0.99,fixed,gated,5000,none,8,0.95,"[0.5, 1.0, 2.0]",0,0,4,55,2.887786,0,0.004944699350744486,inf,0.8379988670349121,0.5644139095299375,0.10316651404559365,0.13987473903966596,0.07827102803738317,0.6568627450980392,0.16037735849056606,1420,0,0,300,0,0.0,0.0,0.0,0.009504506285761443,1.0,1.0,,,,,,,,
npy,./data/MSL,T-12,T-12,gate_noTTA,100,256,128,0.15,50,64,0.001,1,1,1,0,0.001,adam,0.1,0.99,fixed,gated,5000,unc,8,0.95,"[0.5, 1.0, 2.0]",0,0,3,55,2.887841,8,0.0028160694055259228,0.0016207481967285275,1.381296157836914,0.7437765982196864,0.21337446585066927,0.23772609819121449,0.17293233082706766,0.38016528925619836,0.26755852842809363,2331,2066,0,220,118,0.9428848028182983,0.5363636612892151,0.9227854013442993,0.06757473955845843,0.0,0.09871244430541992,0.7780370737573776,0.2252541504452199,0.7834023529917069,0.2326273752797867,0.7888320585277159,0.24623076572329325,0.785714541374213,0.16246053919658102
npy,./data/MSL,M-2,M-2,noMask_fixed,100,256,128,0.15,50,64,0.001,1,0,1,1,0.001,adam,0.1,0.99,fixed,gated,5000,none,8,0.95,"[0.5, 1.0, 2.0]",0,0,4,55,2.887786,0,0.005542372353374958,inf,2.5553784370422363,0.7211597807705126,0.7090001178673764,0.5600870038064166,0.7378223495702005,0.45135845749342685,0.7086247086247086,2178,1318,34,1167,355,0.7306525111198425,0.3041988015174866,0.9525222778320312,0.030535859072066098,0.0733944953729709,0.0,,,,,,,,
npy,./data/MSL,T-13,T-13,mask_noTTA,100,256,128,0.15,50,64,0.001,1,1,1,0,0.001,adam,0.1,0.99,fixed,gated,5000,none,8,0.95,"[0.5, 1.0, 2.0]",0,0,5,55,2.887841,8,0.0026742967311292887,0.0016643888084217906,1.4583196640014648,0.7085364831576952,0.21058793678931378,0.15384615384615383,0.21739130434782608,0.11904761904761904,0.3019571295433364,2331,2331,0,450,450,0.80694979429245,1.0,1.0,0.06972377978389942,0.0,0.0,0.7174996720451267,0.22154861717181729,0.7087961140991444,0.2224901248465956,0.6994038509190026,0.2242666174144815,0.6653676009736615,0.22236580382959312
npy,./data/MSL,P-10,P-10,gate_gbuf5k,100,256,128,0.15,50,64,0.001,1,1,1,1,0.001,adam,0.1,0.99,adaptive,gated,5000,unc,8,0.95,"[0.5, 1.0, 2.0]",0,0,7,55,2.887841,8,0.002015412086620927,0.0017319938633590937,5.756715774536133,0.9541268564427661,0.509067492239541,0.3127147766323024,0.2017738359201774,0.6946564885496184,0.4808743169398907,6001,5446,91,230,58,0.9893499612808228,0.25217390060424805,0.9336336851119995,0.10275618272351336,0.0033333334140479565,0.10235735828367372,0.9571833608503988,0.530873890682839,0.9563162855414553,0.5470259560760479,0.9540309410324845,0.5702098325579417,0.9262768579134689,0.44013943197409666
npy,./data/MSL,T-5,T-5,gate_gbuf5k,100,256,128,0.15,50,64,0.001,1,1,1,1,0.001,adam,0.1,0.99,adaptive,gated,5000,unc,8,0.95,"[0.5, 1.0, 2.0]",0,0,8,55,2.887841,8,0.00315338047221303,0.0023205254692584276,3.028116464614868,0.6295795901179113,0.209648086801533,0.04580152671755725,0.02452316076294278,0.34615384615384615,0.32258064516129037,2119,1763,33,125,22,0.9875212907791138,0.17599999904632568,0.8731193542480469,0.10029591159361496,0.1022012581427892,0.0,0.6568816676024705,0.21417415572200058,0.661794637843908,0.22123184809447088,0.6710941886580573,0.23257360163178672,0.6736734980348119,0.06940687461708421
npy,./data/MSL,T-12,T-12,gate_gbuf5k,100,256,128,0.15,50,64,0.001,1,1,1,1,0.001,adam,0.1,0.99,adaptive,gated,5000,unc,8,0.95,"[0.5, 1.0, 2.0]",0,0,1,55,2.887841,8,0.002964501269161701,0.0020417089108377695,1.3700144290924072,0.7950742513126859,0.214877486474502,0.2857142857142857,0.22325581395348837,0.39669421487603307,0.27184466019417475,2331,2227,37,220,140,0.9371351599693298,0.6363636255264282,0.988631010055542,0.10469367912223747,0.0,0.0,0.817351434737946,0.2189361695807657,0.8162382914144795,0.21830910289831595,0.8081420528367259,0.21556808270257202,0.758215248273912,0.12942884040157193
npy,./data/MSL,T-5,T-5,base_noTTA,100,256,128,0.15,50,64,0.001,1,0,1,0,0.001,adam,0.1,0.99,fixed,gated,5000,none,8,0.95,"[0.5, 1.0, 2.0]",0,0,6,55,2.887786,0,0.002960113575682044,inf,2.723564386367798,0.5805025266704099,0.21238404788957713,0.05012531328320802,0.02680965147453083,0.38461538461538464,0.32258064516129037,2119,1421,0,125,22,0.9845179319381714,0.17599999904632568,0.7016048431396484,0.011325951396659501,0.44654087722301483,0.36113595714171726,,,,,,,,
npy,./data/MSL,P-14,P-14,fixed,100,256,128,0.15,50,64,0.001,1,1,1,1,0.001,adam,0.1,0.99,fixed,gated,5000,none,8,0.95,"[0.5, 1.0, 2.0]",0,0,7,55,2.887841,8,0.0023436208721250296,0.0016218549571931362,3.83939528465271,0.895061227118587,0.4152714769256226,0.3566529492455418,0.23722627737226276,0.7182320441988951,0.42047531992687387,6001,5523,91,280,108,0.980445384979248,0.3857142925262451,0.9465128183364868,0.10600870320288823,0.0022222221984217563,0.18472221990426382,0.9084024757803085,0.445894393892603,0.9110141607838417,0.46893981640361104,0.9129939262922381,0.5072643815554041,0.8979482684752444,0.6007162829381736
npy,./data/MSL,M-5,M-5,gate_gbuf5k,100,256,128,0.15,50,64,0.001,1,1,1,1,0.001,adam,0.1,0.99,adaptive,gated,5000,unc,8,0.95,"[0.5, 1.0, 2.0]",0,0,8,55,2.887841,8,0.005556569434702396,0.0030864307191222906,2.7919321060180664,0.4907019890408595,0.13227481021749649,0.18386108273748725,0.13274336283185842,0.29900332225913623,0.23368503321610004,2204,2082,35,400,386,0.8146013617515564,0.9649999737739563,0.9401330351829529,0.09433954900059639,0.06938159962495168,0.027272726098696392,0.5166063172707691,0.13696445742522934,0.5352969289846367,0.14079055422991452,0.5610236939140594,0.14693362419775263,0.6178588853007457,0.17844036153499587
npy,./data/MSL,T-12,T-12,gate_gbuf5k,100,256,128,0.15,50,64,0.001,1,1,1,1,0.001,adam,0.1,0.99,adaptive,gated,5000,unc,8,0.95,"[0.5, 1.0, 2.0]",0,0,0,55,2.887841,8,0.003031668718904257,0.0022243806160986423,1.4294891357421875,0.8146920601741657,0.2354442738974755,0.29069767441860467,0.2242152466367713,0.4132231404958678,0.27672955974842767,2331,2228,37,220,126,0.9434470534324646,0.5727272629737854,0.9957365989685059,0.09540885571807507,0.0,0.0,0.8269795876000845,0.23933384124593643,0.8245528635701478,0.2388413929223388,0.8176127191836473,0.2368871103604146,0.7498684629674038,0.12443236727542453
npy,./data/MSL,T-5,T-5,base_noTTA,100,256,128,0.15,50,64,0.001,1,0,1,0,0.001,adam,0.1,0.99,fixed,gated,5000,none,8,0.95,"[0.5, 1.0, 2.0]",0,0,9,55,2.887786,0,0.0029667543713003397,inf,2.813051223754883,0.5245999438517687,0.2076149583855188,0.046632124352331605,0.025,0.34615384615384615,0.32258064516129037,2119,1421,0,125,22,0.9845179319381714,0.17599999904632568,0.7016048431396484,0.009673110940311246,0.4528301904598872,0.35011476402481395,,,,,,,,
npy,./data/MSL,P-15,P-15,mask_noTTA,100,256,128,0.15,50,64,0.001,1,1,1,0,0.001,adam,0.1,0.99,fixed,gated,5000,none,8,0.95,"[0.5, 1.0, 2.0]",0,0,6,55,2.887841,8,0.0014613356906920671,0.0013420708710327744,4.699712753295898,0.7515579071134626,0.6135255927337416,0.0775623268698061,0.041176470588235294,0.6666666666666666,0.6875000000000001,2757,2135,0,120,26,0.9878219962120056,0.21666666865348816,0.7997724413871765,0.06965203781598367,0.20893719792366028,0.17090908686319986,0.7504661123708742,0.6253589997743554,0.7504157218442933,0.62320507068919,0.7504157218442932,0.6165467525544946,0.6709834551104392,0.22896437084747948
npy,./data/MSL,T-13,T-13,mask_noTTA,100,256,128,0.15,50,64,0.001,1,1,1,0,0.001,adam,0.1,0.99,fixed,gated,5000,none,8,0.95,"[0.5, 1.0, 2.0]",0,0,2,55,2.887841,8,0.0025828592479228973,0.0017695111455395818,1.4028139114379883,0.7199775533108868,0.22799261197566315,0.18226600985221678,0.24025974025974026,0.14682539682539683,0.3337579617834395,2331,2331,0,450,450,0.80694979429245,1.0,1.0,0.06821737530813458,0.0,0.0,0.7231641814975148,0.23012354534875099,0.7102500473712595,0.2251302213746142,0.6934551139096594,0.21864350384308823,0.6455226871893539,0.1892543391870324
npy,./data/MSL,D-16,D-16,gate_noTTA,100,256,128,0.15,50,64,0.001,1,1,1,0,0.001,adam,0.1,0.99,fixed,gated,5000,unc,8,0.95,"[0.5, 1.0, 2.0]",0,0,4,55,2.887841,8,0.0036914239171892405,0.00209941272623837,1.8988821506500244,0.5163903684641011,0.330046798430112,0.4224841341795105,0.2996784565916399,0.7158218125960062,0.4655359076145795,2092,0,0,750,0,0.0,0.0,0.0,0.06812913467961561,1.0,1.0,0.5266632752807867,0.34445488528706547,0.5327313623396572,0.3576869610718732,0.5390248768128952,0.38570053162625395,0.531225188022423,0.4512205350005116
npy,./data/MSL,T-12,T-12,gate_gbuf5k,100,256,128,0.15,50,64,0.001,1,1,1,1,0.001,adam,0.1,0.99,adaptive,gated,5000,unc,8,0.95,"[0.5, 1.0, 2.0]",0,0,8,55,2.887841,8,0.002925049513578415,0.0019612719770520926,1.5292243957519531,0.7942152339569561,0.20969911306247288,0.29102167182662536,0.23267326732673269,0.3884297520661157,0.28205128205128205,2331,2215,37,220,139,0.9372460246086121,0.6318181753158569,0.983420193195343,0.10705515838191008,0.0,0.0,0.8009764163943462,0.21047860870948645,0.7908972794204496,0.20777659486617453,0.7773283844389006,0.20728655989634356,0.70238985786842,0.09884016228318068
npy,./data/MSL,M-2,M-2,fixed,100,256,128,0.15,50,64,0.001,1,1,1,1,0.001,adam,0.1,0.99,fixed,gated,5000,none,8,0.95,"[0.5, 1.0, 2.0]",0,0,2,55,2.887841,8,0.005589283537119627,0.002608988434076309,2.774441719055176,0.6946788090506227,0.6833363974746549,0.535982814178303,0.6920943134535368,0.43733567046450483,0.6944351882705765,2178,1330,33,1167,355,0.7330827116966248,0.3041988015174866,0.9643917083740234,0.07875442942749808,0.0550458716849486,0.0,0.7481784881065535,0.7182632618651319,0.7731056584908222,0.7411662732104847,0.7991831356235574,0.7724466779244397,0.8275095357420598,0.8334636855464399
npy,./data/MSL,T-12,T-12,fixed,100,256,128,0.15,50,64,0.001,1,1,1,1,0.001,adam,0.1,0.99,fixed,gated,5000,none,8,0.95,"[0.5, 1.0, 2.0]",0,0,1,55,2.887841,8,0.002964501269161701,0.0020417089108377695,1.3980979919433594,0.794057747441739,0.215097129827778,0.25,0.18828451882845187,0.371900826446281,0.27272727272727276,2331,2213,36,220,133,0.9399005770683289,0.6045454740524292,0.9853150248527527,0.09224559042597984,0.0,0.02718168745438258,0.8164136741246076,0.21982476964505304,0.8153041100401233,0.2184754141034615,0.8074083088453733,0.21629468450945466,0.75787164133162,0.1289292055201218
npy,./data/MSL,F-5,F-5,gate_gbuf5k,100,256,128,0.15,50,64,0.001,1,1,1,1,0.001,adam,0.1,0.99,adaptive,gated,5000,unc,8,0.95,"[0.5, 1.0, 2.0]",0,0,6,55,2.887841,8,0.0032940327655524015,0.0019178802613168955,3.295271635055542,0.8228463649918073,0.45400787964861794,0.28362573099415206,0.18198874296435272,0.6423841059602649,0.5045045045045046,3823,3311,58,250,68,0.9794623851776123,0.2720000147819519,0.9076406359672546,0.10569994280608325,0.08616188013305266,0.002617800918718179,0.8918778899970321,0.5770441022858349,0.9089548857523696,0.6489900844828372,0.9225054924212489,0.6794099309426705,0.9325086359653051,0.5651822362958624
npy,./data/MSL,M-7,M-7,gate_gbuf5k,100,256,128,0.15,50,64,0.001,1,1,1,1,0.001,adam,0.1,0.99,adaptive,gated,5000,unc,8,0.95,"[0.5, 1.0, 2.0]",0,0,7,55,2.887841,8,0.002633169759064913,0.0018954502884298563,2.0348927974700928,0.8846378068463782,0.6226338964755996,0.2424242424242424,0.14311270125223613,0.7920792079207921,0.6888888888888889,2057,993,31,200,25,0.9748237729072571,0.125,0.5212708711624146,0.1091241952453821,0.21682848129421473,0.0,0.9074028570740286,0.6585413633441584,0.9173761171737612,0.698136616343193,0.9225458312254583,0.7328554477498643,0.9118884151188842,0.5439539665517946
npy,./data/MSL,P-10,P-10,noMask_fixed,100,256,128,0.15,50,64,0.001,1,0,1,1,0.001,adam,0.1,0.99,fixed,gated,5000,none,8,0.95,"[0.5, 1.0, 2.0]",0,0,6,55,2.887786,0,0.0018710448639467359,inf,5.370888710021973,0.9676956898172364,0.5534654669614321,0.3815789473684211,0.2431865828092243,0.8854961832061069,0.5340314136125655,6001,5279,89,230,38,0.9928016662597656,0.16521738469600677,0.9081615209579468,0.02766505735473938,0.002777777767429749,0.29244744529326755,,,,,,,,
npy,./data/MSL,T-5,T-5,noMask_fixed,100,256,128,0.15,50,64,0.001,1,0,1,1,0.001,adam,0.1,0.99,fixed,gated,5000,none,8,0.95,"[0.5, 1.0, 2.0]",0,0,5,55,2.887786,0,0.0029719453305006027,inf,2.4664926528930664,0.5566921673217293,0.20840977765485866,0.04255319148936171,0.022670025188916875,0.34615384615384615,0.32258064516129037,2119,1424,32,125,23,0.9838483333587646,0.18400000035762787,0.7026078104972839,0.029265064853381977,0.45911948879559833,0.33273718630274135,,,,,,,,
npy,./data/MSL,T-4,T-4,mask_noTTA,100,256,128,0.15,50,64,0.001,1,1,1,0,0.001,adam,0.1,0.99,fixed,gated,5000,none,8,0.95,"[0.5, 1.0, 2.0]",0,0,6,55,2.887841,8,0.00419923011213541,0.0023151792120188475,2.9289824962615967,0.4445321566404879,0.027957039187843896,0.046224961479198766,0.02586206896551724,0.21739130434782608,0.06143344709897611,2118,1517,0,168,148,0.9024389982223511,0.8809523582458496,0.7020512819290161,0.08617559618495116,0.4292452832063039,0.35854272668560344,0.4304914581815237,0.027375303328951026,0.423622918522117,0.027396415900151593,0.4215583083690929,0.027943270377800637,0.4243381102744717,0.028050499375169607
npy,./data/MSL,F-7,F-7,fixed,100,256,128,0.15,50,64,0.001,1,1,1,1,0.001,adam,0.1,0.99,fixed,gated,5000,none,8,0.95,"[0.5, 1.0, 2.0]",0,0,8,55,2.887841,8,0.004521676804870367,0.003966263961046934,3.307213306427002,0.4403758615109502,0.0695269493441765,0.05813953488372092,0.04481434058898848,0.08274231678486997,0.1555267543047584,4955,4653,78,720,657,0.8588007688522339,0.9125000238418579,0.9435655474662781,0.11243055133838827,0.010437239116678635,0.04377104373027881,0.4489612351339748,0.07000175749075908,0.452145143760851,0.07017164134072046,0.45578185452850634,0.0706945614098307,0.5021927977403794,0.08043489715659831
npy,./data/MSL,P-11,P-11,base_noTTA,100,256,128,0.15,50,64,0.001,1,0,1,0,0.001,adam,0.1,0.99,fixed,gated,5000,none,8,0.95,"[0.5, 1.0, 2.0]",0,0,6,55,2.887786,0,0.0030013015493750572,inf,4.557560682296753,0.7032875505970855,0.11787064513218252,0.09156626506024096,0.10160427807486631,0.08333333333333333,0.21415929203539824,3436,3436,0,426,426,0.8760186433792114,1.0,1.0,0.008149183115664961,0.0,0.0,,,,,,,,
npy,./data/MSL,T-12,T-12,noMask_fixed,100,256,128,0.15,50,64,0.001,1,0,1,1,0.001,adam,0.1,0.99,fixed,gated,5000,none,8,0.95,"[0.5, 1.0, 2.0]",0,0,2,55,2.887786,0,0.003141318680718541,inf,1.320857048034668,0.7229203726703628,0.18779890944738004,0.22727272727272724,0.17316017316017315,0.3305785123966942,0.23411371237458195,2331,2231,36,220,142,0.9363514184951782,0.6454545259475708,0.9895784258842468,0.02958047343957378,0.0,0.012875537077585856,,,,,,,,
npy,./data/MSL,P-11,P-11,mask_noTTA,100,256,128,0.15,50,64,0.001,1,1,1,0,0.001,adam,0.1,0.99,fixed,gated,5000,none,8,0.95,"[0.5, 1.0, 2.0]",0,0,3,55,2.887841,8,0.002940521342679858,0.001863513607531786,4.834133625030518,0.7125130637297811,0.1174326663223295,0.0867579908675799,0.09047619047619047,0.08333333333333333,0.20533548908649962,3436,3436,0,426,426,0.8760186433792114,1.0,1.0,0.06942241100271311,0.0,0.0,0.760827643647977,0.13248091196428777,0.7638528586358548,0.1347463693165038,0.7607162372214176,0.13629735655924197,0.7635305757590226,0.17611479535619645
npy,./data/MSL,M-5,M-5,base_noTTA,100,256,128,0.15,50,64,0.001,1,0,1,0,0.001,adam,0.1,0.99,fixed,gated,5000,none,8,0.95,"[0.5, 1.0, 2.0]",0,0,3,55,2.887786,0,0.0045081861317157745,inf,2.4809558391571045,0.516785540041354,0.13778773855801718,0.1717171717171717,0.12336719883889695,0.2823920265780731,0.23720745735819118,2204,2005,0,400,337,0.8319202065467834,0.8424999713897705,0.9246119856834412,0.007939749750597724,0.09653092424074809,0.07424242235720158,,,,,,,,
npy,./data/MSL,S-2,S-2,base_noTTA,100,256,128,0.15,50,64,0.001,1,0,1,0,0.001,adam,0.1,0.99,fixed,gated,5000,none,8,0.95,"[0.5, 1.0, 2.0]",0,0,5,55,2.887786,0,0.004502295050770044,inf,1.1557493209838867,0.6988886663996796,0.28085407376003074,0.015965166908563137,0.008046817849305048,1.0,0.42857142857142855,1728,0,0,110,0,0.0,0.0,0.0,0.008680064369131017,1.0,1.0,,,,,,,,
npy,./data/MSL,P-14,P-14,gate_noTTA,100,256,128,0.15,50,64,0.001,1,1,1,0,0.001,adam,0.1,0.99,fixed,gated,5000,unc,8,0.95,"[0.5, 1.0, 2.0]",0,0,2,55,2.887841,8,0.002310133771970868,0.0017136409878730774,3.589735984802246,0.9048928490421799,0.4663514899505204,0.31627906976744186,0.20029455081001474,0.7513812154696132,0.4457593688362919,6001,5229,0,280,104,0.9801109433174133,0.37142857909202576,0.8958224058151245,0.08000466967002488,0.008333333147068819,0.2387500082453092,0.9152117116990979,0.49557452767319443,0.9164223462414791,0.518217993163059,0.9173081536283099,0.5596878867517481,0.8932000048537391,0.5201507623342553
npy,./data/MSL,C-1,C-1,noMask_fixed,100,256,128,0.15,50,64,0.001,1,0,1,1,0.001,adam,0.1,0.99,fixed,gated,5000,none,8,0.95,"[0.5, 1.0, 2.0]",0,0,5,55,2.887786,0,0.005654043518006802,inf,2.6275222301483154,0.6546277322404372,0.20065212066044208,0.2342786683107275,0.1903807615230461,0.30448717948717946,0.3145510835913313,2165,1659,31,464,349,0.7896323204040527,0.7521551847457886,0.770135223865509,0.029103475134587452,0.9078340927759806,0.0,,,,,,,,
npy,./data/MSL,M-1,M-1,base_noTTA,100,256,128,0.15,50,64,0.001,1,0,1,0,0.001,adam,0.1,0.99,fixed,gated,5000,none,8,0.95,"[0.5, 1.0, 2.0]",0,0,1,55,2.887786,0,0.003278373973444104,inf,2.655348539352417,0.369807032378319,0.4145844593042193,0.3089598352214212,0.37453183520599254,0.26292725679228746,0.6678372841673983,2178,1300,0,1167,907,0.30230769515037537,0.777206540107727,0.38872402906417847,0.0080361729701579,0.6544342537720998,0.0,,,,,,,,
npy,./data/MSL,C-1,C-1,mask_noTTA,100,256,128,0.15,50,64,0.001,1,1,1,0,0.001,adam,0.1,0.99,fixed,gated,5000,none,8,0.95,"[0.5, 1.0, 2.0]",0,0,1,55,2.887841,8,0.005667607765644789,0.002741590142250061,2.6457791328430176,0.6565258511979823,0.20013036277271418,0.23820754716981132,0.1884328358208955,0.32371794871794873,0.3126916002452483,2165,1690,0,464,359,0.7875739932060242,0.7737069129943848,0.7824808955192566,0.0688306178562085,0.8755760391553243,0.0,0.6621282576712904,0.20459161072203252,0.6602974595418243,0.20751294843714743,0.6568246899957966,0.21085656324289748,0.6495441887347626,0.22429435605618175
npy,./data/MSL,T-9,T-9,gate_gbuf5k,100,256,128,0.15,50,64,0.001,1,1,1,1,0.001,adam,0.1,0.99,adaptive,gated,5000,unc,8,0.95,"[0.5, 1.0, 2.0]",0,0,0,55,2.887841,8,0.00864570401608944,0.003266619984060526,0.38100171089172363,0.552282955865273,0.2621532182622199,0.22757111597374183,0.15072463768115943,0.4642857142857143,0.29721362229102166,997,781,16,290,131,0.8322663307189941,0.4517241418361664,0.9193776249885559,0.09228736012725677,0.0,0.0,0.6148736933797909,0.2811015301157912,0.6548526422764228,0.3051644265433408,0.7029616724738676,0.34977624805416385,0.7541194831591174,0.269051839641079
npy,./data/MSL,S-2,S-2,fixed,100,256,128,0.15,50,64,0.001,1,1,1,1,0.001,adam,0.1,0.99,fixed,gated,5000,none,8,0.95,"[0.5, 1.0, 2.0]",0,0,1,55,2.887841,8,0.00477213691920042,0.0026390773709863424,1.1202881336212158,0.6993892671205446,0.2886509779245778,0.01508295625942685,0.0076045627376425855,0.9090909090909091,0.42857142857142855,1728,0,0,110,0,0.0,0.0,0.0,0.07235658941445527,1.0,1.0,0.6998398077693232,0.2888581136374593,0.7001401682018422,0.28896267495890854,0.7083500200240288,0.28989695851646213,0.6217460953143773,0.014040494087448141
npy,./data/MSL,D-15,D-15,fixed,100,256,128,0.15,50,64,0.001,1,1,1,1,0.001,adam,0.1,0.99,fixed,gated,5000,none,8,0.95,"[0.5, 1.0, 2.0]",0,0,4,55,2.887841,8,0.004287878517061472,0.0033500459976494312,2.6049673557281494,0.6100008535608399,0.38749237441172385,0.3519245875883739,0.35443037974683544,0.3494539781591264,0.490932096161957,2059,955,28,658,29,0.9696335196495056,0.0440729483962059,0.6609564423561096,0.07772214091941533,0.3300970830023289,0.0,0.6737361386347345,0.42610796697308134,0.6975607699324452,0.44897445021711435,0.7229886558679222,0.4869597377393293,0.8028109918068443,0.6531534886016263
npy,./data/MSL,M-7,M-7,gate_gbuf5k,100,256,128,0.15,50,64,0.001,1,1,1,1,0.001,adam,0.1,0.99,adaptive,gated,5000,unc,8,0.95,"[0.5, 1.0, 2.0]",0,0,3,55,2.887841,8,0.0027013346552848816,0.0017985600279644132,1.9270586967468262,0.8637614126376141,0.5722215331430651,0.2360248447204969,0.13996316758747698,0.7524752475247525,0.6666666666666667,2057,835,31,200,21,0.9748502969741821,0.10499999672174454,0.4383414089679718,0.08848678967184272,0.20064725478490195,0.0,0.8990339909903399,0.630496893737896,0.9129435571294355,0.6791026036127634,0.9244682132446821,0.719931666170225,0.928105803281058,0.6356529357260986
npy,./data/MSL,T-12,T-12,fixed,100,256,128,0.15,50,64,0.001,1,1,1,1,0.001,adam,0.1,0.99,fixed,gated,5000,none,8,0.95,"[0.5, 1.0, 2.0]",0,0,3,55,2.887841,8,0.0028160694055259228,0.0016207481967285275,1.4617302417755127,0.7401723045646035,0.20969495482163833,0.2527472527472528,0.18930041152263374,0.38016528925619836,0.2802547770700637,2331,2183,36,220,134,0.9386165738105774,0.6090909242630005,0.9706300497055054,0.09051795069212977,0.0,0.06151645382245382,0.7739460036007144,0.22320200273253465,0.7809219403770371,0.22973967039494791,0.7894011575258869,0.24613142902693086,0.7869064279552881,0.1661402002979991
npy,./data/MSL,S-2,S-2,gate_gbuf5k,100,256,128,0.15,50,64,0.001,1,1,1,1,0.001,adam,0.1,0.99,adaptive,gated,5000,unc,8,0.95,"[0.5, 1.0, 2.0]",0,0,3,55,2.887841,8,0.00474217114970088,0.002568760421127081,1.1237132549285889,0.7030937124549459,0.28803000991671757,0.01556420233463035,0.007894736842105263,0.5454545454545454,0.42857142857142855,1728,636,26,110,5,0.9921383857727051,0.04545454680919647,0.38998764753341675,0.08507845578370271,0.19653179993232092,0.0,0.7103524229074889,0.2887598326343437,0.7151081297557068,0.291155851624535,0.7195134160993192,0.29154034547393515,0.6218462154585502,0.01016923383844624
npy,./data/MSL,S-2,S-2,noMask_fixed,100,256,128,0.15,50,64,0.001,1,0,1,1,0.001,adam,0.1,0.99,fixed,gated,5000,none,8,0.95,"[0.5, 1.0, 2.0]",0,0,8,55,2.887786,0,0.004752927925437689,inf,1.1803193092346191,0.7163596315578694,0.28491496829348645,0.014814814814814817,0.0074682598954443615,0.9090909090909091,0.42857142857142855,1728,0,0,110,0,0.0,0.0,0.0,0.01128445620890017,1.0,1.0,,,,,,,,
npy,./data/MSL,T-9,T-9,gate_gbuf5k,100,256,128,0.15,50,64,0.001,1,1,1,1,0.001,adam,0.1,0.99,adaptive,gated,5000,unc,8,0.95,"[0.5, 1.0, 2.0]",0,0,6,55,2.887841,8,0.008770079351961613,0.0034290740732103586,0.39313697814941406,0.5684160859465738,0.276114922867516,0.2197802197802198,0.1457725947521866,0.44642857142857145,0.3288888888888889,997,783,16,290,138,0.8237547874450684,0.475862056016922,0.9123055338859558,0.0917882833222568,0.0,0.0,0.6398628048780488,0.30151694877881685,0.6807037601626015,0.32875394654759643,0.7319069396051103,0.3779712546429539,0.7672310540069687,0.3073885051898879
npy,./data/MSL,M-1,M-1,mask_noTTA,100,256,128,0.15,50,64,0.001,1,1,1,0,0.001,adam,0.1,0.99,fixed,gated,5000,none,8,0.95,"[0.5, 1.0, 2.0]",0,0,6,55,2.887841,8,0.0033594327978789806,0.0021152528934180737,2.950007915496826,0.3709851131327844,0.4170847780341951,0.35061728395061725,0.40158371040723984,0.31113058720420683,0.6678372841673983,2178,1179,0,1167,849,0.2798982262611389,0.7275063991546631,0.3264094889163971,0.07668638360730216,0.6972477038701376,0.0,0.35110895433953415,0.40897155205805313,0.34187718334547157,0.40407610880733297,0.3309118514769599,0.3973079039453289,0.32029755218427125,0.3859884725106626
npy,./data/MSL,M-2,M-2,gate_noTTA,100,256,128,0.15,50,64,0.001,1,1,1,0,0.001,adam,0.1,0.99,fixed,gated,5000,unc,8,0.95,"[0.5, 1.0, 2.0]",0,0,0,55,2.887841,8,0.005758089479058981,0.0026468660216778517,2.776977777481079,0.7165323227709817,0.7160052690157849,0.5691906005221932,0.7041343669250646,0.4776511831726556,0.710201200141193,2178,1036,0,1167,119,0.8851351141929626,0.1019708663225174,0.9070227742195129,0.07163296061113847,0.09480122104287148,0.0,0.7717725062028613,0.7527055453167082,0.7981146078927553,0.7769186299979469,0.8266508560565848,0.8091547646686033,0.8535638678697954,0.8524301150600954
npy,./data/MSL,P-10,P-10,noMask_fixed,100,256,128,0.15,50,64,0.001,1,0,1,1,0.001,adam,0.1,0.99,fixed,gated,5000,none,8,0.95,"[0.5, 1.0, 2.0]",0,0,4,55,2.887786,0,0.001922372612170875,inf,5.06426739692688,0.9589136748518746,0.5532684884088033,0.3904109589041096,0.25165562913907286,0.8702290076335878,0.5208333333333334,6001,5367,89,230,45,0.9916154146194458,0.19565217196941376,0.922197163105011,0.02958055059823607,0.002777777767429749,0.2322822834054629,,,,,,,,
npy,./data/MSL,P-11,P-11,base_noTTA,100,256,128,0.15,50,64,0.001,1,0,1,0,0.001,adam,0.1,0.99,fixed,gated,5000,none,8,0.95,"[0.5, 1.0, 2.0]",0,0,8,55,2.887786,0,0.0029559843242168427,inf,4.827280044555664,0.7433819277555849,0.12967941350854664,0.09501187648456057,0.10362694300518134,0.08771929824561403,0.22647793505412156,3436,3434,0,426,426,0.8759464025497437,1.0,0.999335527420044,0.008731074327639846,0.0,0.0,,,,,,,,
npy,./data/MSL,M-7,M-7,gate_gbuf5k,100,256,128,0.15,50,64,0.001,1,1,1,1,0.001,adam,0.1,0.99,adaptive,gated,5000,unc,8,0.95,"[0.5, 1.0, 2.0]",0,0,4,55,2.887841,8,0.0026741130277514458,0.0019648701418191195,2.0597195625305176,0.8764038447640383,0.566412399964917,0.2488335925349922,0.14760147601476015,0.7920792079207921,0.6737967914438502,2057,1041,31,200,30,0.9711815714836121,0.15000000596046448,0.5444265007972717,0.10649104343204749,0.20711974302927652,0.0,0.8960709209607094,0.5982980002918873,0.9039194430391944,0.6266541689977915,0.9091758810917587,0.6591182588762133,0.8913685529136856,0.6057912370626474
npy,./data/MSL,F-4,F-4,gate_noTTA,100,256,128,0.15,50,64,0.001,1,1,1,0,0.001,adam,0.1,0.99,fixed,gated,5000,unc,8,0.95,"[0.5, 1.0, 2.0]",0,0,0,55,2.887841,8,0.004025341011583805,0.002047134330496192,2.8549365997314453,0.5878547921368857,0.031166086646873103,0.05761316872427983,0.033734939759036145,0.19718309859154928,0.07488299531981278,3323,3037,0,170,154,0.9492920637130737,0.9058823585510254,0.9143672585487366,0.07188388320504992,0.07807807624340057,0.052842424561580024,0.545714754057019,0.0276759075992447,0.525077651825606,0.025611505387403123,0.5007544521080527,0.023282324538601358,0.4080345997200751,0.016092824839901307
npy,./data/MSL,F-8,F-8,base_noTTA,100,256,128,0.15,50,64,0.001,1,0,1,0,0.001,adam,0.1,0.99,fixed,gated,5000,none,8,0.95,"[0.5, 1.0, 2.0]",0,0,3,55,2.887786,0,0.005390258505940437,inf,3.855959892272949,0.570230625984816,0.23602045385968962,0.199424736337488,0.20553359683794467,0.19366852886405958,0.39276087793608006,2388,1897,0,537,473,0.7506589293479919,0.8808193802833557,0.7693138718605042,0.009003296569364154,0.2343096270536383,0.30337079366048175,,,,,,,,
npy,./data/MSL,M-7,M-7,noMask_fixed,100,256,128,0.15,50,64,0.001,1,0,1,1,0.001,adam,0.1,0.99,fixed,gated,5000,none,8,0.95,"[0.5, 1.0, 2.0]",0,0,2,55,2.887786,0,0.0028890171088278294,inf,1.8152751922607422,0.8947459709474597,0.5384042102894927,0.15870307167235495,0.08683473389355742,0.9207920792079208,0.6497461928934011,2057,435,8,200,0,1.0,0.0,0.2342487871646881,0.01628780225903071,1.0,0.2926829258600871,,,,,,,,
npy,./data/MSL,T-9,T-9,base_noTTA,100,256,128,0.15,50,64,0.001,1,0,1,0,0.001,adam,0.1,0.99,fixed,gated,5000,none,8,0.95,"[0.5, 1.0, 2.0]",0,0,6,55,2.887786,0,0.008811571635305882,inf,0.37442493438720703,0.6010090011614402,0.29376893248554126,0.24056603773584906,0.16346153846153846,0.45535714285714285,0.3398058252427184,997,808,0,290,133,0.8353960514068604,0.45862069725990295,0.9547383189201355,0.008524480530825876,0.0,0.0,,,,,,,,
npy,./data/MSL,D-14,D-14,gate_gbuf5k,100,256,128,0.15,50,64,0.001,1,1,1,1,0.001,adam,0.1,0.99,adaptive,gated,5000,unc,8,0.95,"[0.5, 1.0, 2.0]",0,0,6,55,2.887841,8,0.0050804889760911465,0.0027011483907699585,4.74166202545166,0.4526174114189096,0.265869774780192,0.18160919540229886,0.12191358024691358,0.35585585585585583,0.35097493036211697,2526,1543,36,420,122,0.9209332466125488,0.2904762029647827,0.6747388243675232,0.10032750082129255,0.1014492716640234,0.0,0.48303172085943624,0.2746475453013081,0.5022363187157194,0.2814819201019565,0.5226574889496237,0.29327719875231484,0.5343883209051749,0.21107691637586035
npy,./data/MSL,M-6,M-6,mask_noTTA,100,256,128,0.15,50,64,0.001,1,1,1,0,0.001,adam,0.1,0.99,fixed,gated,5000,none,8,0.95,"[0.5, 1.0, 2.0]",0,0,7,55,2.887841,8,0.002129873726516962,0.0017497451044619083,2.1236865520477295,0.743132371904835,0.6277659062729443,0.18424396442185517,0.104091888011486,0.8011049723756906,0.7137809187279153,1950,0,0,199,0,0.0,0.0,0.0,0.07026391151623848,1.0,0.6666666666666666,0.7421829711216534,0.6389000637474271,0.7397547529191857,0.6382591171920857,0.7390271747488968,0.6374063962021339,0.7600766618950159,0.6296359291357442
npy,./data/MSL,P-14,P-14,noMask_fixed,100,256,128,0.15,50,64,0.001,1,0,1,1,0.001,adam,0.1,0.99,fixed,gated,5000,none,8,0.95,"[0.5, 1.0, 2.0]",0,0,0,55,2.887786,0,0.002462344244122505,inf,3.2918291091918945,0.8997954895695947,0.48963822371614213,0.4384485666104554,0.3155339805825243,0.7182320441988951,0.4553734061930783,6001,5514,92,280,109,0.9802321195602417,0.38928571343421936,0.9447649121284485,0.03089509076266423,0.0016666666294137638,0.1845138892531395,,,,,,,,
npy,./data/MSL,F-4,F-4,gate_noTTA,100,256,128,0.15,50,64,0.001,1,1,1,0,0.001,adam,0.1,0.99,fixed,gated,5000,unc,8,0.95,"[0.5, 1.0, 2.0]",0,0,4,55,2.887841,8,0.003819467965513468,0.002153158187866211,2.862312078475952,0.5336435203281762,0.02883932436401588,0.06349206349206349,0.03695150115473441,0.22535211267605634,0.06722689075630253,3323,3009,0,170,154,0.9488202333450317,0.9058823585510254,0.9054868221282959,0.07283533333368844,0.1181181197365125,0.07822304343183835,0.4931763064210389,0.026184609093215724,0.48179858020099103,0.024550757227907487,0.47241731499111045,0.022680469678441197,0.40053210939765727,0.015859048655168413
npy,./data/MSL,P-11,P-11,noMask_fixed,100,256,128,0.15,50,64,0.001,1,0,1,1,0.001,adam,0.1,0.99,fixed,gated,5000,none,8,0.95,"[0.5, 1.0, 2.0]",0,0,1,55,2.887786,0,0.003056081011891365,inf,4.733486652374268,0.7123512591578736,0.1193719311771836,0.09069212410501193,0.09947643979057591,0.08333333333333333,0.21755253399258342,3436,3436,54,426,426,0.8760186433792114,1.0,1.0,0.026486527794870148,0.0,0.0,,,,,,,,
npy,./data/MSL,T-5,T-5,mask_noTTA,100,256,128,0.15,50,64,0.001,1,1,1,0,0.001,adam,0.1,0.99,fixed,gated,5000,none,8,0.95,"[0.5, 1.0, 2.0]",0,0,4,55,2.887841,8,0.0031070199329406023,0.0023523487616330385,2.8866965770721436,0.631228944413251,0.21365562719331616,0.04026845637583892,0.021377672209026127,0.34615384615384615,0.32258064516129037,2119,1464,0,125,23,0.9842896461486816,0.18400000035762787,0.7226679921150208,0.07150352085576185,0.42924528817335766,0.33277445286512375,0.6324396406513195,0.21945646622990336,0.6363875631667604,0.23071658069728374,0.6420023862998315,0.2798307156918805,0.6135071588994947,0.0486061784957162
npy,./data/MSL,M-5,M-5,gate_gbuf5k,100,256,128,0.15,50,64,0.001,1,1,1,1,0.001,adam,0.1,0.99,adaptive,gated,5000,unc,8,0.95,"[0.5, 1.0, 2.0]",0,0,1,55,2.887841,8,0.005891862325370312,0.003081544302403927,2.5747621059417725,0.468831832619208,0.12421455812339197,0.15539858728557013,0.11159420289855072,0.2558139534883721,0.23623304070231443,2204,2111,35,400,393,0.8138322830200195,0.9825000166893005,0.9523281455039978,0.10233609083559898,0.03770739088455836,0.01515151560306549,0.49170099003986045,0.12817349294654107,0.5088798244944425,0.13148821938085525,0.5314801477592176,0.13661572373054925,0.6023262451833881,0.1625487780834875
npy,./data/MSL,M-1,M-1,gate_gbuf5k,100,256,128,0.15,50,64,0.001,1,1,1,1,0.001,adam,0.1,0.99,adaptive,gated,5000,unc,8,0.95,"[0.5, 1.0, 2.0]",0,0,5,55,2.887841,8,0.0034804672468453646,0.0021170643158257008,3.0362203121185303,0.36194930318104945,0.4102572765343684,0.19689737470167065,0.308411214953271,0.1446099912357581,0.6676427525622255,2178,1656,35,1167,1062,0.3586956560611725,0.9100257158279419,0.5875371098518372,0.1030869173062187,0.2568807353576024,0.0,0.3345155287553542,0.399743052603879,0.320716476774759,0.3933984232883559,0.30551406599103825,0.3854981066958637,0.29330584735406307,0.37433208018503733
npy,./data/MSL,T-4,T-4,mask_noTTA,100,256,128,0.15,50,64,0.001,1,1,1,0,0.001,adam,0.1,0.99,fixed,gated,5000,none,8,0.95,"[0.5, 1.0, 2.0]",0,0,2,55,2.887841,8,0.004088102839887142,0.00244982005096972,2.7114417552948,0.4510093649637007,0.027911442766183917,0.043410852713178294,0.024305555555555556,0.2028985507246377,0.061493411420204966,2118,1473,0,168,149,0.898845911026001,0.886904776096344,0.6789743304252625,0.06894067956998283,0.4371069222688675,0.3917031871775786,0.41688257361077374,0.026580955975208154,0.4031927239359836,0.02601739021843865,0.3920735163144685,0.025344121094423886,0.3488921274930505,0.022929694936371814
npy,./data/MSL,M-1,M-1,mask_noTTA,100,256,128,0.15,50,64,0.001,1,1,1,0,0.001,adam,0.1,0.99,fixed,gated,5000,none,8,0.95,"[0.5, 1.0, 2.0]",0,0,1,55,2.887841,8,0.0035152907948940992,0.002064242959022522,2.7990376949310303,0.3618582661613855,0.40863249482855435,0.3136064744562469,0.3708133971291866,0.27169149868536374,0.6684241359109548,2178,1230,0,1167,875,0.288617879152298,0.7497857809066772,0.3511374890804291,0.07233672233980877,0.6850152860085169,0.0,0.33932660379454643,0.39956227752334916,0.3295524681833331,0.3944281381207975,0.31787504166100894,0.38751660933498877,0.3162471763093901,0.38236058709697585
npy,./data/MSL,P-10,P-10,mask_noTTA,100,256,128,0.15,50,64,0.001,1,1,1,0,0.001,adam,0.1,0.99,fixed,gated,5000,none,8,0.95,"[0.5, 1.0, 2.0]",0,0,0,55,2.887841,8,0.0019772201776504517,0.001582189230248332,5.302002429962158,0.9540309410324846,0.5501996743737075,0.3090909090909091,0.19281663516068054,0.7786259541984732,0.5728643216080401,6001,5400,0,230,50,0.9907407164573669,0.21739129722118378,0.9270490407943726,0.07932600508608673,0.0016666667070239782,0.22388889268040657,0.9577601321842241,0.5632418142693245,0.9567754006386688,0.5695010866245727,0.9530551615918889,0.5780207317497011,0.9153540109906271,0.4101014080874039
npy,./data/MSL,F-4,F-4,mask_noTTA,100,256,128,0.15,50,64,0.001,1,1,1,0,0.001,adam,0.1,0.99,fixed,gated,5000,none,8,0.95,"[0.5, 1.0, 2.0]",0,0,0,55,2.887841,8,0.004025341011583805,0.002047134330496192,2.859858512878418,0.5878547921368857,0.031166086646873103,0.05761316872427983,0.033734939759036145,0.19718309859154928,0.07488299531981278,3323,3185,0,170,164,0.948508620262146,0.9647058844566345,0.9581351280212402,0.07148661457053732,0.07807807624340057,0.052842424561580024,0.545714754057019,0.0276759075992447,0.525077651825606,0.025611505387403123,0.5007544521080527,0.023282324538601358,0.4080345997200751,0.016092824839901307
npy,./data/MSL,D-14,D-14,gate_noTTA,100,256,128,0.15,50,64,0.001,1,1,1,0,0.001,adam,0.1,0.99,fixed,gated,5000,unc,8,0.95,"[0.5, 1.0, 2.0]",0,0,5,55,2.887841,8,0.005060955416411161,0.0027610543183982372,4.858317613601685,0.46264429223230724,0.2644598980341732,0.133419689119171,0.07791225416036308,0.46396396396396394,0.33544303797468356,2526,577,0,420,106,0.8162911534309387,0.25238096714019775,0.22364673018455505,0.06968910884781669,0.8998682300249735,0.4007936517397563,0.4805029748849974,0.2674803816293322,0.49358347111156103,0.26898538022821084,0.5102649465945346,0.2732538509149356,0.501763936220865,0.16388365406451183
npy,./data/MSL,F-5,F-5,base_noTTA,100,256,128,0.15,50,64,0.001,1,0,1,0,0.001,adam,0.1,0.99,fixed,gated,5000,none,8,0.95,"[0.5, 1.0, 2.0]",0,0,6,55,2.887786,0,0.0031180568039417267,inf,3.1790401935577393,0.8177201051594515,0.40340678876190633,0.27322404371584696,0.1721170395869191,0.6622516556291391,0.46511627906976755,3823,3199,0,250,58,0.9818693399429321,0.23199999332427979,0.8790931701660156,0.009155011507593585,0.21583986033995947,0.09680575380722682,,,,,,,,
npy,./data/MSL,M-7,M-7,noMask_fixed,100,256,128,0.15,50,64,0.001,1,0,1,1,0.001,adam,0.1,0.99,fixed,gated,5000,none,8,0.95,"[0.5, 1.0, 2.0]",0,0,6,55,2.887786,0,0.0030413225758820772,inf,1.840200424194336,0.889797884897979,0.5319912190152412,0.16143497757847533,0.08875739644970414,0.8910891089108911,0.6772486772486773,2057,439,8,200,0,1.0,0.0,0.23640279471874237,0.014830284693545952,1.0,0.286178857088089,,,,,,,,
npy,./data/MSL,P-14,P-14,mask_noTTA,100,256,128,0.15,50,64,0.001,1,1,1,0,0.001,adam,0.1,0.99,fixed,gated,5000,none,8,0.95,"[0.5, 1.0, 2.0]",0,0,8,55,2.887841,8,0.0022356449626386166,0.001743038767017424,3.4782168865203857,0.9090735985528391,0.505956015865928,0.32692307692307687,0.20890937019969277,0.7513812154696132,0.47014925373134325,6001,5370,0,280,108,0.9798882603645325,0.3857142925262451,0.919769287109375,0.0794191714863522,0.013333333345750967,0.25888888786236447,0.915464666179426,0.5250902433182455,0.9178896689096542,0.5390998255237848,0.920478018629024,0.5629850935728982,0.9007625037453132,0.4814603525236408
npy,./data/MSL,T-12,T-12,noMask_fixed,100,256,128,0.15,50,64,0.001,1,0,1,1,0.001,adam,0.1,0.99,fixed,gated,5000,none,8,0.95,"[0.5, 1.0, 2.0]",0,0,9,55,2.887786,0,0.0029144363943487406,inf,1.4233460426330566,0.7362637755960328,0.2152595058106135,0.24403183023872677,0.1796875,0.38016528925619836,0.2707692307692308,2331,2191,36,220,136,0.9379279017448425,0.6181818246841431,0.9734722971916199,0.029393502541848488,0.0,0.05150214831034342,,,,,,,,
npy,./data/MSL,T-13,T-13,fixed,100,256,128,0.15,50,64,0.001,1,1,1,1,0.001,adam,0.1,0.99,fixed,gated,5000,none,8,0.95,"[0.5, 1.0, 2.0]",0,0,2,55,2.887841,8,0.0025828592479228973,0.0017695111455395818,1.4098570346832275,0.7510667643243402,0.24837390352707525,0.18362282878411912,0.24503311258278146,0.14682539682539683,0.3589076723016906,2331,2331,37,450,450,0.80694979429245,1.0,1.0,0.0926489893431727,0.0,0.0,0.7438836416109144,0.2476369708115009,0.7258406576588395,0.2387574288436982,0.7044470680834317,0.22786597549808302,0.6442254434678677,0.18954090613026062
npy,./data/MSL,D-15,D-15,gate_noTTA,100,256,128,0.15,50,64,0.001,1,1,1,0,0.001,adam,0.1,0.99,fixed,gated,5000,unc,8,0.95,"[0.5, 1.0, 2.0]",0,0,2,55,2.887841,8,0.0043005552142858505,0.0036298162303864956,2.55083966255188,0.6274104095343775,0.39463185168012477,0.3875486381322957,0.38664596273291924,0.38845553822152884,0.4983099951714148,2059,937,0,658,34,0.9637140035629272,0.05167173221707344,0.6445395946502686,0.0667852241475354,0.30258899709830683,0.0,0.6817956040588361,0.42932182794102985,0.7031202276436477,0.4517416658010518,0.7248130136148097,0.4821687730640929,0.7899325069904576,0.6228763900026668
npy,./data/MSL,F-7,F-7,gate_noTTA,100,256,128,0.15,50,64,0.001,1,1,1,0,0.001,adam,0.1,0.99,fixed,gated,5000,unc,8,0.95,"[0.5, 1.0, 2.0]",0,0,2,55,2.887841,8,0.004554920829832554,0.004067391622811556,3.1079955101013184,0.4447992330440403,0.07051981796408138,0.05761316872427984,0.04419191919191919,0.08274231678486997,0.1546070708921048,4955,4300,0,720,601,0.8602325320243835,0.8347222208976746,0.8734356760978699,0.07854537694413294,0.012809962344666323,0.053198653583725296,0.4371786802170387,0.06889856419445005,0.43240460398190217,0.06809119720087398,0.4302176768442499,0.06766617490337277,0.4623408492362856,0.07235048629388918
npy,./data/MSL,P-15,P-15,noMask_fixed,100,256,128,0.15,50,64,0.001,1,0,1,1,0.001,adam,0.1,0.99,fixed,gated,5000,none,8,0.95,"[0.5, 1.0, 2.0]",0,0,7,55,2.887786,0,0.0016540338983759284,inf,4.578916549682617,0.7451919039220626,0.6694076056423992,0.07106598984771573,0.03753351206434316,0.6666666666666666,0.8,2757,2176,43,120,26,0.9880514740943909,0.21666666865348816,0.8153204321861267,0.02938480882226102,0.18719807267189026,0.16000000139077505,,,,,,,,
npy,./data/MSL,T-9,T-9,mask_noTTA,100,256,128,0.15,50,64,0.001,1,1,1,0,0.001,adam,0.1,0.99,fixed,gated,5000,none,8,0.95,"[0.5, 1.0, 2.0]",0,0,2,55,2.887841,8,0.008938380517065525,0.0037763111758977175,0.3830578327178955,0.5702762049941928,0.27432942642783525,0.2304147465437788,0.15527950310559005,0.44642857142857145,0.30714285714285716,997,816,0,290,144,0.8235294222831726,0.4965517222881317,0.9504950642585754,0.07573867155054029,0.0,0.0,0.6110899390243902,0.2881710311567577,0.6390915360046459,0.30192611269726666,0.6756224593495936,0.3365415636939847,0.7049760452961673,0.2365891934284097
npy,./data/MSL,T-8,T-8,noMask_fixed,100,256,128,0.15,50,64,0.001,1,0,1,1,0.001,adam,0.1,0.99,fixed,gated,5000,none,8,0.95,"[0.5, 1.0, 2.0]",0,0,7,55,2.887786,0,0.0050182039849460125,inf,0.8612368106842041,0.5625458369656966,0.10772238885567098,0.13894736842105262,0.07783018867924528,0.6470588235294118,0.14857142857142855,1420,0,0,300,0,0.0,0.0,0.0,0.012330102248930596,1.0,1.0,,,,,,,,
npy,./data/MSL,C-1,C-1,mask_noTTA,100,256,128,0.15,50,64,0.001,1,1,1,0,0.001,adam,0.1,0.99,fixed,gated,5000,none,8,0.95,"[0.5, 1.0, 2.0]",0,0,5,55,2.887841,8,0.005560963414609432,0.002679597819224,2.725754737854004,0.6462586039302227,0.19522927894708908,0.2270011947431302,0.18095238095238095,0.30448717948717946,0.3084468664850136,2165,1677,0,464,354,0.7889087796211243,0.7629310488700867,0.7777777910232544,0.07044723898378862,0.8878648281097412,0.0,0.6393360524379992,0.1974623043671464,0.63244962431694,0.19855683184324865,0.6276287962379151,0.20332761515861753,0.6186948297604036,0.2054672086142791
npy,./data/MSL,M-3,M-3,noMask_fixed,100,256,128,0.15,50,64,0.001,1,0,1,1,0.001,adam,0.1,0.99,fixed,gated,5000,none,8,0.95,"[0.5, 1.0, 2.0]",0,0,4,55,2.887786,0,0.0048757921904325485,inf,2.356459856033325,0.41772356204181144,0.10317269991326053,0.1216069489685125,0.08358208955223881,0.22310756972111553,0.21163575042158514,2028,1609,32,350,338,0.7899316549301147,0.9657142758369446,0.7574493288993835,0.028602117617454754,0.2364532065888246,0.23184147849678993,,,,,,,,
npy,./data/MSL,P-10,P-10,gate_noTTA,100,256,128,0.15,50,64,0.001,1,1,1,0,0.001,adam,0.1,0.99,fixed,gated,5000,unc,8,0.95,"[0.5, 1.0, 2.0]",0,0,1,55,2.887841,8,0.001976204803213477,0.0016722958534955978,5.000609636306763,0.9495178012607122,0.5340758135022593,0.30340557275541796,0.19029126213592232,0.7480916030534351,0.5416666666666667,6001,5240,0,230,51,0.9902671575546265,0.22173912823200226,0.8991509079933167,0.07789120279219007,0.0011111111380159855,0.2253453421096007,0.9567459865795158,0.5528493469449579,0.9576642167739428,0.5624622898212825,0.9565541557589531,0.5762116203791168,0.9042470064800452,0.3506732526619843
npy,./data/MSL,C-1,C-1,gate_gbuf5k,100,256,128,0.15,50,64,0.001,1,1,1,1,0.001,adam,0.1,0.99,adaptive,gated,5000,unc,8,0.95,"[0.5, 1.0, 2.0]",0,0,4,55,2.887841,8,0.005659360438585281,0.002652090508490801,2.7015771865844727,0.6582827606137032,0.20188076103875321,0.1854838709677419,0.1597222222222222,0.22115384615384615,0.318941504178273,2165,1915,34,464,414,0.7838119864463806,0.892241358757019,0.8824220895767212,0.08892748702756252,0.18740399678548178,0.0,0.6545554854981085,0.20225986773855337,0.6465328131567886,0.20224056774193475,0.6387137452711222,0.20457086210796513,0.6220231058217739,0.1939934922238771
npy,./data/MSL,M-6,M-6,gate_gbuf5k,100,256,128,0.15,50,64,0.001,1,1,1,1,0.001,adam,0.1,0.99,adaptive,gated,5000,unc,8,0.95,"[0.5, 1.0, 2.0]",0,0,9,55,2.887841,8,0.0020555041264742613,0.0017333331052213907,1.9665238857269287,0.7609935286949732,0.6315962006806415,0.2575107296137339,0.15978695073235685,0.6629834254143646,0.7025089605734767,1950,450,29,199,36,0.9200000166893005,0.18090452253818512,0.23643632233142853,0.09308607150346805,0.2837606871811052,0.01919720818599065,0.7554213446591032,0.6397236750004343,0.7500266187135471,0.6380422096808078,0.7424491582571249,0.6351316159679026,0.7203792870916985,0.620998262672244
npy,./data/MSL,M-3,M-3,fixed,100,256,128,0.15,50,64,0.001,1,1,1,1,0.001,adam,0.1,0.99,fixed,gated,5000,none,8,0.95,"[0.5, 1.0, 2.0]",0,0,7,55,2.887841,8,0.004735474940389395,0.0026339187752455473,2.5828664302825928,0.4285013464266601,0.1028011366309775,0.13990147783251233,0.09293193717277487,0.28286852589641437,0.21265604821351702,2028,1434,32,350,313,0.7817294001579285,0.8942857384681702,0.6680572032928467,0.09715263189883862,0.26272578289111453,0.34511255224545795,0.423270669985304,0.10206427809522313,0.42378672941496276,0.1020675455917507,0.42796617368479173,0.10229733273633551,0.461132017771133,0.10708097578066028
npy,./data/MSL,T-13,T-13,base_noTTA,100,256,128,0.15,50,64,0.001,1,0,1,0,0.001,adam,0.1,0.99,fixed,gated,5000,none,8,0.95,"[0.5, 1.0, 2.0]",0,0,1,55,2.887786,0,0.002779073780402541,inf,1.378434658050537,0.6954592825804947,0.21721778591814417,0.1620253164556962,0.22377622377622378,0.12698412698412698,0.29629629629629634,2331,2330,0,450,449,0.8072961568832397,0.9977777600288391,1.0,0.009008458324483104,0.0,0.0,,,,,,,,
npy,./data/MSL,F-5,F-5,noMask_fixed,100,256,128,0.15,50,64,0.001,1,0,1,1,0.001,adam,0.1,0.99,fixed,gated,5000,none,8,0.95,"[0.5, 1.0, 2.0]",0,0,3,55,2.887786,0,0.0030943427700549364,inf,3.0010228157043457,0.7706090923938527,0.36849617844787125,0.2397743300423131,0.15232974910394265,0.5629139072847682,0.43171806167400884,3823,3212,57,250,61,0.9810087084770203,0.24400000274181366,0.8818919658660889,0.02602884790019904,0.22628372659285864,0.08642710000276566,,,,,,,,
npy,./data/MSL,P-15,P-15,gate_noTTA,100,256,128,0.15,50,64,0.001,1,1,1,0,0.001,adam,0.1,0.99,fixed,gated,5000,unc,8,0.95,"[0.5, 1.0, 2.0]",0,0,5,55,2.887841,8,0.0015217307955026627,0.0012410172494128346,5.016509056091309,0.7384899638867893,0.6369907125655561,0.08358208955223881,0.044585987261146494,0.6666666666666666,0.7272727272727273,2757,1928,0,120,22,0.9885892271995544,0.18333333730697632,0.7227910757064819,0.0723712375988163,0.19806763529777527,0.16363636155923209,0.7447551860250272,0.6423261090432627,0.7462501049802636,0.6419077171689381,0.7474258839338204,0.643675795682049,0.7331989585957839,0.16301988274814222
npy,./data/MSL,S-2,S-2,noMask_fixed,100,256,128,0.15,50,64,0.001,1,0,1,1,0.001,adam,0.1,0.99,fixed,gated,5000,none,8,0.95,"[0.5, 1.0, 2.0]",0,0,1,55,2.887786,0,0.004599413834512234,inf,1.0411698818206787,0.7604625550660793,0.2874503521071691,0.01588447653429603,0.008005822416302766,1.0,0.42857142857142855,1728,0,0,110,0,0.0,0.0,0.0,0.010126856742081818,1.0,1.0,,,,,,,,
npy,./data/MSL,T-9,T-9,noMask_fixed,100,256,128,0.15,50,64,0.001,1,0,1,1,0.001,adam,0.1,0.99,fixed,gated,5000,none,8,0.95,"[0.5, 1.0, 2.0]",0,0,6,55,2.887786,0,0.008811571635305882,inf,0.3625471591949463,0.5940585075493612,0.29531030642036804,0.23776223776223773,0.1608832807570978,0.45535714285714285,0.33480176211453744,997,824,16,290,147,0.821601927280426,0.5068965554237366,0.9575672149658203,0.028091782672235457,0.0,0.0,,,,,,,,
npy,./data/MSL,S-2,S-2,fixed,100,256,128,0.15,50,64,0.001,1,1,1,1,0.001,adam,0.1,0.99,fixed,gated,5000,none,8,0.95,"[0.5, 1.0, 2.0]",0,0,7,55,2.887841,8,0.00463750259950757,0.002456498797982931,1.157820463180542,0.6731577893472167,0.28110978119261143,0.011747430249632892,0.005921539600296077,0.7272727272727273,0.42857142857142855,1728,0,0,110,0,0.0,0.0,0.0,0.07234348191155328,1.0,1.0,0.691179415298358,0.2822149594695209,0.7080496595915098,0.2833747418878209,0.7330796956347617,0.28613167490312963,0.7344313175810974,0.0183397768726507
npy,./data/MSL,P-11,P-11,noMask_fixed,100,256,128,0.15,50,64,0.001,1,0,1,1,0.001,adam,0.1,0.99,fixed,gated,5000,none,8,0.95,"[0.5, 1.0, 2.0]",0,0,0,55,2.887786,0,0.003062509698793292,inf,4.694482088088989,0.7196457275635414,0.12392190800483241,0.09677419354838708,0.10194174757281553,0.09210526315789473,0.2230769230769231,3436,3436,54,426,426,0.8760186433792114,1.0,1.0,0.03070797992390998,0.0,0.0,,,,,,,,
npy,./data/MSL,T-4,T-4,fixed,100,256,128,0.15,50,64,0.001,1,1,1,1,0.001,adam,0.1,0.99,fixed,gated,5000,none,8,0.95,"[0.5, 1.0, 2.0]",0,0,8,55,2.887841,8,0.004024383146315813,0.002428127685561776,3.1011435985565186,0.44740641783391355,0.03299400804473065,0.050822122571001487,0.028333333333333332,0.2463768115942029,0.06115107913669065,2118,1458,32,168,145,0.9005486965179443,0.863095223903656,0.6733333468437195,0.08900712637320457,0.46855345368385315,0.372745830565691,0.4382573610773756,0.032541821743934655,0.43735999784093055,0.03240191941968329,0.4436078050360295,0.03149511320004651,0.4590451515396864,0.03472488576544368
npy,./data/MSL,M-7,M-7,mask_noTTA,100,256,128,0.15,50,64,0.001,1,1,1,0,0.001,adam,0.1,0.99,fixed,gated,5000,none,8,0.95,"[0.5, 1.0, 2.0]",0,0,2,55,2.887841,8,0.0025733946822583675,0.0020360061898827553,1.9185006618499756,0.8819927248199272,0.5886460796661236,0.15257048092868986,0.0832579185520362,0.9108910891089109,0.6627906976744186,2057,425,0,200,0,1.0,0.0,0.22886376082897186,0.0668515496075472,1.0,0.30894309282302856,0.8984558309845584,0.612401177473422,0.907605213076052,0.6340369118673187,0.9149044831490448,0.6624198993890973,0.8810435788104358,0.4984175043549587
npy,./data/MSL,C-1,C-1,gate_noTTA,100,256,128,0.15,50,64,0.001,1,1,1,0,0.001,adam,0.1,0.99,fixed,gated,5000,unc,8,0.95,"[0.5, 1.0, 2.0]",0,0,6,55,2.887841,8,0.005681487265974283,0.002930397167801857,2.7359862327575684,0.6667471232660782,0.22175966821287738,0.23416965352449226,0.18666666666666668,0.3141025641025641,0.32087406555491665,2165,1675,0,464,349,0.7916417717933655,0.7521551847457886,0.7795414328575134,0.06721168412347313,0.8725038369496664,0.0,0.6719981478562421,0.2264117005693701,0.6693857713324927,0.22855790425005743,0.6667947404371585,0.23208847237023575,0.6637833648591845,0.22123038412656917
npy,./data/MSL,T-13,T-13,gate_gbuf5k,100,256,128,0.15,50,64,0.001,1,1,1,1,0.001,adam,0.1,0.99,adaptive,gated,5000,unc,8,0.95,"[0.5, 1.0, 2.0]",0,0,2,55,2.887841,8,0.0025828592479228973,0.0017695111455395818,1.4027140140533447,0.7506677525616918,0.24797388163230122,0.1840193704600484,0.2360248447204969,0.15079365079365079,0.35786802030456855,2331,2303,37,450,436,0.8106817007064819,0.9688888788223267,0.992557168006897,0.10104181427957673,0.0,0.0,0.7439565204716718,0.24762119412018407,0.7259007827189644,0.23875414701568487,0.7045837159473525,0.22809597482206972,0.6444349701925459,0.19008653920556157
npy,./data/MSL,T-5,T-5,mask_noTTA,100,256,128,0.15,50,64,0.001,1,1,1,0,0.001,adam,0.1,0.99,fixed,gated,5000,none,8,0.95,"[0.5, 1.0, 2.0]",0,0,2,55,2.887841,8,0.0030923320446163416,0.002363942563533783,2.6539382934570312,0.569764177428411,0.209239471816983,0.0391304347826087,0.020737327188940093,0.34615384615384615,0.32258064516129037,2119,1456,0,125,23,0.9842032790184021,0.18400000035762787,0.7186559438705444,0.07126825268733271,0.43238992989063263,0.3501147615412871,0.5896617069062324,0.21371912062677692,0.5953818079730488,0.2181727621072769,0.5976101909039865,0.22504732040964573,0.588222908478383,0.055184056262728466
npy,./data/MSL,P-14,P-14,gate_gbuf5k,100,256,128,0.15,50,64,0.001,1,1,1,1,0.001,adam,0.1,0.99,adaptive,gated,5000,unc,8,0.95,"[0.5, 1.0, 2.0]",0,0,8,55,2.887841,8,0.0022356449626386166,0.001743038767017424,3.8134818077087402,0.9151295714988439,0.5007988731422524,0.35416666666666663,0.23168654173764908,0.7513812154696132,0.4750957854406129,6001,5385,92,280,102,0.9810584783554077,0.3642857074737549,0.9234399795532227,0.11367055698745034,0.018888889191051323,0.12916666734963655,0.918021279912334,0.519176140024822,0.9188697508445038,0.5327960638195618,0.9200887860891837,0.5569475123032186,0.8991691705426574,0.48624157709846777
npy,./data/MSL,P-10,P-10,gate_gbuf5k,100,256,128,0.15,50,64,0.001,1,1,1,1,0.001,adam,0.1,0.99,adaptive,gated,5000,unc,8,0.95,"[0.5, 1.0, 2.0]",0,0,1,55,2.887841,8,0.001976204803213477,0.0016722958534955978,5.4557225704193115,0.9489410299268868,0.5228589657453235,0.292436974789916,0.1875,0.6641221374045801,0.5230769230769231,6001,5387,91,230,55,0.9897902607917786,0.239130437374115,0.9239299893379211,0.11074386066525127,0.006666666828095913,0.10990991195042928,0.9558469394671452,0.5419052740369352,0.9566257725986298,0.5532340833150601,0.9556883593221467,0.5681552941166076,0.9060271964948672,0.3472633396032665
npy,./data/MSL,T-12,T-12,gate_noTTA,100,256,128,0.15,50,64,0.001,1,1,1,0,0.001,adam,0.1,0.99,fixed,gated,5000,unc,8,0.95,"[0.5, 1.0, 2.0]",0,0,9,55,2.887841,8,0.0028785904869437218,0.0017681821482256055,1.4989030361175537,0.804401748100319,0.22732430491623654,0.21897810218978103,0.15517241379310345,0.371900826446281,0.2553763440860215,2331,2113,0,220,129,0.9389493465423584,0.5863636136054993,0.9398389458656311,0.073158705198729,0.0,0.08869813879330952,0.8145954207216461,0.22860844325616586,0.8056079516373229,0.22998130882860102,0.7906109403018731,0.23095168114092443,0.7291661446943151,0.12667014862389142
npy,./data/MSL,M-5,M-5,fixed,100,256,128,0.15,50,64,0.001,1,1,1,1,0.001,adam,0.1,0.99,fixed,gated,5000,none,8,0.95,"[0.5, 1.0, 2.0]",0,0,3,55,2.887841,8,0.00565393827855587,0.002894059056416154,2.5711731910705566,0.4830866807610994,0.1291243931116714,0.17799043062200956,0.125,0.3089700996677741,0.23198458574181113,2204,2183,35,400,400,0.8167659044265747,1.0,0.9883592128753662,0.08734860567345593,0.013574661066134771,0.018181818226973217,0.4995602404240278,0.13271999631145492,0.5115416145316477,0.1360500542362997,0.5315249534518638,0.14207890732086983,0.5887401634909941,0.1645784349444499
npy,./data/MSL,S-2,S-2,mask_noTTA,100,256,128,0.15,50,64,0.001,1,1,1,0,0.001,adam,0.1,0.99,fixed,gated,5000,none,8,0.95,"[0.5, 1.0, 2.0]",0,0,9,55,2.887841,8,0.004561437293887138,0.002586745424196124,1.2170686721801758,0.6003704445334401,0.2879546025471749,0.011670313639679067,0.0058823529411764705,0.7272727272727273,0.42857142857142855,1728,0,0,110,0,0.0,0.0,0.0,0.07148418161604139,1.0,1.0,0.6090308370044053,0.2890790125947846,0.6171405686824188,0.2889213338291054,0.6306067280736884,0.286935391317576,0.6805166199439326,0.021449065504532523
npy,./data/MSL,D-15,D-15,gate_noTTA,100,256,128,0.15,50,64,0.001,1,1,1,0,0.001,adam,0.1,0.99,fixed,gated,5000,unc,8,0.95,"[0.5, 1.0, 2.0]",0,0,1,55,2.887841,8,0.004412095993757248,0.0036060118582099676,2.5189476013183594,0.6260868760393132,0.38550259600195597,0.3692551505546751,0.3752012882447665,0.36349453978159124,0.498890368397692,2059,985,0,658,51,0.948223352432251,0.07750760018825531,0.6666666865348816,0.07091580576662765,0.2896440128485362,0.0,0.6873190682406466,0.42281919496229087,0.7121484332016657,0.4473475015020488,0.7383537793720054,0.4845809812525582,0.8054169233348109,0.6490753677065262
npy,./data/MSL,F-4,F-4,gate_gbuf5k,100,256,128,0.15,50,64,0.001,1,1,1,1,0.001,adam,0.1,0.99,adaptive,gated,5000,unc,8,0.95,"[0.5, 1.0, 2.0]",0,0,5,55,2.887841,8,0.00398485641926527,0.0019969448912888765,2.9136288166046143,0.5604465347741477,0.029751055966182813,0.07438016528925619,0.043583535108958835,0.2535211267605634,0.07947019867549669,3323,3054,52,170,151,0.9505566358566284,0.8882352709770203,0.9207104444503784,0.1002214703257099,0.061061060056090355,0.008262912044301629,0.5376826761824303,0.02759592522783321,0.5265109006771156,0.026435719563118004,0.5120607260393155,0.02496768617283098,0.41322119527069906,0.017328387008699722
npy,./data/MSL,M-6,M-6,noMask_fixed,100,256,128,0.15,50,64,0.001,1,0,1,1,0.001,adam,0.1,0.99,fixed,gated,5000,none,8,0.95,"[0.5, 1.0, 2.0]",0,0,4,55,2.887786,0,0.0022856693249195814,inf,1.809530258178711,0.7549510807197701,0.6281945452965118,0.18459657701711493,0.10378006872852234,0.8342541436464088,0.7071428571428572,1950,0,0,199,0,0.0,0.0,0.0,0.010515604263696915,1.0,0.6666666666666666,,,,,,,,
npy,./data/MSL,D-14,D-14,gate_gbuf5k,100,256,128,0.15,50,64,0.001,1,1,1,1,0.001,adam,0.1,0.99,adaptive,gated,5000,unc,8,0.95,"[0.5, 1.0, 2.0]",0,0,2,55,2.887841,8,0.00524080591276288,0.002538834698498249,4.665234804153442,0.46811418159732765,0.24783051196435174,0.1867881548974943,0.125,0.36936936936936937,0.34540389972144847,2526,1412,36,420,122,0.9135977625846863,0.2904762029647827,0.6125355958938599,0.09800683668654586,0.1304347819338242,0.009259259483466545,0.49085602456388977,0.2526234776450383,0.5037265730149625,0.2546632554807334,0.5171857250508936,0.26176120580796786,0.4946744497306295,0.17266760729422273
npy,./data/MSL,C-1,C-1,mask_noTTA,100,256,128,0.15,50,64,0.001,1,1,1,0,0.001,adam,0.1,0.99,fixed,gated,5000,none,8,0.95,"[0.5, 1.0, 2.0]",0,0,4,55,2.887841,8,0.005659360438585281,0.002652090508490801,2.6705620288848877,0.650279791929382,0.20110809864016124,0.2211652794292509,0.17580340264650285,0.2980769230769231,0.3127621330137807,2165,1696,0,464,364,0.7853773832321167,0.7844827771186829,0.7830687761306763,0.0665184531971709,0.8740399479866028,0.0,0.6482585251155948,0.2020883322046099,0.6419763424758302,0.20250406561441953,0.6360636034047918,0.20514349258378456,0.6234910282681799,0.19788622158261648
npy,./data/MSL,T-9,T-9,base_noTTA,100,256,128,0.15,50,64,0.001,1,0,1,0,0.001,adam,0.1,0.99,fixed,gated,5000,none,8,0.95,"[0.5, 1.0, 2.0]",0,0,8,55,2.887786,0,0.008769799955189228,inf,0.3885800838470459,0.5727079703832753,0.2828610092877046,0.24766355140186916,0.16772151898734178,0.4732142857142857,0.33175355450236965,997,808,0,290,137,0.8304455280303955,0.4724137783050537,0.9490806460380554,0.009532916988269496,0.0,0.0,,,,,,,,
npy,./data/MSL,T-12,T-12,mask_noTTA,100,256,128,0.15,50,64,0.001,1,1,1,0,0.001,adam,0.1,0.99,fixed,gated,5000,none,8,0.95,"[0.5, 1.0, 2.0]",0,0,9,55,2.887841,8,0.0028785904869437218,0.0017681821482256055,1.496922254562378,0.804401748100319,0.22732430491623654,0.21897810218978103,0.15517241379310345,0.371900826446281,0.2553763440860215,2331,2151,0,220,133,0.9381682872772217,0.6045454740524292,0.9559450745582581,0.07208096321331794,0.0,0.08869813879330952,0.8145954207216461,0.22860844325616586,0.8056079516373229,0.22998130882860102,0.7906109403018731,0.23095168114092443,0.7291661446943151,0.12667014862389142
npy,./data/MSL,C-2,C-2,noMask_fixed,100,256,128,0.15,50,64,0.001,1,0,1,1,0.001,adam,0.1,0.99,fixed,gated,5000,none,8,0.95,"[0.5, 1.0, 2.0]",0,0,0,55,2.887786,0,0.00597743596881628,inf,0.8041534423828125,0.6147480340785147,0.10007472114540672,0.16978776529338327,0.10240963855421686,0.49635036496350365,0.1820851688693098,1952,1205,25,335,130,0.8921161890029907,0.38805970549583435,0.664811372756958,0.024081864317909617,0.6995659371217092,0.4401478370030721,,,,,,,,
npy,./data/MSL,F-4,F-4,gate_noTTA,100,256,128,0.15,50,64,0.001,1,1,1,0,0.001,adam,0.1,0.99,fixed,gated,5000,unc,8,0.95,"[0.5, 1.0, 2.0]",0,0,8,55,2.887841,8,0.0038029870484024286,0.0022051995620131493,3.040464401245117,0.5567057973024659,0.026764618028323417,0.06349206349206349,0.03695150115473441,0.22535211267605634,0.06845965770171149,3323,3077,0,170,158,0.9486512541770935,0.929411768913269,0.9257849454879761,0.07509144895807864,0.09609609718124072,0.06438854336738586,0.5189327549901017,0.02485580760767562,0.5054997246985344,0.023918237782314063,0.49424809075281284,0.022743445063910343,0.4125613123683912,0.01658618757029712
npy,./data/MSL,C-2,C-2,mask_noTTA,100,256,128,0.15,50,64,0.001,1,1,1,0,0.001,adam,0.1,0.99,fixed,gated,5000,none,8,0.95,"[0.5, 1.0, 2.0]",0,0,8,55,2.887841,8,0.00594427390024066,0.003305866615846753,0.9071841239929199,0.6017016375687405,0.10352278107788099,0.17490494296577946,0.1058282208588957,0.5036496350364964,0.1929824561403509,1952,1316,0,335,130,0.9012157917022705,0.38805970549583435,0.7334570288658142,0.06814032304482381,0.6892737249533335,0.2577962627013524,0.6865432578999153,0.12473221477163798,0.7252820172528202,0.1433859020315399,0.7677199887116827,0.179092321310047,0.8598723199780335,0.4547951240022924
npy,./data/MSL,D-14,D-14,mask_noTTA,100,256,128,0.15,50,64,0.001,1,1,1,0,0.001,adam,0.1,0.99,fixed,gated,5000,none,8,0.95,"[0.5, 1.0, 2.0]",0,0,3,55,2.887841,8,0.005035092122852802,0.002962135709822178,4.20297646522522,0.4809528629753348,0.24720971729136432,0.145791915175613,0.08547008547008547,0.4954954954954955,0.33628318584070793,2526,623,0,420,116,0.8138041496276855,0.27619048953056335,0.24074074625968933,0.06414054408492498,0.9025033116340637,0.39947088559468585,0.49859409971769525,0.25469749630171745,0.5114196593597342,0.2576221707045325,0.5268808133976673,0.2682705729964808,0.5148050672395242,0.18934383167653396
npy,./data/MSL,P-15,P-15,fixed,100,256,128,0.15,50,64,0.001,1,1,1,1,0.001,adam,0.1,0.99,fixed,gated,5000,none,8,0.95,"[0.5, 1.0, 2.0]",0,0,9,55,2.887841,8,0.0014861596282571554,0.0013965184334665537,4.7494728565216064,0.7296380280507265,0.6626889932871116,0.07734806629834254,0.04105571847507331,0.6666666666666666,0.7777777777777778,2757,2138,41,120,26,0.9878391027450562,0.21666666865348816,0.8009101152420044,0.08416374740628259,0.21376811961332956,0.16848484675089517,0.7422020660115898,0.6628007176688163,0.7455950281347106,0.662837011543403,0.7472915091962711,0.6694315605423398,0.690854119425548,0.20425555515448135
npy,./data/MSL,M-7,M-7,base_noTTA,100,256,128,0.15,50,64,0.001,1,0,1,0,0.001,adam,0.1,0.99,fixed,gated,5000,none,8,0.95,"[0.5, 1.0, 2.0]",0,0,8,55,2.887786,0,0.002954998519271612,inf,1.8948044776916504,0.8817277348172773,0.48304296776333683,0.1628721541155867,0.0893371757925072,0.9207920792079208,0.644808743169399,2057,434,0,200,0,1.0,0.0,0.23371028900146484,0.01239938879685316,1.0,0.29430894056955975,,,,,,,,
npy,./data/MSL,T-12,T-12,noMask_fixed,100,256,128,0.15,50,64,0.001,1,0,1,1,0.001,adam,0.1,0.99,fixed,gated,5000,none,8,0.95,"[0.5, 1.0, 2.0]",0,0,3,55,2.887786,0,0.0027402981650084257,inf,1.3302125930786133,0.7771708979236833,0.18917400297572196,0.2368421052631579,0.17374517374517376,0.371900826446281,0.27096774193548384,2331,2147,36,220,129,0.9399161338806152,0.5863636136054993,0.9559450745582581,0.025743069642605775,0.0,0.090128759543101,,,,,,,,
npy,./data/MSL,M-6,M-6,mask_noTTA,100,256,128,0.15,50,64,0.001,1,1,1,0,0.001,adam,0.1,0.99,fixed,gated,5000,none,8,0.95,"[0.5, 1.0, 2.0]",0,0,4,55,2.887841,8,0.002166339661926031,0.001525767263956368,1.943971872329712,0.7547529191855856,0.6270008276244482,0.18957940991839298,0.10694050991501416,0.8342541436464088,0.7117437722419929,1950,0,0,199,0,0.0,0.0,0.0,0.07206574464455628,1.0,0.6666666666666666,0.7576099944396465,0.6396297290073396,0.7561844144474547,0.6396316594538506,0.7547144699326842,0.638401428155922,0.7616323778201048,0.6297059410824437
npy,./data/MSL,C-1,C-1,base_noTTA,100,256,128,0.15,50,64,0.001,1,0,1,0,0.001,adam,0.1,0.99,fixed,gated,5000,none,8,0.95,"[0.5, 1.0, 2.0]",0,0,5,55,2.887786,0,0.005654043518006802,inf,2.547942638397217,0.6564355427700714,0.20221615770779178,0.23443223443223443,0.1893491124260355,0.3076923076923077,0.3159851301115242,2165,1677,0,464,353,0.7895050644874573,0.7607758641242981,0.7783656716346741,0.009006495839178424,0.8863287369410197,0.0,,,,,,,,
npy,./data/MSL,C-2,C-2,gate_noTTA,100,256,128,0.15,50,64,0.001,1,1,1,0,0.001,adam,0.1,0.99,fixed,gated,5000,unc,8,0.95,"[0.5, 1.0, 2.0]",0,0,9,55,2.887841,8,0.006238095927983522,0.003197707701474428,0.9297487735748291,0.6146450663188645,0.10555791737591931,0.17268041237113402,0.10485133020344288,0.48905109489051096,0.21632653061224488,1952,1349,0,335,133,0.9014084339141846,0.39701491594314575,0.7520098686218262,0.07429511332121051,0.6526961227258047,0.23185493828107914,0.685269508576833,0.12469703224993084,0.7150424455987003,0.1416677488256044,0.7476832254078667,0.17532216465726505,0.8129647850261996,0.32230972497288385
npy,./data/MSL,T-9,T-9,fixed,100,256,128,0.15,50,64,0.001,1,1,1,1,0.001,adam,0.1,0.99,fixed,gated,5000,none,8,0.95,"[0.5, 1.0, 2.0]",0,0,9,55,2.887841,8,0.008764089085161686,0.002611189614981413,0.410067081451416,0.5631442363530779,0.28044910383029875,0.22921348314606743,0.15315315315315314,0.45535714285714285,0.3017241379310345,997,819,16,290,146,0.821733832359314,0.5034482479095459,0.9519094824790955,0.08576755657597794,0.0,0.0,0.63417356271777,0.3094085330470518,0.6793971399535423,0.3435363237328829,0.7276513501742161,0.38881673147994084,0.7479493321718932,0.31290962399895667
npy,./data/MSL,T-9,T-9,gate_noTTA,100,256,128,0.15,50,64,0.001,1,1,1,0,0.001,adam,0.1,0.99,fixed,gated,5000,unc,8,0.95,"[0.5, 1.0, 2.0]",0,0,4,55,2.887841,8,0.008679231628775597,0.003604209516197443,0.39100122451782227,0.5561483739837398,0.2810206456964976,0.24299065420560748,0.16455696202531644,0.4642857142857143,0.32967032967032966,997,785,0,290,125,0.8407643437385559,0.43103447556495667,0.9335219264030457,0.07473238731698023,0.0,0.0,0.6171875,0.2991421719325939,0.657574767711963,0.3181669270141374,0.7013011759581883,0.3550109391990923,0.7171530197444831,0.25870167876513533
npy,./data/MSL,D-15,D-15,noMask_fixed,100,256,128,0.15,50,64,0.001,1,0,1,1,0.001,adam,0.1,0.99,fixed,gated,5000,none,8,0.95,"[0.5, 1.0, 2.0]",0,0,6,55,2.887786,0,0.0038135210052132607,inf,2.287893056869507,0.6143277899870114,0.37518350854375465,0.36640000000000006,0.3760262725779967,0.35725429017160687,0.48441492079713855,2059,964,28,658,59,0.9387966990470886,0.08966565132141113,0.6459671854972839,0.02598310918006693,0.3203883447373907,0.0,,,,,,,,
npy,./data/MSL,M-5,M-5,base_noTTA,100,256,128,0.15,50,64,0.001,1,0,1,0,0.001,adam,0.1,0.99,fixed,gated,5000,none,8,0.95,"[0.5, 1.0, 2.0]",0,0,8,55,2.887786,0,0.004493270069360733,inf,2.615037679672241,0.5238880720608295,0.13886599000761313,0.19556451612903228,0.14037626628075253,0.3222591362126246,0.24085224641037517,2204,1975,0,400,333,0.8313924074172974,0.8324999809265137,0.9101995825767517,0.008847449522485751,0.11161387975638111,0.09848485141992569,,,,,,,,
npy,./data/MSL,S-2,S-2,base_noTTA,100,256,128,0.15,50,64,0.001,1,0,1,0,0.001,adam,0.1,0.99,fixed,gated,5000,none,8,0.95,"[0.5, 1.0, 2.0]",0,0,0,55,2.887786,0,0.0045270174741744995,inf,1.0738916397094727,0.6611934321185423,0.2809016049896919,0.014275517487508924,0.007194244604316547,0.9090909090909091,0.42857142857142855,1728,0,0,110,0,0.0,0.0,0.0,0.00867992639541626,1.0,1.0,,,,,,,,
npy,./data/MSL,M-6,M-6,fixed,100,256,128,0.15,50,64,0.001,1,1,1,1,0.001,adam,0.1,0.99,fixed,gated,5000,none,8,0.95,"[0.5, 1.0, 2.0]",0,0,8,55,2.887841,8,0.002158557064831257,0.0014375646132975817,1.8023250102996826,0.7444899262957398,0.6288862492855302,0.1812577065351418,0.10201249132546843,0.8121546961325967,0.7163120567375887,1950,0,0,199,0,0.0,0.0,0.0,0.06923822256234977,1.0,0.6666666666666666,0.7519786577070049,0.6404023816603853,0.7552350136642729,0.6402271693708511,0.7595945674163285,0.639282180988983,0.782915518118471,0.6331985764802364
npy,./data/MSL,C-1,C-1,gate_noTTA,100,256,128,0.15,50,64,0.001,1,1,1,0,0.001,adam,0.1,0.99,fixed,gated,5000,unc,8,0.95,"[0.5, 1.0, 2.0]",0,0,0,55,2.887841,8,0.005544409155845642,0.0025387497153133154,2.66398024559021,0.6723626655107189,0.21294070291316936,0.24178403755868544,0.19074074074074074,0.3301282051282051,0.32552552552552555,2165,1639,0,464,344,0.7901159524917603,0.7413793206214905,0.7613168954849243,0.06837217141519243,0.8955453236897787,0.0,0.6753264239176124,0.2144396258657976,0.6722411596258933,0.21449281957220398,0.6690951423917613,0.2145866073953901,0.6508364202395964,0.20607543012288662
npy,./data/MSL,F-7,F-7,mask_noTTA,100,256,128,0.15,50,64,0.001,1,1,1,0,0.001,adam,0.1,0.99,fixed,gated,5000,none,8,0.95,"[0.5, 1.0, 2.0]",0,0,4,55,2.887841,8,0.004544675350189209,0.004443148151040077,3.188852548599243,0.45629183123497574,0.0723151218634284,0.05071851225697379,0.039473684210526314,0.07092198581560284,0.1545205479452055,4955,4612,0,720,655,0.8579791784286499,0.9097222089767456,0.9343565702438354,0.07408033345950961,0.01217906487484773,0.05791245959699154,0.4621042384220228,0.07226125940797563,0.4612752072195141,0.07164107428757253,0.4577691811734365,0.07077845496436869,0.4824777823211138,0.07802632501308965
npy,./data/MSL,F-5,F-5,noMask_fixed,100,256,128,0.15,50,64,0.001,1,0,1,1,0.001,adam,0.1,0.99,fixed,gated,5000,none,8,0.95,"[0.5, 1.0, 2.0]",0,0,6,55,2.887786,0,0.0031180568039417267,inf,3.171886682510376,0.794963656064669,0.35562410248394616,0.24691358024691357,0.15570934256055363,0.5960264900662252,0.40201005025125625,3823,3210,57,250,58,0.9819314479827881,0.23199999332427979,0.8821718692779541,0.02625841075389322,0.22367276002963385,0.08720715095599492,,,,,,,,
npy,./data/MSL,T-5,T-5,base_noTTA,100,256,128,0.15,50,64,0.001,1,0,1,0,0.001,adam,0.1,0.99,fixed,gated,5000,none,8,0.95,"[0.5, 1.0, 2.0]",0,0,2,55,2.887786,0,0.0029442666564136744,inf,2.630732774734497,0.5594820325659743,0.20812890756115143,0.04712041884816754,0.025280898876404494,0.34615384615384615,0.32258064516129037,2119,1390,0,125,23,0.9834532141685486,0.18400000035762787,0.6855566501617432,0.008966631347022568,0.4669811427593231,0.367455060283343,,,,,,,,
npy,./data/MSL,D-14,D-14,base_noTTA,100,256,128,0.15,50,64,0.001,1,0,1,0,0.001,adam,0.1,0.99,fixed,gated,5000,none,8,0.95,"[0.5, 1.0, 2.0]",0,0,5,55,2.887786,0,0.004505716729909182,inf,4.6529624462127686,0.46671765398357157,0.25815529439837115,0.13391196528208307,0.07764198418404025,0.4864864864864865,0.3333333333333333,2526,518,0,420,112,0.7837837934494019,0.2666666805744171,0.19278252124786377,0.008709545845279406,0.9604743123054504,0.41798943281173706,,,,,,,,
npy,./data/MSL,F-8,F-8,gate_gbuf5k,100,256,128,0.15,50,64,0.001,1,1,1,1,0.001,adam,0.1,0.99,adaptive,gated,5000,unc,8,0.95,"[0.5, 1.0, 2.0]",0,0,9,55,2.887841,8,0.0057070497423410416,0.003362905001267791,4.542105197906494,0.5712954209043594,0.23894411435570864,0.17391304347826086,0.18526315789473685,0.16387337057728119,0.39520958083832336,2388,2219,38,537,480,0.7836863398551941,0.8938547372817993,0.9394921660423279,0.10827138795325504,0.03765690326690674,0.0,0.558664947715227,0.23407575510536643,0.5482442820990308,0.2306021539603803,0.538024160817457,0.22836280433829867,0.5332225564627799,0.23982059575428188
npy,./data/MSL,T-12,T-12,noMask_fixed,100,256,128,0.15,50,64,0.001,1,0,1,1,0.001,adam,0.1,0.99,fixed,gated,5000,none,8,0.95,"[0.5, 1.0, 2.0]",0,0,4,55,2.887786,0,0.00288173696026206,inf,1.3542866706848145,0.7535729753139888,0.18510864814052488,0.22702702702702698,0.1686746987951807,0.34710743801652894,0.25308641975308643,2331,2174,36,220,130,0.9402024149894714,0.5909090638160706,0.9682614803314209,0.02939370710519392,0.0,0.06151645382245382,,,,,,,,
npy,./data/MSL,M-5,M-5,mask_noTTA,100,256,128,0.15,50,64,0.001,1,1,1,0,0.001,adam,0.1,0.99,fixed,gated,5000,none,8,0.95,"[0.5, 1.0, 2.0]",0,0,6,55,2.887841,8,0.005438569001853466,0.0028893211856484413,2.5920236110687256,0.4831696542659998,0.12827095686750636,0.17958412098298676,0.12549537648612946,0.31561461794019935,0.23487544483985764,2204,2090,0,400,385,0.8157894611358643,0.9624999761581421,0.9451219439506531,0.06920196616281832,0.0633484177912275,0.051515152057011925,0.5007633562450838,0.13230033904362332,0.5144025409806141,0.13572095641048218,0.5344655344655345,0.14144666947694834,0.6197573190928672,0.1665180171595863
npy,./data/MSL,M-2,M-2,base_noTTA,100,256,128,0.15,50,64,0.001,1,0,1,0,0.001,adam,0.1,0.99,fixed,gated,5000,none,8,0.95,"[0.5, 1.0, 2.0]",0,0,4,55,2.887786,0,0.005542372353374958,inf,2.573678731918335,0.7065537396156077,0.705493176707831,0.541019955654102,0.7360482654600302,0.42769500438212094,0.6952212389380532,2178,1076,0,1167,129,0.8801115155220032,0.11053984612226486,0.9366963505744934,0.008953066458934157,0.09785932799180348,0.0,,,,,,,,
npy,./data/MSL,M-4,M-4,fixed,100,256,128,0.15,50,64,0.001,1,1,1,1,0.001,adam,0.1,0.99,fixed,gated,5000,none,8,0.95,"[0.5, 1.0, 2.0]",0,0,9,55,2.887841,8,0.0048163700848817825,0.0026543601416051388,2.6920173168182373,0.3815069882752148,0.11091118279911247,0.13532338308457711,0.09018567639257294,0.27091633466135456,0.22027204914436155,1939,1308,29,350,338,0.7415902018547058,0.9657142758369446,0.6104468107223511,0.09104294405578645,0.378006877998511,0.40414578715960187,0.3751529974115848,0.10926158321895063,0.37796213021445274,0.10879283471136245,0.38648539585363073,0.10773321483365304,0.41859868862546457,0.10175186409283701
npy,./data/MSL,C-2,C-2,fixed,100,256,128,0.15,50,64,0.001,1,1,1,1,0.001,adam,0.1,0.99,fixed,gated,5000,none,8,0.95,"[0.5, 1.0, 2.0]",0,0,1,55,2.887841,8,0.006016820203512907,0.002703337464481592,0.8426861763000488,0.6211968667292102,0.09630240412593535,0.16606498194945848,0.0994236311239193,0.5036496350364964,0.176056338028169,1952,1204,24,335,129,0.8928571343421936,0.3850746154785156,0.664811372756958,0.07710898997353725,0.6996017396450043,0.4570801655451457,0.6922980115781525,0.1147501859414632,0.7182001235613116,0.1314707667609697,0.7497997849117909,0.17000301064351384,0.8104630498287685,0.3820987580246255
npy,./data/MSL,C-1,C-1,noMask_fixed,100,256,128,0.15,50,64,0.001,1,0,1,1,0.001,adam,0.1,0.99,fixed,gated,5000,none,8,0.95,"[0.5, 1.0, 2.0]",0,0,6,55,2.887786,0,0.005568701773881912,inf,2.581003189086914,0.658969104665826,0.21171585450764588,0.2419161676646707,0.1931166347992352,0.32371794871794873,0.3160237388724036,2165,1657,32,464,344,0.7923958897590637,0.7413793206214905,0.7718988656997681,0.026562913185454406,0.9032257994016012,0.0,,,,,,,,
npy,./data/MSL,T-4,T-4,base_noTTA,100,256,128,0.15,50,64,0.001,1,0,1,0,0.001,adam,0.1,0.99,fixed,gated,5000,none,8,0.95,"[0.5, 1.0, 2.0]",0,0,7,55,2.887786,0,0.0036862229462713003,inf,2.7810781002044678,0.4619666423771355,0.029105847263566836,0.04676258992805755,0.026694045174537988,0.18840579710144928,0.06138790035587188,2118,1373,0,168,138,0.8994901776313782,0.8214285969734192,0.6333333253860474,0.009448152313376508,0.4858490427335103,0.4358326643705368,,,,,,,,
npy,./data/MSL,T-4,T-4,gate_noTTA,100,256,128,0.15,50,64,0.001,1,1,1,0,0.001,adam,0.1,0.99,fixed,gated,5000,unc,8,0.95,"[0.5, 1.0, 2.0]",0,0,4,55,2.887841,8,0.004021466244012117,0.0024731860030442476,2.7005391120910645,0.46095457857663347,0.0285654947408584,0.05873715124816447,0.032679738562091505,0.2898550724637681,0.061611374407582936,2118,1324,0,168,129,0.902567982673645,0.7678571343421936,0.6128205060958862,0.06775961831788954,0.4748427669207255,0.42797848333915073,0.44307478476776513,0.02771652105264833,0.43444525409548485,0.027179826165227045,0.42510727876285326,0.026404720388639412,0.3885245459207082,0.023628992160770527
npy,./data/MSL,S-2,S-2,mask_noTTA,100,256,128,0.15,50,64,0.001,1,1,1,0,0.001,adam,0.1,0.99,fixed,gated,5000,none,8,0.95,"[0.5, 1.0, 2.0]",0,0,5,55,2.887841,8,0.00451111514121294,0.0025888343807309866,1.2163126468658447,0.6858229875851021,0.2819229176745937,0.012857142857142855,0.0064794816414686825,0.8181818181818182,0.42857142857142855,1728,0,0,110,0,0.0,0.0,0.0,0.06453030639224583,1.0,1.0,0.6949839807769324,0.28131316477172585,0.7015418502202644,0.28092014953077693,0.7020925110132158,0.28031653603913664,0.586553864637565,0.10935306118666932
npy,./data/MSL,P-15,P-15,gate_noTTA,100,256,128,0.15,50,64,0.001,1,1,1,0,0.001,adam,0.1,0.99,fixed,gated,5000,unc,8,0.95,"[0.5, 1.0, 2.0]",0,0,3,55,2.887841,8,0.0015000274870544672,0.0013088578125461936,4.477562189102173,0.7345762996556646,0.5956439435101957,0.0784313725490196,0.041666666666666664,0.6666666666666666,0.6249999999999999,2757,1991,0,120,23,0.9884480237960815,0.19166666269302368,0.746302604675293,0.06620426475461255,0.19806763033072153,0.16363636155923209,0.7460149491895522,0.6065400495387933,0.7482993197278911,0.6162333852111649,0.7490047871000252,0.621279244043889,0.692113882590073,0.08542405943362708
npy,./data/MSL,F-5,F-5,gate_noTTA,100,256,128,0.15,50,64,0.001,1,1,1,0,0.001,adam,0.1,0.99,fixed,gated,5000,unc,8,0.95,"[0.5, 1.0, 2.0]",0,0,1,55,2.887841,8,0.003178604878485203,0.002060843864455819,3.028951644897461,0.798902745069114,0.44425416735712636,0.2758620689655173,0.17421602787456447,0.6622516556291391,0.5087719298245614,3823,3097,0,250,57,0.9815950989723206,0.2280000001192093,0.8508256077766418,0.07639285503430358,0.2106179272135099,0.09855095545450847,0.8770259614590962,0.531465397096963,0.8970340047170722,0.5918972538905679,0.9142971544779697,0.6413208839859509,0.931282829400391,0.5383697098525934
npy,./data/MSL,M-4,M-4,base_noTTA,100,256,128,0.15,50,64,0.001,1,0,1,0,0.001,adam,0.1,0.99,fixed,gated,5000,none,8,0.95,"[0.5, 1.0, 2.0]",0,0,9,55,2.887786,0,0.004524077754467726,inf,2.610532522201538,0.416594394665323,0.10610839045498748,0.14947965941343425,0.09801488833746898,0.3147410358565737,0.2206593406593407,1939,1067,0,350,315,0.7047797441482544,0.8999999761581421,0.47325360774993896,0.00954461257564708,0.4656357417503993,0.557527760664622,,,,,,,,
npy,./data/MSL,T-12,T-12,gate_noTTA,100,256,128,0.15,50,64,0.001,1,1,1,0,0.001,adam,0.1,0.99,fixed,gated,5000,unc,8,0.95,"[0.5, 1.0, 2.0]",0,0,5,55,2.887841,8,0.0028392132371664047,0.001554194837808609,1.4719018936157227,0.7896696004495525,0.22127511186612775,0.22707423580786024,0.1543026706231454,0.4297520661157025,0.29801324503311255,2331,2047,0,220,113,0.9447972774505615,0.5136363506317139,0.9161534905433655,0.06993611653645833,0.0,0.08583690722783406,0.8081814244655301,0.2305763567788147,0.8041583598495289,0.23184227943197266,0.7953391149973693,0.23338758780889773,0.7498111951436887,0.13560050887610536
npy,./data/MSL,M-3,M-3,base_noTTA,100,256,128,0.15,50,64,0.001,1,0,1,0,0.001,adam,0.1,0.99,fixed,gated,5000,none,8,0.95,"[0.5, 1.0, 2.0]",0,0,9,55,2.887786,0,0.004775638692080975,inf,2.4969873428344727,0.4321626075654737,0.10548142550538894,0.13793103448275862,0.09348441926345609,0.26294820717131473,0.21291150064129968,2028,1544,0,350,328,0.787564754486084,0.9371428489685059,0.724672257900238,0.009618802418605346,0.2085385819276174,0.3307306319475174,,,,,,,,
npy,./data/MSL,M-7,M-7,gate_gbuf5k,100,256,128,0.15,50,64,0.001,1,1,1,1,0.001,adam,0.1,0.99,adaptive,gated,5000,unc,8,0.95,"[0.5, 1.0, 2.0]",0,0,5,55,2.887841,8,0.0027359803207218647,0.0021262732334434986,1.9313936233520508,0.8647683746476837,0.6006490223359218,0.23619631901840493,0.1397459165154265,0.7623762376237624,0.6477272727272727,2057,1211,31,200,30,0.9752270579338074,0.15000000596046448,0.6359720230102539,0.10405690216821087,0.2216828465461731,0.0,0.8990147189901472,0.644941770445203,0.9123605791236058,0.6953303038868397,0.9203777312037773,0.752001422522819,0.8961576449615765,0.6575844168027497
npy,./data/MSL,D-14,D-14,noMask_fixed,100,256,128,0.15,50,64,0.001,1,0,1,1,0.001,adam,0.1,0.99,fixed,gated,5000,none,8,0.95,"[0.5, 1.0, 2.0]",0,0,1,55,2.887786,0,0.004492342006415129,inf,4.2807557582855225,0.44886834399943015,0.23055052641589946,0.12117714945181766,0.06949040370615486,0.47297297297297297,0.31062670299727524,2526,460,18,420,111,0.758695662021637,0.26428571343421936,0.1657170057296753,0.019401193892115746,0.9631093541781107,0.4193121592203776,,,,,,,,
npy,./data/MSL,M-5,M-5,mask_noTTA,100,256,128,0.15,50,64,0.001,1,1,1,0,0.001,adam,0.1,0.99,fixed,gated,5000,none,8,0.95,"[0.5, 1.0, 2.0]",0,0,8,55,2.887841,8,0.005556569434702396,0.0030864307191222906,2.6879565715789795,0.4734733704833373,0.12670416879635113,0.1752677702044791,0.12396694214876033,0.29900332225913623,0.2320740169622205,2204,2088,0,400,388,0.8141762614250183,0.9700000286102295,0.9423503279685974,0.07169887071945273,0.05429864441975951,0.06212121248245239,0.4980152737627821,0.1309634778591341,0.515567488989416,0.13430630861418802,0.5408860242747286,0.140025357532494,0.6098784935994238,0.17410816056555714
npy,./data/MSL,D-14,D-14,gate_noTTA,100,256,128,0.15,50,64,0.001,1,1,1,0,0.001,adam,0.1,0.99,fixed,gated,5000,unc,8,0.95,"[0.5, 1.0, 2.0]",0,0,6,55,2.887841,8,0.0050804889760911465,0.0027011483907699585,4.728882312774658,0.47096159830242224,0.3036771506599262,0.1443020903573837,0.08485329103885805,0.481981981981982,0.39263803680981596,2526,607,0,420,107,0.8237232565879822,0.2547619044780731,0.23741690814495087,0.07146828153826185,0.8906455834706625,0.3902116318543752,0.4959247637150259,0.3125608577892524,0.5120682480233042,0.3196063199883444,0.5297675953106664,0.3286640561644717,0.5316121364810503,0.2036606784134573
npy,./data/MSL,D-14,D-14,fixed,100,256,128,0.15,50,64,0.001,1,1,1,1,0.001,adam,0.1,0.99,fixed,gated,5000,none,8,0.95,"[0.5, 1.0, 2.0]",0,0,8,55,2.887841,8,0.005205465015023947,0.0028070174157619476,5.01776909828186,0.45909579991976995,0.24857473411540015,0.14116094986807387,0.08268933539412673,0.481981981981982,0.3286908077994429,2526,674,22,420,118,0.8249258399009705,0.2809523940086365,0.2640075981616974,0.08255248020682558,0.8669301668802897,0.3968253930409749,0.48319667982589326,0.25540450646765833,0.49866345746495555,0.25952394601791456,0.516692722685232,0.27171278056126946,0.4967270641427945,0.1889414198473078
npy,./data/MSL,F-7,F-7,noMask_fixed,100,256,128,0.15,50,64,0.001,1,0,1,1,0.001,adam,0.1,0.99,fixed,gated,5000,none,8,0.95,"[0.5, 1.0, 2.0]",0,0,3,55,2.887786,0,0.0031363985035568476,inf,2.9766857624053955,0.3203940144355568,0.057179541667996964,0.02733964248159832,0.02462121212121212,0.030732860520094562,0.15457701443449662,4955,4663,78,720,670,0.8563156723976135,0.9305555820465088,0.9428571462631226,0.02886409355340644,0.028980141505599022,0.018181818226973217,,,,,,,,
npy,./data/MSL,T-5,T-5,gate_gbuf5k,100,256,128,0.15,50,64,0.001,1,1,1,1,0.001,adam,0.1,0.99,adaptive,gated,5000,unc,8,0.95,"[0.5, 1.0, 2.0]",0,0,6,55,2.887841,8,0.0031216952484101057,0.0022332926746457815,2.9416134357452393,0.6215082818641213,0.20929540947201083,0.04522613065326633,0.024193548387096774,0.34615384615384615,0.32258064516129037,2119,1719,33,125,24,0.9860383868217468,0.19200000166893005,0.850050151348114,0.09298414596694435,0.11006289348006248,0.0,0.6168585064570465,0.21523732685717775,0.61506878158338,0.23083136662966144,0.6151565131948344,0.2423589320051699,0.5868542953396969,0.059484777633947654
npy,./data/MSL,P-10,P-10,noMask_fixed,100,256,128,0.15,50,64,0.001,1,0,1,1,0.001,adam,0.1,0.99,fixed,gated,5000,none,8,0.95,"[0.5, 1.0, 2.0]",0,0,7,55,2.887786,0,0.00186737603507936,inf,5.531967639923096,0.9613358586795133,0.5531051770153851,0.38743455497382195,0.251131221719457,0.8473282442748091,0.5161290322580645,6001,5356,89,230,45,0.9915981888771057,0.19565217196941376,0.9202911257743835,0.027169229348209218,0.004444444474453728,0.23755255589882532,,,,,,,,
npy,./data/MSL,F-5,F-5,mask_noTTA,100,256,128,0.15,50,64,0.001,1,1,1,0,0.001,adam,0.1,0.99,fixed,gated,5000,none,8,0.95,"[0.5, 1.0, 2.0]",0,0,6,55,2.887841,8,0.0032940327655524015,0.0019178802613168955,3.321820020675659,0.824542825080213,0.4806512259244195,0.28885832187070154,0.18229166666666666,0.695364238410596,0.5281385281385281,3823,3272,0,250,60,0.9816625714302063,0.23999999463558197,0.8989644646644592,0.07442781945781624,0.18537859121958414,0.08197154849767685,0.8914757270982279,0.5806171442875188,0.9091322589086107,0.6425762091225331,0.9220664499553054,0.6699587780193602,0.9334429183328328,0.5628503367799306
npy,./data/MSL,T-8,T-8,gate_noTTA,100,256,128,0.15,50,64,0.001,1,1,1,0,0.001,adam,0.1,0.99,fixed,gated,5000,unc,8,0.95,"[0.5, 1.0, 2.0]",0,0,2,55,2.887841,8,0.004732235800474882,0.002655688440427184,0.8370130062103271,0.5762381169828552,0.114564610789944,0.14696485623003194,0.08243727598566308,0.6764705882352942,0.16304347826086957,1420,0,0,300,0,0.0,0.0,0.0,0.07043136677271883,1.0,1.0,0.5982813732408984,0.11851326472205195,0.6110672921250364,0.12431043834068761,0.6258942532552895,0.13140008515785195,0.6380713188592304,0.14475714088380967
npy,./data/MSL,D-16,D-16,gate_noTTA,100,256,128,0.15,50,64,0.001,1,1,1,0,0.001,adam,0.1,0.99,fixed,gated,5000,unc,8,0.95,"[0.5, 1.0, 2.0]",0,0,2,55,2.887841,8,0.0037237585056573153,0.002313600853085518,1.7957584857940674,0.5197428531529914,0.35297564695654843,0.4094052558782849,0.2924901185770751,0.6820276497695853,0.4639249639249639,2092,0,0,750,0,0.0,0.0,0.0,0.06716828045380047,1.0,1.0,0.5259411095816626,0.362553092240704,0.5307279510044487,0.3734254714061439,0.5373481357352325,0.3939815580744514,0.5327059269455583,0.43784345273921177
npy,./data/MSL,C-2,C-2,gate_gbuf5k,100,256,128,0.15,50,64,0.001,1,1,1,1,0.001,adam,0.1,0.99,adaptive,gated,5000,unc,8,0.95,"[0.5, 1.0, 2.0]",0,0,9,55,2.887841,8,0.006238095927983522,0.003197707701474428,0.9192416667938232,0.5838538925626768,0.11324558654469409,0.17425742574257425,0.11956521739130435,0.32116788321167883,0.21030042918454936,1952,1687,31,335,232,0.8624777793884277,0.6925373077392578,0.8998144865036011,0.10494533620896887,0.19197207689285278,0.0,0.6541122272307776,0.13341038402467717,0.6928052231349489,0.15275274478186568,0.7371843275442571,0.19064520109074454,0.8180140188697953,0.34161193769544007
npy,./data/MSL,D-14,D-14,gate_noTTA,100,256,128,0.15,50,64,0.001,1,1,1,0,0.001,adam,0.1,0.99,fixed,gated,5000,unc,8,0.95,"[0.5, 1.0, 2.0]",0,0,4,55,2.887841,8,0.005293536465615034,0.002629682421684265,4.708081483840942,0.440890328530778,0.24448612490906776,0.12524719841793014,0.07335907335907337,0.42792792792792794,0.32947976878612717,2526,654,0,420,108,0.8348624110221863,0.2571428716182709,0.25925925374031067,0.07187366863138979,0.852437416712443,0.3941798806190491,0.47118466781388135,0.2507042624613896,0.49028241724870936,0.2582837765489463,0.5106773440106773,0.2706184175933326,0.5039421443915825,0.2248178683465382
npy,./data/MSL,M-3,M-3,mask_noTTA,100,256,128,0.15,50,64,0.001,1,1,1,0,0.001,adam,0.1,0.99,fixed,gated,5000,none,8,0.95,"[0.5, 1.0, 2.0]",0,0,2,55,2.887841,8,0.004900000523775816,0.0029435097239911556,2.550816059112549,0.47674334644364974,0.11784357310859288,0.1681329423264907,0.11139896373056994,0.3426294820717131,0.21367521367521372,2028,1426,0,350,313,0.7805048823356628,0.8942857384681702,0.6632896065711975,0.06894588000205376,0.2660098547736804,0.37292386839787167,0.4656714294209091,0.11586559858428969,0.4603398771651135,0.11445586973897684,0.45487346987317256,0.11242867436593335,0.4326680484883494,0.09941087774248511
npy,./data/MSL,P-11,P-11,noMask_fixed,100,256,128,0.15,50,64,0.001,1,0,1,1,0.001,adam,0.1,0.99,fixed,gated,5000,none,8,0.95,"[0.5, 1.0, 2.0]",0,0,4,55,2.887786,0,0.0030582810286432505,inf,4.821455717086792,0.715038276065125,0.12038844930506383,0.09336609336609338,0.10614525139664804,0.08333333333333333,0.2089810017271157,3436,3436,54,426,426,0.8760186433792114,1.0,1.0,0.02882082331860579,0.0,0.0,,,,,,,,
npy,./data/MSL,T-5,T-5,gate_gbuf5k,100,256,128,0.15,50,64,0.001,1,1,1,1,0.001,adam,0.1,0.99,adaptive,gated,5000,unc,8,0.95,"[0.5, 1.0, 2.0]",0,0,9,55,2.887841,8,0.0030896812677383423,0.0025369450449943542,2.956620454788208,0.6118402582818642,0.2098448915378787,0.04568527918781726,0.024456521739130436,0.34615384615384615,0.32258064516129037,2119,1860,34,125,25,0.9865591526031494,0.20000000298023224,0.9202607870101929,0.10242671435483507,0.11163522054751714,0.0,0.64114261650758,0.21455279948778805,0.6376158057271195,0.2232991308883416,0.6264738910724312,0.2505856724635287,0.582678270634475,0.05386151753976683
npy,./data/MSL,D-15,D-15,fixed,100,256,128,0.15,50,64,0.001,1,1,1,1,0.001,adam,0.1,0.99,fixed,gated,5000,none,8,0.95,"[0.5, 1.0, 2.0]",0,0,0,55,2.887841,8,0.004260675981640816,0.0032881039660423994,2.5277299880981445,0.5885332842450152,0.3659745012810348,0.34960629921259845,0.35294117647058826,0.3463338533541342,0.47498785818358424,2059,946,27,658,32,0.9661733508110046,0.048632219433784485,0.6523911356925964,0.08135990589321557,0.3333333410943548,0.0,0.6597943021214586,0.40491157826657215,0.6877191106101725,0.42984367850550537,0.7165632966782086,0.4675544313750053,0.8057511489648775,0.6451437238670888
npy,./data/MSL,T-12,T-12,base_noTTA,100,256,128,0.15,50,64,0.001,1,0,1,0,0.001,adam,0.1,0.99,fixed,gated,5000,none,8,0.95,"[0.5, 1.0, 2.0]",0,0,3,55,2.887786,0,0.0027402981650084257,inf,1.3273851871490479,0.7615009896595786,0.1966236254406981,0.2184466019417476,0.15463917525773196,0.371900826446281,0.27936507936507937,2331,2118,0,220,130,0.9386213421821594,0.5909090638160706,0.9417337775230408,0.009439882420000217,0.0,0.12017167607943217,,,,,,,,
npy,./data/MSL,M-6,M-6,base_noTTA,100,256,128,0.15,50,64,0.001,1,0,1,0,0.001,adam,0.1,0.99,fixed,gated,5000,none,8,0.95,"[0.5, 1.0, 2.0]",0,0,5,55,2.887786,0,0.0022271513007581234,inf,1.955237865447998,0.7485270978503911,0.6298347873323914,0.18072289156626503,0.10141987829614604,0.8287292817679558,0.7163120567375887,1950,0,0,199,0,0.0,0.0,0.0,0.008718417241023136,1.0,0.6666666666666666,,,,,,,,
npy,./data/MSL,P-15,P-15,base_noTTA,100,256,128,0.15,50,64,0.001,1,0,1,0,0.001,adam,0.1,0.99,fixed,gated,5000,none,8,0.95,"[0.5, 1.0, 2.0]",0,0,0,55,2.887786,0,0.0017394667956978083,inf,4.288320064544678,0.7477282270933064,0.6694337839864957,0.08211143695014662,0.04375,0.6666666666666666,0.8,2757,2267,0,120,27,0.9880899786949158,0.22499999403953552,0.8494501113891602,0.007982136418865261,0.14251207560300827,0.1357575754324595,,,,,,,,
npy,./data/MSL,T-12,T-12,base_noTTA,100,256,128,0.15,50,64,0.001,1,0,1,0,0.001,adam,0.1,0.99,fixed,gated,5000,none,8,0.95,"[0.5, 1.0, 2.0]",0,0,1,55,2.887786,0,0.002917171223089099,inf,1.2792410850524902,0.7911907770169906,0.21800787058429683,0.24289405684754517,0.17669172932330826,0.3884297520661157,0.2702702702702703,2331,2142,0,220,135,0.9369747638702393,0.6136363744735718,0.9507342576980591,0.009437939068218609,0.0,0.10872674981753032,,,,,,,,
npy,./data/MSL,C-1,C-1,noMask_fixed,100,256,128,0.15,50,64,0.001,1,0,1,1,0.001,adam,0.1,0.99,fixed,gated,5000,none,8,0.95,"[0.5, 1.0, 2.0]",0,0,8,55,2.887786,0,0.005539356730878353,inf,2.6116042137145996,0.6624484420975201,0.20022046799320947,0.22878228782287824,0.18562874251497005,0.2980769230769231,0.3231197771587744,2165,1640,32,464,339,0.7932927012443542,0.7306034564971924,0.7648442387580872,0.03349059723816623,0.921658992767334,0.0,,,,,,,,
npy,./data/MSL,S-2,S-2,base_noTTA,100,256,128,0.15,50,64,0.001,1,0,1,0,0.001,adam,0.1,0.99,fixed,gated,5000,none,8,0.95,"[0.5, 1.0, 2.0]",0,0,7,55,2.887786,0,0.004488836973905563,inf,1.1485559940338135,0.7219162995594715,0.28361697357315746,0.016046681254558718,0.008088235294117648,1.0,0.42857142857142855,1728,0,0,110,0,0.0,0.0,0.0,0.00868185802742287,1.0,1.0,,,,,,,,
npy,./data/MSL,M-5,M-5,gate_gbuf5k,100,256,128,0.15,50,64,0.001,1,1,1,1,0.001,adam,0.1,0.99,adaptive,gated,5000,unc,8,0.95,"[0.5, 1.0, 2.0]",0,0,5,55,2.887841,8,0.00545724481344223,0.0029586704913526773,2.67498779296875,0.4876817534624844,0.13026817418974984,0.16339193381592554,0.11861861861861862,0.26245847176079734,0.23756432246998288,2204,2093,35,400,385,0.8160535097122192,0.9624999761581421,0.9467849135398865,0.0871364737162789,0.04374057551225027,0.019696969538927078,0.5089578195890488,0.13424918072246428,0.5234499719549554,0.13813395855792115,0.5437021450310486,0.14468855899138533,0.5943856807644182,0.16917109168321554
npy,./data/MSL,T-5,T-5,fixed,100,256,128,0.15,50,64,0.001,1,1,1,1,0.001,adam,0.1,0.99,fixed,gated,5000,none,8,0.95,"[0.5, 1.0, 2.0]",0,0,3,55,2.887841,8,0.0031555306632071733,0.0024149753153324127,2.7565195560455322,0.6122262773722628,0.21060280801578102,0.03973509933774834,0.02107728337236534,0.34615384615384615,0.32258064516129037,2119,1551,32,125,23,0.985170841217041,0.18400000035762787,0.7662988901138306,0.093923418405991,0.4150943358739217,0.24758562445640564,0.6135597978663672,0.2165258243485801,0.6083660864682762,0.2283136184844186,0.6055411285794498,0.2371897218962444,0.6215258281864121,0.04757791397519035
npy,./data/MSL,T-13,T-13,base_noTTA,100,256,128,0.15,50,64,0.001,1,0,1,0,0.001,adam,0.1,0.99,fixed,gated,5000,none,8,0.95,"[0.5, 1.0, 2.0]",0,0,3,55,2.887786,0,0.0027501278091222048,inf,1.3245303630828857,0.6824904893086711,0.21127554516811023,0.18660287081339713,0.23493975903614459,0.15476190476190477,0.29227053140096615,2331,2329,0,450,448,0.8076427578926086,0.995555579662323,1.0,0.009008765169501253,0.0,0.0,,,,,,,,
npy,./data/MSL,M-5,M-5,mask_noTTA,100,256,128,0.15,50,64,0.001,1,1,1,0,0.001,adam,0.1,0.99,fixed,gated,5000,none,8,0.95,"[0.5, 1.0, 2.0]",0,0,9,55,2.887841,8,0.005417603999376297,0.0029424019157886505,2.7040226459503174,0.4820793824116083,0.12948538847668256,0.16348773841961856,0.1125,0.29900332225913623,0.2323232323232323,2204,2085,0,400,383,0.8163069486618042,0.9574999809265137,0.9434589743614197,0.07578119392187323,0.07541478207955758,0.050000001986821495,0.49072854056242765,0.1305972248101919,0.4958330705839012,0.13159865533959483,0.5049950049950049,0.133653429346768,0.5576433533244165,0.14602150063844596
npy,./data/MSL,T-4,T-4,gate_noTTA,100,256,128,0.15,50,64,0.001,1,1,1,0,0.001,adam,0.1,0.99,fixed,gated,5000,unc,8,0.95,"[0.5, 1.0, 2.0]",0,0,6,55,2.887841,8,0.00419923011213541,0.0023151792120188475,2.930634021759033,0.4445321566404879,0.027957039187843896,0.046224961479198766,0.02586206896551724,0.21739130434782608,0.06143344709897611,2118,1384,0,168,134,0.9031791687011719,0.7976190447807312,0.6410256624221802,0.06894067956998283,0.4292452832063039,0.35854272668560344,0.4304914581815237,0.027375303328951026,0.423622918522117,0.027396415900151593,0.4215583083690929,0.027943270377800637,0.4243381102744717,0.028050499375169607
npy,./data/MSL,F-8,F-8,noMask_fixed,100,256,128,0.15,50,64,0.001,1,0,1,1,0.001,adam,0.1,0.99,fixed,gated,5000,none,8,0.95,"[0.5, 1.0, 2.0]",0,0,2,55,2.887786,0,0.005096034146845341,inf,3.867225170135498,0.5539731652580815,0.22796808022037227,0.18893129770992367,0.19373776908023482,0.18435754189944134,0.39335394126738793,2388,1890,35,537,493,0.7391534447669983,0.9180633425712585,0.7547271847724915,0.026592457514112718,0.25244072048614424,0.29400750001271564,,,,,,,,
npy,./data/MSL,T-8,T-8,mask_noTTA,100,256,128,0.15,50,64,0.001,1,1,1,0,0.001,adam,0.1,0.99,fixed,gated,5000,none,8,0.95,"[0.5, 1.0, 2.0]",0,0,2,55,2.887841,8,0.004732235800474882,0.002655688440427184,0.8391733169555664,0.5762381169828552,0.114564610789944,0.14696485623003194,0.08243727598566308,0.6764705882352942,0.16304347826086957,1420,0,0,300,0,0.0,0.0,0.0,0.0700794475179323,1.0,1.0,0.5982813732408984,0.11851326472205195,0.6110672921250364,0.12431043834068761,0.6258942532552895,0.13140008515785195,0.6380713188592304,0.14475714088380967
npy,./data/MSL,F-5,F-5,base_noTTA,100,256,128,0.15,50,64,0.001,1,0,1,0,0.001,adam,0.1,0.99,fixed,gated,5000,none,8,0.95,"[0.5, 1.0, 2.0]",0,0,5,55,2.887786,0,0.0030754082836210728,inf,3.183300018310547,0.8144668004868102,0.3447688442752034,0.2516382699868938,0.1568627450980392,0.6357615894039735,0.3786407766990291,3823,3181,0,250,58,0.9817667603492737,0.23199999332427979,0.8740554451942444,0.009286537739172238,0.22454308221737543,0.09942355751991272,,,,,,,,
npy,./data/MSL,F-7,F-7,mask_noTTA,100,256,128,0.15,50,64,0.001,1,1,1,0,0.001,adam,0.1,0.99,fixed,gated,5000,none,8,0.95,"[0.5, 1.0, 2.0]",0,0,5,55,2.887841,8,0.004591408185660839,0.004300329368561506,3.123135805130005,0.4424315934398312,0.07103958290901528,0.06862745098039216,0.052434456928838954,0.09929078014184398,0.1546617915904936,4955,4624,0,720,652,0.8589965105056763,0.9055555462837219,0.9378984570503235,0.07741419987529366,0.00976519612595439,0.05050505014757315,0.4556766941666118,0.07185871547224215,0.46057022440506545,0.07219950963210209,0.464741415264486,0.07260459484009636,0.5025128732108062,0.0819154599452494
npy,./data/MSL,P-14,P-14,fixed,100,256,128,0.15,50,64,0.001,1,1,1,1,0.001,adam,0.1,0.99,fixed,gated,5000,none,8,0.95,"[0.5, 1.0, 2.0]",0,0,6,55,2.887841,8,0.0022931236308068037,0.0017232660902664065,3.871918201446533,0.9042301269719482,0.5020280634545443,0.36363636363636365,0.23985890652557318,0.7513812154696132,0.47422680412371143,6001,5438,90,280,109,0.9799558520317078,0.38928571343421936,0.9314805269241333,0.10053755104333197,0.005555555534859498,0.2228472282489141,0.9200738515073194,0.5322051683112681,0.9240669853333072,0.5555819621434098,0.9273049893637773,0.5902576036988283,0.9019843392240925,0.4953629425180258
npy,./data/MSL,M-4,M-4,base_noTTA,100,256,128,0.15,50,64,0.001,1,0,1,0,0.001,adam,0.1,0.99,fixed,gated,5000,none,8,0.95,"[0.5, 1.0, 2.0]",0,0,4,55,2.887786,0,0.004828601609915495,inf,2.5027639865875244,0.42367519290493316,0.10738432659696366,0.1554192229038855,0.10453920220082531,0.30278884462151395,0.21940559440559443,1939,1256,0,350,338,0.7308917045593262,0.9657142758369446,0.5777218341827393,0.010056616166868796,0.4020618498325348,0.4838034510612488,,,,,,,,
npy,./data/MSL,M-3,M-3,fixed,100,256,128,0.15,50,64,0.001,1,1,1,1,0.001,adam,0.1,0.99,fixed,gated,5000,none,8,0.95,"[0.5, 1.0, 2.0]",0,0,9,55,2.887841,8,0.00486458744853735,0.002775755012407899,2.603154420852661,0.4235425037589514,0.10326031946367277,0.1432896064581231,0.09594594594594595,0.28286852589641437,0.21155480033984708,2028,1488,32,350,305,0.7950268983840942,0.8714285492897034,0.705005943775177,0.08655417365200185,0.25615762919187546,0.3023290162285169,0.433923155990112,0.10489058068528863,0.44421461276429464,0.10614940414831096,0.4623765067661125,0.10868220503245556,0.5430941479285417,0.12154491858147662
npy,./data/MSL,P-11,P-11,gate_noTTA,100,256,128,0.15,50,64,0.001,1,1,1,0,0.001,adam,0.1,0.99,fixed,gated,5000,unc,8,0.95,"[0.5, 1.0, 2.0]",0,0,0,55,2.887841,8,0.0029366558883339167,0.001911642961204052,4.940882205963135,0.7199229173629569,0.12443175485680544,0.08275862068965517,0.08695652173913043,0.07894736842105263,0.22735042735042738,3436,3387,0,426,409,0.8792441487312317,0.9600939154624939,0.9893687963485718,0.06965853976426219,0.0,0.0,0.748755961570088,0.13149981596398752,0.7485530427217121,0.1315175475965515,0.7423248929702544,0.13065484992145884,0.7312930042069189,0.14009792461886658
npy,./data/MSL,M-4,M-4,noMask_fixed,100,256,128,0.15,50,64,0.001,1,0,1,1,0.001,adam,0.1,0.99,fixed,gated,5000,none,8,0.95,"[0.5, 1.0, 2.0]",0,0,0,55,2.887786,0,0.004799067974090576,inf,2.5024521350860596,0.4338393488162626,0.11566694108723562,0.1510204081632653,0.10150891632373114,0.2948207171314741,0.21969365426695842,1939,1302,30,350,337,0.741167426109314,0.9628571271896362,0.6073001623153687,0.02759667387200484,0.3831615174810092,0.44584251443545025,,,,,,,,
npy,./data/MSL,T-4,T-4,mask_noTTA,100,256,128,0.15,50,64,0.001,1,1,1,0,0.001,adam,0.1,0.99,fixed,gated,5000,none,8,0.95,"[0.5, 1.0, 2.0]",0,0,1,55,2.887841,8,0.003976329229772091,0.002388923428952694,2.920930862426758,0.43916821849782745,0.027723983298473257,0.060422960725075525,0.03372681281618887,0.2898550724637681,0.06324110671936758,2118,1360,0,168,142,0.895588219165802,0.8452380895614624,0.6246153712272644,0.0668169756448978,0.48113207519054413,0.4595293353001277,0.43005964429330956,0.027146437481185056,0.430437481445497,0.02691525446662027,0.4300124146492862,0.026516304812730835,0.40914365908293526,0.024950796428244264
npy,./data/MSL,F-8,F-8,noMask_fixed,100,256,128,0.15,50,64,0.001,1,0,1,1,0.001,adam,0.1,0.99,fixed,gated,5000,none,8,0.95,"[0.5, 1.0, 2.0]",0,0,1,55,2.887786,0,0.005239554215222597,inf,3.8889923095703125,0.559290455044645,0.23344535100291058,0.2020972354623451,0.20703125,0.1973929236499069,0.3987706492508644,2388,1965,35,537,510,0.7404580116271973,0.9497206807136536,0.7860615849494934,0.02449900660682563,0.24128313222900033,0.2659175992012024,,,,,,,,
npy,./data/MSL,M-4,M-4,gate_gbuf5k,100,256,128,0.15,50,64,0.001,1,1,1,1,0.001,adam,0.1,0.99,adaptive,gated,5000,unc,8,0.95,"[0.5, 1.0, 2.0]",0,0,2,55,2.887841,8,0.00492908013984561,0.0029545044526457787,2.601238250732422,0.40142284805935746,0.10993775926687202,0.12323491655969195,0.09090909090909091,0.19123505976095617,0.21969365426695842,1939,1788,31,350,341,0.8092840909957886,0.9742857217788696,0.9106355905532837,0.098516917708241,0.15635738521814346,0.0,0.39032454401755046,0.10791858510514268,0.3883893636422413,0.10658592566312228,0.3891518425458769,0.10514571753729654,0.40869761023059414,0.10044976388153842
npy,./data/MSL,D-14,D-14,gate_noTTA,100,256,128,0.15,50,64,0.001,1,1,1,0,0.001,adam,0.1,0.99,fixed,gated,5000,unc,8,0.95,"[0.5, 1.0, 2.0]",0,0,9,55,2.887841,8,0.005123554728925228,0.002641454106196761,4.934486627578735,0.47791049476442726,0.28065779053341927,0.14103425117528542,0.08287292817679558,0.47297297297297297,0.34083601286173637,2526,572,0,420,110,0.807692289352417,0.261904776096344,0.21937322616577148,0.07523342624884792,0.894598146279653,0.3994709054629008,0.49810484641945313,0.2887581338786776,0.5109004135221363,0.2970258192240027,0.5257898347785988,0.30832955774988297,0.5042439443188507,0.19461961903186759
npy,./data/MSL,S-2,S-2,noMask_fixed,100,256,128,0.15,50,64,0.001,1,0,1,1,0.001,adam,0.1,0.99,fixed,gated,5000,none,8,0.95,"[0.5, 1.0, 2.0]",0,0,5,55,2.887786,0,0.004502295050770044,inf,1.1358067989349365,0.6988886663996796,0.28085407376003074,0.015965166908563137,0.008046817849305048,1.0,0.42857142857142855,1728,0,0,110,0,0.0,0.0,0.0,0.010708967844645182,1.0,1.0,,,,,,,,
npy,./data/MSL,P-10,P-10,base_noTTA,100,256,128,0.15,50,64,0.001,1,0,1,0,0.001,adam,0.1,0.99,fixed,gated,5000,none,8,0.95,"[0.5, 1.0, 2.0]",0,0,3,55,2.887786,0,0.0018775195349007845,inf,5.039313316345215,0.9659461927337042,0.5319391034592271,0.3843537414965986,0.24726477024070023,0.8625954198473282,0.5024630541871921,6001,5353,0,230,41,0.9923407435417175,0.17826086282730103,0.9204643964767456,0.008831856906702074,0.0005555555690079927,0.24406907459100088,,,,,,,,
npy,./data/MSL,D-16,D-16,base_noTTA,100,256,128,0.15,50,64,0.001,1,0,1,0,0.001,adam,0.1,0.99,fixed,gated,5000,none,8,0.95,"[0.5, 1.0, 2.0]",0,0,1,55,2.887786,0,0.0038933742325752974,inf,1.6746540069580078,0.5220370259540767,0.34310042946880703,0.4218678815489749,0.29987046632124353,0.7112135176651305,0.4669316949765088,2092,0,0,750,0,0.0,0.0,0.0,0.009320890014531735,1.0,1.0,,,,,,,,
npy,./data/MSL,M-6,M-6,mask_noTTA,100,256,128,0.15,50,64,0.001,1,1,1,0,0.001,adam,0.1,0.99,fixed,gated,5000,none,8,0.95,"[0.5, 1.0, 2.0]",0,0,8,55,2.887841,8,0.002158557064831257,0.0014375646132975817,2.0292932987213135,0.7444899262957398,0.6288862492855302,0.1812577065351418,0.10201249132546843,0.8121546961325967,0.7163120567375887,1950,0,0,199,0,0.0,0.0,0.0,0.06898036369910607,1.0,0.6666666666666666,0.7519786577070049,0.6404023816603853,0.7552350136642729,0.6402271693708511,0.7595945674163285,0.639282180988983,0.782915518118471,0.6331985764802364
npy,./data/MSL,C-2,C-2,mask_noTTA,100,256,128,0.15,50,64,0.001,1,1,1,0,0.001,adam,0.1,0.99,fixed,gated,5000,none,8,0.95,"[0.5, 1.0, 2.0]",0,0,4,55,2.887841,8,0.005908480379730463,0.002852685982361436,0.8480224609375,0.6148510018381651,0.1059239231584464,0.17358490566037735,0.10486322188449848,0.5036496350364964,0.19938650306748468,1952,1313,0,335,133,0.898705244064331,0.39701491594314575,0.7297464609146118,0.06942402143947414,0.7031637330849966,0.24428274979194006,0.6795643319680571,0.1224559215010515,0.7093944733008413,0.13629369556601878,0.7437513824375137,0.16479295036291103,0.8091740460227749,0.30417981890256773
npy,./data/MSL,C-2,C-2,gate_noTTA,100,256,128,0.15,50,64,0.001,1,1,1,0,0.001,adam,0.1,0.99,fixed,gated,5000,unc,8,0.95,"[0.5, 1.0, 2.0]",0,0,2,55,2.887841,8,0.006094817072153091,0.0028119401540607214,0.8372237682342529,0.6290452981870047,0.1050201957644849,0.1717171717171717,0.10381679389312977,0.49635036496350365,0.20415879017013233,1952,1326,0,335,133,0.8996983170509338,0.39701491594314575,0.7377859950065613,0.06968173824372839,0.6613863209883372,0.22905983527501425,0.6923666567512528,0.12105957812937038,0.7180399514907444,0.1350899975292675,0.7474467809227437,0.1613007185438357,0.7943733839782166,0.28364340907333785
npy,./data/MSL,D-15,D-15,mask_noTTA,100,256,128,0.15,50,64,0.001,1,1,1,0,0.001,adam,0.1,0.99,fixed,gated,5000,none,8,0.95,"[0.5, 1.0, 2.0]",0,0,0,55,2.887841,8,0.004260675981640816,0.0032881039660423994,2.5679166316986084,0.616375821809405,0.3814877100598804,0.3581616481774961,0.3639291465378422,0.35257410296411856,0.4940357852882703,2059,956,0,658,34,0.9644351601600647,0.05167173221707344,0.6581013798713684,0.06994812045067245,0.3220064816996455,0.0,0.6774352450696578,0.41765102527885645,0.6996895300993318,0.44003579863757225,0.7235141613970426,0.4747605967545849,0.8028788653194118,0.6439559914737414
npy,./data/MSL,S-2,S-2,gate_gbuf5k,100,256,128,0.15,50,64,0.001,1,1,1,1,0.001,adam,0.1,0.99,adaptive,gated,5000,unc,8,0.95,"[0.5, 1.0, 2.0]",0,0,0,55,2.887841,8,0.004650018643587828,0.0021907896734774113,1.1121320724487305,0.6270524629555466,0.2804426983919343,0.01797175866495507,0.009114583333333334,0.6363636363636364,0.42857142857142855,1728,347,25,110,0,1.0,0.0,0.2144622951745987,0.09377452510374563,0.28709054986635846,0.0,0.6752102523027633,0.28085808646905047,0.7119543452142572,0.28208264289345925,0.7610132158590308,0.29239996684009123,0.7525030036043252,0.046945521579550606
npy,./data/MSL,C-1,C-1,gate_noTTA,100,256,128,0.15,50,64,0.001,1,1,1,0,0.001,adam,0.1,0.99,fixed,gated,5000,unc,8,0.95,"[0.5, 1.0, 2.0]",0,0,3,55,2.887841,8,0.005589597392827272,0.0023749470710754395,2.5894253253936768,0.65614491382934,0.2090777678909368,0.23416965352449226,0.18666666666666668,0.3141025641025641,0.3139974779319042,2165,1605,0,464,329,0.7950155735015869,0.7090517282485962,0.7501469850540161,0.07113991928981578,0.8894009192784628,0.0,0.6548953735813366,0.21654352346379308,0.650785519125683,0.22232514132016756,0.6481074637452712,0.2352887989419246,0.6524586879991593,0.2445408529491108
npy,./data/MSL,M-3,M-3,noMask_fixed,100,256,128,0.15,50,64,0.001,1,0,1,1,0.001,adam,0.1,0.99,fixed,gated,5000,none,8,0.95,"[0.5, 1.0, 2.0]",0,0,3,55,2.887786,0,0.00475034536793828,inf,2.4314844608306885,0.4391304717165454,0.10406357123315862,0.13132400430570507,0.08997050147492626,0.24302788844621515,0.21400608960417572,2028,1597,32,350,338,0.7883531451225281,0.9657142758369446,0.7502979636192322,0.030079301762627898,0.22495894382397333,0.2561243996024132,,,,,,,,
npy,./data/MSL,F-4,F-4,mask_noTTA,100,256,128,0.15,50,64,0.001,1,1,1,0,0.001,adam,0.1,0.99,fixed,gated,5000,none,8,0.95,"[0.5, 1.0, 2.0]",0,0,9,55,2.887841,8,0.003847501240670681,0.001890485524199903,3.023610830307007,0.5564536127538132,0.025958936871278347,0.060000000000000005,0.03496503496503497,0.2112676056338028,0.06696428571428571,3323,3147,0,170,165,0.9475691318511963,0.970588207244873,0.9457659125328064,0.07900853060901147,0.091091088950634,0.07235284770528476,0.5153475313234225,0.023648277065815754,0.498287246607067,0.022625778533761527,0.4845600010087382,0.02144999084943257,0.41538577931330145,0.01669902282755521
npy,./data/MSL,M-3,M-3,noMask_fixed,100,256,128,0.15,50,64,0.001,1,0,1,1,0.001,adam,0.1,0.99,fixed,gated,5000,none,8,0.95,"[0.5, 1.0, 2.0]",0,0,2,55,2.887786,0,0.0047609698958694935,inf,2.4209976196289062,0.41978355235773324,0.10769786996951876,0.12652608213096558,0.0876923076923077,0.22709163346613545,0.21172501054407422,2028,1599,32,350,340,0.7873671054840088,0.9714285731315613,0.7502979636192322,0.0295892975034093,0.22495894879102707,0.2616651952266693,,,,,,,,
npy,./data/MSL,M-2,M-2,gate_noTTA,100,256,128,0.15,50,64,0.001,1,1,1,0,0.001,adam,0.1,0.99,fixed,gated,5000,unc,8,0.95,"[0.5, 1.0, 2.0]",0,0,4,55,2.887841,8,0.005533946678042412,0.002706236904487014,2.685288906097412,0.7003053597659578,0.6965717842789766,0.5505857294994674,0.7014925373134329,0.45311130587204207,0.6954574536148432,2178,1033,0,1167,119,0.8848015666007996,0.1019708663225174,0.9040554165840149,0.07599280228627943,0.0993883814662695,0.0,0.7597000715952155,0.7340838110274983,0.786350773351767,0.7579892220955823,0.8148318592536817,0.7902715230824939,0.8534790028514646,0.853716708367529
npy,./data/MSL,M-7,M-7,gate_noTTA,100,256,128,0.15,50,64,0.001,1,1,1,0,0.001,adam,0.1,0.99,fixed,gated,5000,unc,8,0.95,"[0.5, 1.0, 2.0]",0,0,1,55,2.887841,8,0.002730562351644039,0.0017811335856094956,1.9178409576416016,0.8849124328491242,0.5563415862310132,0.16172506738544476,0.08893280632411067,0.8910891089108911,0.6733668341708543,2057,363,0,200,0,1.0,0.0,0.19547657668590546,0.06757909137761066,1.0,0.29430894056955975,0.9008648310086482,0.5747295688434854,0.910149117101491,0.598473662088588,0.9175158391751584,0.6135687650941317,0.9183927151839272,0.45092865822092404
npy,./data/MSL,C-1,C-1,gate_gbuf5k,100,256,128,0.15,50,64,0.001,1,1,1,1,0.001,adam,0.1,0.99,adaptive,gated,5000,unc,8,0.95,"[0.5, 1.0, 2.0]",0,0,0,55,2.887841,8,0.005544409155845642,0.0025387497153133154,2.6519947052001953,0.6708504098360656,0.21070550768202775,0.18944519621109607,0.16393442622950818,0.22435897435897437,0.32789115646258504,2165,1895,33,464,409,0.7841688394546509,0.881465494632721,0.8736037611961365,0.09100905191540443,0.2027649780114492,0.0,0.6746187342370744,0.21268573933459647,0.6711689522908786,0.21211661066618948,0.6675919175598992,0.21181787016940623,0.6499727432744851,0.20502291846885023
npy,./data/MSL,D-14,D-14,mask_noTTA,100,256,128,0.15,50,64,0.001,1,1,1,0,0.001,adam,0.1,0.99,fixed,gated,5000,none,8,0.95,"[0.5, 1.0, 2.0]",0,0,9,55,2.887841,8,0.005123554728925228,0.002641454106196761,5.01694655418396,0.47791049476442726,0.28065779053341927,0.14103425117528542,0.08287292817679558,0.47297297297297297,0.34083601286173637,2526,623,0,420,117,0.812199056148529,0.2785714268684387,0.24026590585708618,0.07106799127936646,0.894598146279653,0.3994709054629008,0.49810484641945313,0.2887581338786776,0.5109004135221363,0.2970258192240027,0.5257898347785988,0.30832955774988297,0.5042439443188507,0.19461961903186759
npy,./data/MSL,T-13,T-13,base_noTTA,100,256,128,0.15,50,64,0.001,1,0,1,0,0.001,adam,0.1,0.99,fixed,gated,5000,none,8,0.95,"[0.5, 1.0, 2.0]",0,0,4,55,2.887786,0,0.0027038485277444124,inf,1.3122122287750244,0.7017223096768552,0.21741819855366418,0.18627450980392157,0.24358974358974358,0.15079365079365079,0.29649595687331537,2331,2327,0,450,446,0.8083369135856628,0.9911110997200012,1.0,0.009009174296192118,0.0,0.0,,,,,,,,
npy,./data/MSL,C-1,C-1,base_noTTA,100,256,128,0.15,50,64,0.001,1,0,1,0,0.001,adam,0.1,0.99,fixed,gated,5000,none,8,0.95,"[0.5, 1.0, 2.0]",0,0,8,55,2.887786,0,0.005539356730878353,inf,2.7394051551818848,0.6581284153005464,0.19978200414936245,0.2273838630806846,0.18379446640316205,0.2980769230769231,0.3181818181818182,2165,1664,0,464,349,0.7902644276618958,0.7521551847457886,0.7730746865272522,0.008544305180291931,0.9001536170641581,0.0,,,,,,,,
npy,./data/MSL,F-5,F-5,mask_noTTA,100,256,128,0.15,50,64,0.001,1,1,1,0,0.001,adam,0.1,0.99,fixed,gated,5000,none,8,0.95,"[0.5, 1.0, 2.0]",0,0,8,55,2.887841,8,0.0032965552527457476,0.0018330897437408566,3.4153778553009033,0.8284784017449304,0.4463570844868145,0.27320954907161804,0.17081260364842454,0.6821192052980133,0.5022026431718062,3823,3272,0,250,58,0.9822738170623779,0.23199999332427979,0.8995242118835449,0.0720789942041667,0.18450826903184256,0.08197154849767685,0.8905590064293379,0.5380248677926026,0.9071407622830912,0.5934701410817648,0.9192600905129948,0.6200989347356795,0.9397809353711929,0.514661672218692
npy,./data/MSL,F-4,F-4,noMask_fixed,100,256,128,0.15,50,64,0.001,1,0,1,1,0.001,adam,0.1,0.99,fixed,gated,5000,none,8,0.95,"[0.5, 1.0, 2.0]",0,0,3,55,2.887786,0,0.00366141926497221,inf,2.690288543701172,0.519302625661459,0.027099706835482545,0.0606060606060606,0.03537735849056604,0.2112676056338028,0.07236842105263158,3323,3163,52,170,163,0.9484666585922241,0.9588235020637512,0.9514747858047485,0.027786419042219356,0.10410410165786743,0.04253110724190871,,,,,,,,
npy,./data/MSL,F-8,F-8,gate_noTTA,100,256,128,0.15,50,64,0.001,1,1,1,0,0.001,adam,0.1,0.99,fixed,gated,5000,unc,8,0.95,"[0.5, 1.0, 2.0]",0,0,9,55,2.887841,8,0.0057070497423410416,0.003362905001267791,4.3761022090911865,0.5616339588406628,0.24793857859566226,0.22410546139359697,0.22666666666666666,0.22160148975791433,0.379746835443038,2388,2039,0,537,411,0.7984306216239929,0.7653631567955017,0.8795245885848999,0.07245408829732157,0.09623430793484052,0.0805243452390035,0.5623033949290932,0.24922815270444953,0.5577882824810199,0.24993033432600878,0.5536456095115313,0.25381642788697717,0.555273838514062,0.28130481060937085
npy,./data/MSL,F-4,F-4,base_noTTA,100,256,128,0.15,50,64,0.001,1,0,1,0,0.001,adam,0.1,0.99,fixed,gated,5000,none,8,0.95,"[0.5, 1.0, 2.0]",0,0,8,55,2.887786,0,0.003687725169584155,inf,2.956969738006592,0.528982309253912,0.02385952882383103,0.050682261208576995,0.029411764705882353,0.18309859154929578,0.056022408963585436,3323,3122,0,170,160,0.9487507939338684,0.9411764740943909,0.9394227862358093,0.009027762905216131,0.11211211482683818,0.07043089469273885,,,,,,,,
npy,./data/MSL,C-2,C-2,fixed,100,256,128,0.15,50,64,0.001,1,1,1,1,0.001,adam,0.1,0.99,fixed,gated,5000,none,8,0.95,"[0.5, 1.0, 2.0]",0,0,7,55,2.887841,8,0.005907835904508829,0.0029464345425367355,0.8892428874969482,0.6285380866302085,0.09758299331776091,0.166270783847981,0.09929078014184398,0.5109489051094891,0.18449197860962566,1952,1183,24,335,127,0.8926458358764648,0.37910446524620056,0.6530612111091614,0.08301326974493559,0.7170179386933645,0.45987526575724286,0.6855402756485063,0.11312839034668482,0.7112478929745478,0.1270580343050759,0.7418064358663403,0.15683065264080856,0.8126406272643374,0.30406150602902865
npy,./data/MSL,M-2,M-2,mask_noTTA,100,256,128,0.15,50,64,0.001,1,1,1,0,0.001,adam,0.1,0.99,fixed,gated,5000,none,8,0.95,"[0.5, 1.0, 2.0]",0,0,1,55,2.887841,8,0.006376439239829779,0.002852081088349223,2.8246190547943115,0.6953469281949365,0.6942944018934469,0.533695652173913,0.7024320457796852,0.4303242769500438,0.6967213114754097,2178,1272,0,1167,291,0.7712264060974121,0.24935732781887054,0.9703264236450195,0.07571442834382981,0.0458715595304966,0.0,0.7572320425621212,0.734764209825645,0.7847583970078137,0.7607359523210667,0.8128113003172408,0.7945070263308048,0.8356342039969881,0.8456309308855737
npy,./data/MSL,F-8,F-8,base_noTTA,100,256,128,0.15,50,64,0.001,1,0,1,0,0.001,adam,0.1,0.99,fixed,gated,5000,none,8,0.95,"[0.5, 1.0, 2.0]",0,0,2,55,2.887786,0,0.005096034146845341,inf,3.870847225189209,0.5435754189944133,0.22327072514561003,0.18267419962335218,0.18476190476190477,0.18063314711359404,0.38741101536155864,2388,1775,0,537,448,0.7476056218147278,0.8342644572257996,0.7169097661972046,0.007956271594892594,0.2538354204346736,0.3258426984151204,,,,,,,,
npy,./data/MSL,F-8,F-8,fixed,100,256,128,0.15,50,64,0.001,1,1,1,1,0.001,adam,0.1,0.99,fixed,gated,5000,none,8,0.95,"[0.5, 1.0, 2.0]",0,0,0,55,2.887841,8,0.006161646451801062,0.0034982729703187943,4.253784656524658,0.6144525617151315,0.2574731173895483,0.2119460500963391,0.21956087824351297,0.2048417132216015,0.40924956369982546,2388,2261,38,537,480,0.7877045273780823,0.8938547372817993,0.9621825814247131,0.0950757981944124,0.030683401816835005,0.00374531839042902,0.6024533256935491,0.25391042012028536,0.5890006207324644,0.24990435377651365,0.5758706966528195,0.2483521258741862,0.5625430931576183,0.2705774148635224
npy,./data/MSL,T-8,T-8,gate_gbuf5k,100,256,128,0.15,50,64,0.001,1,1,1,1,0.001,adam,0.1,0.99,adaptive,gated,5000,unc,8,0.95,"[0.5, 1.0, 2.0]",0,0,4,55,2.887841,8,0.004916852805763483,0.003438783809542656,0.890167236328125,0.5732976323909945,0.11874621159378693,0.12100840336134454,0.07302231237322515,0.35294117647058826,0.1648351648351648,1420,1002,22,300,174,0.826347291469574,0.5799999833106995,0.7392857074737549,0.10248607313129264,0.17840375130375227,0.0,0.5832260921305713,0.12116352966957475,0.5902279048528374,0.1230732857908272,0.6011665075345594,0.12670510699668813,0.6034912200589482,0.10417975306296971
npy,./data/MSL,M-5,M-5,base_noTTA,100,256,128,0.15,50,64,0.001,1,0,1,0,0.001,adam,0.1,0.99,fixed,gated,5000,none,8,0.95,"[0.5, 1.0, 2.0]",0,0,4,55,2.887786,0,0.004571215249598026,inf,2.4486351013183594,0.5108794859625424,0.13549289588611232,0.19153225806451613,0.13748191027496381,0.31561461794019935,0.23975588491717525,2204,1967,0,400,336,0.8291814923286438,0.8399999737739563,0.9041019678115845,0.008622228342045889,0.1131221754476428,0.0909090864782532,,,,,,,,
npy,./data/MSL,D-15,D-15,base_noTTA,100,256,128,0.15,50,64,0.001,1,0,1,0,0.001,adam,0.1,0.99,fixed,gated,5000,none,8,0.95,"[0.5, 1.0, 2.0]",0,0,5,55,2.887786,0,0.0037612144369632006,inf,2.498507261276245,0.6462648486163574,0.39129225954439156,0.37269076305220883,0.3841059602649007,0.3619344773790952,0.5172251061821613,2059,968,0,658,53,0.9452479481697083,0.08054710924625397,0.6531049013137817,0.009226416893060953,0.3058252452562253,0.0,,,,,,,,
npy,./data/MSL,M-6,M-6,noMask_fixed,100,256,128,0.15,50,64,0.001,1,0,1,1,0.001,adam,0.1,0.99,fixed,gated,5000,none,8,0.95,"[0.5, 1.0, 2.0]",0,0,8,55,2.887786,0,0.0022849184460937977,inf,1.6794495582580566,0.7463709820530717,0.6327009253355903,0.18181818181818185,0.10194500335345406,0.8397790055248618,0.7137809187279153,1950,0,0,199,0,0.0,0.0,0.0,0.012819950397198018,1.0,0.6666666666666666,,,,,,,,
npy,./data/MSL,M-2,M-2,base_noTTA,100,256,128,0.15,50,64,0.001,1,0,1,0,0.001,adam,0.1,0.99,fixed,gated,5000,none,8,0.95,"[0.5, 1.0, 2.0]",0,0,2,55,2.887786,0,0.005845610983669758,inf,2.5259759426116943,0.717784467541445,0.7083574426473866,0.5392265193370167,0.7294469357249627,0.42769500438212094,0.7021276595744682,2178,1193,0,1167,233,0.8046940565109253,0.19965724647045135,0.9495549201965332,0.010331362294318809,0.07798165393372376,0.0,,,,,,,,
npy,./data/MSL,T-13,T-13,gate_noTTA,100,256,128,0.15,50,64,0.001,1,1,1,0,0.001,adam,0.1,0.99,fixed,gated,5000,unc,8,0.95,"[0.5, 1.0, 2.0]",0,0,0,55,2.887841,8,0.002732192864641547,0.0021654521115124226,1.3839435577392578,0.70291843397904,0.21546808328336825,0.1658291457286432,0.22602739726027396,0.13095238095238096,0.29535864978902954,2331,2328,0,450,448,0.80756014585495,0.995555579662323,0.9994683861732483,0.06971968851699076,0.0,0.0,0.7212365356304751,0.22866272376750257,0.7199757313393677,0.23388890722140165,0.7141545323363504,0.23504240479735308,0.6922435028495634,0.23086920519025933
npy,./data/MSL,P-10,P-10,gate_gbuf5k,100,256,128,0.15,50,64,0.001,1,1,1,1,0.001,adam,0.1,0.99,adaptive,gated,5000,unc,8,0.95,"[0.5, 1.0, 2.0]",0,0,9,55,2.887841,8,0.002042789477854967,0.001656471285969019,5.64131498336792,0.9553545736943675,0.5406823793868337,0.31155778894472363,0.19957081545064378,0.7099236641221374,0.5353535353535354,6001,5384,91,230,52,0.9903417825698853,0.22608695924282074,0.9239299893379211,0.1048911434275928,0.004999999888241291,0.1135885842765371,0.960351127133958,0.5575005198943517,0.9601772005233145,0.5640005421452023,0.9579212700734967,0.5682046417799316,0.9218046420500832,0.40596900845360867
npy,./data/MSL,M-4,M-4,fixed,100,256,128,0.15,50,64,0.001,1,1,1,1,0.001,adam,0.1,0.99,fixed,gated,5000,none,8,0.95,"[0.5, 1.0, 2.0]",0,0,3,55,2.887841,8,0.004793999716639519,0.002764941891655326,2.5610241889953613,0.4060802118888742,0.11198469998480773,0.13152804642166344,0.08684546615581099,0.27091633466135456,0.21998247151621386,1939,1255,29,350,327,0.7394422292709351,0.9342857003211975,0.5840151309967041,0.08449940536365244,0.39175258328517276,0.45518751939137775,0.3942729362349149,0.10914211317990948,0.38930790547936955,0.10589114002822646,0.3844811018934893,0.10382904446209279,0.39415031535859923,0.09695486635607817
npy,./data/MSL,P-14,P-14,base_noTTA,100,256,128,0.15,50,64,0.001,1,0,1,0,0.001,adam,0.1,0.99,fixed,gated,5000,none,8,0.95,"[0.5, 1.0, 2.0]",0,0,1,55,2.887786,0,0.0023766409140080214,inf,3.3719687461853027,0.88393122998416,0.42492501262382304,0.3843843843843844,0.2639175257731959,0.7071823204419889,0.46216768916155415,6001,5427,0,280,109,0.9799152612686157,0.38928571343421936,0.929557740688324,0.009833922129514873,0.0011111111380159855,0.23930555085341135,,,,,,,,
npy,./data/MSL,T-4,T-4,mask_noTTA,100,256,128,0.15,50,64,0.001,1,1,1,0,0.001,adam,0.1,0.99,fixed,gated,5000,none,8,0.95,"[0.5, 1.0, 2.0]",0,0,8,55,2.887841,8,0.004024383146315813,0.002428127685561776,3.0781733989715576,0.44558470299301006,0.04214899363884303,0.050746268656716415,0.028286189683860232,0.2463768115942029,0.06165004533091569,2118,1406,0,168,138,0.9018492102622986,0.8214285969734192,0.6502563953399658,0.07059981622596863,0.4732704410950343,0.41854452217618626,0.4339189809192238,0.04164727271327598,0.43442501281947477,0.034394256419513394,0.4402410061263596,0.03466646847539573,0.4617844708930451,0.03500737902963444
npy,./data/MSL,D-16,D-16,gate_noTTA,100,256,128,0.15,50,64,0.001,1,1,1,0,0.001,adam,0.1,0.99,fixed,gated,5000,unc,8,0.95,"[0.5, 1.0, 2.0]",0,0,0,55,2.887841,8,0.003769508097320795,0.002169570419937372,1.752777338027954,0.5161489815867696,0.3493974378832121,0.4112494236975565,0.2938076416337286,0.685099846390169,0.4605973371716445,2092,0,0,750,0,0.0,0.0,0.0,0.06884188314696799,1.0,1.0,0.5269246114868235,0.3628984363492537,0.5344554830729946,0.377080181041044,0.5436910247970156,0.40314015004382453,0.558282961278353,0.4592385759019237
npy,./data/MSL,M-2,M-2,gate_gbuf5k,100,256,128,0.15,50,64,0.001,1,1,1,1,0.001,adam,0.1,0.99,adaptive,gated,5000,unc,8,0.95,"[0.5, 1.0, 2.0]",0,0,7,55,2.887841,8,0.0056137386709451675,0.0026002272497862577,2.9305357933044434,0.687307124958339,0.677646158789634,0.45871559633027525,0.6633499170812603,0.35056967572305,0.6926436009405441,2178,1625,35,1167,670,0.5876923203468323,0.5741216540336609,0.9446092844009399,0.09460302533306475,0.04281345630685488,0.0,0.7410498265667625,0.713076074305375,0.7676758403179814,0.7374385792205813,0.7967714261026281,0.7711469177444761,0.831349292071447,0.8386847358411178
npy,./data/MSL,T-5,T-5,noMask_fixed,100,256,128,0.15,50,64,0.001,1,0,1,1,0.001,adam,0.1,0.99,fixed,gated,5000,none,8,0.95,"[0.5, 1.0, 2.0]",0,0,7,55,2.887786,0,0.0029991082847118378,inf,2.7495322227478027,0.613700168444694,0.20859283753189073,0.04545454545454546,0.024324324324324326,0.34615384615384615,0.32258064516129037,2119,1453,32,125,22,0.9848589301109314,0.17599999904632568,0.7176529765129089,0.025959496455352338,0.4496855288743973,0.31066499029596645,,,,,,,,
npy,./data/MSL,T-13,T-13,gate_gbuf5k,100,256,128,0.15,50,64,0.001,1,1,1,1,0.001,adam,0.1,0.99,adaptive,gated,5000,unc,8,0.95,"[0.5, 1.0, 2.0]",0,0,0,55,2.887841,8,0.002732192864641547,0.0021654521115124226,1.386326551437378,0.7192068593583745,0.22437360052107108,0.17955112219451372,0.24161073825503357,0.14285714285714285,0.31794871794871793,2331,2325,37,450,446,0.8081720471382141,0.9911110997200012,0.9989367127418518,0.10942042206347322,0.0,0.0014306151618560155,0.7343292229655864,0.236864074863636,0.7295939189878583,0.2385677070448027,0.7191558441558442,0.23648482233490978,0.68953058725786,0.2314223637763587
npy,./data/MSL,T-13,T-13,mask_noTTA,100,256,128,0.15,50,64,0.001,1,1,1,0,0.001,adam,0.1,0.99,fixed,gated,5000,none,8,0.95,"[0.5, 1.0, 2.0]",0,0,0,55,2.887841,8,0.002732192864641547,0.0021654521115124226,1.4011998176574707,0.70291843397904,0.21546808328336825,0.1658291457286432,0.22602739726027396,0.13095238095238096,0.29535864978902954,2331,2331,0,450,450,0.80694979429245,1.0,1.0,0.06989520386737183,0.0,0.0,0.7212365356304751,0.22866272376750257,0.7199757313393677,0.23388890722140165,0.7141545323363504,0.23504240479735308,0.6922435028495634,0.23086920519025933
npy,./data/MSL,F-5,F-5,base_noTTA,100,256,128,0.15,50,64,0.001,1,0,1,0,0.001,adam,0.1,0.99,fixed,gated,5000,none,8,0.95,"[0.5, 1.0, 2.0]",0,0,3,55,2.887786,0,0.0030943427700549364,inf,2.987461805343628,0.7889329687524695,0.3932037592724603,0.2568306010928962,0.16179001721170397,0.6225165562913907,0.4504504504504505,3823,3200,0,250,60,0.981249988079071,0.23999999463558197,0.8788133263587952,0.008503679140306973,0.2175805071989695,0.09593315422534943,,,,,,,,
npy,./data/MSL,M-4,M-4,noMask_fixed,100,256,128,0.15,50,64,0.001,1,0,1,1,0.001,adam,0.1,0.99,fixed,gated,5000,none,8,0.95,"[0.5, 1.0, 2.0]",0,0,7,55,2.887786,0,0.0047042109072208405,inf,2.5879926681518555,0.43450818995980267,0.10878558319707851,0.15431472081218273,0.10354223433242507,0.30278884462151395,0.2205357142857143,1939,1239,30,350,326,0.736884593963623,0.9314285516738892,0.5745751857757568,0.03249476778562564,0.3986254334449768,0.4665144880612691,,,,,,,,
npy,./data/MSL,T-13,T-13,gate_noTTA,100,256,128,0.15,50,64,0.001,1,1,1,0,0.001,adam,0.1,0.99,fixed,gated,5000,unc,8,0.95,"[0.5, 1.0, 2.0]",0,0,3,55,2.887841,8,0.0026998063549399376,0.0016746650217100978,1.4106574058532715,0.7035870975264915,0.21462782608319886,0.17866004962779156,0.23841059602649006,0.14285714285714285,0.3130252100840336,2331,2290,0,450,426,0.8139737844467163,0.9466666579246521,0.9909622669219971,0.07701513338682223,0.0,0.0,0.7245452359088723,0.23245560964603743,0.7227669917063856,0.23642809618326932,0.7174012855831037,0.24070553393402105,0.6876120512484148,0.25381101061479155
npy,./data/MSL,T-12,T-12,noMask_fixed,100,256,128,0.15,50,64,0.001,1,0,1,1,0.001,adam,0.1,0.99,fixed,gated,5000,none,8,0.95,"[0.5, 1.0, 2.0]",0,0,5,55,2.887786,0,0.002840269822627306,inf,1.3984019756317139,0.7572273783148227,0.16593244188229067,0.20608899297423883,0.1437908496732026,0.36363636363636365,0.24624624624624625,2331,2188,36,220,134,0.9387568831443787,0.6090909242630005,0.9729985594749451,0.031105493179772965,0.0,0.05579399069150289,,,,,,,,
npy,./data/MSL,F-4,F-4,noMask_fixed,100,256,128,0.15,50,64,0.001,1,0,1,1,0.001,adam,0.1,0.99,fixed,gated,5000,none,8,0.95,"[0.5, 1.0, 2.0]",0,0,9,55,2.887786,0,0.003678451292216778,inf,2.9381775856018066,0.48319400137020274,0.02435380645913815,0.05907172995780591,0.034739454094292806,0.19718309859154928,0.05995717344753747,3323,3169,52,170,167,0.947301983833313,0.9823529124259949,0.9521090984344482,0.028741384822490737,0.10110109920303027,0.044154455264409385,,,,,,,,
npy,./data/MSL,M-5,M-5,fixed,100,256,128,0.15,50,64,0.001,1,1,1,1,0.001,adam,0.1,0.99,fixed,gated,5000,none,8,0.95,"[0.5, 1.0, 2.0]",0,0,9,55,2.887841,8,0.005417603999376297,0.0029424019157886505,2.68804669380188,0.4810986355836855,0.1307150351106725,0.16334283000949668,0.11436170212765957,0.2857142857142857,0.23520000000000002,2204,2134,35,400,396,0.8144329786300659,0.9900000095367432,0.9634146094322205,0.09521858229178483,0.061840121944745384,0.024242423474788666,0.49276968878297783,0.13309619388565314,0.5005691982436169,0.1346442927772222,0.5127696224041739,0.13940775999351646,0.5682971513536298,0.15142771564184
npy,./data/MSL,M-6,M-6,gate_noTTA,100,256,128,0.15,50,64,0.001,1,1,1,0,0.001,adam,0.1,0.99,fixed,gated,5000,unc,8,0.95,"[0.5, 1.0, 2.0]",0,0,3,55,2.887841,8,0.002141630742698908,0.00151160079985857,1.961012601852417,0.7584529203686396,0.6285796937782175,0.18482252141982866,0.10392291810048176,0.8342541436464088,0.7117437722419929,1950,0,0,199,0,0.0,0.0,0.0,0.06847088153545673,1.0,0.6666666666666666,0.7630195085593952,0.6414561216828265,0.7624516426703893,0.6402814076495761,0.7625640327942551,0.6382998246486026,0.752108793639902,0.627318253935239
npy,./data/MSL,D-15,D-15,base_noTTA,100,256,128,0.15,50,64,0.001,1,0,1,0,0.001,adam,0.1,0.99,fixed,gated,5000,none,8,0.95,"[0.5, 1.0, 2.0]",0,0,2,55,2.887786,0,0.003741210326552391,inf,2.4601521492004395,0.6252096623087072,0.38856826889735274,0.3692551505546751,0.3752012882447665,0.36349453978159124,0.500232450023245,2059,960,0,658,53,0.9447916746139526,0.08054710924625397,0.6473947167396545,0.008499813404055461,0.3171521046509345,0.0,,,,,,,,
npy,./data/MSL,F-4,F-4,noMask_fixed,100,256,128,0.15,50,64,0.001,1,0,1,1,0.001,adam,0.1,0.99,fixed,gated,5000,none,8,0.95,"[0.5, 1.0, 2.0]",0,0,1,55,2.887786,0,0.0037320994306355715,inf,2.7356529235839844,0.5215470681444682,0.0273553206991064,0.06181015452538631,0.03664921465968586,0.19718309859154928,0.07665505226480836,3323,3156,52,170,166,0.947401762008667,0.9764705896377563,0.94830322265625,0.03220666936460547,0.11011010656754176,0.0486999104420344,,,,,,,,
npy,./data/MSL,P-11,P-11,gate_gbuf5k,100,256,128,0.15,50,64,0.001,1,1,1,1,0.001,adam,0.1,0.99,adaptive,gated,5000,unc,8,0.95,"[0.5, 1.0, 2.0]",0,0,8,55,2.887841,8,0.002925823675468564,0.001960450317710638,4.935744524002075,0.7183260919156069,0.12224813217067752,0.08988764044943821,0.09216589861751152,0.08771929824561403,0.22001982160555003,3436,3393,54,426,417,0.8770999312400818,0.9788732528686523,0.9887043237686157,0.1125035935425231,0.0,0.0,0.7553634236786403,0.13316905354352218,0.7572095873187656,0.13539114936345795,0.7530344988567579,0.13642237929768086,0.7481299635541835,0.16006348283239163
npy,./data/MSL,P-10,P-10,mask_noTTA,100,256,128,0.15,50,64,0.001,1,1,1,0,0.001,adam,0.1,0.99,fixed,gated,5000,none,8,0.95,"[0.5, 1.0, 2.0]",0,0,1,55,2.887841,8,0.001976204803213477,0.0016722958534955978,5.401630163192749,0.9495178012607122,0.5340758135022593,0.30340557275541796,0.19029126213592232,0.7480916030534351,0.5416666666666667,6001,5407,0,230,56,0.9896430373191833,0.24347825348377228,0.9272223114967346,0.07666331333948004,0.0011111111380159855,0.2253453421096007,0.9567459865795158,0.5528493469449579,0.9576642167739428,0.5624622898212825,0.9565541557589531,0.5762116203791168,0.9042470064800452,0.3506732526619843
npy,./data/MSL,P-14,P-14,mask_noTTA,100,256,128,0.15,50,64,0.001,1,1,1,0,0.001,adam,0.1,0.99,fixed,gated,5000,none,8,0.95,"[0.5, 1.0, 2.0]",0,0,7,55,2.887841,8,0.0023436208721250296,0.0016218549571931362,3.7592356204986572,0.8940960797656018,0.39242355706775806,0.3315789473684211,0.21761658031088082,0.6961325966850829,0.4267631103074141,6001,5482,0,280,108,0.980299174785614,0.3857142925262451,0.9393462538719177,0.08342365804582293,0.0033333334140479565,0.21076388657093048,0.9145153868196716,0.4249811298586397,0.9180091455645693,0.44924397229708585,0.918673734457534,0.4891903769353597,0.899828158967423,0.602748373530229
npy,./data/MSL,T-4,T-4,mask_noTTA,100,256,128,0.15,50,64,0.001,1,1,1,0,0.001,adam,0.1,0.99,fixed,gated,5000,none,8,0.95,"[0.5, 1.0, 2.0]",0,0,0,55,2.887841,8,0.004090030211955309,0.002119779819622636,2.708123207092285,0.48518338596065097,0.031188521428048017,0.05792682926829267,0.03236797274275979,0.2753623188405797,0.06387225548902196,2118,1449,0,168,144,0.9006211161613464,0.8571428656578064,0.6692307591438293,0.07201940862495343,0.4418239047129949,0.41221049676338833,0.4550103905216852,0.029764408707605113,0.4427914069036245,0.029024623045827543,0.4271786360078806,0.027541562464526652,0.3866218659757644,0.024104533416604935
npy,./data/MSL,F-4,F-4,gate_gbuf5k,100,256,128,0.15,50,64,0.001,1,1,1,1,0.001,adam,0.1,0.99,adaptive,gated,5000,unc,8,0.95,"[0.5, 1.0, 2.0]",0,0,1,55,2.887841,8,0.003865581238642335,0.002138499403372407,2.8099586963653564,0.5873798445702565,0.029766111943349095,0.06437768240343349,0.0379746835443038,0.2112676056338028,0.07471264367816093,3323,3114,52,170,149,0.9521515965461731,0.8764705657958984,0.9403742551803589,0.10639682004080815,0.05905905862649282,0.011573566744724909,0.5458450494071562,0.02716184697250191,0.5311468932965144,0.02578887421084716,0.514364011583677,0.023943247797607287,0.42435934616952686,0.01681626623942318
npy,./data/MSL,C-2,C-2,fixed,100,256,128,0.15,50,64,0.001,1,1,1,1,0.001,adam,0.1,0.99,fixed,gated,5000,none,8,0.95,"[0.5, 1.0, 2.0]",0,0,3,55,2.887841,8,0.005789789371192455,0.0027744073886424303,0.8688874244689941,0.6117047647377374,0.09918106286682941,0.16473317865429235,0.09793103448275862,0.5182481751824818,0.17204301075268819,1952,1146,24,335,127,0.8891797661781311,0.37910446524620056,0.6301793456077576,0.08044074304768296,0.7449053625265757,0.4796026945114136,0.6841673721865014,0.11621616081631728,0.7116864593582439,0.12979975802914812,0.7447963145169286,0.15555265895701934,0.8221861199459991,0.30595895908871834
npy,./data/MSL,T-8,T-8,base_noTTA,100,256,128,0.15,50,64,0.001,1,0,1,0,0.001,adam,0.1,0.99,fixed,gated,5000,none,8,0.95,"[0.5, 1.0, 2.0]",0,0,0,55,2.887786,0,0.005013222340494394,inf,0.8056561946868896,0.5463489559550002,0.0989928492302454,0.11764705882352941,0.0657439446366782,0.5588235294117647,0.16058394160583941,1420,0,0,300,0,0.0,0.0,0.0,0.008801675178635289,1.0,1.0,,,,,,,,
npy,./data/MSL,F-4,F-4,gate_gbuf5k,100,256,128,0.15,50,64,0.001,1,1,1,1,0.001,adam,0.1,0.99,adaptive,gated,5000,unc,8,0.95,"[0.5, 1.0, 2.0]",0,0,8,55,2.887841,8,0.0038029870484024286,0.0022051995620131493,3.131129026412964,0.5775740687034772,0.028184781261988884,0.06342494714587738,0.03731343283582089,0.2112676056338028,0.0704225352112676,3323,3154,52,170,161,0.9489536881446838,0.9470587968826294,0.9492546916007996,0.11527871927725705,0.061061060056090355,0.0110806863134106,0.5375061469983734,0.025855224408865327,0.5215302558412247,0.024664666252695304,0.5038983528145897,0.023067414127403353,0.4138600627939526,0.01669653800820088
npy,./data/MSL,D-16,D-16,mask_noTTA,100,256,128,0.15,50,64,0.001,1,1,1,0,0.001,adam,0.1,0.99,fixed,gated,5000,none,8,0.95,"[0.5, 1.0, 2.0]",0,0,6,55,2.887841,8,0.003752621589228511,0.002104988321661949,1.905024766921997,0.5131825164083228,0.34515265978000087,0.4099264705882353,0.29245901639344263,0.685099846390169,0.4621428571428572,2092,0,0,750,0,0.0,0.0,0.0,0.06597048921749195,1.0,1.0,0.5230594290502125,0.3599961552078404,0.5293434675923155,0.3731490132936193,0.5376314162028448,0.39832057379865543,0.553296626568516,0.4674545699828976
npy,./data/MSL,C-2,C-2,gate_gbuf5k,100,256,128,0.15,50,64,0.001,1,1,1,1,0.001,adam,0.1,0.99,adaptive,gated,5000,unc,8,0.95,"[0.5, 1.0, 2.0]",0,0,7,55,2.887841,8,0.005907835904508829,0.0029464345425367355,0.9015822410583496,0.582992014278196,0.10625119400399755,0.18813905930470345,0.13068181818181818,0.3357664233576642,0.20107719928186712,1952,1640,31,335,226,0.8621951341629028,0.674626886844635,0.8744588494300842,0.09224429482319316,0.2164048949877421,0.0,0.6546423205119405,0.12607958723005797,0.6957112021295259,0.1472786461766001,0.7411581203426157,0.18990823016120148,0.8221022202899877,0.3484313333210996
npy,./data/MSL,M-3,M-3,gate_gbuf5k,100,256,128,0.15,50,64,0.001,1,1,1,1,0.001,adam,0.1,0.99,adaptive,gated,5000,unc,8,0.95,"[0.5, 1.0, 2.0]",0,0,7,55,2.887841,8,0.004735474940389395,0.0026339187752455473,2.618311643600464,0.45011637883434275,0.10682960440852123,0.1323529411764706,0.09557522123893805,0.2151394422310757,0.2127842127842128,2028,1829,32,350,336,0.8162930607795715,0.9599999785423279,0.8897497057914734,0.09419779335488464,0.11330048864086469,0.0,0.4431739990995506,0.10588844063557046,0.4397166132909726,0.10531492001286855,0.4372998411471385,0.10477599887317934,0.4549201913030182,0.10619705831617851
npy,./data/MSL,T-5,T-5,noMask_fixed,100,256,128,0.15,50,64,0.001,1,0,1,1,0.001,adam,0.1,0.99,fixed,gated,5000,none,8,0.95,"[0.5, 1.0, 2.0]",0,0,6,55,2.887786,0,0.002960113575682044,inf,2.8203253746032715,0.5733260808534532,0.2091527692555245,0.04728132387706856,0.02518891687657431,0.38461538461538464,0.32258064516129037,2119,1428,31,125,23,0.9838935732841492,0.18400000035762787,0.7046138644218445,0.02713921273750424,0.4606918344895045,0.33594145501653355,,,,,,,,
npy,./data/MSL,P-11,P-11,fixed,100,256,128,0.15,50,64,0.001,1,1,1,1,0.001,adam,0.1,0.99,fixed,gated,5000,none,8,0.95,"[0.5, 1.0, 2.0]",0,0,8,55,2.887841,8,0.002925823675468564,0.001960450317710638,5.346244812011719,0.7178526146027299,0.12224610556404097,0.08636363636363636,0.08962264150943396,0.08333333333333333,0.218566392479436,3436,3436,54,426,426,0.8760186433792114,1.0,1.0,0.09663876610113106,0.0,0.0,0.7552055979076813,0.13327219200828985,0.7572056085178172,0.1355202276595139,0.7530756131332261,0.13653828443334765,0.7480066207247784,0.15974719389425865
npy,./data/MSL,M-3,M-3,base_noTTA,100,256,128,0.15,50,64,0.001,1,0,1,0,0.001,adam,0.1,0.99,fixed,gated,5000,none,8,0.95,"[0.5, 1.0, 2.0]",0,0,5,55,2.887786,0,0.004796170629560947,inf,2.5233874320983887,0.4249483940570341,0.10006446035110315,0.12334801762114536,0.0852359208523592,0.22310756972111553,0.21200510855683272,2028,1541,0,350,333,0.7839065790176392,0.9514285922050476,0.7199046611785889,0.008628448320798855,0.21182266374429068,0.3355603863795598,,,,,,,,
npy,./data/MSL,F-5,F-5,base_noTTA,100,256,128,0.15,50,64,0.001,1,0,1,0,0.001,adam,0.1,0.99,fixed,gated,5000,none,8,0.95,"[0.5, 1.0, 2.0]",0,0,9,55,2.887786,0,0.0031230663880705833,inf,3.3036067485809326,0.8242354953540526,0.34999060144973493,0.2682602921646746,0.16777408637873753,0.6688741721854304,0.383177570093458,3823,3236,0,250,60,0.9814586043357849,0.23999999463558197,0.8888888955116272,0.010466656696101057,0.20974760750929514,0.08458934972683589,,,,,,,,
npy,./data/MSL,M-4,M-4,fixed,100,256,128,0.15,50,64,0.001,1,1,1,1,0.001,adam,0.1,0.99,fixed,gated,5000,none,8,0.95,"[0.5, 1.0, 2.0]",0,0,1,55,2.887841,8,0.004643358290195465,0.0026271804235875607,2.5281448364257812,0.419107007894555,0.11354638917152299,0.1557454890788224,0.10224438902743142,0.32669322709163345,0.22124283825473778,1939,1177,28,350,324,0.7247238755226135,0.9257143139839172,0.5368155837059021,0.0913015280020735,0.415807565053304,0.5127206842104594,0.41544844683939114,0.11254660294197727,0.41848275616058433,0.11215717079101692,0.42409433335488494,0.11137072684511627,0.4495504272780172,0.10605474239534579
npy,./data/MSL,S-2,S-2,fixed,100,256,128,0.15,50,64,0.001,1,1,1,1,0.001,adam,0.1,0.99,fixed,gated,5000,none,8,0.95,"[0.5, 1.0, 2.0]",0,0,2,55,2.887841,8,0.004712443333119154,0.002609675982967019,1.13401198387146,0.6962855426511814,0.2828765775040967,0.015071590052750565,0.007598784194528876,0.9090909090909091,0.42857142857142855,1728,0,0,110,0,0.0,0.0,0.0,0.06800848576757643,1.0,1.0,0.7138566279535443,0.28352173485981413,0.730226271525831,0.2847739151741742,0.7559571485782939,0.2860490994252426,0.7062474969963957,0.012458285506822722
npy,./data/MSL,M-5,M-5,gate_noTTA,100,256,128,0.15,50,64,0.001,1,1,1,0,0.001,adam,0.1,0.99,fixed,gated,5000,unc,8,0.95,"[0.5, 1.0, 2.0]",0,0,3,55,2.887841,8,0.00565393827855587,0.002894059056416154,2.505690813064575,0.47408239600930635,0.12777509497538203,0.17495395948434622,0.12101910828025478,0.31561461794019935,0.2323192414065587,2204,2040,0,400,374,0.8166666626930237,0.9350000023841858,0.9235033392906189,0.06919515111268973,0.0271493224427104,0.04242424309874574,0.4876701371717983,0.13051246003607536,0.49817624236228886,0.1330318145032624,0.5150231827972691,0.1375536604683315,0.5756154144858464,0.15792174047375643
npy,./data/MSL,M-5,M-5,mask_noTTA,100,256,128,0.15,50,64,0.001,1,1,1,0,0.001,adam,0.1,0.99,fixed,gated,5000,none,8,0.95,"[0.5, 1.0, 2.0]",0,0,7,55,2.887841,8,0.005492354743182659,0.0029608297627419233,2.707885980606079,0.47951218216998953,0.1264150082675794,0.16695957820738136,0.1135005973715651,0.31561461794019935,0.23261205564142193,2204,2110,0,400,388,0.8161137700080872,0.9700000286102295,0.9545454382896423,0.080772623176367,0.07390648638829589,0.036363636453946434,0.49976269577598487,0.1298546486167934,0.5127430708826058,0.1325295862941785,0.5309391605072667,0.1376638972148751,0.5982895841699828,0.17131161755676316
npy,./data/MSL,M-6,M-6,gate_noTTA,100,256,128,0.15,50,64,0.001,1,1,1,0,0.001,adam,0.1,0.99,fixed,gated,5000,unc,8,0.95,"[0.5, 1.0, 2.0]",0,0,8,55,2.887841,8,0.002158557064831257,0.0014375646132975817,2.014463186264038,0.7444899262957398,0.6288862492855302,0.1812577065351418,0.10201249132546843,0.8121546961325967,0.7163120567375887,1950,0,0,199,0,0.0,0.0,0.0,0.06872849586682442,1.0,0.6666666666666666,0.7519786577070049,0.6404023816603853,0.7552350136642729,0.6402271693708511,0.7595945674163285,0.639282180988983,0.782915518118471,0.6331985764802364
npy,./data/MSL,M-2,M-2,base_noTTA,100,256,128,0.15,50,64,0.001,1,0,1,0,0.001,adam,0.1,0.99,fixed,gated,5000,none,8,0.95,"[0.5, 1.0, 2.0]",0,0,6,55,2.887786,0,0.005401235073804855,inf,2.7074882984161377,0.7306260878152351,0.7339186837409071,0.6130189646335213,0.7382716049382716,0.5241016652059597,0.6997063142437592,2178,1066,0,1167,128,0.8799249529838562,0.10968294739723206,0.9277942776679993,0.008493853447303737,0.11162079125642776,0.0,,,,,,,,
npy,./data/MSL,F-7,F-7,gate_noTTA,100,256,128,0.15,50,64,0.001,1,1,1,0,0.001,adam,0.1,0.99,fixed,gated,5000,unc,8,0.95,"[0.5, 1.0, 2.0]",0,0,0,55,2.887841,8,0.004515376407653093,0.003912145271897316,3.011085033416748,0.46625245735772847,0.07415964987344194,0.07223113964686999,0.054678007290400975,0.10638297872340426,0.1545205479452055,4955,4206,0,720,573,0.863766074180603,0.7958333492279053,0.8578512668609619,0.08019992008459435,0.013482005335390568,0.061952862267692886,0.4800984015114505,0.0750704023091727,0.4817498275829504,0.07488481580853758,0.4802740091060705,0.07429645731386467,0.5049726557534714,0.08394822019158214
npy,./data/MSL,D-16,D-16,fixed,100,256,128,0.15,50,64,0.001,1,1,1,1,0.001,adam,0.1,0.99,fixed,gated,5000,none,8,0.95,"[0.5, 1.0, 2.0]",0,0,1,55,2.887841,8,0.00390821835026145,0.0020524291321635246,1.7801964282989502,0.5210854429748439,0.33807302517206833,0.4123515439429929,0.2984869325997249,0.6666666666666666,0.46390619274459505,2092,0,0,750,0,0.0,0.0,0.0,0.0695332058529097,1.0,1.0,0.5180461627466236,0.3471648446658818,0.5151395455542921,0.356581760290994,0.5131765316097114,0.3761640501925106,0.4916641730005785,0.4265134285771415
npy,./data/MSL,D-16,D-16,fixed,100,256,128,0.15,50,64,0.001,1,1,1,1,0.001,adam,0.1,0.99,fixed,gated,5000,none,8,0.95,"[0.5, 1.0, 2.0]",0,0,9,55,2.887841,8,0.0037678119260817766,0.0023079044185578823,1.787837028503418,0.5291669160332755,0.3609372531774391,0.4083140877598152,0.2919418758256275,0.6789554531490015,0.461814270347795,2092,0,0,750,0,0.0,0.0,0.0,0.07123302091376048,1.0,1.0,0.5378159474933669,0.3749374019532937,0.543900492748419,0.38807242587116986,0.5521251022403096,0.4125750649655522,0.5602519600215453,0.46497700129687447
npy,./data/MSL,P-11,P-11,gate_gbuf5k,100,256,128,0.15,50,64,0.001,1,1,1,1,0.001,adam,0.1,0.99,adaptive,gated,5000,unc,8,0.95,"[0.5, 1.0, 2.0]",0,0,9,55,2.887841,8,0.002954743569716811,0.0019319847924634814,5.088561296463013,0.722910996875315,0.11922784276014228,0.08370044052863436,0.084070796460177,0.08333333333333333,0.20671378091872794,3436,3387,54,426,412,0.8783584237098694,0.9671361446380615,0.9883720874786377,0.10479585949561371,0.0,0.0,0.7413408028689806,0.12344904641784352,0.7374097475318172,0.12227188362883448,0.7305012228181581,0.12083955514384268,0.7190396235523796,0.12461388881612216
npy,./data/MSL,M-2,M-2,mask_noTTA,100,256,128,0.15,50,64,0.001,1,1,1,0,0.001,adam,0.1,0.99,fixed,gated,5000,none,8,0.95,"[0.5, 1.0, 2.0]",0,0,6,55,2.887841,8,0.005505414679646492,0.00287442933768034,2.8414273262023926,0.7423829788547235,0.7374736413200496,0.6122244488977957,0.7146198830409357,0.5354951796669588,0.7178608159067535,2178,1055,0,1167,116,0.8900473713874817,0.09940017014741898,0.9287833571434021,0.07187137919024003,0.11009174461166064,0.0,0.7875774586167311,0.7678931527936659,0.8113913542605327,0.7888038004438971,0.8379903655059189,0.8176649668202467,0.8605933916381726,0.8575010617777903
npy,./data/MSL,M-2,M-2,noMask_fixed,100,256,128,0.15,50,64,0.001,1,0,1,1,0.001,adam,0.1,0.99,fixed,gated,5000,none,8,0.95,"[0.5, 1.0, 2.0]",0,0,5,55,2.887786,0,0.006045428104698658,inf,2.790107250213623,0.7060977830171211,0.697599002235062,0.5257270693512304,0.7264296754250387,0.4119193689745837,0.6959807626245277,2178,1500,34,1167,502,0.6653333306312561,0.43016281723976135,0.9871414303779602,0.032602700758024135,0.01987767529984315,0.0,,,,,,,,
npy,./data/MSL,M-1,M-1,gate_noTTA,100,256,128,0.15,50,64,0.001,1,1,1,0,0.001,adam,0.1,0.99,fixed,gated,5000,unc,8,0.95,"[0.5, 1.0, 2.0]",0,0,7,55,2.887841,8,0.003542563645169139,0.0020497713703662157,2.9773285388946533,0.3690123872066757,0.4115256332372953,0.30517153097798255,0.3669950738916256,0.26117440841367223,0.6682284040995607,2178,1187,0,1167,851,0.2830665409564972,0.7292202115058899,0.3323442041873932,0.07071541032186882,0.691131517291069,0.0,0.3457215686758588,0.4022508719879083,0.33571675451481897,0.39720144756440257,0.3249049511794695,0.3908511426471196,0.32207200256755253,0.38574148112758627
npy,./data/MSL,T-4,T-4,mask_noTTA,100,256,128,0.15,50,64,0.001,1,1,1,0,0.001,adam,0.1,0.99,fixed,gated,5000,none,8,0.95,"[0.5, 1.0, 2.0]",0,0,9,55,2.887841,8,0.00406811386346817,0.0024032024666666985,2.922287940979004,0.44759533641000726,0.028708186177591872,0.05182926829268293,0.028960817717206135,0.2463768115942029,0.060795708538220826,2118,1462,0,168,144,0.9015048146247864,0.8571428656578064,0.6758974194526672,0.0736771944674599,0.4449685613314311,0.3917255401611328,0.4445861333765147,0.028443092054721814,0.4456251855450301,0.028373491469187547,0.4467991795536124,0.028177071311368557,0.45507786144171863,0.02765293312340321
npy,./data/MSL,M-7,M-7,noMask_fixed,100,256,128,0.15,50,64,0.001,1,0,1,1,0.001,adam,0.1,0.99,fixed,gated,5000,none,8,0.95,"[0.5, 1.0, 2.0]",0,0,3,55,2.887786,0,0.0028487639501690865,inf,1.8456354141235352,0.8784370407843703,0.4955088036119733,0.15834767641996558,0.08671065032987747,0.9108910891089109,0.6270270270270271,2057,435,8,200,0,1.0,0.0,0.2342487871646881,0.014584332226431943,1.0,0.2926829258600871,,,,,,,,
npy,./data/MSL,P-11,P-11,mask_noTTA,100,256,128,0.15,50,64,0.001,1,1,1,0,0.001,adam,0.1,0.99,fixed,gated,5000,none,8,0.95,"[0.5, 1.0, 2.0]",0,0,5,55,2.887841,8,0.002975230338051915,0.0020106793381273746,5.102951288223267,0.7127730120584193,0.1182107395029664,0.08968609865470853,0.09174311926605505,0.08771929824561403,0.21308724832214768,3436,3436,0,426,426,0.8760186433792114,1.0,1.0,0.07451898976726776,0.0,0.0,0.7496206876429052,0.12654993230737965,0.7505358118610709,0.1269829718179922,0.746238706836641,0.12666857828046296,0.7356298972408342,0.13711819747575751
npy,./data/MSL,F-4,F-4,noMask_fixed,100,256,128,0.15,50,64,0.001,1,0,1,1,0.001,adam,0.1,0.99,fixed,gated,5000,none,8,0.95,"[0.5, 1.0, 2.0]",0,0,0,55,2.887786,0,0.003962829243391752,inf,2.6623783111572266,0.5314200932242215,0.025973045596998194,0.061269146608315096,0.03626943005181347,0.19718309859154928,0.06645569620253164,3323,3229,52,170,167,0.9482812285423279,0.9823529124259949,0.971138596534729,0.029198419534761863,0.06606606518228848,0.020840495126321912,,,,,,,,
npy,./data/MSL,T-8,T-8,fixed,100,256,128,0.15,50,64,0.001,1,1,1,1,0.001,adam,0.1,0.99,fixed,gated,5000,none,8,0.95,"[0.5, 1.0, 2.0]",0,0,0,55,2.887841,8,0.00478816032409668,0.002702378900721669,0.8528652191162109,0.5479333582409676,0.09763465205372769,0.1281216069489685,0.07203907203907203,0.5784313725490197,0.14965986394557823,1420,0,0,300,0,0.0,0.0,0.0,0.07289530525744801,1.0,1.0,0.5583461330897921,0.10118828175257699,0.5629402078403698,0.1055064122072676,0.5679840037638203,0.10789053241394814,0.5808321917334329,0.09325104148012829
npy,./data/MSL,T-5,T-5,gate_gbuf5k,100,256,128,0.15,50,64,0.001,1,1,1,1,0.001,adam,0.1,0.99,adaptive,gated,5000,unc,8,0.95,"[0.5, 1.0, 2.0]",0,0,1,55,2.887841,8,0.003140907036140561,0.0022964230738580227,2.888406276702881,0.6279477821448624,0.2133911883310301,0.045918367346938764,0.02459016393442623,0.34615384615384615,0.32258064516129037,2119,1759,33,125,24,0.9863559007644653,0.19200000166893005,0.8701103329658508,0.10732639055310583,0.10849056641260783,0.0,0.659127596855699,0.21375675171116765,0.6483541549691184,0.21385766312971435,0.6319922094329028,0.21405022281570807,0.548778775968557,0.04929986323245102
npy,./data/MSL,F-5,F-5,fixed,100,256,128,0.15,50,64,0.001,1,1,1,1,0.001,adam,0.1,0.99,fixed,gated,5000,none,8,0.95,"[0.5, 1.0, 2.0]",0,0,9,55,2.887841,8,0.0032457751221954823,0.001998253632336855,3.398665428161621,0.8063805163490634,0.3788237186825169,0.2552011095700416,0.16140350877192983,0.609271523178808,0.4324324324324324,3823,3273,57,250,58,0.9822792410850525,0.23199999332427979,0.8998041152954102,0.09706448797714388,0.194952130317688,0.06984769304593404,0.8812425253020172,0.4844368846286264,0.8970726404540753,0.5470842218595148,0.9109463823778892,0.5968366822044671,0.9291648885446796,0.5272027607136173
npy,./data/MSL,P-11,P-11,fixed,100,256,128,0.15,50,64,0.001,1,1,1,1,0.001,adam,0.1,0.99,fixed,gated,5000,none,8,0.95,"[0.5, 1.0, 2.0]",0,0,2,55,2.887841,8,0.0029132303316146135,0.0019173817709088326,5.0957653522491455,0.7068910179894853,0.1203111486290526,0.11160714285714285,0.11363636363636363,0.10964912280701754,0.21446384039900251,3436,3436,54,426,426,0.8760186433792114,1.0,1.0,0.09940340854791324,0.0,0.0,0.743669727690863,0.12744022783672915,0.743819595859925,0.12739887215015955,0.7357081469928223,0.12597876723804227,0.7171490299683287,0.12889626184006436
npy,./data/MSL,D-14,D-14,noMask_fixed,100,256,128,0.15,50,64,0.001,1,0,1,1,0.001,adam,0.1,0.99,fixed,gated,5000,none,8,0.95,"[0.5, 1.0, 2.0]",0,0,0,55,2.887786,0,0.0045673358254134655,inf,4.360324144363403,0.44550543052415714,0.23416865641222442,0.12210012210012211,0.07062146892655367,0.45045045045045046,0.3086816720257235,2526,503,16,420,112,0.7773360013961792,0.2666666805744171,0.18566001951694489,0.016627005896489015,0.9696969787279764,0.41798941294352215,,,,,,,,
npy,./data/MSL,M-7,M-7,noMask_fixed,100,256,128,0.15,50,64,0.001,1,0,1,1,0.001,adam,0.1,0.99,fixed,gated,5000,none,8,0.95,"[0.5, 1.0, 2.0]",0,0,7,55,2.887786,0,0.0029141537379473448,inf,1.9187982082366943,0.8924333309243333,0.5667695193060104,0.15789473684210528,0.08635097493036212,0.9207920792079208,0.696629213483146,2057,437,8,200,0,1.0,0.0,0.23532579839229584,0.01604845643217377,1.0,0.2894308964411418,,,,,,,,
npy,./data/MSL,P-10,P-10,base_noTTA,100,256,128,0.15,50,64,0.001,1,0,1,0,0.001,adam,0.1,0.99,fixed,gated,5000,none,8,0.95,"[0.5, 1.0, 2.0]",0,0,0,55,2.887786,0,0.0018835094524547458,inf,4.987633466720581,0.9659180575466884,0.5524307572976233,0.36986301369863017,0.23841059602649006,0.8244274809160306,0.5161290322580645,6001,5349,0,230,38,0.9928958415985107,0.16521738469600677,0.9202911257743835,0.008416759870465924,0.0011111111380159855,0.24427928030490875,,,,,,,,
npy,./data/MSL,M-4,M-4,gate_gbuf5k,100,256,128,0.15,50,64,0.001,1,1,1,1,0.001,adam,0.1,0.99,adaptive,gated,5000,unc,8,0.95,"[0.5, 1.0, 2.0]",0,0,6,55,2.887841,8,0.004773736000061035,0.002554570557549596,2.5024960041046143,0.41883947143713895,0.10827141178388255,0.13563501849568432,0.09821428571428571,0.21912350597609562,0.21998247151621386,1939,1667,31,350,331,0.8014397025108337,0.9457142949104309,0.8407803773880005,0.10341882336809809,0.1890034352739652,0.0,0.414057257260828,0.10753667289727442,0.41557775612714226,0.10737994126367242,0.42041793653589343,0.10719822334063148,0.4545310643269117,0.10762868992744049
npy,./data/MSL,T-8,T-8,gate_noTTA,100,256,128,0.15,50,64,0.001,1,1,1,0,0.001,adam,0.1,0.99,fixed,gated,5000,unc,8,0.95,"[0.5, 1.0, 2.0]",0,0,1,55,2.887841,8,0.004710169043391943,0.0024396744556725025,0.8672151565551758,0.5707722750356318,0.1093632895107768,0.13807531380753138,0.07728337236533958,0.6470588235294118,0.1596244131455399,1420,0,0,300,0,0.0,0.0,0.0,0.07042700136211556,1.0,1.0,0.590525412705661,0.11516560906773675,0.6041623424246199,0.11907867108359255,0.6270496907302089,0.12784494905912897,0.6547801901282743,0.1115665449794093
npy,./data/MSL,P-14,P-14,noMask_fixed,100,256,128,0.15,50,64,0.001,1,0,1,1,0.001,adam,0.1,0.99,fixed,gated,5000,none,8,0.95,"[0.5, 1.0, 2.0]",0,0,6,55,2.887786,0,0.0024215637240558863,inf,3.5584750175476074,0.9038268932616099,0.47286322611886844,0.4610492845786963,0.3236607142857143,0.8011049723756906,0.48932038834951447,6001,5449,90,280,109,0.9799963235855103,0.38928571343421936,0.9334032535552979,0.03073867450771958,0.0016666666294137638,0.217152771850427,,,,,,,,
npy,./data/MSL,M-5,M-5,gate_gbuf5k,100,256,128,0.15,50,64,0.001,1,1,1,1,0.001,adam,0.1,0.99,adaptive,gated,5000,unc,8,0.95,"[0.5, 1.0, 2.0]",0,0,4,55,2.887841,8,0.005358290858566761,0.0030582412146031857,2.5566635131835938,0.48539002525713487,0.13444368562762898,0.18388429752066116,0.13343328335832083,0.2956810631229236,0.2331768388106416,2204,2105,35,400,389,0.8152018785476685,0.9725000262260437,0.9512194991111755,0.1000593232156577,0.051282053192456566,0.016666666915019352,0.5039329441322797,0.1378828267894504,0.5187403958168078,0.14132506677132323,0.539362630724757,0.14691623668966947,0.5856900574508548,0.17353469591010348
npy,./data/MSL,F-4,F-4,gate_gbuf5k,100,256,128,0.15,50,64,0.001,1,1,1,1,0.001,adam,0.1,0.99,adaptive,gated,5000,unc,8,0.95,"[0.5, 1.0, 2.0]",0,0,3,55,2.887841,8,0.004004298243671656,0.002011170145124197,2.8618295192718506,0.5717990425393302,0.030006605832655346,0.06808510638297871,0.040100250626566414,0.22535211267605634,0.08032128514056226,3323,3074,52,170,152,0.9505529999732971,0.8941176533699036,0.9267364144325256,0.09763897308340426,0.059059059247374535,0.014585615446170172,0.5275238419475372,0.026954182733816428,0.5090849483652137,0.025304590603560287,0.4874222956359464,0.02279074287671088,0.38601888862269407,0.015473424807445887
npy,./data/MSL,C-1,C-1,mask_noTTA,100,256,128,0.15,50,64,0.001,1,1,1,0,0.001,adam,0.1,0.99,fixed,gated,5000,none,8,0.95,"[0.5, 1.0, 2.0]",0,0,6,55,2.887841,8,0.005681487265974283,0.002930397167801857,2.7333576679229736,0.6667471232660782,0.22175966821287738,0.23416965352449226,0.18666666666666668,0.3141025641025641,0.32087406555491665,2165,1689,0,464,356,0.78922438621521,0.767241358757019,0.783656656742096,0.0667535680546221,0.8725038369496664,0.0,0.6719981478562421,0.2264117005693701,0.6693857713324927,0.22855790425005743,0.6667947404371585,0.23208847237023575,0.6637833648591845,0.22123038412656917
npy,./data/MSL,S-2,S-2,noMask_fixed,100,256,128,0.15,50,64,0.001,1,0,1,1,0.001,adam,0.1,0.99,fixed,gated,5000,none,8,0.95,"[0.5, 1.0, 2.0]",0,0,0,55,2.887786,0,0.0045270174741744995,inf,1.0377862453460693,0.6611934321185423,0.2809016049896919,0.014275517487508924,0.007194244604316547,0.9090909090909091,0.42857142857142855,1728,0,0,110,0,0.0,0.0,0.0,0.01012671876836706,1.0,1.0,,,,,,,,
npy,./data/MSL,M-6,M-6,base_noTTA,100,256,128,0.15,50,64,0.001,1,0,1,0,0.001,adam,0.1,0.99,fixed,gated,5000,none,8,0.95,"[0.5, 1.0, 2.0]",0,0,2,55,2.887786,0,0.0022334617096930742,inf,1.831179141998291,0.7569652300448378,0.635138692706307,0.1823671497584541,0.1023728813559322,0.8342541436464088,0.7092198581560284,1950,0,0,199,0,0.0,0.0,0.0,0.00846116970746945,1.0,0.6666666666666666,,,,,,,,
npy,./data/MSL,C-1,C-1,base_noTTA,100,256,128,0.15,50,64,0.001,1,0,1,0,0.001,adam,0.1,0.99,fixed,gated,5000,none,8,0.95,"[0.5, 1.0, 2.0]",0,0,0,55,2.887786,0,0.005558284465223551,inf,2.5563578605651855,0.6625288986969315,0.21032311464286557,0.23414634146341465,0.1889763779527559,0.3076923076923077,0.31965707287201467,2165,1673,0,464,350,0.7907949686050415,0.7543103694915771,0.7777777910232544,0.00854661778544719,0.8878648281097412,0.0,,,,,,,,
npy,./data/MSL,M-5,M-5,gate_noTTA,100,256,128,0.15,50,64,0.001,1,1,1,0,0.001,adam,0.1,0.99,fixed,gated,5000,unc,8,0.95,"[0.5, 1.0, 2.0]",0,0,9,55,2.887841,8,0.005417603999376297,0.0029424019157886505,2.720698595046997,0.4820793824116083,0.12948538847668256,0.16348773841961856,0.1125,0.29900332225913623,0.2323232323232323,2204,2015,0,400,372,0.8153846263885498,0.9300000071525574,0.9107539057731628,0.0773778628091414,0.07541478207955758,0.050000001986821495,0.49072854056242765,0.1305972248101919,0.4958330705839012,0.13159865533959483,0.5049950049950049,0.133653429346768,0.5576433533244165,0.14602150063844596
npy,./data/MSL,P-15,P-15,gate_gbuf5k,100,256,128,0.15,50,64,0.001,1,1,1,1,0.001,adam,0.1,0.99,adaptive,gated,5000,unc,8,0.95,"[0.5, 1.0, 2.0]",0,0,0,55,2.887841,8,0.001516831573098898,0.001315527711994946,4.5119781494140625,0.7282606869908457,0.6692404885317497,0.10181818181818182,0.05511811023622047,0.6666666666666666,0.8,2757,2250,44,120,42,0.981333315372467,0.3499999940395355,0.8373151421546936,0.09450749897809836,0.10628019521633784,0.002424242440611124,0.7422356596959772,0.6693765163136962,0.7455782312925169,0.6694128354777028,0.7475938523557571,0.6694355728247495,0.715663055345595,0.23975998416030134
npy,./data/MSL,M-1,M-1,base_noTTA,100,256,128,0.15,50,64,0.001,1,0,1,0,0.001,adam,0.1,0.99,fixed,gated,5000,none,8,0.95,"[0.5, 1.0, 2.0]",0,0,6,55,2.887786,0,0.0032023447565734386,inf,2.7956972122192383,0.38564053029835454,0.4248602561862678,0.3137254901960784,0.38143036386449186,0.26643295354951796,0.6676418958455237,2178,1265,0,1167,887,0.29881423711776733,0.7600685358047485,0.37388724088668823,0.008495604915286118,0.6590214123328527,0.0,,,,,,,,
npy,./data/MSL,D-16,D-16,gate_gbuf5k,100,256,128,0.15,50,64,0.001,1,1,1,1,0.001,adam,0.1,0.99,adaptive,gated,5000,unc,8,0.95,"[0.5, 1.0, 2.0]",0,0,0,55,2.887841,8,0.003769508097320795,0.002169570419937372,1.7541375160217285,0.5279709537774053,0.3597104079523913,0.3737373737373737,0.3172561629153269,0.45468509984639016,0.4619217081850534,2092,759,29,750,289,0.6192358136177063,0.3853333294391632,0.3502235412597656,0.08389849507785892,0.1333333378036817,0.09728867312272389,0.5372513814910128,0.3732658488395772,0.543642148941688,0.3861125654486836,0.5508807628623297,0.41028818972641073,0.5552347038522154,0.4627271651911895
npy,./data/MSL,P-10,P-10,fixed,100,256,128,0.15,50,64,0.001,1,1,1,1,0.001,adam,0.1,0.99,fixed,gated,5000,none,8,0.95,"[0.5, 1.0, 2.0]",0,0,4,55,2.887841,8,0.0019896391313523054,0.0016770190559327602,5.323719501495361,0.9579481263883756,0.5341471303405589,0.33494363929146537,0.21224489795918366,0.7938931297709924,0.5326086956521738,6001,5421,90,230,56,0.9896697998046875,0.24347825348377228,0.929648220539093,0.09891558162293182,0.0,0.2191741702457269,0.9619816891087413,0.5501862946691176,0.9623269845857542,0.5597062616081038,0.9606951437388339,0.569542660504541,0.9228213453990657,0.3808238039162154
npy,./data/MSL,M-7,M-7,gate_noTTA,100,256,128,0.15,50,64,0.001,1,1,1,0,0.001,adam,0.1,0.99,fixed,gated,5000,unc,8,0.95,"[0.5, 1.0, 2.0]",0,0,2,55,2.887841,8,0.0025733946822583675,0.0020360061898827553,1.954721450805664,0.8819927248199272,0.5886460796661236,0.15257048092868986,0.0832579185520362,0.9108910891089109,0.6627906976744186,2057,396,0,200,0,1.0,0.0,0.2132471799850464,0.06900125762242162,1.0,0.30894309282302856,0.8984558309845584,0.612401177473422,0.907605213076052,0.6340369118673187,0.9149044831490448,0.6624198993890973,0.8810435788104358,0.4984175043549587
npy,./data/MSL,S-2,S-2,gate_noTTA,100,256,128,0.15,50,64,0.001,1,1,1,0,0.001,adam,0.1,0.99,fixed,gated,5000,unc,8,0.95,"[0.5, 1.0, 2.0]",0,0,1,55,2.887841,8,0.00477213691920042,0.0026390773709863424,1.1167771816253662,0.6993892671205446,0.2886509779245778,0.01508295625942685,0.0076045627376425855,0.9090909090909091,0.42857142857142855,1728,0,0,110,0,0.0,0.0,0.0,0.07091421220037672,1.0,1.0,0.6998398077693232,0.2888581136374593,0.7001401682018422,0.28896267495890854,0.7083500200240288,0.28989695851646213,0.6217460953143773,0.014040494087448141
npy,./data/MSL,T-5,T-5,mask_noTTA,100,256,128,0.15,50,64,0.001,1,1,1,0,0.001,adam,0.1,0.99,fixed,gated,5000,none,8,0.95,"[0.5, 1.0, 2.0]",0,0,0,55,2.887841,8,0.003164711408317089,0.002194211818277836,2.872671365737915,0.5777653003930378,0.21014771160865814,0.04395604395604396,0.023310023310023312,0.38461538461538464,0.32258064516129037,2119,1523,0,125,23,0.9848982095718384,0.18400000035762787,0.7522567510604858,0.07339500492054542,0.4166666616996129,0.290247102578481,0.6003123245367771,0.2178468133797265,0.6102961819202695,0.22824436407262802,0.6257193992139248,0.23762537230839448,0.6054533969679955,0.04764660129267091
npy,./data/MSL,P-11,P-11,mask_noTTA,100,256,128,0.15,50,64,0.001,1,1,1,0,0.001,adam,0.1,0.99,fixed,gated,5000,none,8,0.95,"[0.5, 1.0, 2.0]",0,0,0,55,2.887841,8,0.0029366558883339167,0.001911642961204052,4.732368230819702,0.7199229173629569,0.12443175485680544,0.08275862068965517,0.08695652173913043,0.07894736842105263,0.22735042735042738,3436,3436,0,426,426,0.8760186433792114,1.0,1.0,0.06650927735707257,0.0,0.0,0.748755961570088,0.13149981596398752,0.7485530427217121,0.1315175475965515,0.7423248929702544,0.13065484992145884,0.7312930042069189,0.14009792461886658
npy,./data/MSL,M-3,M-3,base_noTTA,100,256,128,0.15,50,64,0.001,1,0,1,0,0.001,adam,0.1,0.99,fixed,gated,5000,none,8,0.95,"[0.5, 1.0, 2.0]",0,0,1,55,2.887786,0,0.004684112034738064,inf,2.3804264068603516,0.4705124066633254,0.11497573416434685,0.15942028985507245,0.1076923076923077,0.30677290836653387,0.21145745577085087,2028,1455,0,350,311,0.7862542867660522,0.8885714411735535,0.6817640066146851,0.008629153701210398,0.23481117437283197,0.3761034657557805,,,,,,,,
npy,./data/MSL,T-12,T-12,fixed,100,256,128,0.15,50,64,0.001,1,1,1,1,0.001,adam,0.1,0.99,fixed,gated,5000,none,8,0.95,"[0.5, 1.0, 2.0]",0,0,2,55,2.887841,8,0.003033214947208762,0.001820852397941053,1.4029130935668945,0.7721062747638597,0.21765965069130255,0.254957507082153,0.1939655172413793,0.371900826446281,0.2838283828382838,2331,2221,36,220,135,0.9392165541648865,0.6136363744735718,0.9881572723388672,0.08623961060408204,0.0,0.01001430613299211,0.7933633750791906,0.2267275538306732,0.7937463536502868,0.22792915899177402,0.7957364105243944,0.23218463551393842,0.7764980009950284,0.1313785511659347
npy,./data/MSL,T-12,T-12,gate_gbuf5k,100,256,128,0.15,50,64,0.001,1,1,1,1,0.001,adam,0.1,0.99,adaptive,gated,5000,unc,8,0.95,"[0.5, 1.0, 2.0]",0,0,9,55,2.887841,8,0.0028785904869437218,0.0017681821482256055,1.4702374935150146,0.7984852660627297,0.21911849473858008,0.27011494252873564,0.20704845814977973,0.3884297520661157,0.264406779661017,2331,2185,37,220,129,0.9409611225128174,0.5863636136054993,0.9739459753036499,0.11714023359340436,0.0,0.0,0.8138366220574182,0.22416181126306328,0.8067747835455226,0.2245701687152194,0.7936067633299808,0.22673151289564236,0.7295491232654113,0.1251416443738977
npy,./data/MSL,D-15,D-15,base_noTTA,100,256,128,0.15,50,64,0.001,1,0,1,0,0.001,adam,0.1,0.99,fixed,gated,5000,none,8,0.95,"[0.5, 1.0, 2.0]",0,0,7,55,2.887786,0,0.0037890446837991476,inf,2.529031276702881,0.6226201849656056,0.37881943787987316,0.3727999999999999,0.3825944170771757,0.36349453978159124,0.49763928234183186,2059,966,0,658,59,0.9389234185218811,0.08966565132141113,0.6473947167396545,0.009227227446753866,0.3106796204422911,0.0,,,,,,,,
npy,./data/MSL,F-8,F-8,noMask_fixed,100,256,128,0.15,50,64,0.001,1,0,1,1,0.001,adam,0.1,0.99,fixed,gated,5000,none,8,0.95,"[0.5, 1.0, 2.0]",0,0,3,55,2.887786,0,0.005390258505940437,inf,4.076089382171631,0.5558601919495774,0.22903875253468975,0.19428571428571428,0.19883040935672514,0.18994413407821228,0.39544592030360537,2388,1988,38,537,514,0.741448700428009,0.9571694731712341,0.7963263392448425,0.027853140679236433,0.23709902508805195,0.2584269642829895,,,,,,,,
npy,./data/MSL,M-7,M-7,noMask_fixed,100,256,128,0.15,50,64,0.001,1,0,1,1,0.001,adam,0.1,0.99,fixed,gated,5000,none,8,0.95,"[0.5, 1.0, 2.0]",0,0,1,55,2.887786,0,0.0030006493907421827,inf,1.8310198783874512,0.8771024547710246,0.5851008710044615,0.16035242290748897,0.08800773694390715,0.900990099009901,0.6171428571428571,2057,441,8,200,0,1.0,0.0,0.2374798059463501,0.015316857953180546,1.0,0.2829268276691437,,,,,,,,
npy,./data/MSL,F-4,F-4,base_noTTA,100,256,128,0.15,50,64,0.001,1,0,1,0,0.001,adam,0.1,0.99,fixed,gated,5000,none,8,0.95,"[0.5, 1.0, 2.0]",0,0,5,55,2.887786,0,0.0037713563069701195,inf,2.6695125102996826,0.5204122376755309,0.026775904708662254,0.06263048016701461,0.03676470588235294,0.2112676056338028,0.06965174129353234,3323,3153,0,170,164,0.9479860663414001,0.9647058844566345,0.9479860663414001,0.008876733380988388,0.09609609469771385,0.06485930581887563,,,,,,,,
npy,./data/MSL,P-11,P-11,base_noTTA,100,256,128,0.15,50,64,0.001,1,0,1,0,0.001,adam,0.1,0.99,fixed,gated,5000,none,8,0.95,"[0.5, 1.0, 2.0]",0,0,5,55,2.887786,0,0.003034622874110937,inf,4.902132749557495,0.7170117613356038,0.12234359130934092,0.10232558139534882,0.10891089108910891,0.09649122807017543,0.21535181236673775,3436,3436,0,426,426,0.8760186433792114,1.0,1.0,0.010477441847671314,0.0,0.0,,,,,,,,
npy,./data/MSL,T-9,T-9,noMask_fixed,100,256,128,0.15,50,64,0.001,1,0,1,1,0.001,adam,0.1,0.99,fixed,gated,5000,none,8,0.95,"[0.5, 1.0, 2.0]",0,0,7,55,2.887786,0,0.008666216395795345,inf,0.37209224700927734,0.5650950929152148,0.2870309133398803,0.22831050228310504,0.15337423312883436,0.44642857142857145,0.33195020746887965,997,819,16,290,145,0.8229548335075378,0.5,0.9533239006996155,0.03209826699948478,0.0,0.0,,,,,,,,
npy,./data/MSL,M-4,M-4,gate_gbuf5k,100,256,128,0.15,50,64,0.001,1,1,1,1,0.001,adam,0.1,0.99,adaptive,gated,5000,unc,8,0.95,"[0.5, 1.0, 2.0]",0,0,8,55,2.887841,8,0.005009600427001715,0.0031627065036445856,2.7289059162139893,0.37741368047674995,0.10323846664600789,0.1256544502617801,0.0935672514619883,0.19123505976095617,0.21930974224552205,1939,1812,31,350,347,0.8084989190101624,0.991428554058075,0.9219635128974915,0.102127993949115,0.13745704169074693,0.0,0.3725355990698649,0.1019169782690961,0.37366817007292596,0.10136536528870246,0.3776589222293813,0.10026228467767916,0.42601836637780166,0.10455473481198878
npy,./data/MSL,T-8,T-8,gate_noTTA,100,256,128,0.15,50,64,0.001,1,1,1,0,0.001,adam,0.1,0.99,fixed,gated,5000,unc,8,0.95,"[0.5, 1.0, 2.0]",0,0,5,55,2.887841,8,0.004749177023768425,0.0027364762499928474,0.9096834659576416,0.5641371580389389,0.106593206603511,0.13933547695605572,0.07821901323706378,0.6372549019607843,0.15294117647058822,1420,0,0,300,0,0.0,0.0,0.0,0.07360384497843997,1.0,1.0,0.5806661408388338,0.11376842098241752,0.5915009617114312,0.11946454886243979,0.6064870549490086,0.12936672602205226,0.6411294228347655,0.12011374465515487
npy,./data/MSL,P-10,P-10,mask_noTTA,100,256,128,0.15,50,64,0.001,1,1,1,0,0.001,adam,0.1,0.99,fixed,gated,5000,none,8,0.95,"[0.5, 1.0, 2.0]",0,0,6,55,2.887841,8,0.00197730865329504,0.0016390613745898008,5.610765218734741,0.9466927727098917,0.5211624090145018,0.31627906976744186,0.19844357976653695,0.7786259541984732,0.53125,6001,5404,0,230,52,0.9903774857521057,0.22608695924282074,0.9273955821990967,0.07616967047240174,0.0005555555690079927,0.2277027058104674,0.9535654315745857,0.5387993896653556,0.9549223149120328,0.5500591712446307,0.9554594412096085,0.5625812179731567,0.9315649942003149,0.4016724267928389
npy,./data/MSL,P-11,P-11,gate_noTTA,100,256,128,0.15,50,64,0.001,1,1,1,0,0.001,adam,0.1,0.99,fixed,gated,5000,unc,8,0.95,"[0.5, 1.0, 2.0]",0,0,6,55,2.887841,8,0.00293714739382267,0.0020089729223400354,4.978071212768555,0.7083406278017389,0.11498926262158382,0.08735632183908046,0.09178743961352658,0.08333333333333333,0.1991701244813278,3436,3408,0,426,419,0.87705397605896,0.9835680723190308,0.9930232763290405,0.07466054212505797,0.0,0.0,0.7334057475105968,0.12059166058780858,0.7316590538941852,0.1212922398287036,0.7261179104398431,0.1212902736109416,0.7173313916784704,0.13517693932484834
npy,./data/MSL,F-7,F-7,noMask_fixed,100,256,128,0.15,50,64,0.001,1,0,1,1,0.001,adam,0.1,0.99,fixed,gated,5000,none,8,0.95,"[0.5, 1.0, 2.0]",0,0,5,55,2.887786,0,0.0031158372294157743,inf,3.1340785026550293,0.3251349090031053,0.05788302114120186,0.03523316062176166,0.03136531365313653,0.04018912529550828,0.15460526315789475,4955,4562,77,720,654,0.8566418290138245,0.9083333611488342,0.922786295413971,0.028359637371105577,0.03404103654126326,0.05387205444276333,,,,,,,,
npy,./data/MSL,F-8,F-8,fixed,100,256,128,0.15,50,64,0.001,1,1,1,1,0.001,adam,0.1,0.99,fixed,gated,5000,none,8,0.95,"[0.5, 1.0, 2.0]",0,0,6,55,2.887841,8,0.005825871601700783,0.003319107461720705,4.404598951339722,0.5893806999952251,0.24863178341285,0.20483091787439614,0.21285140562248997,0.1973929236499069,0.3992233009708737,2388,2230,38,537,477,0.7860986590385437,0.8882681727409363,0.9470556378364563,0.08733058894299582,0.05718270316720009,0.022471909721692402,0.5710242085661079,0.24425010765832145,0.5598777634531824,0.24379287979191344,0.55119132884496,0.2490259924776894,0.5482996705343074,0.2832185522207614
npy,./data/MSL,T-4,T-4,gate_noTTA,100,256,128,0.15,50,64,0.001,1,1,1,0,0.001,adam,0.1,0.99,fixed,gated,5000,unc,8,0.95,"[0.5, 1.0, 2.0]",0,0,2,55,2.887841,8,0.004088102839887142,0.00244982005096972,2.82708740234375,0.4510093649637007,0.027911442766183917,0.043410852713178294,0.024305555555555556,0.2028985507246377,0.061493411420204966,2118,1402,0,168,140,0.9001426696777344,0.8333333134651184,0.6471794843673706,0.06823623034051278,0.4371069222688675,0.3917031871775786,0.41688257361077374,0.026580955975208154,0.4031927239359836,0.02601739021843865,0.3920735163144685,0.025344121094423886,0.3488921274930505,0.022929694936371814
npy,./data/MSL,F-8,F-8,gate_noTTA,100,256,128,0.15,50,64,0.001,1,1,1,0,0.001,adam,0.1,0.99,fixed,gated,5000,unc,8,0.95,"[0.5, 1.0, 2.0]",0,0,3,55,2.887841,8,0.0057212794199585915,0.0033834129571914673,4.075661659240723,0.5652790908656831,0.24375251279329188,0.20487804878048782,0.2151639344262295,0.19553072625698323,0.3847389558232931,2388,2033,0,537,399,0.8037382960319519,0.74301677942276,0.88276606798172,0.06763589641756348,0.09344490865866344,0.08239700396855672,0.5673418325932293,0.24683551876169169,0.5647786850021487,0.24960053862088333,0.5640605452895956,0.2596000539820842,0.5760425917967817,0.31169572519564614
npy,./data/MSL,M-3,M-3,mask_noTTA,100,256,128,0.15,50,64,0.001,1,1,1,0,0.001,adam,0.1,0.99,fixed,gated,5000,none,8,0.95,"[0.5, 1.0, 2.0]",0,0,9,55,2.887841,8,0.00486458744853735,0.002775755012407899,2.564049243927002,0.42391202779500337,0.10349004417093668,0.14619883040935674,0.0967741935483871,0.29880478087649404,0.21175453759723423,2028,1406,0,350,305,0.7830725312232971,0.8714285492897034,0.6561382412910461,0.0832730966677092,0.26436781138181686,0.3906061351299286,0.4331734894112251,0.10477500557792092,0.44260272343461976,0.10611233335940179,0.45986629176258714,0.10854250080911461,0.5424294294039195,0.12095548702586142
npy,./data/MSL,F-5,F-5,fixed,100,256,128,0.15,50,64,0.001,1,1,1,1,0.001,adam,0.1,0.99,fixed,gated,5000,none,8,0.95,"[0.5, 1.0, 2.0]",0,0,7,55,2.887841,8,0.0031673528719693422,0.0018761142855510116,3.5782692432403564,0.824651707611767,0.42834513690593873,0.2632293080054274,0.16552901023890784,0.6423841059602649,0.48148148148148145,3823,3202,57,250,58,0.9818863272666931,0.23199999332427979,0.8799328207969666,0.10387566337216253,0.2228024328748385,0.09331535547971725,0.8952866157026173,0.5275548866714691,0.9142233953436912,0.6004180511628167,0.9266079052230248,0.6364625288894028,0.9439184715702442,0.5565898233802489
npy,./data/MSL,S-2,S-2,gate_gbuf5k,100,256,128,0.15,50,64,0.001,1,1,1,1,0.001,adam,0.1,0.99,adaptive,gated,5000,unc,8,0.95,"[0.5, 1.0, 2.0]",0,0,8,55,2.887841,8,0.0045976960100233555,0.0028452472761273384,1.229741096496582,0.7333299959951942,0.2879649783489507,0.020486555697823303,0.01038961038961039,0.7272727272727273,0.42857142857142855,1728,826,25,110,5,0.9939467310905457,0.04545454680919647,0.5074165463447571,0.0926083712666123,0.24277457346518835,0.0,0.7382859431317581,0.29238864403379505,0.7422406888265919,0.29671672011708977,0.7445935122146576,0.3101474715323059,0.671305566680016,0.016006739152691952
npy,./data/MSL,D-15,D-15,gate_gbuf5k,100,256,128,0.15,50,64,0.001,1,1,1,1,0.001,adam,0.1,0.99,adaptive,gated,5000,unc,8,0.95,"[0.5, 1.0, 2.0]",0,0,6,55,2.887841,8,0.004247953649610281,0.003836683463305235,2.6239635944366455,0.6167830628848094,0.3783926462318356,0.29307282415630553,0.3402061855670103,0.2574102964118565,0.49817850637522765,2059,1699,33,658,418,0.7539729475975037,0.6352583765983582,0.9143468737602234,0.08355187466562576,0.09870549974342187,0.0,0.6796215948835712,0.4153700215901386,0.7049486989367512,0.43968754112558595,0.7284483600833815,0.47327550961581705,0.8077205092158861,0.6679754499909145
npy,./data/MSL,F-8,F-8,base_noTTA,100,256,128,0.15,50,64,0.001,1,0,1,0,0.001,adam,0.1,0.99,fixed,gated,5000,none,8,0.95,"[0.5, 1.0, 2.0]",0,0,6,55,2.887786,0,0.005167601630091667,inf,4.1537652015686035,0.5633624600105046,0.22936607342596915,0.21082621082621084,0.21511627906976744,0.20670391061452514,0.3906131718395155,2388,1807,0,537,460,0.7454344034194946,0.8566107749938965,0.7277147769927979,0.009003296569364154,0.2496513337828219,0.3258426984151204,,,,,,,,
npy,./data/MSL,M-5,M-5,gate_gbuf5k,100,256,128,0.15,50,64,0.001,1,1,1,1,0.001,adam,0.1,0.99,adaptive,gated,5000,unc,8,0.95,"[0.5, 1.0, 2.0]",0,0,0,55,2.887841,8,0.005377041641622782,0.0031351197976619005,2.5272371768951416,0.48144380536407116,0.13061706650544824,0.1655034895314058,0.11823361823361823,0.2757475083056478,0.23763179237631793,2204,2094,35,400,390,0.813753604888916,0.9750000238418579,0.9445676207542419,0.08916476244502405,0.07692307730515797,0.022727273404598236,0.5031446958357257,0.13434332535092633,0.5187785636290619,0.13746305561648609,0.5402454688168974,0.14245822734278663,0.6020159242750606,0.1671031879793718
npy,./data/MSL,P-15,P-15,fixed,100,256,128,0.15,50,64,0.001,1,1,1,1,0.001,adam,0.1,0.99,fixed,gated,5000,none,8,0.95,"[0.5, 1.0, 2.0]",0,0,2,55,2.887841,8,0.00153897306881845,0.001370836514979601,4.570489168167114,0.7209876543209875,0.6155785596434257,0.0784313725490196,0.041666666666666664,0.6666666666666666,0.6875000000000001,2757,2173,43,120,27,0.9875747561454773,0.22499999403953552,0.8138035535812378,0.09956764578170693,0.18840579688549042,0.1612121214469274,0.7399512891576383,0.6222440566155555,0.7444864365499284,0.6193716564379584,0.747039556563366,0.6169669944374361,0.6889392794154698,0.096841511151152
npy,./data/MSL,P-11,P-11,base_noTTA,100,256,128,0.15,50,64,0.001,1,0,1,0,0.001,adam,0.1,0.99,fixed,gated,5000,none,8,0.95,"[0.5, 1.0, 2.0]",0,0,1,55,2.887786,0,0.003056081011891365,inf,4.681400299072266,0.7167000885946344,0.12003707674353103,0.08095238095238096,0.08854166666666667,0.07456140350877193,0.2177777777777778,3436,3436,0,426,426,0.8760186433792114,1.0,1.0,0.00829496816650675,0.0,0.0,,,,,,,,
npy,./data/MSL,D-15,D-15,noMask_fixed,100,256,128,0.15,50,64,0.001,1,0,1,1,0.001,adam,0.1,0.99,fixed,gated,5000,none,8,0.95,"[0.5, 1.0, 2.0]",0,0,4,55,2.887786,0,0.0036873724311590195,inf,2.4676177501678467,0.6060796156302415,0.38999024314323116,0.3609604957397366,0.35846153846153844,0.36349453978159124,0.4891670678863745,2059,862,26,658,28,0.9675173759460449,0.042553190141916275,0.5952890515327454,0.026961563280799426,0.38996763589481515,0.0,,,,,,,,
npy,./data/MSL,T-5,T-5,gate_noTTA,100,256,128,0.15,50,64,0.001,1,1,1,0,0.001,adam,0.1,0.99,fixed,gated,5000,unc,8,0.95,"[0.5, 1.0, 2.0]",0,0,5,55,2.887841,8,0.0031310049816966057,0.0023383544757962227,2.8106322288513184,0.5969434306569343,0.20995102795574766,0.03947368421052632,0.020930232558139535,0.34615384615384615,0.32258064516129037,2119,1390,0,125,23,0.9834532141685486,0.18400000035762787,0.6855566501617432,0.06726250551735921,0.42767294744650525,0.3233106757203738,0.6189640651319483,0.21414179321589558,0.6226663391353171,0.22031117781845344,0.6322466311061201,0.23501561181926278,0.5913286075238631,0.09210831162258742
npy,./data/MSL,P-14,P-14,noMask_fixed,100,256,128,0.15,50,64,0.001,1,0,1,1,0.001,adam,0.1,0.99,fixed,gated,5000,none,8,0.95,"[0.5, 1.0, 2.0]",0,0,7,55,2.887786,0,0.002443314529955387,inf,3.6372592449188232,0.9124898841543154,0.4357345178286069,0.4380032206119163,0.3090909090909091,0.7513812154696132,0.4725897920604915,6001,5550,92,280,111,0.9800000190734863,0.39642858505249023,0.9507079124450684,0.029084921240746985,0.0,0.16652777791023254,,,,,,,,
npy,./data/MSL,M-6,M-6,mask_noTTA,100,256,128,0.15,50,64,0.001,1,1,1,0,0.001,adam,0.1,0.99,fixed,gated,5000,none,8,0.95,"[0.5, 1.0, 2.0]",0,0,1,55,2.887841,8,0.0020626001060009003,0.001528482767753303,2.000033378601074,0.7563470843635762,0.633675248706628,0.18422636965683323,0.10337837837837838,0.8453038674033149,0.7208480565371024,1950,0,0,199,0,0.0,0.0,0.0,0.06616445688100961,1.0,0.6666666666666666,0.7570214251067706,0.6424640699917177,0.7548623516746128,0.6417569973607631,0.7519047168360404,0.6406028742840265,0.7577904101647994,0.6332785528881469
npy,./data/MSL,P-15,P-15,fixed,100,256,128,0.15,50,64,0.001,1,1,1,1,0.001,adam,0.1,0.99,fixed,gated,5000,none,8,0.95,"[0.5, 1.0, 2.0]",0,0,3,55,2.887841,8,0.0015000274870544672,0.0013088578125461936,4.6087446212768555,0.7370118417737466,0.48197202710761416,0.06913580246913581,0.036458333333333336,0.6666666666666666,0.5333333333333333,2757,2146,42,120,26,0.9878844618797302,0.21666666865348816,0.8039438724517822,0.0877878481726911,0.2065217395623525,0.16606060167153677,0.745477450239355,0.48941759520707917,0.7477450239355001,0.4962042724722786,0.7492231460485429,0.5117474697092402,0.6577475434618292,0.04443742141912152
npy,./data/MSL,P-14,P-14,gate_gbuf5k,100,256,128,0.15,50,64,0.001,1,1,1,1,0.001,adam,0.1,0.99,adaptive,gated,5000,unc,8,0.95,"[0.5, 1.0, 2.0]",0,0,4,55,2.887841,8,0.002270721597597003,0.0017221327871084213,3.2310194969177246,0.9116143442925162,0.46465076218585366,0.3741588156123823,0.24733096085409254,0.7679558011049724,0.4260731319554849,6001,5388,92,280,105,0.980512261390686,0.375,0.9234399795532227,0.09784855816368658,0.013333333345750967,0.14368055388331413,0.9197910278632627,0.493114133763253,0.9209941951147116,0.5133932045688964,0.923230648748902,0.5442596309499893,0.9089653228343223,0.5566705358781912
npy,./data/MSL,M-4,M-4,gate_gbuf5k,100,256,128,0.15,50,64,0.001,1,1,1,1,0.001,adam,0.1,0.99,adaptive,gated,5000,unc,8,0.95,"[0.5, 1.0, 2.0]",0,0,5,55,2.887841,8,0.00480083329603076,0.0031652827747166157,2.598874807357788,0.402151884905816,0.11218645470412343,0.14108910891089108,0.10233393177737882,0.22709163346613545,0.21959755030621173,1939,1809,31,350,345,0.809286892414093,0.9857142567634583,0.9213341474533081,0.10517505470657545,0.16151202470064163,0.0,0.3932117082871647,0.11022005954516913,0.3916644557751089,0.10883553538061554,0.39398756401367113,0.10637880752549721,0.4077121842791118,0.09897824875457367
npy,./data/MSL,T-8,T-8,fixed,100,256,128,0.15,50,64,0.001,1,1,1,1,0.001,adam,0.1,0.99,fixed,gated,5000,none,8,0.95,"[0.5, 1.0, 2.0]",0,0,7,55,2.887841,8,0.004824239294975996,0.00252611399628222,0.8840639591217041,0.55051406589453,0.11703151702936754,0.1288936627282492,0.07237635705669482,0.5882352941176471,0.16964285714285715,1420,0,0,300,0,0.0,0.0,0.0,0.0788839770035005,1.0,1.0,0.5626496187748211,0.12020695579041732,0.5727302918344472,0.12288193710020413,0.5868792118117536,0.12623682644370054,0.5891624116124925,0.0951945103183116
npy,./data/MSL,M-7,M-7,fixed,100,256,128,0.15,50,64,0.001,1,1,1,1,0.001,adam,0.1,0.99,fixed,gated,5000,none,8,0.95,"[0.5, 1.0, 2.0]",0,0,7,55,2.887841,8,0.002633169759064913,0.0018954502884298563,2.0470900535583496,0.8966587169665872,0.5567997826964048,0.155668358714044,0.0851063829787234,0.9108910891089109,0.7027027027027027,2057,430,8,200,0,1.0,0.0,0.2315562665462494,0.07536414762579473,1.0,0.3008130192756653,0.9098889450988893,0.578890195923947,0.9146876731468767,0.5920428671573786,0.9184505311845053,0.6010329680302178,0.9040784370407844,0.43276197828408347
npy,./data/MSL,M-1,M-1,fixed,100,256,128,0.15,50,64,0.001,1,1,1,1,0.001,adam,0.1,0.99,fixed,gated,5000,none,8,0.95,"[0.5, 1.0, 2.0]",0,0,8,55,2.887841,8,0.0035782435443252325,0.002082830062136054,2.8956472873687744,0.38674454703682215,0.42334450666852885,0.3361852038248616,0.3947990543735225,0.2927256792287467,0.6676453317674691,2178,1207,28,1167,885,0.2667771279811859,0.7583547830581665,0.3184965252876282,0.09621120134113686,0.7033639351526896,0.0,0.36177494414338796,0.41410357010279,0.3517006949673501,0.40923822815653965,0.3415377232721482,0.40317758398653425,0.35606507141005544,0.4018996332231932
npy,./data/MSL,P-10,P-10,base_noTTA,100,256,128,0.15,50,64,0.001,1,0,1,0,0.001,adam,0.1,0.99,fixed,gated,5000,none,8,0.95,"[0.5, 1.0, 2.0]",0,0,6,55,2.887786,0,0.0018710448639467359,inf,5.24029016494751,0.9641058957284391,0.5559763531615994,0.3603896103896103,0.2288659793814433,0.8473282442748091,0.5531914893617021,6001,5351,0,230,39,0.9927116632461548,0.16956521570682526,0.9204643964767456,0.00883189663651029,0.0011111111380159855,0.24435435235500336,,,,,,,,
npy,./data/MSL,T-5,T-5,noMask_fixed,100,256,128,0.15,50,64,0.001,1,0,1,1,0.001,adam,0.1,0.99,fixed,gated,5000,none,8,0.95,"[0.5, 1.0, 2.0]",0,0,3,55,2.887786,0,0.002971402835100889,inf,2.6545491218566895,0.6522143458731051,0.21027151174984568,0.0495049504950495,0.026455026455026454,0.38461538461538464,0.32258064516129037,2119,1415,32,125,22,0.9844523072242737,0.17599999904632568,0.6985957622528076,0.0252496414220575,0.4654088119665782,0.3327670010427634,,,,,,,,
npy,./data/MSL,P-14,P-14,base_noTTA,100,256,128,0.15,50,64,0.001,1,0,1,0,0.001,adam,0.1,0.99,fixed,gated,5000,none,8,0.95,"[0.5, 1.0, 2.0]",0,0,0,55,2.887786,0,0.002462344244122505,inf,3.4563558101654053,0.89204257475925,0.4822112268392219,0.417910447761194,0.2985781990521327,0.6961325966850829,0.4532803180914513,6001,5485,0,280,109,0.9801276326179504,0.38928571343421936,0.9396958351135254,0.009083902810021572,0.0005555555690079927,0.214375006655852,,,,,,,,
npy,./data/MSL,T-4,T-4,noMask_fixed,100,256,128,0.15,50,64,0.001,1,0,1,1,0.001,adam,0.1,0.99,fixed,gated,5000,none,8,0.95,"[0.5, 1.0, 2.0]",0,0,2,55,2.887786,0,0.003738746978342533,inf,2.6207587718963623,0.441516206514992,0.027731616770589516,0.04203152364273205,0.02390438247011952,0.17391304347826086,0.06145503840939901,2118,1423,32,168,143,0.8995080590248108,0.851190447807312,0.656410276889801,0.027386054776545623,0.4858490526676178,0.3868893285592397,,,,,,,,
npy,./data/MSL,P-15,P-15,gate_noTTA,100,256,128,0.15,50,64,0.001,1,1,1,0,0.001,adam,0.1,0.99,fixed,gated,5000,unc,8,0.95,"[0.5, 1.0, 2.0]",0,0,2,55,2.887841,8,0.00153897306881845,0.001370836514979601,4.497547626495361,0.7241958511799782,0.6477411572653912,0.07713498622589532,0.04093567251461988,0.6666666666666666,0.7272727272727273,2757,2032,0,120,21,0.9896653294563293,0.17499999701976776,0.7626090049743652,0.06420628765937769,0.18961352606614432,0.16000000139077505,0.7357688754514152,0.6533767020270199,0.7389266817838247,0.6516550090482819,0.7417485512723607,0.6507382937074981,0.6731670445956159,0.10856614163923813
npy,./data/MSL,T-4,T-4,gate_noTTA,100,256,128,0.15,50,64,0.001,1,1,1,0,0.001,adam,0.1,0.99,fixed,gated,5000,unc,8,0.95,"[0.5, 1.0, 2.0]",0,0,7,55,2.887841,8,0.0040884059853851795,0.002423239639028907,2.9245331287384033,0.4344250128194748,0.028102935014463825,0.05023547880690738,0.028169014084507043,0.2318840579710145,0.06119733924611973,2118,1370,0,168,134,0.9021897912025452,0.7976190447807312,0.6338461637496948,0.07389929071701958,0.4591194987297058,0.4011818456153075,0.42909481013683104,0.027594174256253108,0.42865624915661354,0.027285522856556547,0.4269492348797668,0.026895810130403923,0.41575580924621486,0.02540603637590479
npy,./data/MSL,F-8,F-8,noMask_fixed,100,256,128,0.15,50,64,0.001,1,0,1,1,0.001,adam,0.1,0.99,fixed,gated,5000,none,8,0.95,"[0.5, 1.0, 2.0]",0,0,6,55,2.887786,0,0.005167601630091667,inf,4.166369199752808,0.6018497827436374,0.2509526811752282,0.23796033994334279,0.2413793103448276,0.2346368715083799,0.3991489361702127,2388,1889,36,537,501,0.7347803115844727,0.9329608678817749,0.749864935874939,0.028479139209792042,0.2594142227123181,0.30337079366048175,,,,,,,,
npy,./data/MSL,P-11,P-11,fixed,100,256,128,0.15,50,64,0.001,1,1,1,1,0.001,adam,0.1,0.99,fixed,gated,5000,none,8,0.95,"[0.5, 1.0, 2.0]",0,0,1,55,2.887841,8,0.002940770471468568,0.001998325577005744,5.07019305229187,0.7237253248027841,0.12085712008770597,0.09459459459459459,0.09722222222222222,0.09210526315789473,0.22455403987408185,3436,3436,54,426,426,0.8760186433792114,1.0,1.0,0.09857400887503752,0.0,0.0,0.7542201815394246,0.13045551146514825,0.7545106340086686,0.1322350802072829,0.7498978774423207,0.13236730963873822,0.7368222112584152,0.1482300990899702
npy,./data/MSL,P-15,P-15,fixed,100,256,128,0.15,50,64,0.001,1,1,1,1,0.001,adam,0.1,0.99,fixed,gated,5000,none,8,0.95,"[0.5, 1.0, 2.0]",0,0,0,55,2.887841,8,0.001516831573098898,0.001315527711994946,4.298986434936523,0.7418493323255229,0.6059836599067105,0.07427055702917772,0.03932584269662921,0.6666666666666666,0.6470588235294118,2757,2151,43,120,27,0.9874476790428162,0.22499999403953552,0.8054607510566711,0.09214216529090724,0.20772946874300638,0.16606060663859049,0.7471403376165281,0.6200427799549221,0.7482993197278912,0.63051514769616,0.7494750986814478,0.6535252656101942,0.6840178046527252,0.1852351167266582
npy,./data/MSL,F-8,F-8,noMask_fixed,100,256,128,0.15,50,64,0.001,1,0,1,1,0.001,adam,0.1,0.99,fixed,gated,5000,none,8,0.95,"[0.5, 1.0, 2.0]",0,0,4,55,2.887786,0,0.005161817651242018,inf,3.945570707321167,0.588901303538175,0.2550726295071358,0.23562152133580705,0.23475046210720887,0.23649906890130354,0.4025917926565875,2388,1912,35,537,503,0.7369247078895569,0.9366852641105652,0.7612101435661316,0.028062405897744336,0.256624828868856,0.29400750001271564,,,,,,,,
npy,./data/MSL,C-2,C-2,gate_gbuf5k,100,256,128,0.15,50,64,0.001,1,1,1,1,0.001,adam,0.1,0.99,adaptive,gated,5000,unc,8,0.95,"[0.5, 1.0, 2.0]",0,0,4,55,2.887841,8,0.005908480379730463,0.002852685982361436,0.8276443481445312,0.5774775187058097,0.11121095809650869,0.15789473684210528,0.1092436974789916,0.2846715328467153,0.19582664526484753,1952,1617,31,335,214,0.8676561713218689,0.6388059854507446,0.8676561713218689,0.10349748075985518,0.21116928259531656,0.0,0.648837989764242,0.12921810375894868,0.6905399324226407,0.1466609574182196,0.7373750085806468,0.17990883118500323,0.817693674728661,0.33137075808134614
npy,./data/MSL,T-9,T-9,mask_noTTA,100,256,128,0.15,50,64,0.001,1,1,1,0,0.001,adam,0.1,0.99,fixed,gated,5000,none,8,0.95,"[0.5, 1.0, 2.0]",0,0,0,55,2.887841,8,0.00864570401608944,0.003266619984060526,0.3895566463470459,0.5486171602787457,0.2610344200903563,0.23059866962305983,0.15339233038348082,0.4642857142857143,0.3081761006289308,997,809,0,290,142,0.8244746327400208,0.48965516686439514,0.9434229135513306,0.07574082377442386,0.0,0.0,0.6121697154471544,0.28126156819663517,0.6533191782810686,0.3052761691785453,0.7005208333333331,0.3507231098126974,0.7474865708478513,0.2621936377219436
npy,./data/MSL,T-9,T-9,mask_noTTA,100,256,128,0.15,50,64,0.001,1,1,1,0,0.001,adam,0.1,0.99,fixed,gated,5000,none,8,0.95,"[0.5, 1.0, 2.0]",0,0,4,55,2.887841,8,0.008679231628775597,0.003604209516197443,0.40898776054382324,0.5561483739837398,0.2810206456964976,0.24299065420560748,0.16455696202531644,0.4642857142857143,0.32967032967032966,997,808,0,290,140,0.8267326951026917,0.48275861144065857,0.9448373317718506,0.0737394946986957,0.0,0.0,0.6171875,0.2991421719325939,0.657574767711963,0.3181669270141374,0.7013011759581883,0.3550109391990923,0.7171530197444831,0.25870167876513533
npy,./data/MSL,C-2,C-2,gate_noTTA,100,256,128,0.15,50,64,0.001,1,1,1,0,0.001,adam,0.1,0.99,fixed,gated,5000,unc,8,0.95,"[0.5, 1.0, 2.0]",0,0,1,55,2.887841,8,0.006016820203512907,0.002703337464481592,0.8554551601409912,0.6005194151431252,0.09909624598803109,0.17965653896961692,0.10967741935483871,0.49635036496350365,0.18867924528301885,1952,1301,0,335,132,0.8985396027565002,0.3940298557281494,0.7229437232017517,0.07070454417682084,0.6893095274766287,0.24257334818442663,0.6875157311855021,0.12178131430456883,0.7213654287653785,0.14205940090668598,0.7575261805062964,0.1862812704103243,0.8185860619789641,0.407747018927791
npy,./data/MSL,T-9,T-9,base_noTTA,100,256,128,0.15,50,64,0.001,1,0,1,0,0.001,adam,0.1,0.99,fixed,gated,5000,none,8,0.95,"[0.5, 1.0, 2.0]",0,0,4,55,2.887786,0,0.008565893396735191,inf,0.3791532516479492,0.5611026422764227,0.28655256925421435,0.24299065420560748,0.16455696202531644,0.4642857142857143,0.3295880149812734,997,803,0,290,133,0.8343710899353027,0.45862069725990295,0.9476661682128906,0.01003318947320477,0.0,0.0,,,,,,,,
npy,./data/MSL,M-6,M-6,base_noTTA,100,256,128,0.15,50,64,0.001,1,0,1,0,0.001,adam,0.1,0.99,fixed,gated,5000,none,8,0.95,"[0.5, 1.0, 2.0]",0,0,4,55,2.887786,0,0.0022856693249195814,inf,1.8547813892364502,0.7549510807197701,0.6281945452965118,0.18459657701711493,0.10378006872852234,0.8342541436464088,0.7071428571428572,1950,0,0,199,0,0.0,0.0,0.0,0.010255911411383213,1.0,0.6666666666666666,,,,,,,,
npy,./data/MSL,F-8,F-8,gate_gbuf5k,100,256,128,0.15,50,64,0.001,1,1,1,1,0.001,adam,0.1,0.99,adaptive,gated,5000,unc,8,0.95,"[0.5, 1.0, 2.0]",0,0,7,55,2.887841,8,0.005788278300315142,0.0033071304205805063,4.185658693313599,0.5974397173279855,0.2558875609186796,0.19740777666999001,0.21244635193133046,0.18435754189944134,0.4054283290924513,2388,2199,38,537,475,0.7839927077293396,0.884543776512146,0.9313884377479553,0.1013550526732376,0.027894002695878346,0.0,0.5796600296041636,0.2496060732694499,0.5663954543284152,0.2461385581798975,0.5530487513727738,0.2465098868220519,0.5427130783555365,0.25434323304961337
npy,./data/MSL,M-2,M-2,fixed,100,256,128,0.15,50,64,0.001,1,1,1,1,0.001,adam,0.1,0.99,fixed,gated,5000,none,8,0.95,"[0.5, 1.0, 2.0]",0,0,7,55,2.887841,8,0.0056137386709451675,0.0026002272497862577,2.9041588306427,0.698692152917505,0.6904651932913168,0.5496264674493063,0.7025920873124147,0.45135845749342685,0.694949494949495,2178,1268,33,1167,303,0.761040985584259,0.259640097618103,0.9545004963874817,0.09092351950232976,0.07033639214932919,0.0,0.7526840490797546,0.7270661850827863,0.7794828788683018,0.7517439203934865,0.8086918751774451,0.7857017723980007,0.8399384034266952,0.8475206143301676
npy,./data/MSL,M-4,M-4,gate_noTTA,100,256,128,0.15,50,64,0.001,1,1,1,0,0.001,adam,0.1,0.99,fixed,gated,5000,unc,8,0.95,"[0.5, 1.0, 2.0]",0,0,5,55,2.887841,8,0.00480083329603076,0.0031652827747166157,2.631498098373413,0.41355785587365146,0.11139996725102444,0.14995131450827653,0.09922680412371133,0.30677290836653387,0.22124283825473778,1939,1205,0,350,330,0.726141095161438,0.9428571462631226,0.5506607890129089,0.07247826437042693,0.3865979313850403,0.49067630370457965,0.40616493176705604,0.10907377591414774,0.4052397015184923,0.10756321437974754,0.40692295172973464,0.10579816327533388,0.4183177753451778,0.10061951129629094
npy,./data/MSL,P-14,P-14,noMask_fixed,100,256,128,0.15,50,64,0.001,1,0,1,1,0.001,adam,0.1,0.99,fixed,gated,5000,none,8,0.95,"[0.5, 1.0, 2.0]",0,0,5,55,2.887786,0,0.002332863165065646,inf,3.545215368270874,0.9118327625522826,0.4317697163680135,0.44006069802731407,0.303347280334728,0.8011049723756906,0.4923076923076922,6001,5433,91,280,109,0.9799374341964722,0.38928571343421936,0.9306065440177917,0.02875019760653091,0.004444444552063942,0.22340277334054312,,,,,,,,
npy,./data/MSL,P-15,P-15,fixed,100,256,128,0.15,50,64,0.001,1,1,1,1,0.001,adam,0.1,0.99,fixed,gated,5000,none,8,0.95,"[0.5, 1.0, 2.0]",0,0,8,55,2.887841,8,0.0015174138825386763,0.0013345045736059546,4.640406608581543,0.7330141933316537,0.5886097319432232,0.0790960451977401,0.042042042042042045,0.6666666666666666,0.6285714285714286,2757,2161,42,120,27,0.9875057935714722,0.22499999403953552,0.809252917766571,0.09523122951437003,0.19806763033072153,0.1612121214469274,0.7397833207357016,0.5978814338038486,0.7442176870748297,0.6025174831473687,0.7470395565633661,0.6175989497354943,0.6999580078945158,0.0802714074345782
npy,./data/MSL,M-2,M-2,gate_noTTA,100,256,128,0.15,50,64,0.001,1,1,1,0,0.001,adam,0.1,0.99,fixed,gated,5000,unc,8,0.95,"[0.5, 1.0, 2.0]",0,0,6,55,2.887841,8,0.005505414679646492,0.00287442933768034,2.8575611114501953,0.7423829788547235,0.7374736413200496,0.6122244488977957,0.7146198830409357,0.5354951796669588,0.7178608159067535,2178,1023,0,1167,101,0.9012707471847534,0.08654670417308807,0.9119683504104614,0.0727866306777828,0.11009174461166064,0.0,0.7875774586167311,0.7678931527936659,0.8113913542605327,0.7888038004438971,0.8379903655059189,0.8176649668202467,0.8605933916381726,0.8575010617777903
npy,./data/MSL,C-1,C-1,gate_noTTA,100,256,128,0.15,50,64,0.001,1,1,1,0,0.001,adam,0.1,0.99,fixed,gated,5000,unc,8,0.95,"[0.5, 1.0, 2.0]",0,0,4,55,2.887841,8,0.005659360438585281,0.002652090508490801,2.594552993774414,0.650279791929382,0.20110809864016124,0.2211652794292509,0.17580340264650285,0.2980769230769231,0.3127621330137807,2165,1656,0,464,352,0.7874395847320557,0.7586206793785095,0.7666078805923462,0.06490304343419592,0.8740399479866028,0.0,0.6482585251155948,0.2020883322046099,0.6419763424758302,0.20250406561441953,0.6360636034047918,0.20514349258378456,0.6234910282681799,0.19788622158261648
npy,./data/MSL,T-9,T-9,mask_noTTA,100,256,128,0.15,50,64,0.001,1,1,1,0,0.001,adam,0.1,0.99,fixed,gated,5000,none,8,0.95,"[0.5, 1.0, 2.0]",0,0,6,55,2.887841,8,0.008770079351961613,0.0034290740732103586,0.40158534049987793,0.5609937572590011,0.2656613030150883,0.23798627002288328,0.16,0.4642857142857143,0.3122676579925651,997,815,0,290,144,0.8233128786087036,0.4965517222881317,0.9490806460380554,0.07524007301751445,0.0,0.0,0.6319686411149826,0.2934136821249834,0.673372168989547,0.3195776819877902,0.7213541666666669,0.36853752843937754,0.7543281794425087,0.28657739759384293
npy,./data/MSL,P-10,P-10,mask_noTTA,100,256,128,0.15,50,64,0.001,1,1,1,0,0.001,adam,0.1,0.99,fixed,gated,5000,none,8,0.95,"[0.5, 1.0, 2.0]",0,0,3,55,2.887841,8,0.0019839804153889418,0.0017106286250054836,5.3278796672821045,0.9516931627658934,0.49907719432553943,0.310077519379845,0.19455252918287938,0.7633587786259542,0.5077720207253886,6001,5404,0,230,54,0.9900074005126953,0.2347826063632965,0.9270490407943726,0.07246645504862959,0.0005555555690079927,0.2259008971353372,0.9563277953906891,0.5156788441770941,0.9569416540164898,0.5281950485732462,0.9564109220795995,0.5466124529703495,0.9288051881284858,0.3530321467081809
npy,./data/MSL,T-4,T-4,noMask_fixed,100,256,128,0.15,50,64,0.001,1,0,1,1,0.001,adam,0.1,0.99,fixed,gated,5000,none,8,0.95,"[0.5, 1.0, 2.0]",0,0,3,55,2.887786,0,0.003703923197463155,inf,2.643378496170044,0.4491606617547837,0.02740946983445306,0.04033613445378151,0.022813688212927757,0.17391304347826086,0.0637791527843884,2118,1367,32,168,142,0.8961228728294373,0.8452380895614624,0.6282051205635071,0.02597152792810831,0.5220125913619995,0.4058615838487943,,,,,,,,
npy,./data/MSL,M-3,M-3,mask_noTTA,100,256,128,0.15,50,64,0.001,1,1,1,0,0.001,adam,0.1,0.99,fixed,gated,5000,none,8,0.95,"[0.5, 1.0, 2.0]",0,0,0,55,2.887841,8,0.004953938070684671,0.002664173487573862,2.5633585453033447,0.43343895208080263,0.10665544651747924,0.14697120158887786,0.09788359788359788,0.2948207171314741,0.21123785382340518,2028,1483,0,350,321,0.7835468649864197,0.9171428680419922,0.6924910545349121,0.06657603694607285,0.23152709503968558,0.34546137352784473,0.42448542716129084,0.10509538077428136,0.4231390005011936,0.10427225212274524,0.4247976112607141,0.1030323603290311,0.43923665678437634,0.09797949619640862
npy,./data/MSL,F-8,F-8,gate_noTTA,100,256,128,0.15,50,64,0.001,1,1,1,0,0.001,adam,0.1,0.99,fixed,gated,5000,unc,8,0.95,"[0.5, 1.0, 2.0]",0,0,8,55,2.887841,8,0.005934807471930981,0.0033623024355620146,4.412249326705933,0.580551974406723,0.2510098068189377,0.21821631878557873,0.22243713733075435,0.21415270018621974,0.3943329397874853,2388,2094,0,537,415,0.8018147349357605,0.7728118896484375,0.9070772528648376,0.06743152337257986,0.055788006633520126,0.03183520585298538,0.5744783459867259,0.25297434564539883,0.5699002053191997,0.2558510343882743,0.5688077161820179,0.2667620905885142,0.5850661318817744,0.3045116578131176
npy,./data/MSL,D-15,D-15,mask_noTTA,100,256,128,0.15,50,64,0.001,1,1,1,0,0.001,adam,0.1,0.99,fixed,gated,5000,none,8,0.95,"[0.5, 1.0, 2.0]",0,0,6,55,2.887841,8,0.004247953649610281,0.003836683463305235,2.6413626670837402,0.6168910434729848,0.3794805884307685,0.37430610626486915,0.38064516129032255,0.36817472698907955,0.49821109123434704,2059,957,0,658,36,0.962382435798645,0.054711245000362396,0.6573875546455383,0.0701914023519315,0.3203883587072293,0.0,0.6787073592370194,0.41596466319791564,0.7052284200794531,0.44111682584190903,0.7316178474429682,0.47805040692797696,0.8130547502717512,0.6767626906165295
npy,./data/MSL,M-7,M-7,base_noTTA,100,256,128,0.15,50,64,0.001,1,0,1,0,0.001,adam,0.1,0.99,fixed,gated,5000,none,8,0.95,"[0.5, 1.0, 2.0]",0,0,2,55,2.887786,0,0.0028890171088278294,inf,1.8430566787719727,0.8947700609477006,0.5384542695571705,0.1591103507271172,0.08707865168539326,0.9207920792079208,0.6497461928934011,2057,435,0,200,0,1.0,0.0,0.2342487871646881,0.010699627755275906,1.0,0.2926829258600871,,,,,,,,
npy,./data/MSL,M-1,M-1,mask_noTTA,100,256,128,0.15,50,64,0.001,1,1,1,0,0.001,adam,0.1,0.99,fixed,gated,5000,none,8,0.95,"[0.5, 1.0, 2.0]",0,0,9,55,2.887841,8,0.0033433930948376656,0.002000723499804735,2.872066020965576,0.3773669625112639,0.41698353597915266,0.35752557233317095,0.4024122807017544,0.32164767747589834,0.6678383128295255,2178,1114,0,1167,820,0.2639138102531433,0.7026563882827759,0.29080119729042053,0.07440159362428664,0.7125382324059805,0.0,0.35665912653837134,0.40887845940342205,0.34776835861796546,0.40443406520632535,0.3371826048314427,0.3982850864261235,0.33268012985890805,0.3942787352650423
npy,./data/MSL,F-7,F-7,fixed,100,256,128,0.15,50,64,0.001,1,1,1,1,0.001,adam,0.1,0.99,fixed,gated,5000,none,8,0.95,"[0.5, 1.0, 2.0]",0,0,3,55,2.887841,8,0.0043686265125870705,0.0043960511684417725,3.1076762676239014,0.4488259560276541,0.0709800945966853,0.06477732793522267,0.04926108374384237,0.09456264775413711,0.15549399815327794,4955,4553,78,720,647,0.8578959107398987,0.8986111283302307,0.9223140478134155,0.10394347544034001,0.01953039225190878,0.07676767806212108,0.45223856291729136,0.07084192888701282,0.4532227822266736,0.07061796118656564,0.45351171797828693,0.07045083800813233,0.49258134485809224,0.0787712623577075
npy,./data/MSL,M-6,M-6,fixed,100,256,128,0.15,50,64,0.001,1,1,1,1,0.001,adam,0.1,0.99,fixed,gated,5000,none,8,0.95,"[0.5, 1.0, 2.0]",0,0,1,55,2.887841,8,0.0020626001060009003,0.001528482767753303,1.8422861099243164,0.7563470843635762,0.633675248706628,0.18422636965683323,0.10337837837837838,0.8453038674033149,0.7208480565371024,1950,0,0,199,0,0.0,0.0,0.0,0.07129595829890324,1.0,0.6666666666666666,0.7570214251067706,0.6424640699917177,0.7548623516746128,0.6417569973607631,0.7519047168360404,0.6406028742840265,0.7577904101647994,0.6332785528881469
npy,./data/MSL,P-15,P-15,noMask_fixed,100,256,128,0.15,50,64,0.001,1,0,1,1,0.001,adam,0.1,0.99,fixed,gated,5000,none,8,0.95,"[0.5, 1.0, 2.0]",0,0,0,55,2.887786,0,0.0017394667956978083,inf,4.284733057022095,0.7438313597043756,0.6693931085077048,0.08045977011494251,0.04281345565749235,0.6666666666666666,0.8,2757,2235,44,120,27,0.9879194498062134,0.22499999403953552,0.8373151421546936,0.028657100319127306,0.15338164071242014,0.14666666587193808,,,,,,,,
npy,./data/MSL,D-14,D-14,gate_gbuf5k,100,256,128,0.15,50,64,0.001,1,1,1,1,0.001,adam,0.1,0.99,adaptive,gated,5000,unc,8,0.95,"[0.5, 1.0, 2.0]",0,0,9,55,2.887841,8,0.005123554728925228,0.002641454106196761,4.948439598083496,0.47044610153224387,0.261942484376775,0.18400876232201532,0.12156295224312591,0.3783783783783784,0.3302180685358256,2526,1477,36,420,123,0.9167230725288391,0.2928571403026581,0.642924964427948,0.10294802870338905,0.13833992183208466,0.0,0.4914315064127799,0.2702862339398233,0.5053030558648537,0.2779345356643358,0.5211991017234463,0.2879099567845052,0.5076537211368671,0.19177703823086442
npy,./data/MSL,S-2,S-2,gate_noTTA,100,256,128,0.15,50,64,0.001,1,1,1,0,0.001,adam,0.1,0.99,fixed,gated,5000,unc,8,0.95,"[0.5, 1.0, 2.0]",0,0,4,55,2.887841,8,0.004450122360140085,0.0022577554918825626,1.1085233688354492,0.6884261113336003,0.28420900508190466,0.014388489208633096,0.007251631617113851,0.9090909090909091,0.42857142857142855,1728,0,0,110,0,0.0,0.0,0.0,0.06771542959743077,1.0,1.0,0.7024429315178214,0.2853265869027587,0.7178614337204645,0.28657002324868186,0.7328794553464156,0.29067617240467125,0.6685522627152582,0.0506252472702986
npy,./data/MSL,M-1,M-1,gate_gbuf5k,100,256,128,0.15,50,64,0.001,1,1,1,1,0.001,adam,0.1,0.99,adaptive,gated,5000,unc,8,0.95,"[0.5, 1.0, 2.0]",0,0,0,55,2.887841,8,0.0034322822466492653,0.002202465198934078,2.7926862239837646,0.3611376850057399,0.41181641358689636,0.21151586368977673,0.32085561497326204,0.15775635407537247,0.6680327868852458,2178,1732,35,1167,1091,0.37009239196777344,0.9348757266998291,0.6340256929397583,0.0899618541132539,0.24464831749598184,0.0,0.34044296453568035,0.4034393650156223,0.3302290738294799,0.3983101885426483,0.3182183592351656,0.39142012293522244,0.31049487106689216,0.38327177629211484
npy,./data/MSL,T-12,T-12,gate_gbuf5k,100,256,128,0.15,50,64,0.001,1,1,1,1,0.001,adam,0.1,0.99,adaptive,gated,5000,unc,8,0.95,"[0.5, 1.0, 2.0]",0,0,5,55,2.887841,8,0.0028392132371664047,0.001554194837808609,1.4568467140197754,0.7836135280916572,0.21682540410393425,0.2880434782608695,0.2145748987854251,0.4380165289256198,0.2866666666666667,2331,2095,36,220,106,0.9494033455848694,0.48181816935539246,0.9422074556350708,0.10423085455319647,0.0,0.0,0.8097885027685413,0.22143034205448622,0.8067246741997717,0.22247282437437207,0.7974186528460319,0.22604154142827987,0.7518298859296537,0.13680970524127256
npy,./data/MSL,F-7,F-7,base_noTTA,100,256,128,0.15,50,64,0.001,1,0,1,0,0.001,adam,0.1,0.99,fixed,gated,5000,none,8,0.95,"[0.5, 1.0, 2.0]",0,0,0,55,2.887786,0,0.0031206985004246235,inf,2.838613510131836,0.34929575739198215,0.059669886221041496,0.03157894736842105,0.028462998102466792,0.03546099290780142,0.154548776032152,4955,4694,0,720,674,0.8564124703407288,0.9361110925674438,0.9492325782775879,0.008881729618692253,0.0073924728979667025,0.022222222139437992,,,,,,,,
npy,./data/MSL,M-4,M-4,mask_noTTA,100,256,128,0.15,50,64,0.001,1,1,1,0,0.001,adam,0.1,0.99,fixed,gated,5000,none,8,0.95,"[0.5, 1.0, 2.0]",0,0,0,55,2.887841,8,0.004933968186378479,0.0029196699615567923,2.560728073120117,0.438327272889416,0.11809455585749076,0.16698292220113853,0.1095890410958904,0.350597609561753,0.21988611476127903,1939,1280,0,350,341,0.733593761920929,0.9742857217788696,0.5909376740455627,0.06911679602825131,0.37113401542107266,0.45245160659154254,0.42967915690344394,0.11620833733829508,0.42680982839765724,0.1146196341292472,0.42578427197756263,0.1126614814182805,0.42378443695837803,0.09962090265877463
npy,./data/MSL,M-5,M-5,gate_noTTA,100,256,128,0.15,50,64,0.001,1,1,1,0,0.001,adam,0.1,0.99,fixed,gated,5000,unc,8,0.95,"[0.5, 1.0, 2.0]",0,0,2,55,2.887841,8,0.005566761363297701,0.0031549285631626844,2.5004889965057373,0.47623638819652103,0.12360994789051243,0.17695852534562212,0.12244897959183673,0.31893687707641194,0.2374893977947413,2204,2097,0,400,382,0.8178349733352661,0.9549999833106995,0.9506651759147644,0.06806504272073237,0.04072398195664088,0.03030303120613098,0.4946813983358834,0.1271559782897638,0.5085155708079296,0.13055326403859674,0.5286872595842695,0.13610792330979515,0.5927162538458219,0.18813381069229734
npy,./data/MSL,F-4,F-4,gate_noTTA,100,256,128,0.15,50,64,0.001,1,1,1,0,0.001,adam,0.1,0.99,fixed,gated,5000,unc,8,0.95,"[0.5, 1.0, 2.0]",0,0,9,55,2.887841,8,0.003847501240670681,0.001890485524199903,3.0221526622772217,0.5564536127538132,0.025958936871278347,0.060000000000000005,0.03496503496503497,0.2112676056338028,0.06696428571428571,3323,2943,0,170,141,0.9520897269248962,0.8294117450714111,0.8886774778366089,0.07765557871430243,0.091091088950634,0.07235284770528476,0.5153475313234225,0.023648277065815754,0.498287246607067,0.022625778533761527,0.4845600010087382,0.02144999084943257,0.41538577931330145,0.01669902282755521
npy,./data/MSL,T-4,T-4,base_noTTA,100,256,128,0.15,50,64,0.001,1,0,1,0,0.001,adam,0.1,0.99,fixed,gated,5000,none,8,0.95,"[0.5, 1.0, 2.0]",0,0,6,55,2.887786,0,0.003672352759167552,inf,2.860724449157715,0.48316600545165034,0.029461817144538716,0.048611111111111105,0.027613412228796843,0.2028985507246377,0.06293266205160478,2118,1362,0,168,137,0.8994126319885254,0.8154761791229248,0.6282051205635071,0.009681617909720532,0.4937107016642888,0.4453113426764806,,,,,,,,
npy,./data/MSL,T-4,T-4,noMask_fixed,100,256,128,0.15,50,64,0.001,1,0,1,1,0.001,adam,0.1,0.99,fixed,gated,5000,none,8,0.95,"[0.5, 1.0, 2.0]",0,0,9,55,2.887786,0,0.003660343587398529,inf,2.753532648086548,0.5039807842819745,0.03238874734668284,0.045855379188712526,0.02610441767068273,0.18840579710144928,0.06701030927835051,2118,1355,31,168,140,0.8966789841651917,0.8333333134651184,0.6230769157409668,0.026915183711209534,0.514150932431221,0.42790396014849347,,,,,,,,
npy,./data/MSL,M-5,M-5,gate_gbuf5k,100,256,128,0.15,50,64,0.001,1,1,1,1,0.001,adam,0.1,0.99,adaptive,gated,5000,unc,8,0.95,"[0.5, 1.0, 2.0]",0,0,6,55,2.887841,8,0.005438569001853466,0.0028893211856484413,2.637747287750244,0.492995376716307,0.1322245902629256,0.1746192893401015,0.12573099415204678,0.2857142857142857,0.24072547403132727,2204,2083,35,400,385,0.815170407295227,0.9624999761581421,0.9412416815757751,0.0982466280568533,0.03167420874039332,0.024242423474788666,0.5123033113066335,0.13677812270456374,0.5262594548308834,0.1402065160763757,0.5460851440917887,0.1459471474602942,0.6202601385325637,0.1667656732932008
npy,./data/MSL,D-15,D-15,base_noTTA,100,256,128,0.15,50,64,0.001,1,0,1,0,0.001,adam,0.1,0.99,fixed,gated,5000,none,8,0.95,"[0.5, 1.0, 2.0]",0,0,9,55,2.887786,0,0.0037788429763168097,inf,2.5343258380889893,0.6372438417642177,0.3912382804332477,0.3633440514469453,0.3747927031509121,0.35257410296411856,0.5127701375245579,2059,977,0,658,69,0.9293756484985352,0.10486321896314621,0.6481084823608398,0.009226532686445655,0.3155339875568946,0.0,,,,,,,,
npy,./data/MSL,F-5,F-5,fixed,100,256,128,0.15,50,64,0.001,1,1,1,1,0.001,adam,0.1,0.99,fixed,gated,5000,none,8,0.95,"[0.5, 1.0, 2.0]",0,0,0,55,2.887841,8,0.003249472239986062,0.001783453393727541,3.2772772312164307,0.8028137353557385,0.44150137796459876,0.25788751714677643,0.16262975778546712,0.6225165562913907,0.5046728971962617,3823,3243,57,250,58,0.9821153283119202,0.23199999332427979,0.8914077877998352,0.10268519194750396,0.20887728532155356,0.07944629589716594,0.8849094079775772,0.5476493881433514,0.9035406140623545,0.6150342186204444,0.9168787241777174,0.648556078889788,0.9344860832319146,0.5429958740538152
npy,./data/MSL,M-2,M-2,gate_gbuf5k,100,256,128,0.15,50,64,0.001,1,1,1,1,0.001,adam,0.1,0.99,adaptive,gated,5000,unc,8,0.95,"[0.5, 1.0, 2.0]",0,0,0,55,2.887841,8,0.005758089479058981,0.0026468660216778517,2.706796646118164,0.708041963437064,0.6943761784104217,0.46493212669683254,0.6555023923444976,0.3602103418054338,0.7056261343012705,2178,1682,35,1167,729,0.5665873885154724,0.6246786713600159,0.9426310658454895,0.10332095721536431,0.03516819576422373,0.0,0.7493110503511868,0.7223002500557334,0.7692944476676007,0.7413897072588168,0.7914511609534507,0.7676888681351397,0.7976285627877695,0.7978697358513148
npy,./data/MSL,M-4,M-4,gate_noTTA,100,256,128,0.15,50,64,0.001,1,1,1,0,0.001,adam,0.1,0.99,fixed,gated,5000,unc,8,0.95,"[0.5, 1.0, 2.0]",0,0,8,55,2.887841,8,0.005009600427001715,0.0031627065036445856,2.764742851257324,0.3797902960067954,0.1063111380886912,0.13612565445026178,0.09232954545454546,0.2589641434262948,0.21930974224552205,1939,1307,0,350,337,0.7421576380729675,0.9628571271896362,0.6104468107223511,0.07040246114588201,0.36082473893960315,0.4382977783679962,0.37490552618847495,0.10537223957510987,0.3760982928944546,0.10310758449278425,0.38043684244555076,0.10263901199479852,0.4277729596443549,0.10573577436043326
npy,./data/MSL,M-6,M-6,gate_gbuf5k,100,256,128,0.15,50,64,0.001,1,1,1,1,0.001,adam,0.1,0.99,adaptive,gated,5000,unc,8,0.95,"[0.5, 1.0, 2.0]",0,0,6,55,2.887841,8,0.0022054172586649656,0.0015344445127993822,1.9266576766967773,0.750692086552226,0.6329228462759259,0.27045454545454545,0.17024320457796852,0.6574585635359116,0.7117437722419929,1950,273,27,199,18,0.9340659379959106,0.09045226126909256,0.1456310749053955,0.09283102475679837,0.3213675220807393,0.0017452007159590721,0.7557259810474759,0.6417903835108574,0.7563825759816389,0.6412606469394979,0.7564328557738947,0.6405453874962312,0.7728329409537782,0.6362555817262954
npy,./data/MSL,T-4,T-4,base_noTTA,100,256,128,0.15,50,64,0.001,1,0,1,0,0.001,adam,0.1,0.99,fixed,gated,5000,none,8,0.95,"[0.5, 1.0, 2.0]",0,0,1,55,2.887786,0,0.0036340844817459583,inf,2.6205735206604004,0.4467586970015923,0.028081518795920076,0.043557168784029036,0.024896265560165973,0.17391304347826086,0.06152474364690147,2118,1317,0,168,136,0.8967350125312805,0.8095238208770752,0.6056410074234009,0.011331411439140975,0.4984276741743088,0.4831664015849431,,,,,,,,
npy,./data/MSL,M-3,M-3,base_noTTA,100,256,128,0.15,50,64,0.001,1,0,1,0,0.001,adam,0.1,0.99,fixed,gated,5000,none,8,0.95,"[0.5, 1.0, 2.0]",0,0,6,55,2.887786,0,0.004430639557540417,inf,2.6314642429351807,0.39382555067576175,0.10294693117538153,0.12439261418853255,0.08226221079691516,0.2549800796812749,0.2113271344040575,2028,1272,0,350,270,0.7877358198165894,0.7714285850524902,0.5971394777297974,0.009122214608879015,0.290640393892924,0.4799431065718333,,,,,,,,
npy,./data/MSL,F-8,F-8,gate_gbuf5k,100,256,128,0.15,50,64,0.001,1,1,1,1,0.001,adam,0.1,0.99,adaptive,gated,5000,unc,8,0.95,"[0.5, 1.0, 2.0]",0,0,5,55,2.887841,8,0.005934800021350384,0.003442992689087987,4.333383321762085,0.5802673924461634,0.24633322298196636,0.2125124131082423,0.2276595744680851,0.19925512104283055,0.39235569422776906,2388,2220,38,537,471,0.7878378629684448,0.8770949840545654,0.9448946714401245,0.10764339261717933,0.025104602177937824,0.0,0.5774597717614477,0.24502952907553904,0.5701494532779449,0.24325175801411747,0.5624772000190994,0.24298429320688997,0.5567349472377405,0.26224755625041285
npy,./data/MSL,T-9,T-9,noMask_fixed,100,256,128,0.15,50,64,0.001,1,0,1,1,0.001,adam,0.1,0.99,fixed,gated,5000,none,8,0.95,"[0.5, 1.0, 2.0]",0,0,1,55,2.887786,0,0.008450780063867569,inf,0.3570899963378906,0.5772811411149826,0.2808206943797048,0.2464454976303318,0.16774193548387098,0.4642857142857143,0.32885906040268453,997,817,16,290,146,0.8212974071502686,0.5034482479095459,0.9490806460380554,0.027085976710649527,0.0,0.0,,,,,,,,
npy,./data/MSL,F-4,F-4,gate_gbuf5k,100,256,128,0.15,50,64,0.001,1,1,1,1,0.001,adam,0.1,0.99,adaptive,gated,5000,unc,8,0.95,"[0.5, 1.0, 2.0]",0,0,6,55,2.887841,8,0.0039035563822835684,0.0020707848016172647,2.8888115882873535,0.5338830956493963,0.028652707038530727,0.06382978723404255,0.03759398496240601,0.2112676056338028,0.06511627906976744,3323,3081,52,170,151,0.9509899616241455,0.8882352709770203,0.9292737245559692,0.09947299526787436,0.06106106067697207,0.01400665674979488,0.5039613989517528,0.026543193155166546,0.49265932809630086,0.026080023671727792,0.4794364515952774,0.02562375340712167,0.4049999789846209,0.015898685312964875
npy,./data/MSL,F-8,F-8,noMask_fixed,100,256,128,0.15,50,64,0.001,1,0,1,1,0.001,adam,0.1,0.99,fixed,gated,5000,none,8,0.95,"[0.5, 1.0, 2.0]",0,0,0,55,2.887786,0,0.0052573042921721935,inf,4.0764617919921875,0.5985159719237931,0.25188075963917933,0.25,0.24682395644283123,0.2532588454376164,0.4006449012494962,2388,1976,35,537,515,0.7393724918365479,0.9590316414833069,0.7893030643463135,0.026386586864989008,0.23988842079415917,0.2734082341194153,,,,,,,,
npy,./data/MSL,P-10,P-10,noMask_fixed,100,256,128,0.15,50,64,0.001,1,0,1,1,0.001,adam,0.1,0.99,fixed,gated,5000,none,8,0.95,"[0.5, 1.0, 2.0]",0,0,3,55,2.887786,0,0.0018775195349007845,inf,5.209997653961182,0.9644102672970655,0.5223922607990347,0.39718804920913886,0.2579908675799087,0.8625954198473282,0.4873096446700508,6001,5352,88,230,43,0.9919655919075012,0.186956524848938,0.9199445247650146,0.027073281861368644,0.002777777767429749,0.24205705771843591,,,,,,,,
npy,./data/MSL,P-15,P-15,base_noTTA,100,256,128,0.15,50,64,0.001,1,0,1,0,0.001,adam,0.1,0.99,fixed,gated,5000,none,8,0.95,"[0.5, 1.0, 2.0]",0,0,5,55,2.887786,0,0.0016993809258565307,inf,4.704727649688721,0.7402536323171244,0.6693578942053163,0.0856269113149847,0.0457516339869281,0.6666666666666666,0.8,2757,2225,0,120,27,0.987865149974823,0.22499999403953552,0.8335229158401489,0.009252405010966403,0.15821255991856256,0.15393939117590585,,,,,,,,
npy,./data/MSL,M-3,M-3,noMask_fixed,100,256,128,0.15,50,64,0.001,1,0,1,1,0.001,adam,0.1,0.99,fixed,gated,5000,none,8,0.95,"[0.5, 1.0, 2.0]",0,0,9,55,2.887786,0,0.004775638692080975,inf,2.5060455799102783,0.425060950228935,0.10428016294087158,0.13233724653148346,0.09037900874635568,0.24701195219123506,0.21316348195329088,2028,1607,32,350,328,0.7958929538726807,0.9371428489685059,0.7622169256210327,0.029094355581309902,0.21674875915050507,0.24893342951933542,,,,,,,,
npy,./data/MSL,C-2,C-2,noMask_fixed,100,256,128,0.15,50,64,0.001,1,0,1,1,0.001,adam,0.1,0.99,fixed,gated,5000,none,8,0.95,"[0.5, 1.0, 2.0]",0,0,1,55,2.887786,0,0.005966758355498314,inf,0.7934389114379883,0.6253956631505082,0.1024584869840216,0.15990453460620527,0.09557774607703282,0.48905109489051096,0.18574514038876888,1952,1179,24,335,127,0.8922815918922424,0.37910446524620056,0.6505874991416931,0.025804902686447393,0.7048015495141348,0.4677985707918803,,,,,,,,
npy,./data/MSL,T-9,T-9,base_noTTA,100,256,128,0.15,50,64,0.001,1,0,1,0,0.001,adam,0.1,0.99,fixed,gated,5000,none,8,0.95,"[0.5, 1.0, 2.0]",0,0,0,55,2.887786,0,0.008722763508558273,inf,0.36808085441589355,0.5682618321718931,0.27371018647530776,0.24821002386634844,0.16938110749185667,0.4642857142857143,0.33582089552238803,997,815,0,290,143,0.8245398998260498,0.4931034445762634,0.9504950642585754,0.00952885167648943,0.0,0.0,,,,,,,,
npy,./data/MSL,M-2,M-2,gate_noTTA,100,256,128,0.15,50,64,0.001,1,1,1,0,0.001,adam,0.1,0.99,fixed,gated,5000,unc,8,0.95,"[0.5, 1.0, 2.0]",0,0,5,55,2.887841,8,0.005833858158439398,0.0028814373072236776,2.9172863960266113,0.7119843292886152,0.718756599324037,0.5676532769556025,0.715046604527297,0.4706397896581946,0.7044776119402987,2178,1113,0,1167,166,0.8508535623550415,0.1422450691461563,0.9366963505744934,0.07094529049455627,0.0657492329676946,0.0,0.7658844169310339,0.7530696665816989,0.7915205959684487,0.7758336935918178,0.8192004789473035,0.8062041922087111,0.8450160317734629,0.8543362300625394
npy,./data/MSL,M-1,M-1,noMask_fixed,100,256,128,0.15,50,64,0.001,1,0,1,1,0.001,adam,0.1,0.99,fixed,gated,5000,none,8,0.95,"[0.5, 1.0, 2.0]",0,0,2,55,2.887786,0,0.0033800217788666487,inf,2.6416015625,0.3609571539667452,0.40949476035256444,0.3007135575942915,0.35931790499390986,0.25854513584574934,0.6676418958455237,2178,1270,28,1167,914,0.28031495213508606,0.7832047939300537,0.3521265983581543,0.022960322181274303,0.6743119309345881,0.0,,,,,,,,
npy,./data/MSL,P-15,P-15,gate_gbuf5k,100,256,128,0.15,50,64,0.001,1,1,1,1,0.001,adam,0.1,0.99,adaptive,gated,5000,unc,8,0.95,"[0.5, 1.0, 2.0]",0,0,6,55,2.887841,8,0.0014613356906920671,0.0013420708710327744,4.742022275924683,0.7385571512555639,0.6693427801156132,0.10769230769230768,0.058577405857740586,0.6666666666666666,0.8,2757,2237,44,120,40,0.9821189045906067,0.3333333432674408,0.8331437110900879,0.10085434510649915,0.11231884111960729,0.0,0.7464180734022003,0.6694203411664325,0.7484504913076342,0.6662702771622256,0.7496262702611909,0.6525290313788927,0.6868060804568741,0.2809440498129522
npy,./data/MSL,D-15,D-15,noMask_fixed,100,256,128,0.15,50,64,0.001,1,0,1,1,0.001,adam,0.1,0.99,fixed,gated,5000,none,8,0.95,"[0.5, 1.0, 2.0]",0,0,9,55,2.887786,0,0.0037788429763168097,inf,2.464529037475586,0.6190228887995335,0.38154019635110803,0.35322195704057285,0.36038961038961037,0.3463338533541342,0.4967581047381546,2059,942,27,658,59,0.93736732006073,0.08966565132141113,0.6302641034126282,0.027443842728083548,0.33818769827485085,0.0,,,,,,,,
npy,./data/MSL,S-2,S-2,noMask_fixed,100,256,128,0.15,50,64,0.001,1,0,1,1,0.001,adam,0.1,0.99,fixed,gated,5000,none,8,0.95,"[0.5, 1.0, 2.0]",0,0,9,55,2.887786,0,0.004548759199678898,inf,1.1021292209625244,0.5983179815778935,0.279589537591507,0.011502516175413372,0.005797101449275362,0.7272727272727273,0.42857142857142855,1728,0,0,110,0,0.0,0.0,0.0,0.011288181499198632,1.0,1.0,,,,,,,,
npy,./data/MSL,M-1,M-1,base_noTTA,100,256,128,0.15,50,64,0.001,1,0,1,0,0.001,adam,0.1,0.99,fixed,gated,5000,none,8,0.95,"[0.5, 1.0, 2.0]",0,0,0,55,2.887786,0,0.003312497166916728,inf,2.6096689701080322,0.3696411598424905,0.41245196736677514,0.3049095607235142,0.371536523929471,0.25854513584574934,0.6690120199355027,2178,1308,0,1167,917,0.2989296615123749,0.7857754826545715,0.386745810508728,0.009186121167339679,0.6590214023987452,0.0,,,,,,,,
npy,./data/MSL,F-7,F-7,fixed,100,256,128,0.15,50,64,0.001,1,1,1,1,0.001,adam,0.1,0.99,fixed,gated,5000,none,8,0.95,"[0.5, 1.0, 2.0]",0,0,1,55,2.887841,8,0.004527409560978413,0.004005010239779949,3.1268043518066406,0.45978203217804975,0.07236726905528681,0.04948805460750853,0.03871829105473965,0.06855791962174941,0.15469007131102577,4955,4656,78,720,658,0.8586769700050354,0.9138888716697693,0.9440377950668335,0.10466383155491711,0.00940860187013944,0.04377104341983795,0.4708846181530267,0.07292660757956582,0.4713713676921844,0.07263836009659665,0.4706237591970649,0.07233535348337317,0.5083717347324767,0.08074824104857281
npy,./data/MSL,T-9,T-9,gate_noTTA,100,256,128,0.15,50,64,0.001,1,1,1,0,0.001,adam,0.1,0.99,fixed,gated,5000,unc,8,0.95,"[0.5, 1.0, 2.0]",0,0,0,55,2.887841,8,0.00864570401608944,0.003266619984060526,0.38238024711608887,0.5486171602787457,0.2610344200903563,0.23059866962305983,0.15339233038348082,0.4642857142857143,0.3081761006289308,997,763,0,290,112,0.853210985660553,0.38620689511299133,0.9207921028137207,0.0717223826478214,0.0,0.0,0.6121697154471544,0.28126156819663517,0.6533191782810686,0.3052761691785453,0.7005208333333331,0.3507231098126974,0.7474865708478513,0.2621936377219436
npy,./data/MSL,M-3,M-3,gate_gbuf5k,100,256,128,0.15,50,64,0.001,1,1,1,1,0.001,adam,0.1,0.99,adaptive,gated,5000,unc,8,0.95,"[0.5, 1.0, 2.0]",0,0,0,55,2.887841,8,0.004953938070684671,0.002664173487573862,2.521740674972534,0.42799590550378447,0.10389169003014428,0.12439024390243904,0.08963093145869948,0.20318725099601595,0.21258503401360543,2028,1823,32,350,337,0.815139889717102,0.9628571271896362,0.8855780959129333,0.09000125015981099,0.10344827547669411,0.003300329980750879,0.4153959853549555,0.10201724549914283,0.4115074881709835,0.10101400421058371,0.4115945599266049,0.10008985475445827,0.43946389282953474,0.09803697480731392
npy,./data/MSL,P-15,P-15,gate_noTTA,100,256,128,0.15,50,64,0.001,1,1,1,0,0.001,adam,0.1,0.99,fixed,gated,5000,unc,8,0.95,"[0.5, 1.0, 2.0]",0,0,6,55,2.887841,8,0.0014613356906920671,0.0013420708710327744,4.801355600357056,0.7515579071134626,0.6135255927337416,0.0775623268698061,0.041176470588235294,0.6666666666666666,0.6875000000000001,2757,1977,0,120,23,0.9883661866188049,0.19166666269302368,0.7409935593605042,0.06838540128058267,0.20893719792366028,0.17090908686319986,0.7504661123708742,0.6253589997743554,0.7504157218442933,0.62320507068919,0.7504157218442932,0.6165467525544946,0.6709834551104392,0.22896437084747948
npy,./data/MSL,T-4,T-4,noMask_fixed,100,256,128,0.15,50,64,0.001,1,0,1,1,0.001,adam,0.1,0.99,fixed,gated,5000,none,8,0.95,"[0.5, 1.0, 2.0]",0,0,5,55,2.887786,0,0.0036824974231421947,inf,2.7330105304718018,0.4306466412976007,0.027717145076474194,0.04308797127468582,0.02459016393442623,0.17391304347826086,0.06051437216338879,2118,1362,32,168,141,0.8964757919311523,0.8392857313156128,0.626153826713562,0.029274829724017352,0.5125786165396372,0.43105606734752655,,,,,,,,
npy,./data/MSL,T-9,T-9,gate_noTTA,100,256,128,0.15,50,64,0.001,1,1,1,0,0.001,adam,0.1,0.99,fixed,gated,5000,unc,8,0.95,"[0.5, 1.0, 2.0]",0,0,5,55,2.887841,8,0.008573578670620918,0.0031154784373939037,0.38958072662353516,0.548644381533101,0.2690343945982894,0.23008849557522126,0.15294117647058825,0.4642857142857143,0.3017543859649123,997,727,0,290,109,0.8500687479972839,0.3758620619773865,0.8741160035133362,0.08978528029461921,0.0,0.0,0.6126596980255516,0.2925773872549135,0.6549252322880372,0.3139789647175613,0.7032520325203251,0.3588646633278072,0.7320884146341463,0.25537753166330035
npy,./data/MSL,S-2,S-2,noMask_fixed,100,256,128,0.15,50,64,0.001,1,0,1,1,0.001,adam,0.1,0.99,fixed,gated,5000,none,8,0.95,"[0.5, 1.0, 2.0]",0,0,3,55,2.887786,0,0.0046538785099983215,inf,1.0442192554473877,0.6953344012815379,0.2849606262973217,0.01284796573875803,0.006474820143884892,0.8181818181818182,0.42857142857142855,1728,0,0,110,0,0.0,0.0,0.0,0.010416601543073301,1.0,1.0,,,,,,,,
npy,./data/MSL,P-10,P-10,base_noTTA,100,256,128,0.15,50,64,0.001,1,0,1,0,0.001,adam,0.1,0.99,fixed,gated,5000,none,8,0.95,"[0.5, 1.0, 2.0]",0,0,7,55,2.887786,0,0.00186737603507936,inf,5.096413612365723,0.9641468196368259,0.5629046809625324,0.37837837837837834,0.24295010845986983,0.8549618320610687,0.538860103626943,6001,5345,0,230,40,0.9925163984298706,0.17391304671764374,0.9192514419555664,0.008416481761808417,0.0005555555690079927,0.25100600222746533,,,,,,,,
npy,./data/MSL,T-9,T-9,fixed,100,256,128,0.15,50,64,0.001,1,1,1,1,0.001,adam,0.1,0.99,fixed,gated,5000,none,8,0.95,"[0.5, 1.0, 2.0]",0,0,1,55,2.887841,8,0.008648497983813286,0.0032666861079633236,0.3788950443267822,0.5725900116144018,0.2575812127088378,0.24299065420560748,0.16455696202531644,0.4642857142857143,0.29411764705882354,997,821,16,290,149,0.8185139894485474,0.5137931108474731,0.9504950642585754,0.07875130671555683,0.0,0.0,0.6296820557491289,0.2761735901720944,0.665015243902439,0.2947933443434161,0.7063189605110337,0.3204246541340369,0.7150206881533102,0.24466038406677462
npy,./data/MSL,T-5,T-5,gate_noTTA,100,256,128,0.15,50,64,0.001,1,1,1,0,0.001,adam,0.1,0.99,fixed,gated,5000,unc,8,0.95,"[0.5, 1.0, 2.0]",0,0,9,55,2.887841,8,0.0030896812677383423,0.0025369450449943542,2.9559450149536133,0.5987331555306007,0.2116592484262419,0.04424778761061947,0.023474178403755867,0.38461538461538464,0.32258064516129037,2119,1407,0,125,22,0.9843639135360718,0.17599999904632568,0.6945837736129761,0.06961788755365564,0.4308176189661026,0.343810544659694,0.6282109769792251,0.22200597828307178,0.6250701852891635,0.22994644241423876,0.6203677709152162,0.24796983861169244,0.58278354856822,0.05520498098343818
npy,./data/MSL,S-2,S-2,mask_noTTA,100,256,128,0.15,50,64,0.001,1,1,1,0,0.001,adam,0.1,0.99,fixed,gated,5000,none,8,0.95,"[0.5, 1.0, 2.0]",0,0,1,55,2.887841,8,0.00477213691920042,0.0026390773709863424,1.1487715244293213,0.6993892671205446,0.2886509779245778,0.01508295625942685,0.0076045627376425855,0.9090909090909091,0.42857142857142855,1728,0,0,110,0,0.0,0.0,0.0,0.07727342071356597,1.0,1.0,0.6998398077693232,0.2888581136374593,0.7001401682018422,0.28896267495890854,0.7083500200240288,0.28989695851646213,0.6217460953143773,0.014040494087448141
npy,./data/MSL,M-5,M-5,noMask_fixed,100,256,128,0.15,50,64,0.001,1,0,1,1,0.001,adam,0.1,0.99,fixed,gated,5000,none,8,0.95,"[0.5, 1.0, 2.0]",0,0,5,55,2.887786,0,0.004796045832335949,inf,2.4530110359191895,0.5236457894265203,0.1457871324917585,0.2015677491601344,0.15202702702702703,0.29900332225913623,0.23697916666666669,2204,2157,35,400,392,0.8182660937309265,0.9800000190734863,0.9783813953399658,0.026092879785167326,0.04374057551225027,0.01515151560306549,,,,,,,,
npy,./data/MSL,T-4,T-4,fixed,100,256,128,0.15,50,64,0.001,1,1,1,1,0.001,adam,0.1,0.99,fixed,gated,5000,none,8,0.95,"[0.5, 1.0, 2.0]",0,0,5,55,2.887841,8,0.004119544755667448,0.002463786629959941,2.8580620288848877,0.44976790003508493,0.03101950014357695,0.047999999999999994,0.02697841726618705,0.21739130434782608,0.061034940291906245,2118,1542,32,168,149,0.9033722281455994,0.886904776096344,0.7143589854240417,0.0840489654973276,0.44025157888730365,0.3222525306046009,0.43631419858041187,0.03044794949629985,0.42952662402504516,0.029696128770825413,0.4228200145737187,0.028256156054197335,0.4058173427252854,0.025549473148175177
npy,./data/MSL,P-14,P-14,noMask_fixed,100,256,128,0.15,50,64,0.001,1,0,1,1,0.001,adam,0.1,0.99,fixed,gated,5000,none,8,0.95,"[0.5, 1.0, 2.0]",0,0,2,55,2.887786,0,0.0023949353490024805,inf,3.360842227935791,0.9074606637114863,0.4870616700935917,0.4322678843226788,0.29831932773109243,0.7845303867403315,0.48888888888888893,6001,5442,90,280,108,0.9801543354988098,0.3857142925262451,0.9323545098304749,0.028417897490615983,0.0022222221984217563,0.21499999860922495,,,,,,,,
npy,./data/MSL,T-4,T-4,fixed,100,256,128,0.15,50,64,0.001,1,1,1,1,0.001,adam,0.1,0.99,fixed,gated,5000,none,8,0.95,"[0.5, 1.0, 2.0]",0,0,9,55,2.887841,8,0.00406811386346817,0.0024032024666666985,2.993605613708496,0.44042992470245323,0.027908323779957483,0.052795031055900624,0.029565217391304348,0.2463768115942029,0.060927152317880796,2118,1516,32,168,149,0.9017150402069092,0.886904776096344,0.701025664806366,0.09611037905425593,0.449685533841451,0.33485351006189984,0.43409440531131077,0.027483045000808226,0.43279896364666826,0.0273732451936618,0.4340066931152673,0.027431609446904225,0.44690038593366255,0.02798691724688417
npy,./data/MSL,P-14,P-14,noMask_fixed,100,256,128,0.15,50,64,0.001,1,0,1,1,0.001,adam,0.1,0.99,fixed,gated,5000,none,8,0.95,"[0.5, 1.0, 2.0]",0,0,3,55,2.887786,0,0.0024332264438271523,inf,3.2766096591949463,0.8995920058916926,0.43115553811106744,0.4507042253521127,0.330749354005168,0.7071823204419889,0.45977011494252873,6001,5522,92,280,110,0.980079710483551,0.3928571343421936,0.9459884762763977,0.029081345558007586,0.0011111111380159855,0.1834027792016665,,,,,,,,
npy,./data/MSL,P-11,P-11,gate_noTTA,100,256,128,0.15,50,64,0.001,1,1,1,0,0.001,adam,0.1,0.99,fixed,gated,5000,unc,8,0.95,"[0.5, 1.0, 2.0]",0,0,1,55,2.887841,8,0.002940770471468568,0.001998325577005744,5.0762670040130615,0.7163061873007284,0.11856536775968829,0.08017817371937638,0.08144796380090498,0.07894736842105263,0.215633423180593,3436,3404,0,426,417,0.8774970769882202,0.9788732528686523,0.9923588037490845,0.07248015009621386,0.0,0.0,0.74865914408034,0.1286346930422857,0.7504509307741685,0.13071946991311523,0.7468527684496999,0.13063136616151366,0.73694555408782,0.14684030036882686
npy,./data/MSL,M-6,M-6,gate_noTTA,100,256,128,0.15,50,64,0.001,1,1,1,0,0.001,adam,0.1,0.99,fixed,gated,5000,unc,8,0.95,"[0.5, 1.0, 2.0]",0,0,6,55,2.887841,8,0.0022054172586649656,0.0015344445127993822,2.0217905044555664,0.7578318170525394,0.6361114899181235,0.18825015792798486,0.10627674750356633,0.8232044198895028,0.7163120567375887,1950,0,0,199,0,0.0,0.0,0.0,0.07129094539544521,1.0,0.6666666666666666,0.7581305381712352,0.6378144969828438,0.7585150307002496,0.6373644202357637,0.7587457262176582,0.6365266840418196,0.7730296236705432,0.6335072090460954
npy,./data/MSL,M-3,M-3,fixed,100,256,128,0.15,50,64,0.001,1,1,1,1,0.001,adam,0.1,0.99,fixed,gated,5000,none,8,0.95,"[0.5, 1.0, 2.0]",0,0,5,55,2.887841,8,0.004845748655498028,0.0028439483139663935,2.6901841163635254,0.4291405805350029,0.10630830826031494,0.15992102665350447,0.1062992125984252,0.32270916334661354,0.21163575042158514,2028,1481,32,350,309,0.7913572192192078,0.8828571438789368,0.6984505653381348,0.08556205610316651,0.26436781883239746,0.29030829419692356,0.4385061035176989,0.10735327800513192,0.4483579541110611,0.10868853209929587,0.46359551134481264,0.11111892745315693,0.52235195677843,0.12510916587321158
npy,./data/MSL,M-1,M-1,noMask_fixed,100,256,128,0.15,50,64,0.001,1,0,1,1,0.001,adam,0.1,0.99,fixed,gated,5000,none,8,0.95,"[0.5, 1.0, 2.0]",0,0,5,55,2.887786,0,0.0031881227623671293,inf,2.7927284240722656,0.36117317401340554,0.4091614497062952,0.3137254901960784,0.36792452830188677,0.27344434706397897,0.6676444705192139,2178,1191,29,1167,866,0.2728799283504486,0.7420737147331238,0.3214638829231262,0.026630961205348497,0.6911315123240153,0.0,,,,,,,,
npy,./data/MSL,P-11,P-11,base_noTTA,100,256,128,0.15,50,64,0.001,1,0,1,0,0.001,adam,0.1,0.99,fixed,gated,5000,none,8,0.95,"[0.5, 1.0, 2.0]",0,0,7,55,2.887786,0,0.002960121026262641,inf,5.227887868881226,0.7228566199290182,0.12434741401127061,0.10071942446043165,0.1111111111111111,0.09210526315789473,0.2195791399817017,3436,3436,0,426,426,0.8760186433792114,1.0,1.0,0.009606617293618749,0.0,0.0,,,,,,,,
npy,./data/MSL,M-2,M-2,noMask_fixed,100,256,128,0.15,50,64,0.001,1,0,1,1,0.001,adam,0.1,0.99,fixed,gated,5000,none,8,0.95,"[0.5, 1.0, 2.0]",0,0,7,55,2.887786,0,0.005426627118140459,inf,2.7469873428344727,0.7039645850563504,0.6991007237731431,0.5547128927410617,0.7262411347517731,0.44872918492550395,0.6948419301164726,2178,1223,34,1167,273,0.7767783999443054,0.23393316566944122,0.9396637082099915,0.032601934490781845,0.09327217191457748,0.0,,,,,,,,
npy,./data/MSL,D-16,D-16,mask_noTTA,100,256,128,0.15,50,64,0.001,1,1,1,0,0.001,adam,0.1,0.99,fixed,gated,5000,none,8,0.95,"[0.5, 1.0, 2.0]",0,0,8,55,2.887841,8,0.0037558525800704956,0.0021769721060991287,1.8277206420898438,0.5335148722245497,0.3498913753037247,0.42770804277080426,0.30666666666666664,0.706605222734255,0.46436961628817547,2092,0,0,750,0,0.0,0.0,0.0,0.07147212329375813,1.0,1.0,0.54125820416143,0.3615801016163842,0.5460330759869931,0.37467284532601236,0.551187982524388,0.4020863266272573,0.5334669938356574,0.4532554948481803
npy,./data/MSL,F-4,F-4,fixed,100,256,128,0.15,50,64,0.001,1,1,1,1,0.001,adam,0.1,0.99,fixed,gated,5000,none,8,0.95,"[0.5, 1.0, 2.0]",0,0,3,55,2.887841,8,0.004004298243671656,0.002011170145124197,2.745091199874878,0.5744511833759945,0.030181566410901285,0.06570841889117043,0.038461538461538464,0.22535211267605634,0.07952286282306163,3323,3234,52,170,168,0.948051929473877,0.9882352948188782,0.9724072217941284,0.09163861672203116,0.06406406313180923,0.021333375247195363,0.5285956262793112,0.02688041746586601,0.5095683020834647,0.025323425792805974,0.48763665250230115,0.022812581889558703,0.3854010364784949,0.015461068542404727
npy,./data/MSL,C-1,C-1,mask_noTTA,100,256,128,0.15,50,64,0.001,1,1,1,0,0.001,adam,0.1,0.99,fixed,gated,5000,none,8,0.95,"[0.5, 1.0, 2.0]",0,0,2,55,2.887841,8,0.005695381201803684,0.002600234467536211,2.74358868598938,0.6589182035519127,0.20688662312256895,0.21739130434782608,0.1744186046511628,0.28846153846153844,0.3238482384823848,2165,1707,0,464,362,0.7879320383071899,0.7801724076271057,0.7907113432884216,0.07021884169369316,0.8540706634521484,0.0,0.6621249737284574,0.213481124447861,0.6602071511139134,0.21836616630696318,0.6598918926019336,0.22786205045264696,0.6666929382093316,0.24520069881100626
npy,./data/MSL,P-14,P-14,fixed,100,256,128,0.15,50,64,0.001,1,1,1,1,0.001,adam,0.1,0.99,fixed,gated,5000,none,8,0.95,"[0.5, 1.0, 2.0]",0,0,5,55,2.887841,8,0.002258380874991417,0.0016731931827962399,3.773090362548828,0.904342136335931,0.43870773226172527,0.36582109479305747,0.24119718309859156,0.7569060773480663,0.39999999999999997,6001,5420,90,280,107,0.9802582859992981,0.3821428716182709,0.9286838173866272,0.10783643330003674,0.006666666517655055,0.23236111303170523,0.9153489231699772,0.4686800904281878,0.9182284972357023,0.49059475397832625,0.9208495163529005,0.5263450827964672,0.8954831290562556,0.5293508698811004
npy,./data/MSL,D-14,D-14,mask_noTTA,100,256,128,0.15,50,64,0.001,1,1,1,0,0.001,adam,0.1,0.99,fixed,gated,5000,none,8,0.95,"[0.5, 1.0, 2.0]",0,0,8,55,2.887841,8,0.005205465015023947,0.0028070174157619476,5.016066312789917,0.4666145546295359,0.25922655242580395,0.1420039814200398,0.08326848249027237,0.481981981981982,0.3359173126614987,2526,662,0,420,118,0.8217522501945496,0.2809523940086365,0.25830960273742676,0.06909004205385089,0.877470334370931,0.394179900487264,0.4910397288674443,0.26814202402933474,0.5061597177702046,0.2769906447740751,0.523195480124319,0.28686964984609187,0.4974806266941098,0.20009189296190202
npy,./data/MSL,T-9,T-9,noMask_fixed,100,256,128,0.15,50,64,0.001,1,0,1,1,0.001,adam,0.1,0.99,fixed,gated,5000,none,8,0.95,"[0.5, 1.0, 2.0]",0,0,5,55,2.887786,0,0.008570872247219086,inf,0.3695800304412842,0.5651586091753775,0.2905437019024478,0.24766355140186916,0.16772151898734178,0.4732142857142857,0.34126984126984133,997,820,16,290,145,0.8231707215309143,0.5,0.9547383189201355,0.0320994626794201,0.0,0.0,,,,,,,,
npy,./data/MSL,P-15,P-15,noMask_fixed,100,256,128,0.15,50,64,0.001,1,0,1,1,0.001,adam,0.1,0.99,fixed,gated,5000,none,8,0.95,"[0.5, 1.0, 2.0]",0,0,8,55,2.887786,0,0.0016847853548824787,inf,4.5336878299713135,0.7439993281263123,0.6628195184620831,0.07466666666666667,0.03954802259887006,0.6666666666666666,0.7777777777777778,2757,2201,44,120,27,0.9877328276634216,0.22499999403953552,0.8244217038154602,0.03083564251888304,0.16666666666666666,0.15878787636756897,,,,,,,,
npy,./data/MSL,M-7,M-7,base_noTTA,100,256,128,0.15,50,64,0.001,1,0,1,0,0.001,adam,0.1,0.99,fixed,gated,5000,none,8,0.95,"[0.5, 1.0, 2.0]",0,0,9,55,2.887786,0,0.002888523042201996,inf,1.837195873260498,0.8730071547300715,0.48100957200876565,0.15358649789029538,0.08394833948339483,0.900990099009901,0.6067415730337079,2057,435,0,200,0,1.0,0.0,0.2342487871646881,0.009237242139075414,1.0,0.2926829258600871,,,,,,,,
npy,./data/MSL,M-6,M-6,base_noTTA,100,256,128,0.15,50,64,0.001,1,0,1,0,0.001,adam,0.1,0.99,fixed,gated,5000,none,8,0.95,"[0.5, 1.0, 2.0]",0,0,3,55,2.887786,0,0.0022659001406282187,inf,1.8448145389556885,0.7557525997610232,0.6346493361042831,0.17759237187127533,0.09953239812959253,0.8232044198895028,0.7208480565371024,1950,0,0,199,0,0.0,0.0,0.0,0.00846104744153145,1.0,0.6666666666666666,,,,,,,,
npy,./data/MSL,P-14,P-14,fixed,100,256,128,0.15,50,64,0.001,1,1,1,1,0.001,adam,0.1,0.99,fixed,gated,5000,none,8,0.95,"[0.5, 1.0, 2.0]",0,0,8,55,2.887841,8,0.0022356449626386166,0.001743038767017424,3.970829486846924,0.9162888684160663,0.5004989527493019,0.3504380475594493,0.22653721682847897,0.7734806629834254,0.46564885496183206,6001,5391,90,280,108,0.9799666404724121,0.3857142925262451,0.9234399795532227,0.10175507101609774,0.015555555311342081,0.24138889461755753,0.9185458571003202,0.5198251944536658,0.9193159214777022,0.5342592783479438,0.9206833691296594,0.5582478444864916,0.9003844721418711,0.4887344532436252
npy,./data/MSL,S-2,S-2,mask_noTTA,100,256,128,0.15,50,64,0.001,1,1,1,0,0.001,adam,0.1,0.99,fixed,gated,5000,none,8,0.95,"[0.5, 1.0, 2.0]",0,0,2,55,2.887841,8,0.004712443333119154,0.002609675982967019,1.1344752311706543,0.6962855426511814,0.2828765775040967,0.015071590052750565,0.007598784194528876,0.9090909090909091,0.42857142857142855,1728,0,0,110,0,0.0,0.0,0.0,0.07376267954155251,1.0,1.0,0.7138566279535443,0.28352173485981413,0.730226271525831,0.2847739151741742,0.7559571485782939,0.2860490994252426,0.7062474969963957,0.012458285506822722
npy,./data/MSL,F-4,F-4,fixed,100,256,128,0.15,50,64,0.001,1,1,1,1,0.001,adam,0.1,0.99,fixed,gated,5000,none,8,0.95,"[0.5, 1.0, 2.0]",0,0,6,55,2.887841,8,0.0039035563822835684,0.0020707848016172647,2.982759714126587,0.5328071082418113,0.028226303880368876,0.061224489795918366,0.03579952267303103,0.2112676056338028,0.06466512702078522,3323,3210,52,170,166,0.9482865929603577,0.9764705896377563,0.9654297232627869,0.09811631247755494,0.07107107092936833,0.03841071017086506,0.5043228634714885,0.026620559740466877,0.4930670264499561,0.026143462611366713,0.4799660391474481,0.025699822474379498,0.40522274200259745,0.015905150130273202
npy,./data/MSL,F-4,F-4,gate_noTTA,100,256,128,0.15,50,64,0.001,1,1,1,0,0.001,adam,0.1,0.99,fixed,gated,5000,unc,8,0.95,"[0.5, 1.0, 2.0]",0,0,7,55,2.887841,8,0.0036628670059144497,0.0019486708333715796,3.235703468322754,0.5845343622462918,0.028908419037295012,0.061224489795918366,0.03579952267303103,0.2112676056338028,0.07187500000000001,3323,2934,0,170,145,0.9505794048309326,0.8529411554336548,0.884554386138916,0.07901498792833712,0.11511511479814847,0.07790231704711914,0.5396875433442193,0.026650631630742494,0.522761757053812,0.025487505088988338,0.5047137495219001,0.02359894977505902,0.4285498127529726,0.01691021857660551
npy,./data/MSL,T-5,T-5,noMask_fixed,100,256,128,0.15,50,64,0.001,1,0,1,1,0.001,adam,0.1,0.99,fixed,gated,5000,none,8,0.95,"[0.5, 1.0, 2.0]",0,0,8,55,2.887786,0,0.0029727828223258257,inf,2.862919569015503,0.534373245367771,0.2080086884622072,0.049627791563275445,0.026525198938992044,0.38461538461538464,0.32258064516129037,2119,1433,32,125,23,0.9839497804641724,0.18400000035762787,0.7071213722229004,0.028554759761419652,0.4591194937626521,0.3280052952468395,,,,,,,,
npy,./data/MSL,T-5,T-5,gate_gbuf5k,100,256,128,0.15,50,64,0.001,1,1,1,1,0.001,adam,0.1,0.99,adaptive,gated,5000,unc,8,0.95,"[0.5, 1.0, 2.0]",0,0,4,55,2.887841,8,0.0031070199329406023,0.0023523487616330385,2.8566412925720215,0.6388966872543514,0.21417986760415664,0.04534005037783376,0.02425876010781671,0.34615384615384615,0.32258064516129037,2119,1802,33,125,23,0.9872363805770874,0.18400000035762787,0.8921765089035034,0.08582933830056004,0.10691823934515317,0.0,0.6378088152723189,0.2192233813249921,0.6397213644020214,0.23358549320359528,0.6432481751824818,0.27663587905978637,0.6134369736103313,0.05184069534942872
npy,./data/MSL,P-14,P-14,fixed,100,256,128,0.15,50,64,0.001,1,1,1,1,0.001,adam,0.1,0.99,fixed,gated,5000,none,8,0.95,"[0.5, 1.0, 2.0]",0,0,4,55,2.887841,8,0.002270721597597003,0.0017221327871084213,3.681030511856079,0.9115135358649317,0.46906602316447177,0.3788079470198676,0.24912891986062718,0.7900552486187845,0.42721518987341767,6001,5450,90,280,110,0.9798164963722229,0.3928571343421936,0.9334032535552979,0.09924808038788782,0.006666666828095913,0.2178472230831782,0.9187054704439958,0.4961578185648547,0.9200159800025949,0.5160646292365724,0.9223467081848042,0.547117571319859,0.9085079512647258,0.5563085423149753
npy,./data/MSL,T-8,T-8,fixed,100,256,128,0.15,50,64,0.001,1,1,1,1,0.001,adam,0.1,0.99,fixed,gated,5000,none,8,0.95,"[0.5, 1.0, 2.0]",0,0,3,55,2.887841,8,0.004845673684030771,0.002753984183073044,0.814054012298584,0.556090608438153,0.10521063285714546,0.12742980561555076,0.07160194174757281,0.5784313725490197,0.14237288135593218,1420,0,0,300,0,0.0,0.0,0.0,0.06726241447556187,1.0,1.0,0.5719761440214759,0.1084046982476372,0.5838695393471433,0.11101188250411925,0.6023703765204036,0.11380517504621987,0.6270704470920336,0.10435361915796931
npy,./data/MSL,P-11,P-11,mask_noTTA,100,256,128,0.15,50,64,0.001,1,1,1,0,0.001,adam,0.1,0.99,fixed,gated,5000,none,8,0.95,"[0.5, 1.0, 2.0]",0,0,6,55,2.887841,8,0.00293714739382267,0.0020089729223400354,5.033877849578857,0.7083406278017389,0.11498926262158382,0.08735632183908046,0.09178743961352658,0.08333333333333333,0.1991701244813278,3436,3436,0,426,426,0.8760186433792114,1.0,1.0,0.07102382613283098,0.0,0.0,0.7334057475105968,0.12059166058780858,0.7316590538941852,0.1212922398287036,0.7261179104398431,0.1212902736109416,0.7173313916784704,0.13517693932484834
npy,./data/MSL,T-13,T-13,fixed,100,256,128,0.15,50,64,0.001,1,1,1,1,0.001,adam,0.1,0.99,fixed,gated,5000,none,8,0.95,"[0.5, 1.0, 2.0]",0,0,6,55,2.887841,8,0.002672293223440647,0.001724492758512497,1.4426686763763428,0.7336815120906031,0.23087276147584337,0.163265306122449,0.22857142857142856,0.12698412698412698,0.32748538011695905,2331,2331,37,450,450,0.80694979429245,1.0,1.0,0.09138867457196315,0.0,0.0,0.7378911772851167,0.24065435607549074,0.7304192720859387,0.23917427083208861,0.7185564155261125,0.23464002771694176,0.6794386870144445,0.21565508664186112
npy,./data/MSL,D-16,D-16,gate_gbuf5k,100,256,128,0.15,50,64,0.001,1,1,1,1,0.001,adam,0.1,0.99,adaptive,gated,5000,unc,8,0.95,"[0.5, 1.0, 2.0]",0,0,5,55,2.887841,8,0.003798873396590352,0.002381641184911132,1.937227487564087,0.5074415983402158,0.3372105777767256,0.32987012987012987,0.2857142857142857,0.3901689708141321,0.4634760705289673,2092,987,30,750,348,0.6474164128303528,0.46399998664855957,0.47615498304367065,0.09441854393049134,0.1190476231276989,0.12280701597531636,0.5103726534602111,0.34653904481249453,0.5126807907913898,0.35673362199426994,0.5172591617292078,0.3766542927686921,0.5209946735292357,0.42608456162473946
npy,./data/MSL,T-9,T-9,gate_gbuf5k,100,256,128,0.15,50,64,0.001,1,1,1,1,0.001,adam,0.1,0.99,adaptive,gated,5000,unc,8,0.95,"[0.5, 1.0, 2.0]",0,0,4,55,2.887841,8,0.008679231628775597,0.003604209516197443,0.3802938461303711,0.5552954413472706,0.2791390085992488,0.24129930394431554,0.16300940438871472,0.4642857142857143,0.32608695652173914,997,817,16,290,156,0.8090575337409973,0.5379310250282288,0.9349363446235657,0.0877707987396026,0.0,0.0,0.6158808797909407,0.2958841751236569,0.6570031213704994,0.31401714383382406,0.7035968350754936,0.3529884897540066,0.7308453106852498,0.26829836918797123
npy,./data/MSL,M-3,M-3,base_noTTA,100,256,128,0.15,50,64,0.001,1,0,1,0,0.001,adam,0.1,0.99,fixed,gated,5000,none,8,0.95,"[0.5, 1.0, 2.0]",0,0,8,55,2.887786,0,0.0046683247201144695,inf,2.573866367340088,0.42048862120813124,0.10079925685379923,0.13141683778234087,0.08852005532503458,0.2549800796812749,0.21182475542322418,2028,1520,0,350,325,0.7861841917037964,0.9285714030265808,0.7121573090553284,0.008877682732877411,0.21510673562685648,0.3592529892921448,,,,,,,,
npy,./data/MSL,M-6,M-6,mask_noTTA,100,256,128,0.15,50,64,0.001,1,1,1,0,0.001,adam,0.1,0.99,fixed,gated,5000,none,8,0.95,"[0.5, 1.0, 2.0]",0,0,6,55,2.887841,8,0.0022054172586649656,0.0015344445127993822,2.0977821350097656,0.7578318170525394,0.6361114899181235,0.18825015792798486,0.10627674750356633,0.8232044198895028,0.7163120567375887,1950,0,0,199,0,0.0,0.0,0.0,0.07180592952630459,1.0,0.6666666666666666,0.7581305381712352,0.6378144969828438,0.7585150307002496,0.6373644202357637,0.7587457262176582,0.6365266840418196,0.7730296236705432,0.6335072090460954
npy,./data/MSL,P-14,P-14,gate_gbuf5k,100,256,128,0.15,50,64,0.001,1,1,1,1,0.001,adam,0.1,0.99,adaptive,gated,5000,unc,8,0.95,"[0.5, 1.0, 2.0]",0,0,2,55,2.887841,8,0.002310133771970868,0.0017136409878730774,3.5847885608673096,0.923185845003309,0.49293095112096647,0.35633626097867,0.2305194805194805,0.7845303867403315,0.44696969696969696,6001,5316,92,280,105,0.9802483320236206,0.375,0.9108547568321228,0.10065272775734888,0.013333333656191826,0.15541666621963182,0.9255753781016094,0.5179658852757385,0.924177127874557,0.5373317799935361,0.9226538005243904,0.5762456286885128,0.8924131390717597,0.5245660251010459
npy,./data/MSL,P-15,P-15,fixed,100,256,128,0.15,50,64,0.001,1,1,1,1,0.001,adam,0.1,0.99,fixed,gated,5000,none,8,0.95,"[0.5, 1.0, 2.0]",0,0,6,55,2.887841,8,0.0014613356906920671,0.0013420708710327744,4.714966535568237,0.7455110439237422,0.6021083617477266,0.07567567567567568,0.04011461318051576,0.6666666666666666,0.6470588235294118,2757,2116,43,120,26,0.9877126812934875,0.21666666865348816,0.7925673127174377,0.09795129407260744,0.22584541141986847,0.1721212069193522,0.7484672881498278,0.6091388223278668,0.7494247081548668,0.6176765633669206,0.7497774418409339,0.612408627972972,0.6621651129587638,0.1393524308808457
npy,./data/MSL,C-1,C-1,gate_gbuf5k,100,256,128,0.15,50,64,0.001,1,1,1,1,0.001,adam,0.1,0.99,adaptive,gated,5000,unc,8,0.95,"[0.5, 1.0, 2.0]",0,0,6,55,2.887841,8,0.005681487265974283,0.002930397167801857,2.6999990940093994,0.6648621400798654,0.20871517894458347,0.18810511756569845,0.1654501216545012,0.21794871794871795,0.3228974831184776,2165,1980,34,464,428,0.7838383913040161,0.9224137663841248,0.912404477596283,0.09956128602765724,0.1705069144566854,0.0,0.6706156079234973,0.2127544861535834,0.6675139239176124,0.21494820124402272,0.6639377101723413,0.21748731227033985,0.6631249343211433,0.21950071845868596
npy,./data/MSL,P-10,P-10,gate_noTTA,100,256,128,0.15,50,64,0.001,1,1,1,0,0.001,adam,0.1,0.99,fixed,gated,5000,unc,8,0.95,"[0.5, 1.0, 2.0]",0,0,6,55,2.887841,8,0.00197730865329504,0.0016390613745898008,5.281001329421997,0.9466927727098917,0.5211624090145018,0.31627906976744186,0.19844357976653695,0.7786259541984732,0.53125,6001,5216,0,230,48,0.9907975196838379,0.208695650100708,0.895512044429779,0.07958325559428246,0.0005555555690079927,0.2277027058104674,0.9535654315745857,0.5387993896653556,0.9549223149120328,0.5500591712446307,0.9554594412096085,0.5625812179731567,0.9315649942003149,0.4016724267928389
npy,./data/MSL,C-1,C-1,gate_gbuf5k,100,256,128,0.15,50,64,0.001,1,1,1,1,0.001,adam,0.1,0.99,adaptive,gated,5000,unc,8,0.95,"[0.5, 1.0, 2.0]",0,0,3,55,2.887841,8,0.005589597392827272,0.0023749470710754395,2.675793409347534,0.6527000577973939,0.2012413856638653,0.1825503355704698,0.15704387990762125,0.21794871794871795,0.31232876712328766,2165,1824,34,464,375,0.7944079041481018,0.8081896305084229,0.8518518805503845,0.09377547830136763,0.19969277580579123,0.0,0.6541351408154686,0.20776083713300206,0.650182915615805,0.2129814323250536,0.645194606452291,0.2248403800066984,0.6486131909415721,0.23716131836573245
npy,./data/MSL,M-5,M-5,base_noTTA,100,256,128,0.15,50,64,0.001,1,0,1,0,0.001,adam,0.1,0.99,fixed,gated,5000,none,8,0.95,"[0.5, 1.0, 2.0]",0,0,9,55,2.887786,0,0.00482542859390378,inf,2.5249955654144287,0.4989495554279607,0.1346480326012015,0.16666666666666666,0.12005856515373353,0.2724252491694352,0.23631123919308358,2204,2098,0,400,375,0.8212583661079407,0.9375,0.9550997614860535,0.00907872852526213,0.0723981906970342,0.04090909163157145,,,,,,,,
npy,./data/MSL,D-14,D-14,mask_noTTA,100,256,128,0.15,50,64,0.001,1,1,1,0,0.001,adam,0.1,0.99,fixed,gated,5000,none,8,0.95,"[0.5, 1.0, 2.0]",0,0,7,55,2.887841,8,0.0051813386380672455,0.002725937170907855,4.779048681259155,0.458224141744741,0.28427065379274624,0.1409993155373032,0.08313155770782889,0.46396396396396394,0.34337349397590367,2526,658,0,420,116,0.8237082362174988,0.27619048953056335,0.25735992193222046,0.06988137276136772,0.8735177715619405,0.394179900487264,0.4849831104512752,0.2916866168406946,0.5008247948322855,0.2955821061659682,0.5189852774122438,0.30353362540767703,0.5074531460299251,0.18628398669313895
npy,./data/MSL,M-4,M-4,mask_noTTA,100,256,128,0.15,50,64,0.001,1,1,1,0,0.001,adam,0.1,0.99,fixed,gated,5000,none,8,0.95,"[0.5, 1.0, 2.0]",0,0,9,55,2.887841,8,0.0048163700848817825,0.0026543601416051388,2.6485185623168945,0.3988032202471591,0.11470847153855464,0.1356255969436485,0.08919597989949749,0.28286852589641437,0.21959755030621173,1939,1226,0,350,338,0.7243067026138306,0.9657142758369446,0.5588420629501343,0.07062317354891828,0.3969072103500366,0.4755314886569977,0.3895419998796086,0.11156379372883449,0.3888909944998963,0.1102898736798226,0.3932596419024518,0.10816720966941015,0.4130852081322165,0.10081456667413093
npy,./data/MSL,D-15,D-15,gate_noTTA,100,256,128,0.15,50,64,0.001,1,1,1,0,0.001,adam,0.1,0.99,fixed,gated,5000,unc,8,0.95,"[0.5, 1.0, 2.0]",0,0,7,55,2.887841,8,0.004277374595403671,0.0036772857420146465,2.6369035243988037,0.6210745199748662,0.37945192470526606,0.369496855345912,0.3724247226624406,0.3666146645865835,0.4987510407993338,2059,920,0,658,28,0.969565212726593,0.042553190141916275,0.6366880536079407,0.07893484503740011,0.3171521086866657,0.0,0.6824558282265372,0.41615735707846935,0.7063575885158017,0.43800123590057827,0.7311602154264154,0.47005634746358504,0.8119019289446595,0.6563529722497057
npy,./data/MSL,T-12,T-12,base_noTTA,100,256,128,0.15,50,64,0.001,1,0,1,0,0.001,adam,0.1,0.99,fixed,gated,5000,none,8,0.95,"[0.5, 1.0, 2.0]",0,0,0,55,2.887786,0,0.0030551194213330746,inf,1.347743272781372,0.735079047492922,0.2033071483475046,0.25789473684210523,0.1891891891891892,0.4049586776859504,0.27428571428571424,2331,2158,0,220,139,0.9355884790420532,0.6318181753158569,0.9564187526702881,0.010516397025338676,0.0,0.08726752797762553,,,,,,,,
npy,./data/MSL,T-12,T-12,mask_noTTA,100,256,128,0.15,50,64,0.001,1,1,1,0,0.001,adam,0.1,0.99,fixed,gated,5000,none,8,0.95,"[0.5, 1.0, 2.0]",0,0,6,55,2.887841,8,0.0028986523393541574,0.0018349679885432124,1.458770990371704,0.7759181642799109,0.1791965285909224,0.21359223300970873,0.15120274914089346,0.36363636363636365,0.2491582491582492,2331,2162,0,220,140,0.935245156288147,0.6363636255264282,0.9578399062156677,0.07036457446346668,0.0,0.08297568062941234,0.7957936783481095,0.18669978754258226,0.7967099635275549,0.18866858792078328,0.7935817086571053,0.19267506331676124,0.7559531692371568,0.13249114246480634
npy,./data/MSL,F-4,F-4,noMask_fixed,100,256,128,0.15,50,64,0.001,1,0,1,1,0.001,adam,0.1,0.99,fixed,gated,5000,none,8,0.95,"[0.5, 1.0, 2.0]",0,0,6,55,2.887786,0,0.0038422311190515757,inf,2.761388063430786,0.49698009002988386,0.02443910761957388,0.06437768240343349,0.0379746835443038,0.2112676056338028,0.06912442396313363,3323,3206,52,170,169,0.9472863674163818,0.9941176176071167,0.9632096290588379,0.027988820129082284,0.08508508279919624,0.02728964916119973,,,,,,,,
npy,./data/MSL,C-1,C-1,mask_noTTA,100,256,128,0.15,50,64,0.001,1,1,1,0,0.001,adam,0.1,0.99,fixed,gated,5000,none,8,0.95,"[0.5, 1.0, 2.0]",0,0,0,55,2.887841,8,0.005544409155845642,0.0025387497153133154,2.641502618789673,0.6723626655107189,0.21294070291316936,0.24178403755868544,0.19074074074074074,0.3301282051282051,0.32552552552552555,2165,1672,0,464,354,0.7882775068283081,0.7629310488700867,0.7748383283615112,0.06976171674133724,0.8955453236897787,0.0,0.6753264239176124,0.2144396258657976,0.6722411596258933,0.21449281957220398,0.6690951423917613,0.2145866073953901,0.6508364202395964,0.20607543012288662
npy,./data/MSL,T-13,T-13,gate_noTTA,100,256,128,0.15,50,64,0.001,1,1,1,0,0.001,adam,0.1,0.99,fixed,gated,5000,unc,8,0.95,"[0.5, 1.0, 2.0]",0,0,6,55,2.887841,8,0.002672293223440647,0.001724492758512497,1.4648010730743408,0.7084918448554813,0.21793536043987435,0.15345268542199486,0.2158273381294964,0.11904761904761904,0.29540481400437635,2331,2306,0,450,434,0.8117952942848206,0.9644444584846497,0.9952152967453003,0.07144119135047786,0.0,0.0,0.722597548355124,0.2320387522660617,0.7199265381083563,0.23379914472421068,0.7134366755578876,0.2335922638925793,0.6814428556852798,0.2195515769770288
npy,./data/MSL,D-16,D-16,gate_noTTA,100,256,128,0.15,50,64,0.001,1,1,1,0,0.001,adam,0.1,0.99,fixed,gated,5000,unc,8,0.95,"[0.5, 1.0, 2.0]",0,0,7,55,2.887841,8,0.0037296044174581766,0.002175709931179881,1.8745126724243164,0.5133610629002334,0.34336396984442485,0.4069548872180452,0.2931618144888287,0.6651305683563749,0.46428571428571425,2092,0,0,750,0,0.0,0.0,0.0,0.07027490189152967,1.0,1.0,0.524751132124404,0.35494167204464044,0.5324705248668382,0.36715593180442263,0.5431434157240609,0.3927289946975066,0.555699523211044,0.4685709132148552
npy,./data/MSL,D-14,D-14,noMask_fixed,100,256,128,0.15,50,64,0.001,1,0,1,1,0.001,adam,0.1,0.99,fixed,gated,5000,none,8,0.95,"[0.5, 1.0, 2.0]",0,0,9,55,2.887786,0,0.004406159743666649,inf,4.696945667266846,0.46140522545016927,0.24391569215195988,0.12470588235294117,0.07171853856562922,0.4774774774774775,0.31955922865013775,2526,468,15,420,111,0.7628205418586731,0.26428571343421936,0.1695156693458557,0.01735840160886352,0.9749670624732971,0.43121691544850665,,,,,,,,
npy,./data/MSL,M-3,M-3,noMask_fixed,100,256,128,0.15,50,64,0.001,1,0,1,1,0.001,adam,0.1,0.99,fixed,gated,5000,none,8,0.95,"[0.5, 1.0, 2.0]",0,0,0,55,2.887786,0,0.004522609058767557,inf,2.4394376277923584,0.4458604813156755,0.1097200471279744,0.14931650893796003,0.10142857142857142,0.28286852589641437,0.21159542953872196,2028,1480,32,350,316,0.7864865064620972,0.9028571248054504,0.6936829686164856,0.02712211195063544,0.24794745445251465,0.3317905043562253,,,,,,,,
npy,./data/MSL,P-15,P-15,mask_noTTA,100,256,128,0.15,50,64,0.001,1,1,1,0,0.001,adam,0.1,0.99,fixed,gated,5000,none,8,0.95,"[0.5, 1.0, 2.0]",0,0,1,55,2.887841,8,0.001554005080834031,0.001368307857774198,4.512645483016968,0.7316536491139667,0.6417214700067839,0.08358208955223881,0.044585987261146494,0.6666666666666666,0.7272727272727273,2757,2192,0,120,27,0.9876824617385864,0.22499999403953552,0.8210087418556213,0.07057215884668394,0.17512077589829764,0.16242424150307974,0.7450071386579324,0.643216541748815,0.7472579155118837,0.6474546373665024,0.7487024439405392,0.6433369027080831,0.6805744520030235,0.07637966921577076
npy,./data/MSL,M-4,M-4,fixed,100,256,128,0.15,50,64,0.001,1,1,1,1,0.001,adam,0.1,0.99,fixed,gated,5000,none,8,0.95,"[0.5, 1.0, 2.0]",0,0,4,55,2.887841,8,0.0048115006648004055,0.0028498657047748566,2.598625421524048,0.4156446402414963,0.11014631185981362,0.1535508637236084,0.1011378002528445,0.3187250996015936,0.21940559440559443,1939,1252,30,350,328,0.7380191683769226,0.9371428489685059,0.5814977884292603,0.08123691946406411,0.3814433018366496,0.43999818960825604,0.4094511712523159,0.10845139570655234,0.40727074912437544,0.10701247737720593,0.40741343523499735,0.10528058667735449,0.426125380960768,0.09957882072169735
npy,./data/MSL,T-5,T-5,gate_gbuf5k,100,256,128,0.15,50,64,0.001,1,1,1,1,0.001,adam,0.1,0.99,adaptive,gated,5000,unc,8,0.95,"[0.5, 1.0, 2.0]",0,0,5,55,2.887841,8,0.0031310049816966057,0.0023383544757962227,2.8147010803222656,0.5928375912408759,0.2116583202284003,0.04568527918781726,0.024456521739130436,0.34615384615384615,0.32258064516129037,2119,1788,33,125,24,0.9865771532058716,0.19200000166893005,0.8846539855003357,0.09841027829150875,0.10691823810338974,0.0,0.6219293935991017,0.22131614069859912,0.6297550533408198,0.2265351343999443,0.6378439079169006,0.2404108243284573,0.5939781021897811,0.09234478865943296
npy,./data/MSL,T-8,T-8,base_noTTA,100,256,128,0.15,50,64,0.001,1,0,1,0,0.001,adam,0.1,0.99,fixed,gated,5000,none,8,0.95,"[0.5, 1.0, 2.0]",0,0,8,55,2.887786,0,0.004962530918419361,inf,0.8737204074859619,0.582672589148574,0.11679479684607397,0.14422057264050903,0.08085612366230678,0.6666666666666666,0.18326693227091634,1420,0,0,300,0,0.0,0.0,0.0,0.009154098134645273,1.0,1.0,,,,,,,,
npy,./data/MSL,M-5,M-5,gate_noTTA,100,256,128,0.15,50,64,0.001,1,1,1,0,0.001,adam,0.1,0.99,fixed,gated,5000,unc,8,0.95,"[0.5, 1.0, 2.0]",0,0,1,55,2.887841,8,0.005891862325370312,0.003081544302403927,2.5607075691223145,0.46549629772221135,0.12429560370922521,0.1582591493570722,0.11267605633802817,0.26578073089701,0.23501762632197418,2204,2103,0,400,390,0.8145506381988525,0.9750000238418579,0.9495565295219421,0.0696538148038833,0.030165913204352062,0.02121212085088094,0.4871042578683775,0.12824549964129153,0.5036856830876765,0.13161003215630246,0.5267075117573456,0.13665237543857145,0.6067387761739921,0.16530354049285576
npy,./data/MSL,T-9,T-9,noMask_fixed,100,256,128,0.15,50,64,0.001,1,0,1,1,0.001,adam,0.1,0.99,fixed,gated,5000,none,8,0.95,"[0.5, 1.0, 2.0]",0,0,9,55,2.887786,0,0.008819542825222015,inf,0.3784818649291992,0.5762467334494773,0.2906836339233569,0.22522522522522523,0.15060240963855423,0.44642857142857145,0.3082437275985663,997,821,16,290,144,0.8246041536331177,0.4965517222881317,0.9575672149658203,0.031098439437575422,0.0,0.0,,,,,,,,
npy,./data/MSL,T-13,T-13,gate_noTTA,100,256,128,0.15,50,64,0.001,1,1,1,0,0.001,adam,0.1,0.99,fixed,gated,5000,unc,8,0.95,"[0.5, 1.0, 2.0]",0,0,1,55,2.887841,8,0.0026954065542668104,0.0021465665195137262,1.390826940536499,0.709321752882359,0.21360927831981052,0.16040100250626566,0.21768707482993196,0.12698412698412698,0.3073639274279616,2331,2328,0,450,448,0.80756014585495,0.995555579662323,0.9994683861732483,0.06607365372967484,0.0,0.0,0.7255382103866952,0.23230143708189194,0.7233973938519392,0.23828582052340114,0.7181883772792863,0.2419373130091634,0.7005881324063142,0.2895940359528526
npy,./data/MSL,F-5,F-5,gate_gbuf5k,100,256,128,0.15,50,64,0.001,1,1,1,1,0.001,adam,0.1,0.99,adaptive,gated,5000,unc,8,0.95,"[0.5, 1.0, 2.0]",0,0,9,55,2.887841,8,0.0032457751221954823,0.001998253632336855,3.4892358779907227,0.7984180421867124,0.38386412155124977,0.2769679300291545,0.17757009345794392,0.6291390728476821,0.4339622641509434,3823,3348,58,250,63,0.9811828136444092,0.25200000405311584,0.9193954467773438,0.10910047899825455,0.10008703048030536,0.0033978529584904513,0.880554106715418,0.4915410008265648,0.8961436265961388,0.5451330416268436,0.9101209825419154,0.5891622092242403,0.9287469201171014,0.5119927206034848
npy,./data/MSL,M-7,M-7,base_noTTA,100,256,128,0.15,50,64,0.001,1,0,1,0,0.001,adam,0.1,0.99,fixed,gated,5000,none,8,0.95,"[0.5, 1.0, 2.0]",0,0,6,55,2.887786,0,0.0030413225758820772,inf,1.875441074371338,0.8897159788971598,0.5319776205189626,0.16129032258064516,0.08866995073891626,0.8910891089108911,0.6772486772486773,2057,440,0,200,0,1.0,0.0,0.23694130778312683,0.008993491885380428,1.0,0.28455284237861633,,,,,,,,
npy,./data/MSL,P-15,P-15,noMask_fixed,100,256,128,0.15,50,64,0.001,1,0,1,1,0.001,adam,0.1,0.99,fixed,gated,5000,none,8,0.95,"[0.5, 1.0, 2.0]",0,0,3,55,2.887786,0,0.001716680359095335,inf,4.348607778549194,0.7464516670865877,0.6694208924359857,0.08022922636103152,0.042682926829268296,0.6666666666666666,0.8,2757,2223,43,120,27,0.9878542423248291,0.22499999403953552,0.8327645063400269,0.029567449387753405,0.16545893251895905,0.14787878592809042,,,,,,,,
npy,./data/MSL,C-2,C-2,base_noTTA,100,256,128,0.15,50,64,0.001,1,0,1,0,0.001,adam,0.1,0.99,fixed,gated,5000,none,8,0.95,"[0.5, 1.0, 2.0]",0,0,4,55,2.887786,0,0.006097584031522274,inf,0.7872312068939209,0.6207087232760528,0.11289659116439002,0.17413572343149808,0.10559006211180125,0.49635036496350365,0.20278330019880716,1952,1339,0,335,133,0.9006721377372742,0.39701491594314575,0.7458255887031555,0.008452744757542844,0.6735311249891917,0.235273741496106,,,,,,,,
npy,./data/MSL,M-6,M-6,fixed,100,256,128,0.15,50,64,0.001,1,1,1,1,0.001,adam,0.1,0.99,fixed,gated,5000,none,8,0.95,"[0.5, 1.0, 2.0]",0,0,0,55,2.887841,8,0.002069976646453142,0.0017382166115567088,1.937366008758545,0.7514019189134833,0.6359465571531072,0.17739975698663427,0.09965870307167235,0.8066298342541437,0.7117437722419929,1950,0,0,199,0,0.0,0.0,0.0,0.07334354596260266,1.0,0.6666666666666666,0.7550191063210572,0.6442508635743872,0.7557792184745702,0.6437040238806295,0.7573704260177221,0.6425565137058856,0.7639807398819312,0.6314632966243922
npy,./data/MSL,P-14,P-14,base_noTTA,100,256,128,0.15,50,64,0.001,1,0,1,0,0.001,adam,0.1,0.99,fixed,gated,5000,none,8,0.95,"[0.5, 1.0, 2.0]",0,0,5,55,2.887786,0,0.002332863165065646,inf,3.433187961578369,0.9013337515016255,0.41761803285186055,0.35786802030456855,0.23228995057660626,0.7790055248618785,0.4400785854616896,6001,5403,0,280,108,0.9800111055374146,0.3857142925262451,0.9255374670028687,0.009565666464443427,0.0005555555690079927,0.25208333134651184,,,,,,,,
npy,./data/MSL,P-14,P-14,fixed,100,256,128,0.15,50,64,0.001,1,1,1,1,0.001,adam,0.1,0.99,fixed,gated,5000,none,8,0.95,"[0.5, 1.0, 2.0]",0,0,3,55,2.887841,8,0.0023539061658084393,0.0016097126062959433,3.7139010429382324,0.9045138840273713,0.4880668286898593,0.3689064558629776,0.2422145328719723,0.7734806629834254,0.4579831932773109,6001,5502,91,280,109,0.9801890254020691,0.38928571343421936,0.9426673650741577,0.09250720328757056,0.0022222221984217563,0.19687500347693762,0.9164242130642122,0.5146573267507514,0.9197508911745023,0.5387524839219535,0.9237813614551509,0.577466364555697,0.8985167159974574,0.5107377732383636
npy,./data/MSL,M-7,M-7,gate_gbuf5k,100,256,128,0.15,50,64,0.001,1,1,1,1,0.001,adam,0.1,0.99,adaptive,gated,5000,unc,8,0.95,"[0.5, 1.0, 2.0]",0,0,9,55,2.887841,8,0.002715430222451687,0.001914363936521113,1.9168806076049805,0.8764664787646649,0.574903419524115,0.23759398496240605,0.1400709219858156,0.7821782178217822,0.6779661016949152,2057,1011,31,200,17,0.9831849932670593,0.08500000089406967,0.535271942615509,0.09141086546842717,0.23139158884684244,0.0,0.900855195008552,0.6211835673058742,0.9105490111054902,0.6571896645278017,0.9176700151767001,0.6912423326404894,0.9100286671002866,0.5878248426399956
npy,./data/MSL,F-5,F-5,gate_gbuf5k,100,256,128,0.15,50,64,0.001,1,1,1,1,0.001,adam,0.1,0.99,adaptive,gated,5000,unc,8,0.95,"[0.5, 1.0, 2.0]",0,0,0,55,2.887841,8,0.003249472239986062,0.001783453393727541,3.267099618911743,0.8007291617274389,0.4423679877194742,0.27002967359050445,0.1739961759082218,0.6026490066225165,0.5116279069767442,3823,3210,58,250,62,0.9806853532791138,0.24799999594688416,0.8810523152351379,0.10543196356611478,0.10966057889163494,0.0034904014319181442,0.8852079568544188,0.5550642164296866,0.9027485814537926,0.6063869785107522,0.9171790292244227,0.6480211859473811,0.9343104662455372,0.5325857834789232
npy,./data/MSL,M-7,M-7,gate_gbuf5k,100,256,128,0.15,50,64,0.001,1,1,1,1,0.001,adam,0.1,0.99,adaptive,gated,5000,unc,8,0.95,"[0.5, 1.0, 2.0]",0,0,8,55,2.887841,8,0.0027489475905895233,0.00185577932279557,2.0225186347961426,0.8606827106068272,0.59152797047199,0.23123123123123127,0.13628318584070798,0.7623762376237624,0.6235294117647059,2057,928,31,200,17,0.9816810488700867,0.08500000089406967,0.49057620763778687,0.09603157284541447,0.2313915848111113,0.0,0.8993327069933271,0.6487889715804989,0.9158536291585363,0.7095010930560686,0.9261786032617861,0.7542603235868833,0.928934499289345,0.5810967905148481
npy,./data/MSL,D-14,D-14,gate_noTTA,100,256,128,0.15,50,64,0.001,1,1,1,0,0.001,adam,0.1,0.99,fixed,gated,5000,unc,8,0.95,"[0.5, 1.0, 2.0]",0,0,0,55,2.887841,8,0.0053862398490309715,0.002803472802042961,4.583444833755493,0.45983811526882684,0.2670537614292949,0.13793103448275865,0.08087091757387248,0.46846846846846846,0.33139534883720934,2526,688,0,420,111,0.8386628031730652,0.26428571343421936,0.2739790976047516,0.06572292234250127,0.852437416712443,0.38756613930066425,0.48406458893350274,0.27159103548870533,0.500065608679841,0.27230258905639276,0.5185803781309399,0.26717448137488936,0.49936078400497874,0.16030557344951996
npy,./data/MSL,P-15,P-15,mask_noTTA,100,256,128,0.15,50,64,0.001,1,1,1,0,0.001,adam,0.1,0.99,fixed,gated,5000,none,8,0.95,"[0.5, 1.0, 2.0]",0,0,3,55,2.887841,8,0.0015000274870544672,0.0013088578125461936,4.726083755493164,0.7345762996556646,0.5956439435101957,0.0784313725490196,0.041666666666666664,0.6666666666666666,0.6249999999999999,2757,2158,0,120,26,0.9879518151283264,0.21666666865348816,0.808494508266449,0.06872257721091164,0.19806763033072153,0.16363636155923209,0.7460149491895522,0.6065400495387933,0.7482993197278911,0.6162333852111649,0.7490047871000252,0.621279244043889,0.692113882590073,0.08542405943362708
npy,./data/MSL,T-9,T-9,gate_noTTA,100,256,128,0.15,50,64,0.001,1,1,1,0,0.001,adam,0.1,0.99,fixed,gated,5000,unc,8,0.95,"[0.5, 1.0, 2.0]",0,0,8,55,2.887841,8,0.00855892151594162,0.003336843801662326,0.4080650806427002,0.5767367160278746,0.281359573573148,0.23981900452488686,0.1606060606060606,0.4732142857142857,0.3272727272727272,997,746,0,290,118,0.8418230414390564,0.40689656138420105,0.8882602453231812,0.07273105824125208,0.0,0.0,0.6174324912891985,0.29693114772378126,0.6530015969802556,0.3147707712412565,0.6965193089430894,0.351537173269549,0.7068361643437863,0.24245630011034236
npy,./data/MSL,M-2,M-2,mask_noTTA,100,256,128,0.15,50,64,0.001,1,1,1,0,0.001,adam,0.1,0.99,fixed,gated,5000,none,8,0.95,"[0.5, 1.0, 2.0]",0,0,3,55,2.887841,8,0.006467337720096111,0.0028186419513076544,2.7918593883514404,0.7078799484020688,0.7031707998690954,0.5282392026578073,0.7172932330827068,0.4180543382997371,0.7071860308932171,2178,1333,0,1167,344,0.7419354915618896,0.2947729229927063,0.9782393574714661,0.07622717059567174,0.0336391432210803,0.0,0.769920134302749,0.7456106045100147,0.7974796632556073,0.7722560381299277,0.8240447284936613,0.8055092860122769,0.8491886904247571,0.8564365452728494
npy,./data/MSL,T-12,T-12,base_noTTA,100,256,128,0.15,50,64,0.001,1,0,1,0,0.001,adam,0.1,0.99,fixed,gated,5000,none,8,0.95,"[0.5, 1.0, 2.0]",0,0,9,55,2.887786,0,0.0029144363943487406,inf,1.4057011604309082,0.7363425188536412,0.21417145505857904,0.23076923076923078,0.16728624535315986,0.371900826446281,0.26666666666666666,2331,2155,0,220,137,0.9364269375801086,0.6227272748947144,0.9559450745582581,0.009438245913236758,0.0,0.10157367587089539,,,,,,,,
npy,./data/MSL,F-5,F-5,gate_gbuf5k,100,256,128,0.15,50,64,0.001,1,1,1,1,0.001,adam,0.1,0.99,adaptive,gated,5000,unc,8,0.95,"[0.5, 1.0, 2.0]",0,0,8,55,2.887841,8,0.0032965552527457476,0.0018330897437408566,3.478168249130249,0.8234856108222213,0.43726818558898756,0.26011560693641617,0.16635859519408502,0.5960264900662252,0.4909090909090909,3823,3264,58,250,62,0.9810048937797546,0.24799999594688416,0.896165668964386,0.10631903284917538,0.1053089660902818,0.0008726003579795361,0.890471197936149,0.5370228361756391,0.9060220820798671,0.5875785437657473,0.9192917015705427,0.6228729396604636,0.9381916016444775,0.5103341203448495
npy,./data/MSL,D-15,D-15,gate_gbuf5k,100,256,128,0.15,50,64,0.001,1,1,1,1,0.001,adam,0.1,0.99,adaptive,gated,5000,unc,8,0.95,"[0.5, 1.0, 2.0]",0,0,3,55,2.887841,8,0.004273981787264347,0.003627329133450985,2.4750068187713623,0.6124381296939418,0.3783056334516983,0.29103815439219166,0.3374485596707819,0.25585023400936036,0.49026460309535697,2059,1641,33,658,401,0.7556368112564087,0.609422504901886,0.8850820660591125,0.08233384405194469,0.10355986934155226,0.0,0.6696164220992042,0.41251329030785755,0.6928157943720517,0.43405076087549194,0.7163545342077361,0.4645917327911391,0.789502641410864,0.629401951984248
npy,./data/MSL,P-14,P-14,mask_noTTA,100,256,128,0.15,50,64,0.001,1,1,1,0,0.001,adam,0.1,0.99,fixed,gated,5000,none,8,0.95,"[0.5, 1.0, 2.0]",0,0,9,55,2.887841,8,0.0022883499041199684,0.0016510143177583814,3.71812105178833,0.8978586609840583,0.49687037105031445,0.33967391304347827,0.22522522522522523,0.6906077348066298,0.4666666666666667,6001,5466,0,280,109,0.9800585508346558,0.38928571343421936,0.9363747835159302,0.0825795982702834,0.003333333491658171,0.22118055323759714,0.9160228461766068,0.5301074844580431,0.9194671341190791,0.555895742675285,0.9220116135042223,0.5936103532783318,0.9073794569225987,0.5550530730646217
npy,./data/MSL,T-8,T-8,gate_gbuf5k,100,256,128,0.15,50,64,0.001,1,1,1,1,0.001,adam,0.1,0.99,adaptive,gated,5000,unc,8,0.95,"[0.5, 1.0, 2.0]",0,0,0,55,2.887841,8,0.00478816032409668,0.002702378900721669,0.823143482208252,0.5473037485989456,0.0988088681421584,0.11864406779661017,0.07172131147540983,0.3431372549019608,0.15384615384615385,1420,613,22,300,91,0.8515497446060181,0.3033333420753479,0.4660714268684387,0.09613775871169399,0.16431924514472485,0.0,0.5565887611219505,0.10207194933495545,0.5603525813995323,0.10377958833073331,0.5665241396488023,0.10759245892610825,0.5782030525689457,0.09066411076912399
npy,./data/MSL,M-7,M-7,gate_gbuf5k,100,256,128,0.15,50,64,0.001,1,1,1,1,0.001,adam,0.1,0.99,adaptive,gated,5000,unc,8,0.95,"[0.5, 1.0, 2.0]",0,0,6,55,2.887841,8,0.0027680685743689537,0.001818489283323288,1.9662470817565918,0.8594637565946376,0.6356921504653035,0.22455089820359278,0.13227513227513227,0.7425742574257426,0.6802030456852792,2057,894,31,200,20,0.9776286482810974,0.10000000149011612,0.4706515967845917,0.09262787814736076,0.22330097357432047,0.0,0.8968851629688516,0.6738693159958541,0.9090361590903616,0.717231614024607,0.9150056611500565,0.7566089128349957,0.8981474789814747,0.6616356100055797
npy,./data/MSL,P-10,P-10,fixed,100,256,128,0.15,50,64,0.001,1,1,1,1,0.001,adam,0.1,0.99,fixed,gated,5000,none,8,0.95,"[0.5, 1.0, 2.0]",0,0,2,55,2.887841,8,0.001931484672240913,0.0016866966616362333,5.319530487060547,0.9601618540576695,0.5504356086079342,0.3242424242424242,0.20226843100189035,0.816793893129771,0.5531914893617021,6001,5387,90,230,50,0.990718424320221,0.21739129722118378,0.9247964024543762,0.10431649148156297,0.0016666667070239782,0.23186185956001282,0.9635969046178793,0.5631591299273621,0.9631480204977626,0.5685797734461882,0.9608332619296389,0.5744814938998364,0.9201446660161472,0.3587736422726804
npy,./data/MSL,F-5,F-5,mask_noTTA,100,256,128,0.15,50,64,0.001,1,1,1,0,0.001,adam,0.1,0.99,fixed,gated,5000,none,8,0.95,"[0.5, 1.0, 2.0]",0,0,7,55,2.887841,8,0.0031673528719693422,0.0018761142855510116,3.128621816635132,0.8209953619553897,0.43027941562568156,0.2807017543859649,0.17627118644067796,0.6887417218543046,0.5043478260869565,3823,3187,0,250,58,0.9818010926246643,0.23199999332427979,0.8757346868515015,0.07574202158112442,0.21932114412387213,0.10029615461826324,0.8983160087176271,0.5152136390394063,0.915350856396234,0.564273530299409,0.9274719407960015,0.5928818117046843,0.9447175288582614,0.5256677515676457
npy,./data/MSL,P-11,P-11,mask_noTTA,100,256,128,0.15,50,64,0.001,1,1,1,0,0.001,adam,0.1,0.99,fixed,gated,5000,none,8,0.95,"[0.5, 1.0, 2.0]",0,0,9,55,2.887841,8,0.002954743569716811,0.0019319847924634814,5.101341724395752,0.722148393360177,0.12083055697778552,0.08407079646017698,0.08482142857142858,0.08333333333333333,0.21696252465483234,3436,3436,0,426,426,0.8760186433792114,1.0,1.0,0.07087998395748826,0.0,0.0,0.7452877734099387,0.12497130227092197,0.7404349625196951,0.12335630905821535,0.732852694178749,0.12144041371107588,0.7195966556851762,0.1260602419179911
npy,./data/MSL,F-8,F-8,mask_noTTA,100,256,128,0.15,50,64,0.001,1,1,1,0,0.001,adam,0.1,0.99,fixed,gated,5000,none,8,0.95,"[0.5, 1.0, 2.0]",0,0,7,55,2.887841,8,0.005788278300315142,0.0033071304205805063,4.278213262557983,0.5745938977223893,0.2578110388435635,0.22349570200573063,0.22941176470588234,0.21787709497206703,0.38580596451491134,2388,2116,0,537,412,0.8052930235862732,0.7672253251075745,0.9205834865570068,0.06554663880186863,0.08089260756969452,0.04681647817293803,0.5698362221267249,0.2587044182935023,0.5639001098218975,0.26116989665078477,0.5594709449458053,0.27022948148315695,0.5642906937879004,0.2925178984430732
npy,./data/MSL,T-9,T-9,noMask_fixed,100,256,128,0.15,50,64,0.001,1,0,1,1,0.001,adam,0.1,0.99,fixed,gated,5000,none,8,0.95,"[0.5, 1.0, 2.0]",0,0,3,55,2.887786,0,0.008985228836536407,inf,0.3620896339416504,0.5675359320557491,0.28535154356711423,0.24821002386634844,0.16938110749185667,0.4642857142857143,0.3206751054852321,997,830,16,290,151,0.8180722594261169,0.5206896662712097,0.9603960514068604,0.026579008418076495,0.0,0.0,,,,,,,,
npy,./data/MSL,M-2,M-2,gate_noTTA,100,256,128,0.15,50,64,0.001,1,1,1,0,0.001,adam,0.1,0.99,fixed,gated,5000,unc,8,0.95,"[0.5, 1.0, 2.0]",0,0,1,55,2.887841,8,0.006376439239829779,0.002852081088349223,2.7539212703704834,0.6953469281949365,0.6942944018934469,0.533695652173913,0.7024320457796852,0.4303242769500438,0.6967213114754097,2178,1203,0,1167,247,0.7946799397468567,0.21165381371974945,0.9455984234809875,0.06956688519242271,0.0458715595304966,0.0,0.7572320425621212,0.734764209825645,0.7847583970078137,0.7607359523210667,0.8128113003172408,0.7945070263308048,0.8356342039969881,0.8456309308855737
npy,./data/MSL,M-3,M-3,gate_noTTA,100,256,128,0.15,50,64,0.001,1,1,1,0,0.001,adam,0.1,0.99,fixed,gated,5000,unc,8,0.95,"[0.5, 1.0, 2.0]",0,0,8,55,2.887841,8,0.004780428484082222,0.00293957581743598,2.8088760375976562,0.4412902759962283,0.10761881027516898,0.15470643056849953,0.10097323600973236,0.33067729083665337,0.21236673773987205,2028,1313,0,350,280,0.786747932434082,0.800000011920929,0.6156138181686401,0.07175858439308182,0.26765188823143643,0.4300893545150757,0.4426473211631088,0.10771572429439029,0.44682888913429436,0.10795400868159184,0.4562772364698987,0.10886128475622797,0.50137615847909,0.11264352271479369
npy,./data/MSL,M-1,M-1,mask_noTTA,100,256,128,0.15,50,64,0.001,1,1,1,0,0.001,adam,0.1,0.99,fixed,gated,5000,none,8,0.95,"[0.5, 1.0, 2.0]",0,0,7,55,2.887841,8,0.003542563645169139,0.0020497713703662157,2.9679436683654785,0.3690123872066757,0.4115256332372953,0.30517153097798255,0.3669950738916256,0.26117440841367223,0.6682284040995607,2178,1266,0,1167,900,0.2890995144844055,0.7712082266807556,0.36201781034469604,0.07048465441519017,0.691131517291069,0.0,0.3457215686758588,0.4022508719879083,0.33571675451481897,0.39720144756440257,0.3249049511794695,0.3908511426471196,0.32207200256755253,0.38574148112758627
npy,./data/MSL,T-8,T-8,noMask_fixed,100,256,128,0.15,50,64,0.001,1,0,1,1,0.001,adam,0.1,0.99,fixed,gated,5000,none,8,0.95,"[0.5, 1.0, 2.0]",0,0,9,55,2.887786,0,0.004851271398365498,inf,0.8121500015258789,0.5229288610292389,0.09493183667204264,0.12320328542094457,0.06880733944954129,0.5882352941176471,0.14285714285714288,1420,0,0,300,0,0.0,0.0,0.0,0.011971970679054797,1.0,1.0,,,,,,,,
npy,./data/MSL,T-8,T-8,gate_noTTA,100,256,128,0.15,50,64,0.001,1,1,1,0,0.001,adam,0.1,0.99,fixed,gated,5000,unc,8,0.95,"[0.5, 1.0, 2.0]",0,0,9,55,2.887841,8,0.004768699873238802,0.002574548125267029,0.8971834182739258,0.5498498623161332,0.09651190584231534,0.13062098501070665,0.0733173076923077,0.5980392156862745,0.14545454545454542,1420,0,0,300,0,0.0,0.0,0.0,0.07360334127721652,1.0,1.0,0.5615287752362766,0.10180042680652582,0.5716647985941025,0.10613880980956578,0.5864018154897809,0.11203322433812768,0.6222203772122822,0.11673648473216544
npy,./data/MSL,M-4,M-4,noMask_fixed,100,256,128,0.15,50,64,0.001,1,0,1,1,0.001,adam,0.1,0.99,fixed,gated,5000,none,8,0.95,"[0.5, 1.0, 2.0]",0,0,9,55,2.887786,0,0.004524077754467726,inf,2.5340306758880615,0.4231122516091203,0.10791045617107634,0.15427509293680297,0.1006060606060606,0.33067729083665337,0.21998247151621386,1939,1105,29,350,308,0.7212669849395752,0.8799999952316284,0.5015733242034912,0.028331849057382993,0.46391752858956653,0.5182300309340159,,,,,,,,
npy,./data/MSL,M-2,M-2,base_noTTA,100,256,128,0.15,50,64,0.001,1,0,1,0,0.001,adam,0.1,0.99,fixed,gated,5000,none,8,0.95,"[0.5, 1.0, 2.0]",0,0,0,55,2.887786,0,0.005907085724174976,inf,2.634059190750122,0.7301068682030835,0.7247791617556738,0.574054054054054,0.7489421720733427,0.4653812445223488,0.7061387577188522,2178,1207,0,1167,238,0.8028169274330139,0.2039417326450348,0.9584569931030273,0.01400408118662208,0.0642201838394006,0.0,,,,,,,,
npy,./data/MSL,T-8,T-8,base_noTTA,100,256,128,0.15,50,64,0.001,1,0,1,0,0.001,adam,0.1,0.99,fixed,gated,5000,none,8,0.95,"[0.5, 1.0, 2.0]",0,0,1,55,2.887786,0,0.004784522578120232,inf,0.8120779991149902,0.556270496907302,0.11130684854487272,0.13757700205338808,0.0768348623853211,0.6568627450980392,0.1506849315068493,1420,0,0,300,0,0.0,0.0,0.0,0.00845042752548003,1.0,1.0,,,,,,,,
npy,./data/MSL,M-6,M-6,mask_noTTA,100,256,128,0.15,50,64,0.001,1,1,1,0,0.001,adam,0.1,0.99,fixed,gated,5000,none,8,0.95,"[0.5, 1.0, 2.0]",0,0,3,55,2.887841,8,0.002141630742698908,0.00151160079985857,1.9484944343566895,0.7584529203686396,0.6285796937782175,0.18482252141982866,0.10392291810048176,0.8342541436464088,0.7117437722419929,1950,0,0,199,0,0.0,0.0,0.0,0.0717939474643805,1.0,0.6666666666666666,0.7630195085593952,0.6414561216828265,0.7624516426703893,0.6402814076495761,0.7625640327942551,0.6382998246486026,0.752108793639902,0.627318253935239
npy,./data/MSL,C-1,C-1,base_noTTA,100,256,128,0.15,50,64,0.001,1,0,1,0,0.001,adam,0.1,0.99,fixed,gated,5000,none,8,0.95,"[0.5, 1.0, 2.0]",0,0,9,55,2.887786,0,0.005551446694880724,inf,2.6210241317749023,0.6502059032156369,0.20618931133940105,0.21026894865525672,0.16996047430830039,0.27564102564102566,0.31474597273853777,2165,1667,0,464,348,0.7912417650222778,0.75,0.7754262089729309,0.009238637347144288,0.8940092325210571,0.0,,,,,,,,
npy,./data/MSL,D-14,D-14,mask_noTTA,100,256,128,0.15,50,64,0.001,1,1,1,0,0.001,adam,0.1,0.99,fixed,gated,5000,none,8,0.95,"[0.5, 1.0, 2.0]",0,0,1,55,2.887841,8,0.005283655598759651,0.002769866958260536,4.562369108200073,0.4664102304551742,0.23300588814240117,0.14799728445349628,0.08713029576338929,0.49099099099099097,0.3146067415730337,2526,685,0,420,118,0.8277372121810913,0.2809523940086365,0.26923078298568726,0.0675076637962746,0.8695652087529501,0.3928571542104085,0.4915908417781077,0.23887436563781023,0.5070594939508797,0.24435794088331442,0.523952791743054,0.2569354229219485,0.5095095095095096,0.19587660434302212
npy,./data/MSL,C-1,C-1,fixed,100,256,128,0.15,50,64,0.001,1,1,1,1,0.001,adam,0.1,0.99,fixed,gated,5000,none,8,0.95,"[0.5, 1.0, 2.0]",0,0,4,55,2.887841,8,0.005659360438585281,0.002652090508490801,2.6780202388763428,0.6631232923497268,0.20595910529042954,0.23140495867768596,0.18317757009345795,0.3141025641025641,0.32598530394121583,2165,1680,33,464,354,0.7892857193946838,0.7629310488700867,0.7795414328575134,0.08777162494615375,0.8832565347353617,0.0,0.6575274537620849,0.20641804386191429,0.6491763871374526,0.20678112949183025,0.6410584804539722,0.21028035733070755,0.6223137347625052,0.19589625229275004
npy,./data/MSL,D-15,D-15,gate_gbuf5k,100,256,128,0.15,50,64,0.001,1,1,1,1,0.001,adam,0.1,0.99,adaptive,gated,5000,unc,8,0.95,"[0.5, 1.0, 2.0]",0,0,1,55,2.887841,8,0.004412095993757248,0.0036060118582099676,2.5283572673797607,0.6338697054803748,0.38100441212605407,0.3124448367166814,0.3597560975609756,0.27613104524180965,0.5041705282669138,2059,1625,33,658,391,0.7593846321105957,0.5942249298095703,0.880799412727356,0.08718929225927188,0.10355987089375655,0.0,0.6935675449430634,0.41769368809573076,0.7164306348127361,0.44051388655605633,0.740461971807811,0.4762053890052472,0.8040368285792736,0.6422371661302623
npy,./data/MSL,F-8,F-8,gate_gbuf5k,100,256,128,0.15,50,64,0.001,1,1,1,1,0.001,adam,0.1,0.99,adaptive,gated,5000,unc,8,0.95,"[0.5, 1.0, 2.0]",0,0,0,55,2.887841,8,0.006161646451801062,0.0034982729703187943,4.021251201629639,0.6111922838179822,0.25727385063028196,0.2105263157894737,0.22085889570552147,0.2011173184357542,0.41124632815778434,2388,2232,38,537,478,0.7858422994613647,0.890130341053009,0.9475958943367004,0.10523574436130236,0.019525802383820217,0.0,0.5978675452418469,0.2524769977374832,0.584729981378026,0.24840579060351858,0.5725769946998998,0.24699337148661027,0.5599637110251636,0.2670814574025534
npy,./data/MSL,T-12,T-12,mask_noTTA,100,256,128,0.15,50,64,0.001,1,1,1,0,0.001,adam,0.1,0.99,fixed,gated,5000,none,8,0.95,"[0.5, 1.0, 2.0]",0,0,7,55,2.887841,8,0.0029291033279150724,0.0016649778699502349,1.5321507453918457,0.7692715174899513,0.1890796045620729,0.21717171717171715,0.15636363636363637,0.35537190082644626,0.245398773006135,2331,2161,0,220,134,0.9379916787147522,0.6090909242630005,0.9602084159851074,0.07508415768761227,0.0,0.07153075933456421,0.7886924682074097,0.19318008545711718,0.7845262340321201,0.19493318170451973,0.7739102112108923,0.19543705264798047,0.727562645630286,0.11377544249327866
npy,./data/MSL,P-15,P-15,base_noTTA,100,256,128,0.15,50,64,0.001,1,0,1,0,0.001,adam,0.1,0.99,fixed,gated,5000,none,8,0.95,"[0.5, 1.0, 2.0]",0,0,1,55,2.887786,0,0.0016916398890316486,inf,4.371297359466553,0.7377341059880743,0.6693328765637127,0.07734806629834254,0.04105571847507331,0.6666666666666666,0.8,2757,2219,0,120,27,0.9878323674201965,0.22499999403953552,0.8312476277351379,0.008704742747110692,0.17270531753698984,0.15151515106360117,,,,,,,,
npy,./data/MSL,C-2,C-2,gate_noTTA,100,256,128,0.15,50,64,0.001,1,1,1,0,0.001,adam,0.1,0.99,fixed,gated,5000,unc,8,0.95,"[0.5, 1.0, 2.0]",0,0,7,55,2.887841,8,0.005907835904508829,0.0029464345425367355,0.9312281608581543,0.6163001777147259,0.10204230484419063,0.17624521072796936,0.10681114551083591,0.5036496350364964,0.19364599092284418,1952,1303,0,335,130,0.9002302289009094,0.38805970549583435,0.72541743516922,0.07378334393266772,0.7084351480007172,0.2380688445021709,0.6845525478800083,0.12064902088588078,0.716766202167662,0.1380970136502674,0.7512947242370853,0.17232050034248056,0.8199017611300521,0.3277980502309946
npy,./data/MSL,M-3,M-3,gate_noTTA,100,256,128,0.15,50,64,0.001,1,1,1,0,0.001,adam,0.1,0.99,fixed,gated,5000,unc,8,0.95,"[0.5, 1.0, 2.0]",0,0,1,55,2.887841,8,0.004843642935156822,0.0026811326388269663,2.593116044998169,0.4707205293962742,0.1129500596088793,0.17973231357552583,0.11823899371069183,0.3745019920318725,0.2131004366812227,2028,1274,0,350,272,0.7864992022514343,0.7771428823471069,0.5971394777297974,0.06805686555670563,0.2791461373368899,0.4326786398887634,0.4638227473899711,0.11196402974375365,0.4623085483227007,0.11167582182300947,0.46227244539963813,0.11092660119731199,0.4687741571029316,0.10480020346771549
npy,./data/MSL,M-2,M-2,noMask_fixed,100,256,128,0.15,50,64,0.001,1,0,1,1,0.001,adam,0.1,0.99,fixed,gated,5000,none,8,0.95,"[0.5, 1.0, 2.0]",0,0,2,55,2.887786,0,0.005845610983669758,inf,2.536405563354492,0.7039121230450186,0.6856826680953891,0.5136795086543829,0.7076923076923077,0.40315512708150747,0.6983372921615202,2178,1457,34,1167,478,0.6719286441802979,0.409597247838974,0.9683481454849243,0.02755442269905868,0.04892966461678346,0.0,,,,,,,,
npy,./data/MSL,D-16,D-16,gate_noTTA,100,256,128,0.15,50,64,0.001,1,1,1,0,0.001,adam,0.1,0.99,fixed,gated,5000,unc,8,0.95,"[0.5, 1.0, 2.0]",0,0,5,55,2.887841,8,0.003798873396590352,0.002381641184911132,1.8718571662902832,0.5125311708261017,0.3269781241151524,0.41312384473197783,0.29543952412425645,0.6866359447004609,0.4607667502687209,2092,0,0,750,0,0.0,0.0,0.0,0.07123142537833628,1.0,1.0,0.5155564865242285,0.3355978911056774,0.5177319608195183,0.3455772677674449,0.5210535240489158,0.366154859129475,0.5184112354619266,0.4242487353199335
npy,./data/MSL,M-3,M-3,gate_noTTA,100,256,128,0.15,50,64,0.001,1,1,1,0,0.001,adam,0.1,0.99,fixed,gated,5000,unc,8,0.95,"[0.5, 1.0, 2.0]",0,0,5,55,2.887841,8,0.004845748655498028,0.0028439483139663935,2.6538808345794678,0.4416746659417766,0.10901763303467266,0.1520912547528517,0.09987515605493133,0.3187250996015936,0.21208280523869877,2028,1380,0,350,297,0.7847825884819031,0.8485714197158813,0.6454111933708191,0.0680561601762941,0.259441706041495,0.3664439593752225,0.44911823919673116,0.11014629949992183,0.4566531316100205,0.11133727516198991,0.468950424315531,0.11348830283919525,0.5180472141285605,0.12370301933636714
npy,./data/MSL,P-11,P-11,fixed,100,256,128,0.15,50,64,0.001,1,1,1,1,0.001,adam,0.1,0.99,fixed,gated,5000,none,8,0.95,"[0.5, 1.0, 2.0]",0,0,7,55,2.887841,8,0.0029588292818516493,0.0019051411654800177,5.372094392776489,0.6985381885315042,0.11731527359451216,0.1036036036036036,0.10648148148148148,0.10087719298245613,0.20366972477064219,3436,3436,54,426,426,0.8760186433792114,1.0,1.0,0.09694102201805958,0.0,0.0,0.7386047140833637,0.12566605778377715,0.7421219741218787,0.12753738315498947,0.7405490214802202,0.1276761015786288,0.7331099899734216,0.1299263930923703
npy,./data/MSL,M-5,M-5,noMask_fixed,100,256,128,0.15,50,64,0.001,1,0,1,1,0.001,adam,0.1,0.99,fixed,gated,5000,none,8,0.95,"[0.5, 1.0, 2.0]",0,0,4,55,2.887786,0,0.004571215249598026,inf,2.4005982875823975,0.5221373311074308,0.1399536946458258,0.1855447680690399,0.13738019169329074,0.2857142857142857,0.24181580096027938,2204,2074,35,400,362,0.8254580497741699,0.9049999713897705,0.949002206325531,0.030360291095048245,0.08295625944932301,0.039393939077854156,,,,,,,,
npy,./data/MSL,M-3,M-3,gate_noTTA,100,256,128,0.15,50,64,0.001,1,1,1,0,0.001,adam,0.1,0.99,fixed,gated,5000,unc,8,0.95,"[0.5, 1.0, 2.0]",0,0,7,55,2.887841,8,0.004735474940389395,0.0026339187752455473,2.600389003753662,0.46846091115283,0.11187645911459877,0.16091954022988508,0.10340909090909091,0.36254980079681276,0.21145745577085087,2028,1303,0,350,292,0.7759017944335938,0.8342857360839844,0.6025030016899109,0.07422600507265953,0.2660098448395729,0.42348869641621906,0.4662225299229521,0.11120921241046641,0.4650098964483218,0.11091198647247112,0.4645182595842642,0.11048174694320881,0.466763011918212,0.11023672265829232
npy,./data/MSL,D-16,D-16,noMask_fixed,100,256,128,0.15,50,64,0.001,1,0,1,1,0.001,adam,0.1,0.99,fixed,gated,5000,none,8,0.95,"[0.5, 1.0, 2.0]",0,0,3,55,2.887786,0,0.003785449545830488,inf,1.6259818077087402,0.5236229975861313,0.3549806378576518,0.4074941451990632,0.2931266846361186,0.6682027649769585,0.4630434782608695,2092,0,0,750,0,0.0,0.0,0.0,0.010037513353628593,1.0,1.0,,,,,,,,
npy,./data/MSL,D-15,D-15,mask_noTTA,100,256,128,0.15,50,64,0.001,1,1,1,0,0.001,adam,0.1,0.99,fixed,gated,5000,none,8,0.95,"[0.5, 1.0, 2.0]",0,0,3,55,2.887841,8,0.004273981787264347,0.003627329133450985,2.560044527053833,0.6199690044292608,0.3930250998964769,0.4055299539170507,0.39939485627836613,0.4118564742589704,0.4892014063284782,2059,959,0,658,38,0.9603753685951233,0.05775076150894165,0.6573875546455383,0.06848796586957934,0.33009709510952234,0.0,0.673126305408182,0.42517383196686914,0.6964747937313669,0.4470688554137271,0.7211750961798524,0.4805324442570903,0.7915378184013319,0.6331789390464224
npy,./data/MSL,T-5,T-5,fixed,100,256,128,0.15,50,64,0.001,1,1,1,1,0.001,adam,0.1,0.99,fixed,gated,5000,none,8,0.95,"[0.5, 1.0, 2.0]",0,0,0,55,2.887841,8,0.003164711408317089,0.002194211818277836,2.8338050842285156,0.5880474452554744,0.210755097343148,0.04405286343612334,0.02336448598130841,0.38461538461538464,0.32258064516129037,2119,1544,32,125,23,0.9851036071777344,0.18400000035762787,0.7627883553504944,0.09604825788986689,0.4213836391766866,0.255491962035497,0.6048392756878158,0.21806019669821508,0.6124543795620438,0.2304538824378765,0.6259475014037057,0.23770718030419874,0.6034706625491297,0.045582986459533834
npy,./data/MSL,F-7,F-7,noMask_fixed,100,256,128,0.15,50,64,0.001,1,0,1,1,0.001,adam,0.1,0.99,fixed,gated,5000,none,8,0.95,"[0.5, 1.0, 2.0]",0,0,8,55,2.887786,0,0.0031077018938958645,inf,3.165666103363037,0.30562102553814285,0.05635497144556007,0.03248730964467005,0.028469750889679714,0.037825059101654845,0.15457701443449662,4955,4599,78,720,661,0.8562731146812439,0.918055534362793,0.9298701286315918,0.028561102273365564,0.03202490694820881,0.040404039435088634,,,,,,,,
npy,./data/MSL,M-2,M-2,fixed,100,256,128,0.15,50,64,0.001,1,1,1,1,0.001,adam,0.1,0.99,fixed,gated,5000,none,8,0.95,"[0.5, 1.0, 2.0]",0,0,8,55,2.887841,8,0.005625459831207991,0.002816346939653158,2.974400520324707,0.7101165273851698,0.6928072755293379,0.5548523206751055,0.6966887417218544,0.4609991235758107,0.7037701974865349,2178,1382,33,1167,392,0.7163531184196472,0.3359040319919586,0.9792284965515137,0.11549168929142947,0.032110090677936874,0.0,0.7574604066114479,0.7255519782460987,0.7818293966251497,0.7482150901991177,0.8084619681277851,0.7793547081863041,0.8345757057683525,0.8312516472383202
npy,./data/MSL,D-14,D-14,noMask_fixed,100,256,128,0.15,50,64,0.001,1,0,1,1,0.001,adam,0.1,0.99,fixed,gated,5000,none,8,0.95,"[0.5, 1.0, 2.0]",0,0,3,55,2.887786,0,0.004649961367249489,inf,4.2922279834747314,0.45037546910206083,0.22749725062692827,0.11643090315560392,0.06621287128712872,0.481981981981982,0.28755364806866957,2526,469,22,420,111,0.7633262276649475,0.26428571343421936,0.16999050974845886,0.019992898592190052,0.9591567913691202,0.4126984079678853,,,,,,,,
npy,./data/MSL,T-9,T-9,fixed,100,256,128,0.15,50,64,0.001,1,1,1,1,0.001,adam,0.1,0.99,fixed,gated,5000,none,8,0.95,"[0.5, 1.0, 2.0]",0,0,0,55,2.887841,8,0.00864570401608944,0.003266619984060526,0.3782036304473877,0.5512031794425087,0.2620858539626041,0.2280701754385965,0.1511627906976744,0.4642857142857143,0.29721362229102166,997,820,16,290,147,0.8207316994667053,0.5068965554237366,0.9519094824790955,0.08927424669026611,0.0,0.0,0.6161621660859465,0.2829042516151196,0.6573207026713124,0.30732768510172,0.7059741579558654,0.35338600680997717,0.7567417973286876,0.2784355265163378
npy,./data/MSL,P-14,P-14,noMask_fixed,100,256,128,0.15,50,64,0.001,1,0,1,1,0.001,adam,0.1,0.99,fixed,gated,5000,none,8,0.95,"[0.5, 1.0, 2.0]",0,0,4,55,2.887786,0,0.00259086349979043,inf,3.2686688899993896,0.9005832887629405,0.44844522395842923,0.4271523178807947,0.3049645390070922,0.712707182320442,0.45981308411214955,6001,5566,92,280,111,0.9800574779510498,0.39642858505249023,0.9535046219825745,0.02999767385469121,0.0,0.16236110776662827,,,,,,,,
npy,./data/MSL,C-1,C-1,base_noTTA,100,256,128,0.15,50,64,0.001,1,0,1,0,0.001,adam,0.1,0.99,fixed,gated,5000,none,8,0.95,"[0.5, 1.0, 2.0]",0,0,3,55,2.887786,0,0.0055662645027041435,inf,2.549882650375366,0.6460221600462379,0.20480767593193766,0.24029126213592233,0.193359375,0.3173076923076923,0.3046272493573265,2165,1669,0,464,358,0.7855002880096436,0.7715517282485962,0.7707231044769287,0.00947364208054047,0.9062980016072592,0.0,,,,,,,,
npy,./data/MSL,T-4,T-4,base_noTTA,100,256,128,0.15,50,64,0.001,1,0,1,0,0.001,adam,0.1,0.99,fixed,gated,5000,none,8,0.95,"[0.5, 1.0, 2.0]",0,0,0,55,2.887786,0,0.0037474320270121098,inf,2.56601881980896,0.45184600437211564,0.028257473275243045,0.04786324786324787,0.027131782945736434,0.2028985507246377,0.06317867719644621,2118,1421,0,168,143,0.8993666172027588,0.851190447807312,0.6553846001625061,0.010386742545930252,0.4638364762067795,0.3995797211925189,,,,,,,,
npy,./data/MSL,M-5,M-5,noMask_fixed,100,256,128,0.15,50,64,0.001,1,0,1,1,0.001,adam,0.1,0.99,fixed,gated,5000,none,8,0.95,"[0.5, 1.0, 2.0]",0,0,2,55,2.887786,0,0.00443918164819479,inf,2.5165586471557617,0.5137271366507247,0.13644035386174752,0.18487394957983194,0.13517665130568357,0.292358803986711,0.23724696356275302,2204,2027,35,400,337,0.833744466304779,0.8424999713897705,0.9368070960044861,0.02993126746314407,0.0980392200872302,0.051515153453995786,,,,,,,,
npy,./data/MSL,M-5,M-5,gate_gbuf5k,100,256,128,0.15,50,64,0.001,1,1,1,1,0.001,adam,0.1,0.99,adaptive,gated,5000,unc,8,0.95,"[0.5, 1.0, 2.0]",0,0,3,55,2.887841,8,0.00565393827855587,0.002894059056416154,2.5388002395629883,0.48340861796011303,0.12973955456302413,0.1825168107588857,0.12837837837837837,0.31561461794019935,0.23198458574181113,2204,2083,35,400,381,0.8170907497406006,0.9524999856948853,0.9434589743614197,0.09007581565427694,0.030165913204352062,0.022727273404598236,0.49946896956863734,0.13329623791300177,0.5118121081576231,0.13659185840414428,0.5319066315744057,0.14266544515684718,0.5884099289414904,0.16474069393431431
npy,./data/MSL,M-6,M-6,gate_noTTA,100,256,128,0.15,50,64,0.001,1,1,1,0,0.001,adam,0.1,0.99,fixed,gated,5000,unc,8,0.95,"[0.5, 1.0, 2.0]",0,0,4,55,2.887841,8,0.002166339661926031,0.001525767263956368,1.8917207717895508,0.7547529191855856,0.6270008276244482,0.18957940991839298,0.10694050991501416,0.8342541436464088,0.7117437722419929,1950,0,0,199,0,0.0,0.0,0.0,0.07412506983830379,1.0,0.6666666666666666,0.7576099944396465,0.6396297290073396,0.7561844144474547,0.6396316594538506,0.7547144699326842,0.638401428155922,0.7616323778201048,0.6297059410824437
npy,./data/MSL,T-13,T-13,noMask_fixed,100,256,128,0.15,50,64,0.001,1,0,1,1,0.001,adam,0.1,0.99,fixed,gated,5000,none,8,0.95,"[0.5, 1.0, 2.0]",0,0,5,55,2.887786,0,0.0028474065475165844,inf,1.2907042503356934,0.6979061903304328,0.20961903912945934,0.14833759590792836,0.20863309352517986,0.11507936507936507,0.2927328556806551,2331,2331,37,450,450,0.80694979429245,1.0,1.0,0.03410919906243087,0.0,0.0,,,,,,,,
npy,./data/MSL,T-12,T-12,fixed,100,256,128,0.15,50,64,0.001,1,1,1,1,0.001,adam,0.1,0.99,fixed,gated,5000,none,8,0.95,"[0.5, 1.0, 2.0]",0,0,4,55,2.887841,8,0.0026198660489171743,0.001940951100550592,1.415060043334961,0.7922323355608132,0.17797575753807332,0.24226804123711337,0.1760299625468165,0.3884297520661157,0.26706231454005935,2331,2150,36,220,126,0.9413953423500061,0.5727272629737854,0.9587873220443726,0.09269266361742252,0.0,0.08583690722783406,0.8060768319439922,0.1812369896504667,0.8046129232002692,0.18191949056479537,0.7977908937001815,0.18419119388598207,0.7506236823926498,0.12527067435220907
npy,./data/MSL,M-4,M-4,gate_gbuf5k,100,256,128,0.15,50,64,0.001,1,1,1,1,0.001,adam,0.1,0.99,adaptive,gated,5000,unc,8,0.95,"[0.5, 1.0, 2.0]",0,0,3,55,2.887841,8,0.004793999716639519,0.002764941891655326,2.5350260734558105,0.40474475907227275,0.11105676480233923,0.11608222490931076,0.08333333333333333,0.19123505976095617,0.21969365426695842,1939,1709,31,350,339,0.8016383647918701,0.9685714244842529,0.8621774911880493,0.10986977351455728,0.20274914056062698,0.0,0.3925629323779309,0.10604014868692488,0.3867774564863099,0.10470116361641785,0.3805237917942109,0.10270420576395164,0.3848913244615272,0.09501495041485997
npy,./data/MSL,T-5,T-5,base_noTTA,100,256,128,0.15,50,64,0.001,1,0,1,0,0.001,adam,0.1,0.99,fixed,gated,5000,none,8,0.95,"[0.5, 1.0, 2.0]",0,0,3,55,2.887786,0,0.002971402835100889,inf,2.612448215484619,0.6039444132509826,0.20958788294728664,0.046632124352331605,0.025,0.34615384615384615,0.32258064516129037,2119,1429,0,125,23,0.9839048385620117,0.18400000035762787,0.7051153182983398,0.008968994155026878,0.4433962156375249,0.3485275221367677,,,,,,,,
npy,./data/MSL,P-10,P-10,gate_gbuf5k,100,256,128,0.15,50,64,0.001,1,1,1,1,0.001,adam,0.1,0.99,adaptive,gated,5000,unc,8,0.95,"[0.5, 1.0, 2.0]",0,0,8,55,2.887841,8,0.002053881762549281,0.0016972868470475078,5.582078695297241,0.9578765095486987,0.5256336481447659,0.30742659758203794,0.19866071428571427,0.6793893129770993,0.5106382978723405,6001,5387,91,230,55,0.9897902607917786,0.239130437374115,0.9239299893379211,0.11280762555300841,0.002777777767429749,0.11303302862991889,0.9605966705842783,0.5430761993326372,0.9594137138574746,0.5519309104224144,0.9565209050833888,0.5625354425099202,0.9142874316282983,0.3617222598432187
npy,./data/MSL,M-4,M-4,noMask_fixed,100,256,128,0.15,50,64,0.001,1,0,1,1,0.001,adam,0.1,0.99,fixed,gated,5000,none,8,0.95,"[0.5, 1.0, 2.0]",0,0,5,55,2.887786,0,0.004782077390700579,inf,2.541001319885254,0.37055137034402963,0.09893866532403979,0.12660731948565776,0.08421052631578947,0.2549800796812749,0.21996466431095404,1939,1329,30,350,341,0.7434161305427551,0.9742857217788696,0.6217746734619141,0.03224220885758304,0.3831615149974823,0.4068460861841838,,,,,,,,
npy,./data/MSL,M-5,M-5,fixed,100,256,128,0.15,50,64,0.001,1,1,1,1,0.001,adam,0.1,0.99,fixed,gated,5000,none,8,0.95,"[0.5, 1.0, 2.0]",0,0,1,55,2.887841,8,0.005891862325370312,0.003081544302403927,2.5713841915130615,0.46963003773635004,0.12419182758310343,0.15950920245398773,0.11521418020679468,0.2591362126245847,0.23482428115015977,2204,2184,35,400,400,0.8168498277664185,1.0,0.9889135360717773,0.09847184923729317,0.01659125213821729,0.01060606042544047,0.49262365541435305,0.12818134105448453,0.5096913053723685,0.13144558612285207,0.5318120417788192,0.1362846832838615,0.6028274051529866,0.16276229778781615
npy,./data/MSL,C-2,C-2,gate_gbuf5k,100,256,128,0.15,50,64,0.001,1,1,1,1,0.001,adam,0.1,0.99,adaptive,gated,5000,unc,8,0.95,"[0.5, 1.0, 2.0]",0,0,1,55,2.887841,8,0.006016820203512907,0.002703337464481592,0.8341457843780518,0.5651480828928601,0.10069020033193386,0.1782178217821782,0.12228260869565218,0.3284671532846715,0.18726591760299627,1952,1585,30,335,204,0.8712933659553528,0.6089552044868469,0.8540506958961487,0.10451857672363031,0.20418848594029745,0.006837607050935428,0.6557253887986333,0.12433613219924033,0.7014011242553906,0.14935625695948704,0.7489684155931323,0.1974649093847251,0.8233111380606974,0.42865994040023225
npy,./data/MSL,F-8,F-8,gate_gbuf5k,100,256,128,0.15,50,64,0.001,1,1,1,1,0.001,adam,0.1,0.99,adaptive,gated,5000,unc,8,0.95,"[0.5, 1.0, 2.0]",0,0,1,55,2.887841,8,0.006021629553288221,0.003278575139120221,4.122554302215576,0.5385493959795635,0.22980639418480348,0.19762845849802368,0.21052631578947367,0.186219739292365,0.38519102008664835,2388,2225,38,537,477,0.785618007183075,0.8882681727409363,0.9443544149398804,0.09046607281095419,0.022315201659997303,0.0,0.5435696891562813,0.23322900461031307,0.5441866017285011,0.23652418381309287,0.5481822088525999,0.2448185675668177,0.5820092632383135,0.2789567836969029
npy,./data/MSL,D-15,D-15,gate_noTTA,100,256,128,0.15,50,64,0.001,1,1,1,0,0.001,adam,0.1,0.99,fixed,gated,5000,unc,8,0.95,"[0.5, 1.0, 2.0]",0,0,8,55,2.887841,8,0.004170671571046114,0.003450418123975396,2.6644411087036133,0.6234871148306711,0.38785263654998375,0.3889315910837817,0.38333333333333336,0.39469578783151327,0.49369369369369365,2059,858,0,658,18,0.9790209531784058,0.027355622500181198,0.599571704864502,0.07018619164961991,0.35275080365439254,0.0,0.6762937359946606,0.42045033889473243,0.6952335311606268,0.4408919888243895,0.712274924747814,0.4685258988912103,0.7666714315243671,0.5773620943439925
npy,./data/MSL,T-4,T-4,mask_noTTA,100,256,128,0.15,50,64,0.001,1,1,1,0,0.001,adam,0.1,0.99,fixed,gated,5000,none,8,0.95,"[0.5, 1.0, 2.0]",0,0,7,55,2.887841,8,0.0040884059853851795,0.002423239639028907,2.961146354675293,0.4344250128194748,0.028102935014463825,0.05023547880690738,0.028169014084507043,0.2318840579710145,0.06119733924611973,2118,1445,0,168,142,0.9017301201820374,0.8452380895614624,0.6682051420211792,0.07319304040291041,0.4591194987297058,0.4011818456153075,0.42909481013683104,0.027594174256253108,0.42865624915661354,0.027285522856556547,0.4269492348797668,0.026895810130403923,0.41575580924621486,0.02540603637590479
npy,./data/MSL,T-9,T-9,fixed,100,256,128,0.15,50,64,0.001,1,1,1,1,0.001,adam,0.1,0.99,fixed,gated,5000,none,8,0.95,"[0.5, 1.0, 2.0]",0,0,3,55,2.887841,8,0.009037165902554989,0.0037286272272467613,0.3775901794433594,0.5682799796747967,0.28140510583893497,0.2517482517482517,0.17034700315457413,0.48214285714285715,0.31316725978647686,997,830,16,290,152,0.816867470741272,0.5241379141807556,0.9589816331863403,0.08376311873241796,0.0,0.0,0.6332571138211383,0.30509596868780203,0.6769290795586527,0.3306366684696474,0.7279870789779326,0.38336974820445796,0.7669588414634146,0.34409759228838627
npy,./data/MSL,M-3,M-3,fixed,100,256,128,0.15,50,64,0.001,1,1,1,1,0.001,adam,0.1,0.99,fixed,gated,5000,none,8,0.95,"[0.5, 1.0, 2.0]",0,0,6,55,2.887841,8,0.004702621139585972,0.0025625203270465136,2.718463659286499,0.44037283701016827,0.10983496351712466,0.1518987341772152,0.10051546391752578,0.3107569721115538,0.21274763135228253,2028,1410,32,350,295,0.7907801270484924,0.8428571224212646,0.664481520652771,0.08877318286331448,0.27586206545432407,0.3505326261123021,0.4397782006303146,0.10990404991307187,0.4441657676330924,0.10989592519712396,0.4542129987512636,0.11081998466429507,0.5031494491118681,0.11444823812032076
npy,./data/MSL,D-14,D-14,fixed,100,256,128,0.15,50,64,0.001,1,1,1,1,0.001,adam,0.1,0.99,fixed,gated,5000,none,8,0.95,"[0.5, 1.0, 2.0]",0,0,0,55,2.887841,8,0.0053862398490309715,0.002803472802042961,4.632263898849487,0.45495682948866467,0.2531510988470172,0.13740458015267176,0.081214109926169,0.44594594594594594,0.32664756446991405,2526,765,24,420,119,0.8444444537162781,0.28333333134651184,0.3067426383495331,0.0827504072695239,0.8326745827992758,0.39021164178848267,0.4802892780420871,0.2549685740472909,0.49703636220490155,0.25557896485026066,0.5165821251963574,0.2523598910095777,0.5007948022929296,0.16021523572326984
npy,./data/MSL,T-13,T-13,gate_noTTA,100,256,128,0.15,50,64,0.001,1,1,1,0,0.001,adam,0.1,0.99,fixed,gated,5000,unc,8,0.95,"[0.5, 1.0, 2.0]",0,0,2,55,2.887841,8,0.0025828592479228973,0.0017695111455395818,1.395906686782837,0.7199775533108868,0.22799261197566315,0.18226600985221678,0.24025974025974026,0.14682539682539683,0.3337579617834395,2331,2300,0,450,437,0.8100000023841858,0.9711111187934875,0.9904305934906006,0.06972009764368163,0.0,0.0,0.7231641814975148,0.23012354534875099,0.7102500473712595,0.2251302213746142,0.6934551139096594,0.21864350384308823,0.6455226871893539,0.1892543391870324
npy,./data/MSL,M-1,M-1,gate_noTTA,100,256,128,0.15,50,64,0.001,1,1,1,0,0.001,adam,0.1,0.99,fixed,gated,5000,unc,8,0.95,"[0.5, 1.0, 2.0]",0,0,0,55,2.887841,8,0.0034322822466492653,0.002202465198934078,2.7642862796783447,0.3650260458456259,0.41172388286609896,0.33565737051792827,0.3886966551326413,0.2953549517966696,0.6678372841673983,2178,1176,0,1167,851,0.27636054158210754,0.7292202115058899,0.3214638829231262,0.06956732305941832,0.6865443487962087,0.0,0.3475507955709718,0.40463709673276144,0.3393790658058782,0.4004807528801858,0.3298236504919085,0.3945971043508158,0.32394829097283084,0.3883287465067962
npy,./data/MSL,M-7,M-7,gate_noTTA,100,256,128,0.15,50,64,0.001,1,1,1,0,0.001,adam,0.1,0.99,fixed,gated,5000,unc,8,0.95,"[0.5, 1.0, 2.0]",0,0,4,55,2.887841,8,0.0026741130277514458,0.0019648701418191195,1.9943602085113525,0.8855821348558214,0.5187114854124517,0.15659574468085108,0.0856610800744879,0.9108910891089109,0.686868686868687,2057,394,0,200,0,1.0,0.0,0.21217016875743866,0.07877201493874765,1.0,0.29430894056955975,0.8957095709570957,0.5301003759186124,0.901365903013659,0.541634283919849,0.9064874370648743,0.5491703203113671,0.878721302787213,0.39901489064949414
npy,./data/MSL,T-13,T-13,gate_gbuf5k,100,256,128,0.15,50,64,0.001,1,1,1,1,0.001,adam,0.1,0.99,adaptive,gated,5000,unc,8,0.95,"[0.5, 1.0, 2.0]",0,0,5,55,2.887841,8,0.0026742967311292887,0.0016643888084217906,1.4157066345214844,0.7191376244406548,0.2160627189552605,0.1561712846347607,0.21379310344827587,0.12301587301587301,0.33636363636363636,2331,2291,37,450,426,0.8140550255775452,0.9466666579246521,0.9914938807487488,0.10039836027651884,0.0,0.0014306151618560155,0.7218159225734982,0.22671844983703654,0.710417668751002,0.2233273862948978,0.6987297214569942,0.22428730019307927,0.6639227775591412,0.22445192210417658
npy,./data/MSL,P-14,P-14,gate_gbuf5k,100,256,128,0.15,50,64,0.001,1,1,1,1,0.001,adam,0.1,0.99,adaptive,gated,5000,unc,8,0.95,"[0.5, 1.0, 2.0]",0,0,7,55,2.887841,8,0.0023436208721250296,0.0016218549571931362,3.7803537845611572,0.8980467433744129,0.4120711670023244,0.34877384196185285,0.2314647377938517,0.7071823204419889,0.4180180180180181,6001,5295,92,280,100,0.9811142683029175,0.3571428656578064,0.9080580472946167,0.1155124308963236,0.008333333147068819,0.14701389241963625,0.9095879082157935,0.4439782759729003,0.9114136608487136,0.4678890316111244,0.9134354298686038,0.5071224353542527,0.8989180828850625,0.6029653596025754
npy,./data/MSL,F-8,F-8,mask_noTTA,100,256,128,0.15,50,64,0.001,1,1,1,0,0.001,adam,0.1,0.99,fixed,gated,5000,none,8,0.95,"[0.5, 1.0, 2.0]",0,0,6,55,2.887841,8,0.005825871601700783,0.003319107461720705,4.366589546203613,0.5768858329752184,0.2498035339900564,0.23304680038204395,0.23921568627450981,0.2271880819366853,0.3910181958962447,2388,2137,0,537,423,0.8020589351654053,0.7877094745635986,0.9259859323501587,0.07247156034562256,0.06834030896425247,0.05430711805820465,0.5691963902019768,0.25310699537314996,0.5650193382036958,0.25945353647647007,0.5632937019529198,0.2753418283280753,0.567632144391921,0.3254640108697778
npy,./data/MSL,T-13,T-13,gate_gbuf5k,100,256,128,0.15,50,64,0.001,1,1,1,1,0.001,adam,0.1,0.99,adaptive,gated,5000,unc,8,0.95,"[0.5, 1.0, 2.0]",0,0,9,55,2.887841,8,0.0027139331214129925,0.0018610837869346142,1.4722745418548584,0.7121822481670967,0.21534382786931058,0.18226600985221678,0.24025974025974026,0.14682539682539683,0.31564625850340133,2331,2312,37,450,438,0.8105536103248596,0.9733333587646484,0.9962785840034485,0.10426593716693815,0.0,0.0014306151618560155,0.738317518620549,0.23395500449448203,0.7381480752692874,0.23836494255583518,0.732113705598554,0.241005742508189,0.7046821024093751,0.25893697068615834
npy,./data/MSL,P-14,P-14,gate_gbuf5k,100,256,128,0.15,50,64,0.001,1,1,1,1,0.001,adam,0.1,0.99,adaptive,gated,5000,unc,8,0.95,"[0.5, 1.0, 2.0]",0,0,0,55,2.887841,8,0.0022714235819876194,0.0016906592063605785,3.5524299144744873,0.9059317358931206,0.47401294581654563,0.36755386565272496,0.23848684210526316,0.8011049723756906,0.4484848484848485,6001,5317,92,280,101,0.9810042977333069,0.36071428656578064,0.9117287397384644,0.10517342371496434,0.012222222362955412,0.14604167081415653,0.9163812761413521,0.5047051492323142,0.9186251970664747,0.5327022939778309,0.9213339568521263,0.5757539097527674,0.9036019411222778,0.5737599287475499
npy,./data/MSL,F-7,F-7,fixed,100,256,128,0.15,50,64,0.001,1,1,1,1,0.001,adam,0.1,0.99,fixed,gated,5000,none,8,0.95,"[0.5, 1.0, 2.0]",0,0,2,55,2.887841,8,0.004554920829832554,0.004067391622811556,3.053455352783203,0.4537940173963826,0.0717234261775556,0.06644518272425248,0.05121638924455826,0.09456264775413711,0.1547794117647059,4955,4669,78,720,659,0.8588562607765198,0.9152777791023254,0.9468713402748108,0.09486980803919849,0.014826091937720776,0.03434343418727318,0.4394993549994308,0.06927755373825795,0.43238163205818736,0.06812514527568327,0.42759938802795217,0.0672856834848754,0.4524851282318306,0.07091418199266643
npy,./data/MSL,D-16,D-16,gate_gbuf5k,100,256,128,0.15,50,64,0.001,1,1,1,1,0.001,adam,0.1,0.99,adaptive,gated,5000,unc,8,0.95,"[0.5, 1.0, 2.0]",0,0,2,55,2.887841,8,0.0037237585056573153,0.002313600853085518,1.7790887355804443,0.522038023420512,0.3562070786854066,0.3322475570032573,0.28846153846153844,0.391705069124424,0.4618674269422665,2092,924,30,750,348,0.6233766078948975,0.46399998664855957,0.4292101263999939,0.11545579246535584,0.13015873481829962,0.08931419501701991,0.5287170586709757,0.3663542106959561,0.5336984060486365,0.3772201664328486,0.540862209986634,0.39863578875373634,0.5360693837652364,0.44213316405439795
npy,./data/MSL,C-2,C-2,fixed,100,256,128,0.15,50,64,0.001,1,1,1,1,0.001,adam,0.1,0.99,fixed,gated,5000,none,8,0.95,"[0.5, 1.0, 2.0]",0,0,4,55,2.887841,8,0.005908480379730463,0.002852685982361436,0.8411822319030762,0.6263833909190064,0.09942839634232369,0.16765053128689494,0.1,0.5182481751824818,0.18103448275862072,1952,1179,24,335,128,0.8914334177970886,0.3820895552635193,0.6499691009521484,0.08069479563197152,0.7117823461691538,0.4705936710039775,0.6824474292382674,0.11303436101502108,0.705012623084609,0.1241142245408973,0.7336681692332333,0.14742740421403008,0.8021607975043665,0.2731754120292754
npy,./data/MSL,F-7,F-7,gate_gbuf5k,100,256,128,0.15,50,64,0.001,1,1,1,1,0.001,adam,0.1,0.99,adaptive,gated,5000,unc,8,0.95,"[0.5, 1.0, 2.0]",0,0,3,55,2.887841,8,0.0043686265125870705,0.0043960511684417725,3.1502034664154053,0.44943241481372576,0.07082561535505898,0.043516100957354226,0.03443526170798898,0.0591016548463357,0.15449233016800584,4955,4600,78,720,648,0.8591304421424866,0.8999999761581421,0.9331759214401245,0.10012338909684228,0.012768817444642385,0.002020201956232389,0.45050290645883717,0.07043321247423086,0.4496968471800432,0.0700669844503489,0.4485553978150127,0.0697292704052115,0.48869143244238,0.07831001665394519
npy,./data/MSL,T-4,T-4,gate_gbuf5k,100,256,128,0.15,50,64,0.001,1,1,1,1,0.001,adam,0.1,0.99,adaptive,gated,5000,unc,8,0.95,"[0.5, 1.0, 2.0]",0,0,1,55,2.887841,8,0.003976329229772091,0.002388923428952694,2.8504886627197266,0.44659001970150863,0.028248497115377615,0.05291005291005291,0.030120481927710843,0.21739130434782608,0.06375838926174497,2118,1870,34,168,157,0.9160428047180176,0.9345238208770752,0.8784615397453308,0.10247338594863503,0.11163522054751714,0.0,0.4422853750033735,0.02788821613716577,0.44428926132836744,0.02775245724818725,0.4465158016894718,0.02749548888789089,0.42835263001646295,0.02650293604012642
npy,./data/MSL,M-5,M-5,gate_noTTA,100,256,128,0.15,50,64,0.001,1,1,1,0,0.001,adam,0.1,0.99,fixed,gated,5000,unc,8,0.95,"[0.5, 1.0, 2.0]",0,0,0,55,2.887841,8,0.005377041641622782,0.0031351197976619005,2.575702667236328,0.47501501820438696,0.12848301537144535,0.16186046511627908,0.1124031007751938,0.28903654485049834,0.23771152296535053,2204,2024,0,400,375,0.8147233128547668,0.9375,0.9140798449516296,0.06988119949230048,0.09200603778784473,0.06060605884219209,0.4953219537937146,0.13191732788524482,0.5104413858566683,0.13470233377534038,0.531564780734216,0.13957275924693713,0.602112173540745,0.16528701328763082
npy,./data/MSL,T-5,T-5,fixed,100,256,128,0.15,50,64,0.001,1,1,1,1,0.001,adam,0.1,0.99,fixed,gated,5000,none,8,0.95,"[0.5, 1.0, 2.0]",0,0,7,55,2.887841,8,0.0030926379840821028,0.0024141615722328424,2.92936110496521,0.6558113419427288,0.20990022925502558,0.04434589800443459,0.023529411764705882,0.38461538461538464,0.32258064516129037,2119,1483,32,125,23,0.9844908714294434,0.18400000035762787,0.732196569442749,0.0884957108760904,0.43867923816045123,0.3106873594224453,0.662829870859068,0.21195365722279177,0.6506351768669287,0.21381468788125005,0.6351593206064009,0.21753111245495407,0.5496736384053903,0.04664028716079568
npy,./data/MSL,T-13,T-13,base_noTTA,100,256,128,0.15,50,64,0.001,1,0,1,0,0.001,adam,0.1,0.99,fixed,gated,5000,none,8,0.95,"[0.5, 1.0, 2.0]",0,0,2,55,2.887786,0,0.00263293762691319,inf,1.3278398513793945,0.6942103211042604,0.2218271154571173,0.1840193704600484,0.2360248447204969,0.15079365079365079,0.2820838627700127,2331,2327,0,450,446,0.8083369135856628,0.9911110997200012,1.0,0.00836827733495214,0.0,0.0,,,,,,,,
npy,./data/MSL,M-7,M-7,fixed,100,256,128,0.15,50,64,0.001,1,1,1,1,0.001,adam,0.1,0.99,fixed,gated,5000,none,8,0.95,"[0.5, 1.0, 2.0]",0,0,6,55,2.887841,8,0.0027680685743689537,0.001818489283323288,2.023081064224243,0.8985666449856665,0.5346738334656163,0.16244541484716157,0.08908045977011494,0.9207920792079208,0.6903553299492386,2057,436,8,200,0,1.0,0.0,0.23478728532791138,0.07220420318143601,1.0,0.29105691115061444,0.9068150610681507,0.5557602202076405,0.9095324130953241,0.5640177602988126,0.9108091831080919,0.5678610285875658,0.8865650068656501,0.45670867626160444
npy,./data/MSL,M-7,M-7,gate_noTTA,100,256,128,0.15,50,64,0.001,1,1,1,0,0.001,adam,0.1,0.99,fixed,gated,5000,unc,8,0.95,"[0.5, 1.0, 2.0]",0,0,0,55,2.887841,8,0.002640648279339075,0.0019974359311163425,1.960115671157837,0.8868299968682999,0.5023031151592343,0.15269709543568463,0.08333333333333333,0.9108910891089109,0.6806282722513088,2057,407,0,200,0,1.0,0.0,0.2191707044839859,0.07147179336065683,1.0,0.30243903398513794,0.9016790730167907,0.5232259979563187,0.9084676350846762,0.5442288068241449,0.9130543711305437,0.5676146666277013,0.8746597287465973,0.44965881515514683
npy,./data/MSL,P-10,P-10,mask_noTTA,100,256,128,0.15,50,64,0.001,1,1,1,0,0.001,adam,0.1,0.99,fixed,gated,5000,none,8,0.95,"[0.5, 1.0, 2.0]",0,0,2,55,2.887841,8,0.001931484672240913,0.0016866966616362333,5.301358461380005,0.9540680283244601,0.5560395634748109,0.3048780487804878,0.19047619047619047,0.7633587786259542,0.5846153846153846,6001,5376,0,230,50,0.9906994104385376,0.21739129722118378,0.922890305519104,0.07756573620328822,0.002222222276031971,0.23331831768155098,0.9568278343962893,0.5693602310738026,0.9560362125434337,0.5746608403294502,0.9545284222938106,0.5751416049668258,0.9200461928615915,0.3560180975189978
npy,./data/MSL,D-16,D-16,noMask_fixed,100,256,128,0.15,50,64,0.001,1,0,1,1,0.001,adam,0.1,0.99,fixed,gated,5000,none,8,0.95,"[0.5, 1.0, 2.0]",0,0,4,55,2.887786,0,0.0036426372826099396,inf,1.7563385963439941,0.5111047938236879,0.32715639029291316,0.41923774954627946,0.29748873148744365,0.7096774193548387,0.4634234234234235,2092,0,0,750,0,0.0,0.0,0.0,0.012427739385892967,1.0,1.0,,,,,,,,
npy,./data/MSL,T-5,T-5,base_noTTA,100,256,128,0.15,50,64,0.001,1,0,1,0,0.001,adam,0.1,0.99,fixed,gated,5000,none,8,0.95,"[0.5, 1.0, 2.0]",0,0,0,55,2.887786,0,0.002950715133920312,inf,2.6207339763641357,0.5332678270634474,0.20781857231235804,0.04466501240694788,0.023872679045092837,0.34615384615384615,0.32258064516129037,2119,1413,0,125,23,0.9837225675582886,0.18400000035762787,0.697091281414032,0.009676373865650532,0.45754718283812207,0.3532668662567933,,,,,,,,
npy,./data/MSL,F-8,F-8,gate_gbuf5k,100,256,128,0.15,50,64,0.001,1,1,1,1,0.001,adam,0.1,0.99,adaptive,gated,5000,unc,8,0.95,"[0.5, 1.0, 2.0]",0,0,4,55,2.887841,8,0.005972903221845627,0.00334508647210896,4.172277927398682,0.5523363414983526,0.2416988916272681,0.19584569732937687,0.2088607594936709,0.18435754189944134,0.3898431665421957,2388,2205,38,537,472,0.7859410643577576,0.8789571523666382,0.9362506866455078,0.10973384831618624,0.03207810316234827,0.0,0.5525750847538557,0.24256222790272317,0.548185073771666,0.24309291329173865,0.5444415795253783,0.2473894397487179,0.5488249056964141,0.2881353371345509
npy,./data/MSL,M-4,M-4,gate_noTTA,100,256,128,0.15,50,64,0.001,1,1,1,0,0.001,adam,0.1,0.99,fixed,gated,5000,unc,8,0.95,"[0.5, 1.0, 2.0]",0,0,2,55,2.887841,8,0.00492908013984561,0.0029545044526457787,2.5582358837127686,0.4107910830098743,0.11004704997965334,0.14457831325301204,0.09420289855072464,0.3107569721115538,0.21950153038915612,1939,1243,0,350,335,0.7304907441139221,0.9571428298950195,0.5714285969734192,0.06934525488331614,0.37285222858190536,0.47207725048065186,0.40243948659753825,0.10791230002587793,0.39889239906629775,0.10631034161483743,0.397570323072567,0.10455554159866422,0.4070478020765288,0.10054066509947385
npy,./data/MSL,P-11,P-11,noMask_fixed,100,256,128,0.15,50,64,0.001,1,0,1,1,0.001,adam,0.1,0.99,fixed,gated,5000,none,8,0.95,"[0.5, 1.0, 2.0]",0,0,8,55,2.887786,0,0.0029559843242168427,inf,4.908499479293823,0.7278155321778896,0.12663313751479355,0.09456264775413711,0.10256410256410256,0.08771929824561403,0.22932330827067668,3436,3435,54,426,426,0.8759825229644775,1.0,0.999667763710022,0.029251170241652323,0.0,0.0,,,,,,,,
npy,./data/MSL,S-2,S-2,noMask_fixed,100,256,128,0.15,50,64,0.001,1,0,1,1,0.001,adam,0.1,0.99,fixed,gated,5000,none,8,0.95,"[0.5, 1.0, 2.0]",0,0,4,55,2.887786,0,0.004443248733878136,inf,1.0662925243377686,0.6877252703243893,0.28193745869094583,0.012784090909090908,0.006442376521116679,0.8181818181818182,0.42857142857142855,1728,0,0,110,0,0.0,0.0,0.0,0.010127270663226093,1.0,1.0,,,,,,,,
npy,./data/MSL,T-4,T-4,gate_gbuf5k,100,256,128,0.15,50,64,0.001,1,1,1,1,0.001,adam,0.1,0.99,adaptive,gated,5000,unc,8,0.95,"[0.5, 1.0, 2.0]",0,0,2,55,2.887841,8,0.004088102839887142,0.00244982005096972,2.8723671436309814,0.44760208350201064,0.028008889798330272,0.04651162790697675,0.026530612244897958,0.18840579710144928,0.06233766233766234,2118,1892,34,168,154,0.9186046719551086,0.9166666865348816,0.8912820219993591,0.08853344111311988,0.09276729573806126,0.0,0.41170755404420695,0.02651975347316811,0.3979839689094,0.025910609807686894,0.38782284835236014,0.025334939876486856,0.34771813348446823,0.02274695688249978
npy,./data/MSL,P-15,P-15,base_noTTA,100,256,128,0.15,50,64,0.001,1,0,1,0,0.001,adam,0.1,0.99,fixed,gated,5000,none,8,0.95,"[0.5, 1.0, 2.0]",0,0,4,55,2.887786,0,0.0016791211673989892,inf,4.224407196044922,0.739413790207441,0.669347926475214,0.08358208955223881,0.044585987261146494,0.6666666666666666,0.8,2757,2221,0,120,26,0.9882935881614685,0.21666666865348816,0.8323853015899658,0.010158603157649491,0.1654589350024859,0.15030303100744882,,,,,,,,
npy,./data/MSL,M-3,M-3,fixed,100,256,128,0.15,50,64,0.001,1,1,1,1,0.001,adam,0.1,0.99,fixed,gated,5000,none,8,0.95,"[0.5, 1.0, 2.0]",0,0,8,55,2.887841,8,0.004780428484082222,0.00293957581743598,2.7905566692352295,0.4427258981133037,0.10606054261523286,0.15794481446241673,0.10375,0.33067729083665337,0.21481806225339767,2028,1419,32,350,293,0.7935165762901306,0.8371428847312927,0.671036958694458,0.09712347617516151,0.26436781883239746,0.3511229182283084,0.4444291066013133,0.10634876033256416,0.4489801986085509,0.1068766121948348,0.45734121084956547,0.10765285880981487,0.5032004179444269,0.11327898748428647
npy,./data/MSL,P-10,P-10,base_noTTA,100,256,128,0.15,50,64,0.001,1,0,1,0,0.001,adam,0.1,0.99,fixed,gated,5000,none,8,0.95,"[0.5, 1.0, 2.0]",0,0,2,55,2.887786,0,0.0018574133282527328,inf,4.869069337844849,0.9648322951023033,0.5413981412026684,0.36774193548387096,0.2331288343558282,0.8702290076335878,0.4964028776978418,6001,5339,0,230,40,0.9925079345703125,0.17391304671764374,0.9182117581367493,0.009251999628581597,0.0016666666294137638,0.251636636753877,,,,,,,,
npy,./data/MSL,F-7,F-7,base_noTTA,100,256,128,0.15,50,64,0.001,1,0,1,0,0.001,adam,0.1,0.99,fixed,gated,5000,none,8,0.95,"[0.5, 1.0, 2.0]",0,0,1,55,2.887786,0,0.003154334845021367,inf,2.9615864753723145,0.33501998302119596,0.05820172337018597,0.02763018065887354,0.025096525096525095,0.030732860520094562,0.15449233016800584,4955,4702,0,720,676,0.8562313914299011,0.9388889074325562,0.9506493210792542,0.008753065384480835,0.009093153135230144,0.022895623464137316,,,,,,,,
npy,./data/MSL,F-7,F-7,mask_noTTA,100,256,128,0.15,50,64,0.001,1,1,1,0,0.001,adam,0.1,0.99,fixed,gated,5000,none,8,0.95,"[0.5, 1.0, 2.0]",0,0,3,55,2.887841,8,0.0043686265125870705,0.0043960511684417725,3.0741851329803467,0.45608865733189774,0.07232379115265819,0.06752411575562701,0.05115712545676005,0.09929078014184398,0.1547466617889153,4955,4526,0,720,645,0.857490062713623,0.8958333134651184,0.9164108633995056,0.0747886603824065,0.01818630627046029,0.0868686872224013,0.46354585425692724,0.0724208871972313,0.46411198455469943,0.0721597321631299,0.46380926564885727,0.07183169750673626,0.4981045610499293,0.07970948048851341
npy,./data/MSL,T-13,T-13,gate_noTTA,100,256,128,0.15,50,64,0.001,1,1,1,0,0.001,adam,0.1,0.99,fixed,gated,5000,unc,8,0.95,"[0.5, 1.0, 2.0]",0,0,9,55,2.887841,8,0.0027139331214129925,0.0018610837869346142,1.4863836765289307,0.7113851356275598,0.21447357528245437,0.17456359102244387,0.2348993288590604,0.1388888888888889,0.31392931392931395,2331,2313,0,450,438,0.8106355667114258,0.9733333587646484,0.9968101978302002,0.07508957861626624,0.0,0.0,0.7350106403136706,0.23278496898059076,0.736083781538327,0.238002827343238,0.7313102161587011,0.24284028242241784,0.7049062049062049,0.25981216404162033
npy,./data/MSL,M-7,M-7,base_noTTA,100,256,128,0.15,50,64,0.001,1,0,1,0,0.001,adam,0.1,0.99,fixed,gated,5000,none,8,0.95,"[0.5, 1.0, 2.0]",0,0,4,55,2.887786,0,0.0028804708272218704,inf,1.9365451335906982,0.8799980727999807,0.50573503411357,0.15542271562766868,0.08504672897196262,0.900990099009901,0.5966850828729282,2057,435,0,200,0,1.0,0.0,0.2342487871646881,0.008996505440585405,1.0,0.2926829258600871,,,,,,,,
npy,./data/MSL,S-2,S-2,mask_noTTA,100,256,128,0.15,50,64,0.001,1,1,1,0,0.001,adam,0.1,0.99,fixed,gated,5000,none,8,0.95,"[0.5, 1.0, 2.0]",0,0,8,55,2.887841,8,0.0045976960100233555,0.0028452472761273384,1.2022929191589355,0.7388866639967961,0.297037430543733,0.016176470588235296,0.00815418828762046,1.0,0.42857142857142855,1728,0,0,110,0,0.0,0.0,0.0,0.07206104971744397,1.0,1.0,0.7435923107729274,0.3076043886376408,0.7454445334401282,0.3186079742579114,0.7478474169002803,0.3244286096407681,0.6797657188626351,0.016027358792869945
npy,./data/MSL,T-13,T-13,noMask_fixed,100,256,128,0.15,50,64,0.001,1,0,1,1,0.001,adam,0.1,0.99,fixed,gated,5000,none,8,0.95,"[0.5, 1.0, 2.0]",0,0,3,55,2.887786,0,0.0027501278091222048,inf,1.3608143329620361,0.6991988791231215,0.21455129726538963,0.16790123456790124,0.2222222222222222,0.1349206349206349,0.3064516129032258,2331,2330,37,450,449,0.8072961568832397,0.9977777600288391,1.0,0.028966067431567308,0.0,0.0,,,,,,,,
npy,./data/MSL,P-11,P-11,gate_noTTA,100,256,128,0.15,50,64,0.001,1,1,1,0,0.001,adam,0.1,0.99,fixed,gated,5000,unc,8,0.95,"[0.5, 1.0, 2.0]",0,0,5,55,2.887841,8,0.002975230338051915,0.0020106793381273746,5.133495807647705,0.7127730120584193,0.1182107395029664,0.08968609865470853,0.09174311926605505,0.08771929824561403,0.21308724832214768,3436,3399,0,426,414,0.8781994581222534,0.9718309640884399,0.9916943311691284,0.07320623042558486,0.0,0.0,0.7496206876429052,0.12654993230737965,0.7505358118610709,0.1269829718179922,0.746238706836641,0.12666857828046296,0.7356298972408342,0.13711819747575751
npy,./data/MSL,M-2,M-2,gate_gbuf5k,100,256,128,0.15,50,64,0.001,1,1,1,1,0.001,adam,0.1,0.99,adaptive,gated,5000,unc,8,0.95,"[0.5, 1.0, 2.0]",0,0,4,55,2.887841,8,0.005533946678042412,0.002706236904487014,2.7520339488983154,0.7007713458666107,0.6842115681082036,0.4658314350797267,0.6650406504065041,0.3584574934268186,0.7030878859857482,2178,1678,35,1167,725,0.5679380297660828,0.6212510466575623,0.9426310658454895,0.10760034083006467,0.04434250667691231,0.0,0.7460152016392835,0.7130429288948081,0.7686448445272865,0.732620411138279,0.7928876942637421,0.7594982087772691,0.8134836627124711,0.8126533289420592
npy,./data/MSL,M-1,M-1,gate_noTTA,100,256,128,0.15,50,64,0.001,1,1,1,0,0.001,adam,0.1,0.99,fixed,gated,5000,unc,8,0.95,"[0.5, 1.0, 2.0]",0,0,9,55,2.887841,8,0.0033433930948376656,0.002000723499804735,2.8124711513519287,0.3773669625112639,0.41698353597915266,0.35752557233317095,0.4024122807017544,0.32164767747589834,0.6678383128295255,2178,1037,0,1167,778,0.24975891411304474,0.6666666865348816,0.2561819851398468,0.07048892361839722,0.7125382324059805,0.0,0.35665912653837134,0.40887845940342205,0.34776835861796546,0.40443406520632535,0.3371826048314427,0.3982850864261235,0.33268012985890805,0.3942787352650423
npy,./data/MSL,T-12,T-12,gate_noTTA,100,256,128,0.15,50,64,0.001,1,1,1,0,0.001,adam,0.1,0.99,fixed,gated,5000,unc,8,0.95,"[0.5, 1.0, 2.0]",0,0,6,55,2.887841,8,0.0028986523393541574,0.0018349679885432124,1.4552967548370361,0.7759181642799109,0.1791965285909224,0.21359223300970873,0.15120274914089346,0.36363636363636365,0.2491582491582492,2331,2125,0,220,131,0.9383529424667358,0.5954545736312866,0.9445760250091553,0.06929327622343674,0.0,0.08297568062941234,0.7957936783481095,0.18669978754258226,0.7967099635275549,0.18866858792078328,0.7935817086571053,0.19267506331676124,0.7559531692371568,0.13249114246480634
npy,./data/MSL,M-1,M-1,fixed,100,256,128,0.15,50,64,0.001,1,1,1,1,0.001,adam,0.1,0.99,fixed,gated,5000,none,8,0.95,"[0.5, 1.0, 2.0]",0,0,6,55,2.887841,8,0.0033594327978789806,0.0021152528934180737,2.7480270862579346,0.36698874226956835,0.4145526465346009,0.359049005337215,0.40217391304347827,0.32427695004382123,0.6678372841673983,2178,1161,26,1167,848,0.2695951759815216,0.7266495227813721,0.30959445238113403,0.07898255813220316,0.7125382324059805,0.0,0.34654938835466786,0.40623989982636044,0.337296786856106,0.40139771268758584,0.32646492451642367,0.39452950832463773,0.3120386429003469,0.3824743407737333
npy,./data/MSL,P-14,P-14,gate_noTTA,100,256,128,0.15,50,64,0.001,1,1,1,0,0.001,adam,0.1,0.99,fixed,gated,5000,unc,8,0.95,"[0.5, 1.0, 2.0]",0,0,6,55,2.887841,8,0.0022931236308068037,0.0017232660902664065,3.6531031131744385,0.8985988561977114,0.4756731410234547,0.33810143042912877,0.22108843537414966,0.7182320441988951,0.4782608695652174,6001,5232,0,280,102,0.98050457239151,0.3642857074737549,0.8966963887214661,0.07819326852405296,0.006666666828095913,0.24729167421658835,0.9139114696655308,0.508331035981945,0.9193653922801279,0.5338449837911247,0.9242527341952455,0.5681028148782848,0.9024743801915175,0.49631553873757944
npy,./data/MSL,M-3,M-3,noMask_fixed,100,256,128,0.15,50,64,0.001,1,0,1,1,0.001,adam,0.1,0.99,fixed,gated,5000,none,8,0.95,"[0.5, 1.0, 2.0]",0,0,8,55,2.887786,0,0.0046683247201144695,inf,2.6541249752044678,0.42619500675337035,0.10194834240196864,0.14363438520130575,0.09880239520958084,0.26294820717131473,0.21110176619007567,2028,1574,32,350,326,0.792884349822998,0.9314285516738892,0.7437425255775452,0.03180901209513346,0.21346469471851984,0.27262605478366214,,,,,,,,
npy,./data/MSL,D-14,D-14,mask_noTTA,100,256,128,0.15,50,64,0.001,1,1,1,0,0.001,adam,0.1,0.99,fixed,gated,5000,none,8,0.95,"[0.5, 1.0, 2.0]",0,0,4,55,2.887841,8,0.005293536465615034,0.002629682421684265,4.381745100021362,0.440890328530778,0.24448612490906776,0.12524719841793014,0.07335907335907337,0.42792792792792794,0.32947976878612717,2526,713,0,420,116,0.8373071551322937,0.27619048953056335,0.283475786447525,0.06572764163345736,0.852437416712443,0.3941798806190491,0.47118466781388135,0.2507042624613896,0.49028241724870936,0.2582837765489463,0.5106773440106773,0.2706184175933326,0.5039421443915825,0.2248178683465382
npy,./data/MSL,D-15,D-15,mask_noTTA,100,256,128,0.15,50,64,0.001,1,1,1,0,0.001,adam,0.1,0.99,fixed,gated,5000,none,8,0.95,"[0.5, 1.0, 2.0]",0,0,8,55,2.887841,8,0.004170671571046114,0.003450418123975396,2.640181541442871,0.6234871148306711,0.38785263654998375,0.3889315910837817,0.38333333333333336,0.39469578783151327,0.49369369369369365,2059,909,0,658,28,0.9691969156265259,0.042553190141916275,0.6288365721702576,0.07018943386439157,0.35275080365439254,0.0,0.6762937359946606,0.42045033889473243,0.6952335311606268,0.4408919888243895,0.712274924747814,0.4685258988912103,0.7666714315243671,0.5773620943439925
npy,./data/MSL,M-4,M-4,base_noTTA,100,256,128,0.15,50,64,0.001,1,0,1,0,0.001,adam,0.1,0.99,fixed,gated,5000,none,8,0.95,"[0.5, 1.0, 2.0]",0,0,0,55,2.887786,0,0.004799067974090576,inf,2.439082384109497,0.43989013169482116,0.11492896925123149,0.16087388282025816,0.10714285714285714,0.32270916334661354,0.21959755030621173,1939,1230,0,350,337,0.7260162830352783,0.9628571271896362,0.5619886517524719,0.01005735392420485,0.40549827615420025,0.4989749789237976,,,,,,,,
npy,./data/MSL,D-16,D-16,fixed,100,256,128,0.15,50,64,0.001,1,1,1,1,0.001,adam,0.1,0.99,fixed,gated,5000,none,8,0.95,"[0.5, 1.0, 2.0]",0,0,4,55,2.887841,8,0.0036914239171892405,0.00209941272623837,1.867659330368042,0.5163903684641011,0.330046798430112,0.4224841341795105,0.2996784565916399,0.7158218125960062,0.4655359076145795,2092,0,0,750,0,0.0,0.0,0.0,0.0693331940908049,1.0,1.0,0.5266632752807867,0.34445488528706547,0.5327313623396572,0.3576869610718732,0.5390248768128952,0.38570053162625395,0.531225188022423,0.4512205350005116
npy,./data/MSL,T-8,T-8,mask_noTTA,100,256,128,0.15,50,64,0.001,1,1,1,0,0.001,adam,0.1,0.99,fixed,gated,5000,none,8,0.95,"[0.5, 1.0, 2.0]",0,0,9,55,2.887841,8,0.004768699873238802,0.002574548125267029,0.903174638748169,0.5498498623161332,0.09651190584231534,0.13062098501070665,0.0733173076923077,0.5980392156862745,0.14545454545454542,1420,0,0,300,0,0.0,0.0,0.0,0.07465607683423539,1.0,1.0,0.5615287752362766,0.10180042680652582,0.5716647985941025,0.10613880980956578,0.5864018154897809,0.11203322433812768,0.6222203772122822,0.11673648473216544
npy,./data/MSL,M-7,M-7,base_noTTA,100,256,128,0.15,50,64,0.001,1,0,1,0,0.001,adam,0.1,0.99,fixed,gated,5000,none,8,0.95,"[0.5, 1.0, 2.0]",0,0,3,55,2.887786,0,0.0028487639501690865,inf,1.829911231994629,0.8783551347835513,0.4957481861063542,0.15834767641996558,0.08671065032987747,0.9108910891089109,0.6270270270270271,2057,434,0,200,0,1.0,0.0,0.23371028900146484,0.007781810881040255,1.0,0.29430894056955975,,,,,,,,
