dataset,data_root,train_entity,test_entity,tag,L,hidden,latent,p_m,epochs,batch,lr,train_stride,mask,revin,tta,lr_online,online_opt,val_frac,tau_quantile,tau_mode,tau_buffer,buf_size,gate,views,unc_quantile,fuse_lams,global_norm,drop_head,seed,C,params_M,views_used,tau0,u_thr,train_time_s,auroc,auprc,f1_unsup_tau,precision_unsup_tau,recall_unsup_tau,f1_best,n_windows,n_selected,n_updates,n_anomalous_windows,n_anomalous_selected,update_precision,anomaly_leak_rate,normal_kept_rate,ms_per_window,auroc_fused_0.5,auprc_fused_0.5,tau_fused_0.5,f1_unsup_tau_fused_0.5,precision_unsup_tau_fused_0.5,recall_unsup_tau_fused_0.5,auroc_fused_1.0,auprc_fused_1.0,tau_fused_1.0,f1_unsup_tau_fused_1.0,precision_unsup_tau_fused_1.0,recall_unsup_tau_fused_1.0,auroc_fused_2.0,auprc_fused_2.0,tau_fused_2.0,f1_unsup_tau_fused_2.0,precision_unsup_tau_fused_2.0,recall_unsup_tau_fused_2.0,auroc_u_only,auprc_u_only,ds
npy,./data/MSL,P-10,P-10,sens_pm0.5,100,256,128,0.5,50,64,0.001,1,1,1,1,0.001,adam,0.1,0.99,adaptive,gated,5000,unc,8,0.95,"[0.5, 1.0, 2.0]",0,0,0,55,2.887841,8,0.002465959405526519,0.0007933634333312511,8.156987428665161,0.9197635621192958,0.4569305526396498,0.22647058823529412,0.14025500910746813,0.5877862595419847,0.4659090909090909,6001,5390,92,230,58,0.9892393350601196,0.25217390060424805,0.9239299893379211,0.14303461986071983,0.9329359451312699,0.48148010813974534,1.4471080303192139,0.258160237388724,0.16022099447513813,0.6641221374045801,0.9334001757170318,0.495344794114381,1.9817970991134644,0.29012345679012347,0.18181818181818182,0.7175572519083969,0.9343068960622248,0.5181795191910857,3.1949462890625,0.3413793103448276,0.22048997772828507,0.7557251908396947,0.897779750082807,0.40715098066790045,MSL
smd,./data/SMD,machine-2-1,machine-2-1,sens_V4,100,256,128,0.15,50,64,0.001,1,1,1,1,0.001,adam,0.1,0.99,adaptive,gated,5000,unc,4,0.95,"[0.5, 1.0, 2.0]",0,0,0,38,2.01569,4,0.0013637166703119874,0.00030953605892136693,39.792630195617676,0.7550270404825545,0.3120893207745322,0.2917771883289125,0.21153846153846154,0.4700854700854701,0.3491271820448878,23595,21334,364,2457,1021,0.9521421194076538,0.4155474007129669,0.9609707593917847,0.08766643575097222,0.7969332616908535,0.3759522256059075,1.496533989906311,0.36071069393228294,0.2967457253171539,0.4598290598290598,0.801187185710361,0.39426562501849094,2.095888614654541,0.3849109325881942,0.325457767277023,0.47094017094017093,0.8002994906098262,0.393143561605294,3.459958791732788,0.39166666666666666,0.3517006802721088,0.44188034188034186,0.772656327078277,0.29788686949083787,SMD
smd,./data/SMD,machine-3-7,machine-3-7,sens_pm0.05,100,256,128,0.05,50,64,0.001,1,1,1,1,0.001,adam,0.1,0.99,adaptive,gated,5000,unc,8,0.95,"[0.5, 1.0, 2.0]",0,0,2,38,2.01569,8,0.00016431322728749365,0.00046351959463208914,54.304869413375854,0.8473302420108734,0.41535950903750685,0.1816593886462882,0.11206896551724138,0.4792626728110599,0.5025295109612141,28606,26641,443,929,359,0.9865245223045349,0.3864370286464691,0.9495971202850342,0.12198149937062483,0.882824105142998,0.4558660206471268,1.5275553464889526,0.18686703691604054,0.10886943281309479,0.6589861751152074,0.8850172466713296,0.4898079541551849,2.070589780807495,0.21975406584688617,0.1327264015333014,0.6382488479262672,0.8803095191095661,0.510143906774023,3.496180295944214,0.2816281628162816,0.18497109826589594,0.5898617511520737,0.8349866589120081,0.46113241452545484,SMD
smd,./data/SMD,machine-3-7,machine-3-7,sens_V2,100,256,128,0.15,50,64,0.001,1,1,1,1,0.001,adam,0.1,0.99,adaptive,gated,5000,unc,2,0.95,"[0.5, 1.0, 2.0]",0,0,1,38,2.01569,2,0.00014956938684917986,0.00028464486240409315,50.38118886947632,0.8434004525325736,0.4088511634710836,0.16689342403628118,0.1038961038961039,0.423963133640553,0.5083056478405314,28606,26795,444,929,430,0.9839522242546082,0.4628632962703705,0.9525960087776184,0.06620300355377975,0.8691797476269425,0.429722884214543,1.6216344833374023,0.15098351940457205,0.08533653846153846,0.6543778801843319,0.8696147246359991,0.4495149632640852,2.3827531337738037,0.19125277983691624,0.11395759717314488,0.5944700460829493,0.8641739666789844,0.47263239604483764,4.04885196685791,0.2602892102335929,0.17155425219941348,0.5391705069124424,0.7932869770801265,0.35489782908067136,SMD
smd,./data/SMD,machine-3-2,machine-3-2,sens_V4,100,256,128,0.15,50,64,0.001,1,1,1,1,0.001,adam,0.1,0.99,adaptive,gated,5000,unc,4,0.95,"[0.5, 1.0, 2.0]",0,0,0,38,2.01569,4,0.007416234351694584,0.0010190312750637531,34.58803105354309,0.466138160956734,0.04539311573073885,0.02372775522947237,0.018147086914995225,0.034265103697024346,0.08966750670677182,23604,22832,366,2018,1929,0.9155133366584778,0.9558969140052795,0.968359112739563,0.0833836859958573,0.5502785357683715,0.060393330713564314,1.7337781190872192,0.010535557506584723,0.2,0.005410279531109108,0.5586681526803201,0.06678855020917593,2.5003159046173096,0.007130124777183599,0.3076923076923077,0.0036068530207394047,0.563697097779576,0.07323561977654856,4.189896106719971,0.0,0.0,0.0,0.5677058784887711,0.07844263197599595,SMD
npy,./data/MSL,P-10,P-10,sens_V2,100,256,128,0.15,50,64,0.001,1,1,1,1,0.001,adam,0.1,0.99,adaptive,gated,5000,unc,2,0.95,"[0.5, 1.0, 2.0]",0,0,1,55,2.887841,2,0.001976204803213477,0.0020376751199364662,7.443666696548462,0.9483821628029808,0.5286350894616519,0.2901023890784983,0.18681318681318682,0.648854961832061,0.53125,6001,5351,91,230,64,0.9880396127700806,0.27826085686683655,0.916132390499115,0.0844703398432618,0.9422410188006992,0.5383711531356805,1.4543055295944214,0.33726812816188867,0.21645021645021645,0.7633587786259542,0.9329269930263102,0.5424339114397073,2.0160107612609863,0.3508771929824562,0.22779043280182232,0.7633587786259542,0.919902959182238,0.5369864704600539,3.1763837337493896,0.35357142857142854,0.23076923076923078,0.7557251908396947,0.7493385033870928,0.18800647465262502,MSL
smd,./data/SMD,machine-3-7,machine-3-7,sens_pm0.3,100,256,128,0.3,50,64,0.001,1,1,1,1,0.001,adam,0.1,0.99,adaptive,gated,5000,unc,8,0.95,"[0.5, 1.0, 2.0]",0,0,0,38,2.01569,8,0.00019600176892708987,0.00017313758144155145,54.70198941230774,0.8203559622984063,0.39046858523152816,0.13701923076923078,0.07878369039391846,0.5253456221198156,0.48484848484848486,28606,26170,440,929,318,0.987848699092865,0.3423035442829132,0.9340607523918152,0.14842029952389504,0.8588381834994974,0.4280036622809572,1.4866809844970703,0.15795148247978436,0.08943833943833944,0.6751152073732719,0.8623938780796201,0.4658007148205863,2.073516607284546,0.19105280861083082,0.11185506104765655,0.6543778801843319,0.8622605813027208,0.5105011014092327,3.474806547164917,0.26363205310573734,0.16597014925373135,0.6405529953917051,0.8495479156883013,0.4981241715687531,SMD
smd,./data/SMD,machine-3-2,machine-3-2,sens_pm0.05,100,256,128,0.05,50,64,0.001,1,1,1,1,0.001,adam,0.1,0.99,adaptive,gated,5000,unc,8,0.95,"[0.5, 1.0, 2.0]",0,0,2,38,2.01569,8,0.007602733094245195,0.0019146841950714588,33.472570180892944,0.46282296591903826,0.0457918210444664,0.02349952365830423,0.018137254901960786,0.033363390441839495,0.08968609865470853,23604,22841,365,2018,1912,0.9162908792495728,0.9474727511405945,0.9695636034011841,0.11721998326880631,0.5462616734032424,0.05904154160985883,1.5831621885299683,0.014022787028921999,0.25,0.007213706041478809,0.5541800200233502,0.06508896402119585,2.3360981941223145,0.005357142857142858,0.2727272727272727,0.002705139765554554,0.5589392174067616,0.07094673739104537,3.823701858520508,0.0,0.0,0.0,0.5609395569560389,0.07846752929009197,SMD
npy,./data/MSL,P-10,P-10,sens_pm0.05,100,256,128,0.05,50,64,0.001,1,1,1,1,0.001,adam,0.1,0.99,adaptive,gated,5000,unc,8,0.95,"[0.5, 1.0, 2.0]",0,0,1,55,2.887841,8,0.0018615409499034286,0.0030684242956340313,7.397620916366577,0.9535309020268845,0.5221131826298928,0.32212389380530976,0.20967741935483872,0.6946564885496184,0.5133689839572193,6001,5310,92,230,54,0.989830493927002,0.2347826063632965,0.9107607007026672,0.12105179913658597,0.9623794183433746,0.5411011371318444,1.4836093187332153,0.37099494097807756,0.23809523809523808,0.8396946564885496,0.9636698003296933,0.5546275106442373,2.089426279067993,0.3929824561403509,0.255125284738041,0.8549618320610687,0.9622361846640212,0.5641745368773292,3.3006467819213867,0.4073394495412844,0.26811594202898553,0.8473282442748091,0.917974419999514,0.3755084173665591,MSL
npy,./data/MSL,F-7,F-7,sens_V16,100,256,128,0.15,50,64,0.001,1,1,1,1,0.001,adam,0.1,0.99,adaptive,gated,5000,unc,16,0.95,"[0.5, 1.0, 2.0]",0,0,2,55,2.887841,16,0.004554920829832554,0.0037624731194227934,3.5099987983703613,0.4657547323439071,0.07334640690318672,0.06406926406926407,0.050546448087431695,0.08747044917257683,0.15446412269490595,4955,4357,78,720,588,0.8650447726249695,0.8166666626930237,0.8899645805358887,0.18729085758644204,0.4693209958788369,0.0730012629386165,1.446061134338379,0.06615776081424934,0.051587301587301584,0.09219858156028368,0.4667981681677542,0.07228838497754611,1.9624842405319214,0.04929577464788732,0.03927068723702665,0.06619385342789598,0.46302413634500356,0.07141385939992109,3.0215678215026855,0.03932584269662921,0.03255813953488372,0.04964539007092199,0.48572294941122957,0.0762038544608003,MSL
smd,./data/SMD,machine-1-7,machine-1-7,sens_pm0.05,100,256,128,0.05,50,64,0.001,1,1,1,1,0.001,adam,0.1,0.99,adaptive,gated,5000,unc,8,0.95,"[0.5, 1.0, 2.0]",0,0,0,38,2.01569,8,0.002341946354135871,0.0011431621387600899,45.08864951133728,0.6522068467075146,0.2364967896920141,0.1815718157181572,0.48375451263537905,0.11175979983319433,0.2631848438300051,23598,22659,366,3677,2787,0.8770025372505188,0.7579548358917236,0.997540295124054,0.144125132330778,0.7035344511587097,0.29079085703114477,2.229177951812744,0.08461538461538463,0.5445544554455446,0.045871559633027525,0.7089399135021082,0.29773147702584624,3.536632776260376,0.06124852767962309,0.5234899328859061,0.03252710592160134,0.7124435550682895,0.296871220596863,6.224140167236328,0.04143426294820717,0.4642857142857143,0.021684737281067557,0.71432200824975,0.27420639385510975,SMD
smd,./data/SMD,machine-2-5,machine-2-5,sens_V4,100,256,128,0.15,50,64,0.001,1,1,1,1,0.001,adam,0.1,0.99,adaptive,gated,5000,unc,4,0.95,"[0.5, 1.0, 2.0]",0,0,0,38,2.01569,4,0.002692374400794506,0.0005991658545099199,36.94003224372864,0.9263102105521412,0.4666353553545117,0.4798323729701414,0.4930032292787944,0.4673469387755102,0.5135520684736091,23590,22188,363,3016,1668,0.9248242378234863,0.5530503988265991,0.9973753094673157,0.08169417160959151,0.939612632229782,0.4482213582637774,1.7394132614135742,0.23383084577114424,0.6238938053097345,0.14387755102040817,0.9358069173329642,0.3978002065695261,2.5826008319854736,0.20287404902789516,0.5911330049261084,0.12244897959183673,0.9312878288838102,0.3510207966273058,4.413020133972168,0.16424294268605646,0.5079365079365079,0.09795918367346938,0.9123067272617796,0.2518601770856848,SMD
smd,./data/SMD,machine-2-5,machine-2-5,sens_V4,100,256,128,0.15,50,64,0.001,1,1,1,1,0.001,adam,0.1,0.99,adaptive,gated,5000,unc,4,0.95,"[0.5, 1.0, 2.0]",0,0,2,38,2.01569,4,0.0028385058976709843,0.0006405729218386114,33.65095853805542,0.9184319846217582,0.447366936671227,0.48775292864749736,0.5100222717149221,0.4673469387755102,0.5029612756264238,23590,22291,364,3016,1772,0.9205060601234436,0.587533175945282,0.9973267316818237,0.08210532490405656,0.937310636527278,0.4404912530231783,1.8418283462524414,0.21176470588235294,0.6,0.12857142857142856,0.9337357929652992,0.3917865527737734,2.8280818462371826,0.1911262798634812,0.5833333333333334,0.11428571428571428,0.9288831812614078,0.34529904603730377,4.709296226501465,0.1597222222222222,0.5348837209302325,0.09387755102040816,0.9090423557683235,0.2507756202882774,SMD
npy,./data/MSL,M-1,M-1,sens_pm0.5,100,256,128,0.5,50,64,0.001,1,1,1,1,0.001,adam,0.1,0.99,adaptive,gated,5000,unc,8,0.95,"[0.5, 1.0, 2.0]",0,0,0,55,2.887841,8,0.006891041062772274,0.0017916485667228699,4.190875053405762,0.3494980619915814,0.40648673016700426,0.21215733015494634,0.33147113594040967,0.15600350569675722,0.6676427525622255,2178,1936,35,1167,1157,0.4023760259151459,0.9914309978485107,0.7705242037773132,0.12065326543550517,0.31297601560281935,0.3912797575399856,1.4514867067337036,0.25756741882223444,0.34615384615384615,0.20508326029798424,0.29553779733616425,0.38246601873591285,1.9393563270568848,0.2241183162684869,0.3192868719611021,0.1726555652936021,0.2740808347014603,0.37108704686637484,2.9631171226501465,0.178978978978979,0.28435114503816794,0.13058720420683612,0.2345969991729518,0.352954262990237,MSL
npy,./data/MSL,D-14,D-14,sens_pm0.05,100,256,128,0.05,50,64,0.001,1,1,1,1,0.001,adam,0.1,0.99,adaptive,gated,5000,unc,8,0.95,"[0.5, 1.0, 2.0]",0,0,2,55,2.887841,8,0.004559522494673729,0.00491447513923049,5.412865877151489,0.45138959183903005,0.22681604351847123,0.1774744027303754,0.1187214611872146,0.35135135135135137,0.3142857142857143,2526,1474,37,420,124,0.9158751964569092,0.29523810744285583,0.6410256624221802,0.13641412543193368,0.47186137448309734,0.22786326419077851,1.5838919878005981,0.1383989145183175,0.08146964856230032,0.4594594594594595,0.4861265760142165,0.2293382089697784,2.182682752609253,0.1475295755045233,0.08724279835390947,0.4774774774774775,0.5022306951145902,0.23463102928029195,3.360161542892456,0.15934475055845124,0.09545049063336307,0.481981981981982,0.48860283504478264,0.17176147495505034,MSL
smd,./data/SMD,machine-2-1,machine-2-1,sens_pm0.3,100,256,128,0.3,50,64,0.001,1,1,1,1,0.001,adam,0.1,0.99,adaptive,gated,5000,unc,8,0.95,"[0.5, 1.0, 2.0]",0,0,1,38,2.01569,8,0.001700831577181816,0.00021021791326347739,41.94683790206909,0.7467701498268893,0.2947178285559741,0.26596758817921834,0.1844018506278916,0.47692307692307695,0.32996632996633,23595,20452,362,2457,748,0.9634265303611755,0.3044362962245941,0.9321600794792175,0.14562889740966745,0.8166346969690071,0.3796877762010772,1.5014926195144653,0.3698140200286123,0.31795817958179584,0.44188034188034186,0.8278949936781583,0.41044886017428267,2.0408496856689453,0.3818551117129317,0.31614349775784756,0.48205128205128206,0.8324675711529735,0.4199585470852857,3.2261931896209717,0.38912827311899234,0.31781266919328643,0.5017094017094017,0.82079115610016,0.34594086586916367,SMD
smd,./data/SMD,machine-2-5,machine-2-5,sens_V16,100,256,128,0.15,50,64,0.001,1,1,1,1,0.001,adam,0.1,0.99,adaptive,gated,5000,unc,16,0.95,"[0.5, 1.0, 2.0]",0,0,1,38,2.01569,16,0.002835979452356696,0.0006749544991180301,41.108161211013794,0.9169175935819746,0.44794506753909935,0.4972796517954298,0.5326340326340326,0.4663265306122449,0.511646914589293,23590,22465,364,3016,1954,0.9130202531814575,0.6478779911994934,0.9969378709793091,0.22234394167277105,0.9404703790010435,0.4602094925322706,1.6523603200912476,0.20084388185654006,0.5804878048780487,0.12142857142857143,0.9355903575045765,0.4029803683768765,2.418334722518921,0.18244406196213428,0.5824175824175825,0.10816326530612246,0.9291787576803587,0.34138564943625554,3.9460184574127197,0.1508771929824561,0.5375,0.08775510204081632,0.9120665096370134,0.2519058140677793,SMD
npy,./data/MSL,T-4,T-4,sens_pm0.05,100,256,128,0.05,50,64,0.001,1,1,1,1,0.001,adam,0.1,0.99,adaptive,gated,5000,unc,8,0.95,"[0.5, 1.0, 2.0]",0,0,0,55,2.887841,8,0.003743241773918271,0.004355409648269415,5.075271844863892,0.48691064151350766,0.030023918822428625,0.04597701149425287,0.026490066225165563,0.17391304347826086,0.0627062706270627,2118,1862,34,168,159,0.9146079421043396,0.9464285969734192,0.8733333349227905,0.12188435051101237,0.46661538876744124,0.02879123077801817,1.550670862197876,0.0544464609800363,0.03112033195020747,0.21739130434782608,0.4543356813213505,0.028066334922683605,2.121894598007202,0.042635658914728675,0.024608501118568233,0.15942028985507245,0.43877014006963,0.02720757500709039,3.269160270690918,0.03896103896103896,0.022900763358778626,0.13043478260869565,0.4120921382883977,0.025396079691071043,MSL
npy,./data/MSL,D-14,D-14,sens_V16,100,256,128,0.15,50,64,0.001,1,1,1,1,0.001,adam,0.1,0.99,adaptive,gated,5000,unc,16,0.95,"[0.5, 1.0, 2.0]",0,0,1,55,2.887841,16,0.005283655598759651,0.002579309279099107,6.41053032875061,0.4542032669373493,0.21573772069616026,0.15468409586056647,0.10201149425287356,0.31981981981981983,0.3018867924528302,2526,1343,36,420,116,0.9136261940002441,0.27619048953056335,0.5826210975646973,0.21342294893846186,0.4765720776956732,0.22065008760089558,1.499590516090393,0.14919354838709678,0.08767772511848342,0.5,0.4922113124360315,0.22707518659675785,2.0396299362182617,0.15374241402562372,0.09040444091990484,0.5135135135135135,0.5120851188266918,0.2400610711209019,3.186068296432495,0.16982456140350877,0.10058187863674148,0.545045045045045,0.5171088691687942,0.18988452457725186,MSL
npy,./data/MSL,P-15,P-15,sens_V16,100,256,128,0.15,50,64,0.001,1,1,1,1,0.001,adam,0.1,0.99,adaptive,gated,5000,unc,16,0.95,"[0.5, 1.0, 2.0]",0,0,0,55,2.887841,16,0.001516831573098898,0.0012837081449106336,5.372722387313843,0.7296044343663391,0.6437716767485689,0.10218978102189781,0.05533596837944664,0.6666666666666666,0.7272727272727273,2757,2187,44,120,37,0.9830818176269531,0.3083333373069763,0.8153204321861267,0.20978629783655275,0.7406735533719662,0.6438705116881893,1.5922337770462036,0.08832807570977919,0.0472972972972973,0.6666666666666666,0.7449735449735448,0.6505259594036442,2.2569687366485596,0.09427609427609428,0.050724637681159424,0.6666666666666666,0.7481145544637609,0.6554582697199794,3.4945640563964844,0.10332103321033209,0.056,0.6666666666666666,0.7426555807508189,0.270560779937751,MSL
smd,./data/SMD,machine-2-1,machine-2-1,sens_V2,100,256,128,0.15,50,64,0.001,1,1,1,1,0.001,adam,0.1,0.99,adaptive,gated,5000,unc,2,0.95,"[0.5, 1.0, 2.0]",0,0,2,38,2.01569,2,0.0013885118532925844,0.0003299548989161849,30.83156418800354,0.7602606792071364,0.2999143843155786,0.28535903015231584,0.2242305813385442,0.3923076923076923,0.3306336350643163,23595,21642,364,2457,1330,0.9385454058647156,0.5413105487823486,0.960923433303833,0.058992900795844634,0.7899263008346652,0.35013292004428287,1.4884477853775024,0.3393476752255378,0.28563084112149534,0.41794871794871796,0.7869811801884258,0.3594052320374547,2.14745831489563,0.35613297669086735,0.32204561161022804,0.39829059829059826,0.7767392843644841,0.34478914896697954,3.57249116897583,0.3724832214765101,0.3657331136738056,0.37948717948717947,0.7109983918388286,0.22782648631229896,SMD
npy,./data/MSL,C-1,C-1,sens_pm0.05,100,256,128,0.05,50,64,0.001,1,1,1,1,0.001,adam,0.1,0.99,adaptive,gated,5000,unc,8,0.95,"[0.5, 1.0, 2.0]",0,0,0,55,2.887841,8,0.005399616900831461,0.004893404431641102,4.673687696456909,0.6618359867591426,0.20624467130091406,0.1875,0.1683673469387755,0.21153846153846154,0.3224368499257058,2165,1921,34,464,425,0.778761088848114,0.9159482717514038,0.8794826865196228,0.12353298019867295,0.6690228956494326,0.20954429973171942,1.5692095756530762,0.2242503259452412,0.189010989010989,0.27564102564102566,0.667486010403531,0.2103159383059589,2.172091007232666,0.2181303116147309,0.19543147208121828,0.2467948717948718,0.6656125210172342,0.2116607943787759,3.377854108810425,0.2022838499184339,0.2059800664451827,0.1987179487179487,0.6532336985077762,0.21178811468393338,MSL
smd,./data/SMD,machine-3-10,machine-3-10,sens_pm0.3,100,256,128,0.3,50,64,0.001,1,1,1,1,0.001,adam,0.1,0.99,adaptive,gated,5000,unc,8,0.95,"[0.5, 1.0, 2.0]",0,0,1,38,2.01569,8,0.0011703117052093148,6.737938383594155e-05,41.35930037498474,0.9651290014045337,0.7515143196197429,0.4842574533296183,0.34185680566483084,0.8299904489016237,0.6992409867172675,23594,20414,348,2334,322,0.9842265248298645,0.13796058297157288,0.9450611472129822,0.13884591017475145,0.9739673734209541,0.7233679150039576,4.074744701385498,0.6572580645161291,0.695837780149413,0.6227316141356256,0.9712490260587334,0.6699550942729082,7.151126384735107,0.5884861407249466,0.6658624849215923,0.5272206303724928,0.9677167307694419,0.6056050812943413,13.310352325439453,0.53125,0.6389261744966444,0.45463228271251194,0.9573124611087759,0.4755209553493014,SMD
smd,./data/SMD,machine-1-4,machine-1-4,sens_pm0.05,100,256,128,0.05,50,64,0.001,1,1,1,1,0.001,adam,0.1,0.99,adaptive,gated,5000,unc,8,0.95,"[0.5, 1.0, 2.0]",0,0,1,38,2.01569,8,0.000959280296228826,0.0005136317922733724,41.91645836830139,0.8190622839962685,0.2631135626479284,0.3504273504273504,0.2847222222222222,0.45555555555555555,0.3349414197105445,23608,22480,363,1908,862,0.961654782295227,0.4517819583415985,0.9962211847305298,0.1397064502907381,0.9027495009256439,0.32364572981481626,1.726260781288147,0.33251833740831294,0.40236686390532544,0.2833333333333333,0.9151832497111894,0.3459353092042856,2.518538236618042,0.31701244813278007,0.3938144329896907,0.2652777777777778,0.9189456419812163,0.35126025456183485,4.131491184234619,0.3116666666666667,0.38958333333333334,0.25972222222222224,0.8993967000671877,0.28020281000348496,SMD
npy,./data/MSL,D-14,D-14,sens_pm0.3,100,256,128,0.3,50,64,0.001,1,1,1,1,0.001,adam,0.1,0.99,adaptive,gated,5000,unc,8,0.95,"[0.5, 1.0, 2.0]",0,0,1,55,2.887841,8,0.006313682533800602,0.0020516901277005672,6.225212335586548,0.4382847266742398,0.17507613132221084,0.14848143982002251,0.09895052473763119,0.2972972972972973,0.2822085889570552,2526,1830,38,420,153,0.9163934588432312,0.3642857074737549,0.7962962985038757,0.10773036938665032,0.4656604169712784,0.18228051250086602,1.4192101955413818,0.15151515151515152,0.09020618556701031,0.47297297297297297,0.48315169101685956,0.189671824644947,1.9329484701156616,0.16390977443609023,0.0983754512635379,0.49099099099099097,0.5027649372218661,0.20142497091193545,3.0072367191314697,0.18211382113821137,0.1111111111111111,0.5045045045045045,0.49125717477777403,0.19289809800336705,MSL
smd,./data/SMD,machine-1-7,machine-1-7,sens_pm0.5,100,256,128,0.5,50,64,0.001,1,1,1,1,0.001,adam,0.1,0.99,adaptive,gated,5000,unc,8,0.95,"[0.5, 1.0, 2.0]",0,0,0,38,2.01569,8,0.0037650701124221087,0.0003372489009052515,45.383519411087036,0.6564893918163723,0.2337867844071463,0.2263409154731817,0.34651762682717113,0.16805671392827357,0.26109758381719417,23598,22681,366,3677,2768,0.8779595494270325,0.7527875900268555,0.9995984435081482,0.14652902973497386,0.7101997176622725,0.28933077927295386,2.0243113040924072,0.10561797752808989,0.5183823529411765,0.058798999165971644,0.7142691546052216,0.3027660682814546,3.130175828933716,0.09149828440716735,0.5333333333333333,0.05004170141784821,0.7148476274166372,0.3063372350441207,5.282484531402588,0.07393145937620331,0.4824120603015075,0.040033361134278564,0.705111044342201,0.28512170428446776,SMD
smd,./data/SMD,machine-3-7,machine-3-7,sens_pm0.05,100,256,128,0.05,50,64,0.001,1,1,1,1,0.001,adam,0.1,0.99,adaptive,gated,5000,unc,8,0.95,"[0.5, 1.0, 2.0]",0,0,0,38,2.01569,8,0.00016132333257701248,0.00045816603233106434,43.311519622802734,0.8324353969081667,0.39028271045181906,0.15560640732265446,0.0970873786407767,0.391705069124424,0.4897959183673469,28606,26577,443,929,401,0.9849117398262024,0.4316469430923462,0.9457672238349915,0.14219925485773785,0.8616057522265983,0.4268505207673341,1.531731128692627,0.18109715796430934,0.10570987654320987,0.631336405529954,0.8579701040309826,0.4590120725103601,2.1453020572662354,0.2159934047815334,0.13152610441767068,0.6036866359447005,0.8486525329973706,0.4806522602866395,3.6260151863098145,0.2747068676716918,0.1812822402358143,0.5668202764976958,0.8056982884710147,0.4590951134731669,SMD
smd,./data/SMD,machine-2-5,machine-2-5,sens_V16,100,256,128,0.15,50,64,0.001,1,1,1,1,0.001,adam,0.1,0.99,adaptive,gated,5000,unc,16,0.95,"[0.5, 1.0, 2.0]",0,0,2,38,2.01569,16,0.0028385058976709843,0.0007168962620198727,33.448638916015625,0.9203326740005087,0.4507486846073938,0.4916979110873058,0.5174746335963923,0.4683673469387755,0.5046382189239331,23590,22587,364,3016,2040,0.90968257188797,0.6763925552368164,0.9986876845359802,0.19102665568469387,0.9412262377318711,0.4682603210362539,1.7197000980377197,0.21757322175732216,0.6046511627906976,0.1326530612244898,0.93620395491853,0.4182198874121379,2.4522998332977295,0.19795221843003416,0.6041666666666666,0.11836734693877551,0.9299808760529181,0.35812844520840426,3.9137911796569824,0.18119068162208798,0.5865921787709497,0.10714285714285714,0.9116625072680884,0.24781384382538246,SMD
npy,./data/MSL,P-10,P-10,sens_pm0.3,100,256,128,0.3,50,64,0.001,1,1,1,1,0.001,adam,0.1,0.99,adaptive,gated,5000,unc,8,0.95,"[0.5, 1.0, 2.0]",0,0,1,55,2.887841,8,0.002150710206478834,0.0011161935981363058,7.4034388065338135,0.9495804659954292,0.5371473113426389,0.2812006319115324,0.17729083665338646,0.6793893129770993,0.5641025641025641,6001,5442,91,230,58,0.9893421530723572,0.25217390060424805,0.9329405426979065,0.12177504056534197,0.9547215319865103,0.5505085628937835,1.4235568046569824,0.32919254658385094,0.20662768031189083,0.8091603053435115,0.9556730128565015,0.5608898929958344,1.9436882734298706,0.35955056179775274,0.22764227642276422,0.8549618320610687,0.9556129058660585,0.5633045725464697,3.1296446323394775,0.3763066202090593,0.24379232505643342,0.8244274809160306,0.9125225880791212,0.36936310105621395,MSL
npy,./data/MSL,T-4,T-4,sens_pm0.5,100,256,128,0.5,50,64,0.001,1,1,1,1,0.001,adam,0.1,0.99,adaptive,gated,5000,unc,8,0.95,"[0.5, 1.0, 2.0]",0,0,1,55,2.887841,8,0.006361311301589012,0.0011581385042518377,3.8060712814331055,0.46930073138477313,0.033551259595706165,0.05209840810419682,0.028938906752411574,0.2608695652173913,0.07228915662650602,2118,1838,34,168,137,0.9254624843597412,0.8154761791229248,0.8723077178001404,0.13459798184287672,0.47430707365125624,0.03377501463141164,1.434563159942627,0.050069541029207236,0.027692307692307693,0.2608695652173913,0.47176341996599475,0.03428551325186334,1.9548190832138062,0.0475482912332838,0.026490066225165563,0.2318840579710145,0.47005640568914797,0.034401604626535284,3.0915510654449463,0.05045045045045045,0.02880658436213992,0.2028985507246377,0.48642485088926674,0.03390678624177804,MSL
smd,./data/SMD,machine-1-4,machine-1-4,sens_pm0.5,100,256,128,0.5,50,64,0.001,1,1,1,1,0.001,adam,0.1,0.99,adaptive,gated,5000,unc,8,0.95,"[0.5, 1.0, 2.0]",0,0,2,38,2.01569,8,0.0009749291930347681,0.00012178702309029177,34.88938593864441,0.8026317411290439,0.26343800282686225,0.26249523082792825,0.18095739084692267,0.4777777777777778,0.3454699407281965,23608,22423,365,1908,795,0.9645453095436096,0.4166666567325592,0.9966820478439331,0.12484803841260278,0.8953601190044614,0.2896742491662577,1.6478354930877686,0.32367149758454106,0.2863247863247863,0.37222222222222223,0.9217288274048617,0.3111132102196824,2.3427541255950928,0.3453924914675768,0.3395973154362416,0.35138888888888886,0.9375678523609963,0.3279982148082302,3.847714900970459,0.33903345724907064,0.3648,0.31666666666666665,0.9375409953935318,0.27651052002602755,SMD
npy,./data/MSL,P-15,P-15,sens_V16,100,256,128,0.15,50,64,0.001,1,1,1,1,0.001,adam,0.1,0.99,adaptive,gated,5000,unc,16,0.95,"[0.5, 1.0, 2.0]",0,0,1,55,2.887841,16,0.001554005080834031,0.001299788593314588,6.702226400375366,0.7246325690770135,0.660809504448149,0.09893992932862192,0.05343511450381679,0.6666666666666666,0.7647058823529412,2757,2250,44,120,40,0.9822221994400024,0.3333333432674408,0.8380735516548157,0.23678657495763625,0.7409423028470646,0.663409835439352,1.5019259452819824,0.08045977011494251,0.04281345565749235,0.6666666666666666,0.7443688586545729,0.6609962689899924,2.084001302719116,0.08536585365853659,0.04560260586319218,0.6666666666666666,0.7468044007726548,0.6588443996253812,3.268193244934082,0.08510638297872342,0.045454545454545456,0.6666666666666666,0.7094818174183254,0.1885079538383591,MSL
npy,./data/MSL,M-1,M-1,sens_V2,100,256,128,0.15,50,64,0.001,1,1,1,1,0.001,adam,0.1,0.99,adaptive,gated,5000,unc,2,0.95,"[0.5, 1.0, 2.0]",0,0,2,55,2.887841,2,0.0034127605613321066,0.00258359732106328,3.251391887664795,0.37042809001246746,0.41315829760680944,0.20226055919095776,0.3148148148148148,0.14899211218229624,0.6682284040995607,2178,1781,35,1167,1052,0.409320592880249,0.9014567136764526,0.721068263053894,0.05923672703234179,0.3573041006776857,0.40682098527428884,1.4796032905578613,0.30642673521850905,0.3706467661691542,0.26117440841367223,0.3528988347261483,0.40361711279337176,2.061765193939209,0.2683982683982684,0.3507779349363508,0.21735319894829097,0.34979894705657255,0.40025496745522093,3.356818199157715,0.21407451212300413,0.3290909090909091,0.1586327782646801,0.39447729320709535,0.42198987883229466,MSL
npy,./data/MSL,F-7,F-7,sens_V2,100,256,128,0.15,50,64,0.001,1,1,1,1,0.001,adam,0.1,0.99,adaptive,gated,5000,unc,2,0.95,"[0.5, 1.0, 2.0]",0,0,1,55,2.887841,2,0.004527409560978413,0.0052894167602062225,4.179480314254761,0.4653448111273957,0.07318370441492625,0.04834377797672336,0.03890489913544669,0.06382978723404255,0.1547204399633364,4955,4531,78,720,631,0.860737144947052,0.8763889074325562,0.9208973050117493,0.07660376917341523,0.48233178298372614,0.07429836734407683,1.3852332830429077,0.04136690647482014,0.033381712626995644,0.054373522458628844,0.4805879587301733,0.07391296409633508,2.0319862365722656,0.031714568880079286,0.027303754266211604,0.037825059101654845,0.47885434422049367,0.07422087616980726,3.436535596847534,0.030842230130486356,0.030952380952380953,0.030732860520094562,0.5125199536681823,0.08782060149709797,MSL
smd,./data/SMD,machine-1-7,machine-1-7,sens_V4,100,256,128,0.15,50,64,0.001,1,1,1,1,0.001,adam,0.1,0.99,adaptive,gated,5000,unc,4,0.95,"[0.5, 1.0, 2.0]",0,0,0,38,2.01569,4,0.0024933419190347195,0.0006626403774134815,35.05002546310425,0.647006827332087,0.2289554560047101,0.17543859649122803,0.42536115569823435,0.11050875729774812,0.2596095793922318,23598,22769,367,3677,2872,0.8738635778427124,0.7810715436935425,0.9987952709197998,0.08164321843805288,0.7021864825379742,0.28608397962774207,2.0807764530181885,0.11658518239939826,0.5938697318007663,0.0646371976647206,0.7081698303212989,0.2981175404365615,3.2326653003692627,0.09881271543469933,0.6056338028169014,0.05379482902418682,0.7114461787001006,0.30059297478207736,5.677907943725586,0.07036747458952305,0.5625,0.03753127606338615,0.708106110304215,0.2778681343048902,SMD
smd,./data/SMD,machine-3-10,machine-3-10,sens_pm0.05,100,256,128,0.05,50,64,0.001,1,1,1,1,0.001,adam,0.1,0.99,adaptive,gated,5000,unc,8,0.95,"[0.5, 1.0, 2.0]",0,0,1,38,2.01569,8,0.0012953872792422771,0.00021051753719802946,43.04604506492615,0.9565777190580219,0.6122882907735353,0.4962086745526236,0.3635555555555556,0.7812798471824259,0.6212882594792143,23594,21160,353,2334,609,0.9712193012237549,0.26092544198036194,0.9666509628295898,0.13051192073526147,0.9690960433248551,0.6013578914857802,3.590101480484009,0.5399999999999999,0.6454183266932271,0.46418338108882523,0.9668082672040182,0.563599472582103,6.196536540985107,0.5054192812321735,0.6274787535410765,0.42311365807067813,0.9640157750438395,0.5279292021299384,11.409406661987305,0.4302114803625377,0.5855263157894737,0.34001910219675263,0.9550656375469933,0.4565129097545205,SMD
smd,./data/SMD,machine-2-1,machine-2-1,sens_V4,100,256,128,0.15,50,64,0.001,1,1,1,1,0.001,adam,0.1,0.99,adaptive,gated,5000,unc,4,0.95,"[0.5, 1.0, 2.0]",0,0,2,38,2.01569,4,0.0013885118532925844,0.00032024140818975866,33.65611529350281,0.7578760623046717,0.29928870316189055,0.2812014500258933,0.20170876671619614,0.4641025641025641,0.33120510774142053,23595,21401,361,2457,1013,0.9526657462120056,0.41229140758514404,0.9645189046859741,0.07827584585362406,0.8020786185144203,0.3646948983663327,1.5192911624908447,0.3514175708785439,0.2975696502667457,0.42905982905982903,0.8071011244226481,0.38673611854814094,2.125948667526245,0.3685165034457744,0.3201008191556396,0.4341880341880342,0.8062984288743479,0.3893132171897549,3.5203263759613037,0.38696861342868494,0.3615441722345954,0.41623931623931626,0.7771760264834319,0.3024057200436556,SMD
smd,./data/SMD,machine-1-4,machine-1-4,sens_pm0.5,100,256,128,0.5,50,64,0.001,1,1,1,1,0.001,adam,0.1,0.99,adaptive,gated,5000,unc,8,0.95,"[0.5, 1.0, 2.0]",0,0,1,38,2.01569,8,0.0010123320389539003,0.00011491394252516329,41.65425777435303,0.8199028255100709,0.275395014440117,0.27415238789646373,0.18586258032624814,0.5222222222222223,0.34782608695652173,23608,22303,363,1908,715,0.9679415225982666,0.374737948179245,0.9948387145996094,0.13949156251853703,0.908962583924247,0.29913539296531855,1.7882301807403564,0.3342002600780234,0.3141809290953545,0.35694444444444445,0.9300271167761488,0.32082551074929316,2.7160611152648926,0.3421250941974378,0.37397034596375617,0.31527777777777777,0.9404929960412408,0.3352820430899087,4.5389227867126465,0.32669983416252074,0.4053497942386831,0.27361111111111114,0.931735449505276,0.2797544416349989,SMD
npy,./data/MSL,C-1,C-1,sens_V16,100,256,128,0.15,50,64,0.001,1,1,1,1,0.001,adam,0.1,0.99,adaptive,gated,5000,unc,16,0.95,"[0.5, 1.0, 2.0]",0,0,1,55,2.887841,16,0.005667607765644789,0.002513469662517309,4.112446308135986,0.6568443936527953,0.20117201267905338,0.18230563002680966,0.15668202764976957,0.21794871794871795,0.3164721141374838,2165,1930,34,464,416,0.7844559550285339,0.8965517282485962,0.8900646567344666,0.27521499034714203,0.6577327001891551,0.2031015268602509,1.5167237520217896,0.23414634146341465,0.1889763779527559,0.3076923076923077,0.6553567675493905,0.20606195000381455,2.114274501800537,0.23177083333333331,0.19517543859649122,0.28525641025641024,0.6532501182219421,0.21192839177043138,3.236298084259033,0.21533923303834807,0.1994535519125683,0.23397435897435898,0.6548116330390921,0.22867389849407366,MSL
npy,./data/MSL,F-7,F-7,sens_pm0.05,100,256,128,0.05,50,64,0.001,1,1,1,1,0.001,adam,0.1,0.99,adaptive,gated,5000,unc,8,0.95,"[0.5, 1.0, 2.0]",0,0,0,55,2.887841,8,0.003578607924282551,0.0077447290532290936,4.942531108856201,0.3959456086104896,0.0644229269760655,0.037623762376237616,0.03236797274275979,0.04491725768321513,0.15457701443449662,4955,4476,78,720,643,0.8563449382781982,0.8930555582046509,0.9050767421722412,0.11860864795180551,0.4085076774721491,0.06500798431850181,1.4862486124038696,0.033663366336633666,0.028960817717206135,0.04018912529550828,0.41668976621217996,0.06561204294353315,2.0706024169921875,0.02922755741127349,0.026168224299065422,0.03309692671394799,0.42622668796419233,0.06654170233234304,3.267158031463623,0.024070021881838075,0.02240325865580448,0.026004728132387706,0.4800759400749294,0.07482579451497215,MSL
smd,./data/SMD,machine-1-4,machine-1-4,sens_V2,100,256,128,0.15,50,64,0.001,1,1,1,1,0.001,adam,0.1,0.99,adaptive,gated,5000,unc,2,0.95,"[0.5, 1.0, 2.0]",0,0,1,38,2.01569,2,0.0009402820724062622,0.00022380385780707002,45.280256271362305,0.8039502399907192,0.2518239924106832,0.3217391304347826,0.2642857142857143,0.4111111111111111,0.3224137931034483,23608,22408,363,1908,895,0.9600589275360107,0.46907755732536316,0.9913824796676636,0.08210760987196805,0.8693513362625251,0.2980472759678428,2.022641897201538,0.3150912106135987,0.39094650205761317,0.2638888888888889,0.8716485283952765,0.30486541510787496,3.1448988914489746,0.3086104006820119,0.3995584988962472,0.2513888888888889,0.8635484790920472,0.29567614316361873,5.548790454864502,0.30035335689045933,0.41262135922330095,0.2361111111111111,0.7978619255811256,0.19682128589372982,SMD
npy,./data/MSL,P-15,P-15,sens_V16,100,256,128,0.15,50,64,0.001,1,1,1,1,0.001,adam,0.1,0.99,adaptive,gated,5000,unc,16,0.95,"[0.5, 1.0, 2.0]",0,0,2,55,2.887841,16,0.00153897306881845,0.0013057637261226773,5.081247329711914,0.7216091374821533,0.6659995413985871,0.0979020979020979,0.052830188679245285,0.6666666666666666,0.7777777777777778,2757,2189,44,120,32,0.9853814244270325,0.2666666805744171,0.8179749846458435,0.19416819459336107,0.7427059712773998,0.6634306603387595,1.4821512699127197,0.07865168539325844,0.041791044776119404,0.6666666666666666,0.7468547912992356,0.6588471778199271,2.106250286102295,0.08259587020648967,0.0440251572327044,0.6666666666666666,0.7486016628873773,0.6569173913908475,3.309434652328491,0.08641975308641975,0.0462046204620462,0.6666666666666666,0.7238263206517175,0.2943617390218308,MSL
npy,./data/MSL,M-1,M-1,sens_pm0.05,100,256,128,0.05,50,64,0.001,1,1,1,1,0.001,adam,0.1,0.99,adaptive,gated,5000,unc,8,0.95,"[0.5, 1.0, 2.0]",0,0,0,55,2.887841,8,0.0030498190317302942,0.0031799543648958206,4.154655933380127,0.3401042759625236,0.40054980521545014,0.18772136953955135,0.2875226039783002,0.13935144609991235,0.6676418958455237,2178,1441,35,1167,916,0.36433032155036926,0.7849186062812805,0.5192878246307373,0.1488279267338244,0.3194404154991297,0.3923302412555778,1.6514954566955566,0.2861538461538462,0.34487021013597036,0.24452234881682736,0.3094456308402563,0.38751778952934623,2.4153990745544434,0.2383025027203482,0.31420373027259685,0.19193689745836984,0.29963677772154396,0.3822432922465323,3.9118993282318115,0.19790454016298023,0.29462738301559793,0.14899211218229624,0.3247629951488069,0.38920882313494176,MSL
npy,./data/MSL,P-15,P-15,sens_V4,100,256,128,0.15,50,64,0.001,1,1,1,1,0.001,adam,0.1,0.99,adaptive,gated,5000,unc,4,0.95,"[0.5, 1.0, 2.0]",0,0,0,55,2.887841,4,0.001516831573098898,0.0015559149906039238,5.839640140533447,0.7277735785672292,0.6692386512399555,0.10486891385767791,0.056910569105691054,0.6666666666666666,0.8,2757,2409,44,120,56,0.976753830909729,0.46666666865348816,0.8923018574714661,0.0887986841433542,0.7387251196775004,0.6693386283428528,1.5692708492279053,0.08832807570977919,0.0472972972972973,0.6666666666666666,0.7416477702191988,0.6693697790881992,2.1700973510742188,0.09240924092409242,0.04964539007092199,0.6666666666666666,0.7427227681195934,0.669381214002004,3.3229634761810303,0.09655172413793102,0.05204460966542751,0.6666666666666666,0.7050642479213908,0.1341612085791406,MSL
npy,./data/MSL,M-6,M-6,sens_V4,100,256,128,0.15,50,64,0.001,1,1,1,1,0.001,adam,0.1,0.99,adaptive,gated,5000,unc,4,0.95,"[0.5, 1.0, 2.0]",0,0,2,55,2.887841,4,0.0021380481775850058,0.001907571335323155,2.1545286178588867,0.7468294154530505,0.6055226731235017,0.2653288740245262,0.16620111731843576,0.6574585635359116,0.673992673992674,1950,838,29,199,55,0.9343675374984741,0.2763819098472595,0.44717302918434143,0.07949767968593499,0.7576011215351307,0.6428762347867026,1.3957880735397339,0.18138707765263784,0.10159362549800798,0.8453038674033149,0.757488731411265,0.6425452963899672,1.9137130975723267,0.18170878459687126,0.10195813639432816,0.8342541436464088,0.7593904906124671,0.6424536308853972,3.0519299507141113,0.1880559085133418,0.10624551328068917,0.8176795580110497,0.770517112875176,0.6424172059546687,MSL
npy,./data/MSL,F-7,F-7,sens_V4,100,256,128,0.15,50,64,0.001,1,1,1,1,0.001,adam,0.1,0.99,adaptive,gated,5000,unc,4,0.95,"[0.5, 1.0, 2.0]",0,0,2,55,2.887841,4,0.004554920829832554,0.004325551446527243,3.4372541904449463,0.4627839521203851,0.07310466905515031,0.07014542343883662,0.054959785522788206,0.09692671394799054,0.15449233016800584,4955,4423,78,720,617,0.8605019450187683,0.8569444417953491,0.8987013101577759,0.07751404216623932,0.45460824447027504,0.07121040324618541,1.4741557836532593,0.06759098786828423,0.0533515731874145,0.09219858156028368,0.4481965253178676,0.07005884697204086,2.0318942070007324,0.05504587155963304,0.044977511244377814,0.07092198581560284,0.44337803669688236,0.0692254944619974,3.201564311981201,0.041999999999999996,0.036395147313691506,0.04964539007092199,0.46584355711560443,0.07398968289778653,MSL
smd,./data/SMD,machine-3-7,machine-3-7,sens_pm0.5,100,256,128,0.5,50,64,0.001,1,1,1,1,0.001,adam,0.1,0.99,adaptive,gated,5000,unc,8,0.95,"[0.5, 1.0, 2.0]",0,0,0,38,2.01569,8,0.00038918107748031616,0.00013350785593502223,55.33393096923828,0.7903266557529847,0.384639207596221,0.14218009478672985,0.08333333333333333,0.4838709677419355,0.47877758913412555,28606,26392,443,929,374,0.9858290553092957,0.40258342027664185,0.9400585293769836,0.15220337544822413,0.8392138497592508,0.43072616685828097,1.3430683612823486,0.19478737997256518,0.11442385173247381,0.6543778801843319,0.8462976096884547,0.47591994083886857,1.863748550415039,0.22620469932297887,0.13673567645642754,0.6543778801843319,0.8504581725227867,0.5185841446779909,3.088644504547119,0.2965299684542587,0.19209809264305178,0.6497695852534562,0.8499720529105479,0.5077584334611093,SMD
smd,./data/SMD,machine-1-7,machine-1-7,sens_V16,100,256,128,0.15,50,64,0.001,1,1,1,1,0.001,adam,0.1,0.99,adaptive,gated,5000,unc,16,0.95,"[0.5, 1.0, 2.0]",0,0,0,38,2.01569,16,0.0024933419190347195,0.0006629851413890719,34.805861473083496,0.6502380949490711,0.23099544488302598,0.18358741485566005,0.4131386861313869,0.11801501251042536,0.26038246088468225,23598,22770,365,3677,2858,0.8744839429855347,0.7772640585899353,0.9995481967926025,0.19149417967723179,0.7091107896579231,0.2991465038421426,2.14438533782959,0.11342155009451796,0.6072874493927125,0.06255212677231026,0.7137496343123001,0.3138010020290502,3.302011013031006,0.09626492106276474,0.628140703517588,0.05212677231025855,0.7157381804899391,0.3181234146688597,5.638589382171631,0.06590819929384072,0.5562913907284768,0.03502919099249374,0.7131504077082561,0.295458060621529,SMD
npy,./data/MSL,M-6,M-6,sens_pm0.05,100,256,128,0.05,50,64,0.001,1,1,1,1,0.001,adam,0.1,0.99,adaptive,gated,5000,unc,8,0.95,"[0.5, 1.0, 2.0]",0,0,1,55,2.887841,8,0.00201668543741107,0.0032810706179589033,2.834390163421631,0.7473233404710922,0.6283542283694805,0.26546681664791905,0.16666666666666666,0.6519337016574586,0.7025089605734767,1950,545,29,199,37,0.932110071182251,0.18592964112758636,0.2901199460029602,0.11356170360858624,0.7473943237072178,0.6428733838375499,1.466176152229309,0.17547937245787334,0.09805194805194806,0.8342541436464088,0.7457676245460031,0.6422357445546686,1.971545934677124,0.17346938775510204,0.09665192672141504,0.8453038674033149,0.7445461213576727,0.6407549983233998,3.1383121013641357,0.17969661610268378,0.1004566210045662,0.850828729281768,0.7482727412542738,0.6194977161804954,MSL
smd,./data/SMD,machine-2-1,machine-2-1,sens_pm0.05,100,256,128,0.05,50,64,0.001,1,1,1,1,0.001,adam,0.1,0.99,adaptive,gated,5000,unc,8,0.95,"[0.5, 1.0, 2.0]",0,0,0,38,2.01569,8,0.0013485699892044067,0.0005749197443947196,34.78711175918579,0.755959948514557,0.3003529545243911,0.28308525033829496,0.20712871287128712,0.44700854700854703,0.3359106529209622,23595,21639,363,2457,1072,0.9504598379135132,0.4363044500350952,0.9729870557785034,0.12231082273605745,0.8041049471257249,0.3653315038648035,1.5103249549865723,0.35837742504409176,0.3051051051051051,0.4341880341880342,0.811879332510659,0.38868644249600337,2.153642177581787,0.37352605553442375,0.3365318711446196,0.41965811965811967,0.8143276231848421,0.3933774785071203,3.635578155517578,0.38778107764106917,0.38500421229991577,0.3905982905982906,0.7932254597944528,0.30678289628773847,SMD
smd,./data/SMD,machine-2-5,machine-2-5,sens_pm0.3,100,256,128,0.3,50,64,0.001,1,1,1,1,0.001,adam,0.1,0.99,adaptive,gated,5000,unc,8,0.95,"[0.5, 1.0, 2.0]",0,0,2,38,2.01569,8,0.003001059405505657,0.0005546207539737225,36.5319128036499,0.9304794646732709,0.4698118867077895,0.4898989898989899,0.485,0.49489795918367346,0.5271317829457365,23590,22717,365,3016,2151,0.9053131937980652,0.7131962776184082,0.9996111392974854,0.12360410500300441,0.9491636418537647,0.5033027165266046,1.657348394393921,0.2448644207066557,0.6286919831223629,0.1520408163265306,0.9443583906767163,0.4601789097803572,2.3817367553710938,0.2116850127011008,0.6218905472636815,0.12755102040816327,0.9377185032276154,0.40009673941758533,3.854231834411621,0.19520547945205483,0.6063829787234043,0.11632653061224489,0.9157795479810665,0.2572740533855097,SMD
npy,./data/MSL,F-7,F-7,sens_pm0.05,100,256,128,0.05,50,64,0.001,1,1,1,1,0.001,adam,0.1,0.99,adaptive,gated,5000,unc,8,0.95,"[0.5, 1.0, 2.0]",0,0,1,55,2.887841,8,0.0036948183551430702,0.007578632328659296,4.433824062347412,0.3990483497735734,0.06424432056914403,0.0310077519379845,0.026272577996715927,0.037825059101654845,0.15494505494505495,4955,4367,78,720,620,0.8580260872840881,0.8611111044883728,0.8847697973251343,0.14749126646039945,0.4334766270885945,0.0674034670749053,1.4989665746688843,0.03152709359605911,0.02702702702702703,0.037825059101654845,0.4465685816572763,0.06902459617840138,2.122044086456299,0.027310924369747896,0.024574669187145556,0.030732860520094562,0.4607810556160483,0.07121094117051852,3.32053542137146,0.02850877192982456,0.026584867075664622,0.030732860520094562,0.5284257136483345,0.08802790802220017,MSL
smd,./data/SMD,machine-1-1,machine-1-1,sens_V16,100,256,128,0.15,50,64,0.001,1,1,1,1,0.001,adam,0.1,0.99,adaptive,gated,5000,unc,16,0.95,"[0.5, 1.0, 2.0]",0,0,1,38,2.01569,16,0.00015968586376402527,0.00018902063311543316,49.86035418510437,0.9227420755176831,0.5027832095608868,0.3971718413771903,0.3389296956977964,0.4795842613214551,0.5647130647130647,28380,23862,419,3486,839,0.964839518070221,0.24067699909210205,0.9248413443565369,0.2154687746382667,0.9362542879637297,0.5251187811503872,1.659509539604187,0.4668175645088275,0.30870554424619806,0.9569413511507052,0.9412849301063172,0.5391852950027188,2.63203501701355,0.5456144207518135,0.38757026858213617,0.9213066072754269,0.9456119279997822,0.5564479878309682,4.596293926239014,0.606688524590164,0.4690732103021699,0.8585746102449888,0.9334601889676771,0.5746752848047132,SMD
npy,./data/MSL,D-14,D-14,sens_pm0.5,100,256,128,0.5,50,64,0.001,1,1,1,1,0.001,adam,0.1,0.99,adaptive,gated,5000,unc,8,0.95,"[0.5, 1.0, 2.0]",0,0,0,55,2.887841,8,0.008765535429120064,0.0017318065511062741,6.957679748535156,0.4386915004892533,0.23504662623881878,0.17924528301886794,0.12140575079872204,0.34234234234234234,0.3285302593659942,2526,2025,40,420,212,0.8953086137771606,0.5047619342803955,0.8608736991882324,0.13622054011691495,0.4572400115471277,0.23475149429655362,1.4994091987609863,0.16576576576576574,0.1036036036036036,0.4144144144144144,0.4698612470148051,0.23312115447793585,2.053494930267334,0.18111002921129501,0.115527950310559,0.4189189189189189,0.48611720334566777,0.22770700291741386,3.1819934844970703,0.20518602029312288,0.1368421052631579,0.4099099099099099,0.4559522068885365,0.10582519101393381,MSL
npy,./data/MSL,C-1,C-1,sens_pm0.05,100,256,128,0.05,50,64,0.001,1,1,1,1,0.001,adam,0.1,0.99,adaptive,gated,5000,unc,8,0.95,"[0.5, 1.0, 2.0]",0,0,2,55,2.887841,8,0.005398921202868223,0.004951071925461292,3.1628148555755615,0.6439532760613703,0.20890883495738255,0.18487394957983191,0.16417910447761194,0.21153846153846154,0.3002421307506053,2165,1930,34,464,416,0.7844559550285339,0.8965517282485962,0.8900646567344666,0.12474038033782747,0.6520153557166877,0.21425694143394736,1.5520447492599487,0.2242503259452412,0.189010989010989,0.27564102564102566,0.6530497977091214,0.21646728479425836,2.1375720500946045,0.2231520223152022,0.19753086419753085,0.2564102564102564,0.654448757356032,0.21864956457264792,3.2742888927459717,0.21337579617834393,0.2120253164556962,0.21474358974358973,0.6541893258722152,0.2176619938974465,MSL
smd,./data/SMD,machine-1-7,machine-1-7,sens_V16,100,256,128,0.15,50,64,0.001,1,1,1,1,0.001,adam,0.1,0.99,adaptive,gated,5000,unc,16,0.95,"[0.5, 1.0, 2.0]",0,0,1,38,2.01569,16,0.002437320537865162,0.0006554716965183616,41.01270294189453,0.651638985741009,0.22704440237057302,0.185880829015544,0.41594202898550725,0.11968306922435362,0.2623753716984432,23598,22766,366,3677,2852,0.8747254610061646,0.7756323218345642,0.9996486306190491,0.22218758620006654,0.7083733251738297,0.29254716488752186,2.162506103515625,0.08975834292289989,0.5598086124401914,0.048790658882402,0.7126754493323367,0.3057788417980668,3.3611435890197754,0.06944986344127976,0.5393939393939394,0.03711426188490409,0.7141073533389191,0.31013012459265554,5.769895076751709,0.04356435643564357,0.4330708661417323,0.022935779816513763,0.7083091548386038,0.2931769386624432,SMD
npy,./data/MSL,P-15,P-15,sens_V2,100,256,128,0.15,50,64,0.001,1,1,1,1,0.001,adam,0.1,0.99,adaptive,gated,5000,unc,2,0.95,"[0.5, 1.0, 2.0]",0,0,1,55,2.887841,2,0.001554005080834031,0.0016142047243192792,6.387593746185303,0.7182833627278071,0.6691463717421483,0.10486891385767791,0.056910569105691054,0.6666666666666666,0.8,2757,2388,44,120,60,0.9748743772506714,0.5,0.8828213810920715,0.05875292747920953,0.7246493659192071,0.6692022892703484,1.5223850011825562,0.0880503144654088,0.04713804713804714,0.6666666666666666,0.7291341227849164,0.6692442916197554,2.1710188388824463,0.09395973154362416,0.05054151624548736,0.6666666666666666,0.7319559922734526,0.6660964854419171,3.504122495651245,0.0979020979020979,0.052830188679245285,0.6666666666666666,0.5487192407827328,0.027756850805279926,MSL
smd,./data/SMD,machine-3-7,machine-3-7,sens_V2,100,256,128,0.15,50,64,0.001,1,1,1,1,0.001,adam,0.1,0.99,adaptive,gated,5000,unc,2,0.95,"[0.5, 1.0, 2.0]",0,0,0,38,2.01569,2,0.0001507573906565085,0.0002756997710093856,46.1064829826355,0.8428150225426815,0.4020461535200827,0.178978471929084,0.10956072351421188,0.48847926267281105,0.49230769230769234,28606,26648,443,929,411,0.9845767021179199,0.4424111843109131,0.9479712247848511,0.07349972390531785,0.8632758944168905,0.4302634563042659,1.5883208513259888,0.15534521158129175,0.08834705509816339,0.6428571428571429,0.86123491741468,0.45652094977779917,2.3957064151763916,0.2156224572823434,0.1309288537549407,0.6105990783410138,0.8536710282817372,0.47904161963601216,4.202004432678223,0.30283505154639173,0.2101967799642218,0.5414746543778802,0.7833369900634201,0.366490087098719,SMD
smd,./data/SMD,machine-2-1,machine-2-1,sens_pm0.3,100,256,128,0.3,50,64,0.001,1,1,1,1,0.001,adam,0.1,0.99,adaptive,gated,5000,unc,8,0.95,"[0.5, 1.0, 2.0]",0,0,2,38,2.01569,8,0.0016974074533209205,0.00020719578606076539,52.28989386558533,0.748850305163571,0.29993674228305556,0.27562189054726366,0.1943859649122807,0.4735042735042735,0.3338021565869667,23595,20278,362,2457,727,0.9641483426094055,0.295889288187027,0.9249219298362732,0.14579419893691994,0.8191211615492383,0.3857775555169164,1.4613850116729736,0.36466033086941224,0.3099940155595452,0.4427350427350427,0.8301987661404283,0.4145492994106854,2.007251024246216,0.37512537612838515,0.30807248764415157,0.4794871794871795,0.8348598531936307,0.4206398981731605,3.125936269760132,0.3816034804226227,0.2998046875,0.5247863247863248,0.8253292973724513,0.34178936402236937,SMD
smd,./data/SMD,machine-1-1,machine-1-1,sens_pm0.05,100,256,128,0.05,50,64,0.001,1,1,1,1,0.001,adam,0.1,0.99,adaptive,gated,5000,unc,8,0.95,"[0.5, 1.0, 2.0]",0,0,1,38,2.01569,8,0.00013751783990301192,0.0002644983760546893,49.481682538986206,0.911519123573252,0.4555014866819697,0.3417701619242257,0.2964275974911372,0.4034892353377877,0.5589381041696725,28380,23651,426,3486,776,0.9671895503997803,0.22260470688343048,0.9188961386680603,0.13029610631833874,0.9330588633464523,0.48696761155948187,1.8099604845046997,0.46748554913294793,0.30890427309620433,0.9606533036377134,0.9395626762853526,0.5054743070599195,2.9062864780426025,0.548886206518161,0.38962455211092073,0.9283593170007424,0.9449645640618793,0.527665459186264,5.145877361297607,0.6159884861965197,0.4756516467973328,0.8737936154417223,0.9324016382976181,0.5841012123451412,SMD
npy,./data/MSL,C-1,C-1,sens_pm0.5,100,256,128,0.5,50,64,0.001,1,1,1,1,0.001,adam,0.1,0.99,adaptive,gated,5000,unc,8,0.95,"[0.5, 1.0, 2.0]",0,0,2,55,2.887841,8,0.007384907454252243,0.0010849847458302975,3.1541507244110107,0.650609828184111,0.1966172204645345,0.20246913580246914,0.1646586345381526,0.26282051282051283,0.3132969034608379,2165,1807,34,464,360,0.8007747530937195,0.7758620977401733,0.8506760597229004,0.1259216810759441,0.6615962589323247,0.21125138854915937,1.4855713844299316,0.24970828471411904,0.1963302752293578,0.34294871794871795,0.6633630201765448,0.22328359676526358,1.9914809465408325,0.26410564225690275,0.21113243761996162,0.3525641025641026,0.6707256200084071,0.25162606535978055,3.1571481227874756,0.27633378932968544,0.24105011933174225,0.32371794871794873,0.6928511848465742,0.33211551587988003,MSL
npy,./data/MSL,C-1,C-1,sens_V4,100,256,128,0.15,50,64,0.001,1,1,1,1,0.001,adam,0.1,0.99,adaptive,gated,5000,unc,4,0.95,"[0.5, 1.0, 2.0]",0,0,0,55,2.887841,4,0.005544409155845642,0.002845567185431719,3.0730152130126953,0.6703758800966793,0.21070297230308835,0.18904109589041093,0.16507177033492823,0.22115384615384615,0.32868672046955244,2165,1897,33,464,410,0.7838692665100098,0.8836206793785095,0.8741916418075562,0.10349612863730062,0.6633071931483816,0.21085179174844354,1.4747291803359985,0.23762376237623759,0.1935483870967742,0.3076923076923077,0.6547689417822615,0.20927866326330047,2.0251550674438477,0.22580645161290322,0.19444444444444445,0.2692307692307692,0.6449844341109711,0.21103753847432294,3.166527271270752,0.22496147919876736,0.2166172106824926,0.23397435897435898,0.6153632697562001,0.20207922495742248,MSL
npy,./data/MSL,P-15,P-15,sens_pm0.5,100,256,128,0.5,50,64,0.001,1,1,1,1,0.001,adam,0.1,0.99,adaptive,gated,5000,unc,8,0.95,"[0.5, 1.0, 2.0]",0,0,1,55,2.887841,8,0.0016566166887059808,0.0005384463001973927,6.53780460357666,0.6413538254808095,0.21723436794515844,0.06206896551724138,0.03345724907063197,0.42857142857142855,0.32,2757,2047,44,120,25,0.9877870082855225,0.2083333283662796,0.766780436038971,0.11428231815951087,0.6954900478710002,0.22461335005629712,1.5611863136291504,0.06504065040650407,0.034482758620689655,0.5714285714285714,0.7056689342403628,0.23064380728162567,2.1154141426086426,0.06549118387909321,0.034574468085106384,0.6190476190476191,0.7172083648274126,0.25672767620932885,3.191683292388916,0.05496828752642706,0.028761061946902654,0.6190476190476191,0.7068783068783069,0.08758370890019808,MSL
npy,./data/MSL,M-1,M-1,sens_V4,100,256,128,0.15,50,64,0.001,1,1,1,1,0.001,adam,0.1,0.99,adaptive,gated,5000,unc,4,0.95,"[0.5, 1.0, 2.0]",0,0,1,55,2.887841,4,0.0035152907948940992,0.002188062760978937,3.682792901992798,0.3577592857760058,0.4064192721381864,0.1943127962085308,0.29981718464351004,0.1437335670464505,0.6678372841673983,2178,1706,35,1167,1049,0.38511136174201965,0.8988860249519348,0.6498516201972961,0.0758143714855744,0.34204151288096685,0.3996998788800473,1.5673032999038696,0.2806468440271257,0.34664948453608246,0.2357581069237511,0.3355207934724914,0.3961896864906213,2.300436019897461,0.23555555555555552,0.3216995447647951,0.18580192813321647,0.3303787448618089,0.39243715889035174,3.7465944290161133,0.1857055589492975,0.3064516129032258,0.13321647677475898,0.3683195800570293,0.40916632114117957,MSL
smd,./data/SMD,machine-3-10,machine-3-10,sens_V2,100,256,128,0.15,50,64,0.001,1,1,1,1,0.001,adam,0.1,0.99,adaptive,gated,5000,unc,2,0.95,"[0.5, 1.0, 2.0]",0,0,1,38,2.01569,2,0.0014203498139977455,0.00010479878983460367,41.63680577278137,0.9616244998705629,0.674047556612595,0.5318074722315719,0.4106029106029106,0.7545367717287488,0.687825675035528,23594,21044,357,2334,667,0.9683045148849487,0.28577548265457153,0.9584665894508362,0.06462059011295244,0.9631363705033267,0.6072186399190095,3.612497568130493,0.5865647187329328,0.6849489795918368,0.5128939828080229,0.9578787114258314,0.5502011240173749,6.227082252502441,0.5089440276976342,0.6428571428571429,0.42120343839541546,0.9510753990175266,0.4909520646338096,11.689955711364746,0.40399002493765584,0.5816876122082585,0.30945558739255014,0.9102669752574843,0.3660356080738486,SMD
npy,./data/MSL,F-7,F-7,sens_V16,100,256,128,0.15,50,64,0.001,1,1,1,1,0.001,adam,0.1,0.99,adaptive,gated,5000,unc,16,0.95,"[0.5, 1.0, 2.0]",0,0,0,55,2.887841,16,0.004515376407653093,0.0037545866798609495,3.669936180114746,0.47306592993154883,0.07464568904267085,0.060657118786857624,0.04712041884816754,0.0851063829787234,0.15460526315789475,4955,4406,78,720,590,0.8660916686058044,0.8194444179534912,0.901062548160553,0.19835766581545924,0.4708070240995899,0.07357630107839891,1.562229871749878,0.05536332179930795,0.04365620736698499,0.07565011820330969,0.46607633927591474,0.07247111160618945,2.124868154525757,0.04570383912248629,0.037257824143070044,0.0591016548463357,0.4597881580243737,0.0711568796876728,3.2561919689178467,0.03571428571428571,0.03076923076923077,0.0425531914893617,0.472892874772897,0.07388947741927826,MSL
npy,./data/MSL,C-1,C-1,sens_pm0.5,100,256,128,0.5,50,64,0.001,1,1,1,1,0.001,adam,0.1,0.99,adaptive,gated,5000,unc,8,0.95,"[0.5, 1.0, 2.0]",0,0,0,55,2.887841,8,0.007521405350416899,0.0012222842779010534,3.870737075805664,0.6414344919083648,0.19401301504907364,0.18696186961869618,0.15169660678642716,0.24358974358974358,0.31067961165048547,2165,1937,34,464,393,0.7971089482307434,0.8469827771186829,0.9077013731002808,0.11084569794476445,0.6574289354770912,0.20308841784965176,1.4300681352615356,0.20745920745920748,0.163003663003663,0.28525641025641024,0.6585635377259353,0.21015820075472091,1.929797649383545,0.21307506053268765,0.17120622568093385,0.28205128205128205,0.6610445565363599,0.22071593424917302,3.0396337509155273,0.2347949080622348,0.21012658227848102,0.266025641025641,0.6666354692097519,0.301028591240743,MSL
smd,./data/SMD,machine-1-7,machine-1-7,sens_V4,100,256,128,0.15,50,64,0.001,1,1,1,1,0.001,adam,0.1,0.99,adaptive,gated,5000,unc,4,0.95,"[0.5, 1.0, 2.0]",0,0,1,38,2.01569,4,0.002437320537865162,0.0006945129716768861,42.75601935386658,0.6517968418288071,0.22758969227710907,0.18235487044932763,0.4270353302611367,0.11592994161801501,0.2623977727510005,23598,22787,366,3677,2884,0.8734366297721863,0.7843350768089294,0.9990964531898499,0.0884654168527362,0.7044972019775937,0.28555096847476924,2.0073394775390625,0.09509202453987729,0.5904761904761905,0.05170975813177648,0.7098968297641965,0.29824406473904613,3.029642343521118,0.08355899419729208,0.5775401069518716,0.045037531276063386,0.7124078135131546,0.30184825882286276,5.192708969116211,0.05433070866141732,0.4859154929577465,0.028773978315262717,0.7061647300571814,0.28222095536899716,SMD
npy,./data/MSL,C-1,C-1,sens_V2,100,256,128,0.15,50,64,0.001,1,1,1,1,0.001,adam,0.1,0.99,adaptive,gated,5000,unc,2,0.95,"[0.5, 1.0, 2.0]",0,0,0,55,2.887841,2,0.005544409155845642,0.0032360476907342672,3.4059715270996094,0.6692626234762507,0.2115134510025268,0.19532324621733146,0.1710843373493976,0.22756410256410256,0.3303261623872311,2165,1907,34,464,413,0.7834294438362122,0.8900862336158752,0.8783068656921387,0.09308610171699083,0.6638588955443463,0.2130119379340928,1.4709384441375732,0.22363405336721728,0.18526315789473685,0.28205128205128205,0.6539857214165616,0.21167065433811508,2.0699803829193115,0.22475106685633,0.2020460358056266,0.2532051282051282,0.6437956468053804,0.21726376458760832,3.2832086086273193,0.22145328719723184,0.24060150375939848,0.20512820512820512,0.6069514501891551,0.20631821554058663,MSL
smd,./data/SMD,machine-1-4,machine-1-4,sens_V16,100,256,128,0.15,50,64,0.001,1,1,1,1,0.001,adam,0.1,0.99,adaptive,gated,5000,unc,16,0.95,"[0.5, 1.0, 2.0]",0,0,2,38,2.01569,16,0.0009402090799994767,0.0002758595801424235,33.29248309135437,0.8066779894916449,0.2563893535089666,0.2876127195064072,0.21845710165825521,0.42083333333333334,0.31993299832495814,23608,22504,363,1908,820,0.96356201171875,0.4297693967819214,0.9992626905441284,0.19235991292466798,0.9178695204535897,0.3229706267680025,1.6690261363983154,0.32051282051282054,0.3787878787878788,0.2777777777777778,0.9334442051787726,0.35440991435614133,2.3173508644104004,0.31751227495908346,0.38645418326693226,0.26944444444444443,0.9382919331216195,0.363926403584071,3.7385342121124268,0.30820770519262985,0.3881856540084388,0.25555555555555554,0.9241494588728895,0.29830937235295635,SMD
smd,./data/SMD,machine-1-4,machine-1-4,sens_V16,100,256,128,0.15,50,64,0.001,1,1,1,1,0.001,adam,0.1,0.99,adaptive,gated,5000,unc,16,0.95,"[0.5, 1.0, 2.0]",0,0,0,38,2.01569,16,0.0009657125920057297,0.00028764246962964535,34.875531911849976,0.8091631501863371,0.24804411519461306,0.2846153846153846,0.21764705882352942,0.4111111111111111,0.3166926677067083,23608,22518,363,1908,834,0.9629629850387573,0.4371069073677063,0.9992626905441284,0.1962727629423384,0.9148734429605138,0.3181655915559311,1.7046546936035156,0.32098765432098764,0.3939393939393939,0.2708333333333333,0.9323639448383869,0.35483269332848394,2.4709906578063965,0.30901287553648066,0.4044943820224719,0.25,0.9390152888347522,0.3695567158155303,4.067705154418945,0.30958663148636767,0.42206235011990406,0.24444444444444444,0.9343340801322486,0.30470498912677985,SMD
smd,./data/SMD,machine-3-7,machine-3-7,sens_pm0.5,100,256,128,0.5,50,64,0.001,1,1,1,1,0.001,adam,0.1,0.99,adaptive,gated,5000,unc,8,0.95,"[0.5, 1.0, 2.0]",0,0,1,38,2.01569,8,0.000572102318983525,0.0001311253581661731,49.9731822013855,0.7997478975296207,0.3880570858535247,0.15889464594127806,0.09345794392523364,0.5299539170506913,0.4846416382252561,28606,26352,440,929,355,0.9865285158157349,0.38213133811950684,0.9392997622489929,0.14737807878420786,0.8429728922197552,0.44639442493744275,1.1964225769042969,0.22929416564667485,0.13931581556767478,0.6474654377880185,0.8477777703520257,0.49031037921023857,1.7170779705047607,0.2556663644605621,0.15914221218961624,0.6497695852534562,0.8500939801366204,0.5293309545506755,3.0042049884796143,0.321285140562249,0.21390374331550802,0.6451612903225806,0.8462301259029014,0.5036558675613291,SMD
smd,./data/SMD,machine-2-1,machine-2-1,sens_pm0.05,100,256,128,0.05,50,64,0.001,1,1,1,1,0.001,adam,0.1,0.99,adaptive,gated,5000,unc,8,0.95,"[0.5, 1.0, 2.0]",0,0,1,38,2.01569,8,0.0013371739769354463,0.0005820352816954255,42.02299642562866,0.7634549737639775,0.30705101182196026,0.29184071289334446,0.2164394878149525,0.4478632478632479,0.33253473885960705,23595,21707,364,2457,1099,0.9493711590766907,0.4472934603691101,0.9749266505241394,0.1266293567124755,0.809831089952294,0.37085679791728066,1.4459599256515503,0.35765673175745116,0.29845626072041165,0.4461538461538462,0.8172152932408661,0.39263168899704043,2.0553767681121826,0.36619718309859156,0.32329842931937175,0.4222222222222222,0.8188422947146975,0.39672455628535613,3.5089900493621826,0.383939774153074,0.3759213759213759,0.3923076923076923,0.7946580817118909,0.3074444548934884,SMD
smd,./data/SMD,machine-1-7,machine-1-7,sens_pm0.3,100,256,128,0.3,50,64,0.001,1,1,1,1,0.001,adam,0.1,0.99,adaptive,gated,5000,unc,8,0.95,"[0.5, 1.0, 2.0]",0,0,1,38,2.01569,8,0.0028231428004801273,0.00046622485388070345,41.50405740737915,0.6378593582825508,0.2221692949442137,0.18664169787765292,0.3709677419354839,0.12468723936613844,0.2521681120747165,23598,22743,365,3677,2826,0.8757419586181641,0.7685613036155701,0.9997991919517517,0.13114070577109826,0.6984671581608553,0.2822792437539259,2.0403122901916504,0.10669693530079455,0.5755102040816327,0.058798999165971644,0.7052085186408803,0.29557576585360384,3.1020026206970215,0.08541746825702191,0.5522388059701493,0.04628857381150959,0.7090913280825715,0.3003851166372412,5.221946716308594,0.05951448707909162,0.48717948717948717,0.0316930775646372,0.7090533838843511,0.28453954837890116,SMD
smd,./data/SMD,machine-2-1,machine-2-1,sens_V2,100,256,128,0.15,50,64,0.001,1,1,1,1,0.001,adam,0.1,0.99,adaptive,gated,5000,unc,2,0.95,"[0.5, 1.0, 2.0]",0,0,1,38,2.01569,2,0.0013761433074250817,0.0003260907542426139,44.585012435913086,0.7583339594461065,0.29610398763037327,0.27711598746081506,0.2188118811881188,0.37777777777777777,0.32822085889570557,23595,21642,364,2457,1353,0.9374826550483704,0.5506715774536133,0.9598353505134583,0.07550315751845514,0.7876011456725363,0.3461216959869115,1.4805723428726196,0.3417677642980936,0.287463556851312,0.42136752136752137,0.7844838060674502,0.3530066906763486,2.234910011291504,0.3613211301233586,0.3380491437081162,0.38803418803418804,0.7750620420838854,0.33576298436815427,4.0088725090026855,0.37006043700604374,0.4057084607543323,0.3401709401709402,0.7123013514928804,0.22063030511915396,SMD
npy,./data/MSL,T-4,T-4,sens_pm0.3,100,256,128,0.3,50,64,0.001,1,1,1,1,0.001,adam,0.1,0.99,adaptive,gated,5000,unc,8,0.95,"[0.5, 1.0, 2.0]",0,0,0,55,2.887841,8,0.005020443815737963,0.0016315503744408488,4.169486999511719,0.48624267940517635,0.03063941902306029,0.04823151125401929,0.027124773960216998,0.21739130434782608,0.06253687315634218,2118,1882,34,168,145,0.9229543209075928,0.863095223903656,0.8907692432403564,0.11088951676380421,0.47931341591773946,0.03018589046780832,1.4414063692092896,0.04915514592933948,0.027491408934707903,0.2318840579710145,0.47689795698054144,0.029982551617408596,1.9814337491989136,0.04975124378109453,0.028089887640449437,0.21739130434782608,0.4770598871886218,0.02983851289163455,3.05606746673584,0.05156537753222836,0.029535864978902954,0.2028985507246377,0.468167219928211,0.03015975853972812,MSL
npy,./data/MSL,T-4,T-4,sens_V2,100,256,128,0.15,50,64,0.001,1,1,1,1,0.001,adam,0.1,0.99,adaptive,gated,5000,unc,2,0.95,"[0.5, 1.0, 2.0]",0,0,2,55,2.887841,2,0.004088102839887142,0.0032770149409770966,3.224874496459961,0.44982862386311495,0.0280767172547864,0.046263345195729534,0.02636916835699797,0.18840579710144928,0.06144256455921638,2118,1941,34,168,156,0.9196290373802185,0.9285714030265808,0.9153845906257629,0.05879325614547369,0.4288384206407038,0.0274499693481438,1.464826226234436,0.04601769911504425,0.02620967741935484,0.18840579710144928,0.422260005937441,0.027452230277597862,2.0098297595977783,0.05168986083499005,0.029953917050691243,0.18840579710144928,0.42045178528054405,0.02802782023757014,3.1530728340148926,0.04186046511627907,0.024930747922437674,0.13043478260869565,0.4376501227970745,0.02805022834311683,MSL
smd,./data/SMD,machine-2-1,machine-2-1,sens_pm0.3,100,256,128,0.3,50,64,0.001,1,1,1,1,0.001,adam,0.1,0.99,adaptive,gated,5000,unc,8,0.95,"[0.5, 1.0, 2.0]",0,0,0,38,2.01569,8,0.0016759417485445738,0.00021032837685197592,44.899573802948,0.758131041988261,0.3080565433289871,0.27626641651031897,0.19036845507433742,0.5034188034188034,0.3341621084037792,23595,20412,362,2457,733,0.9640897512435913,0.29833129048347473,0.9309774041175842,0.1531376427425927,0.8171623582518628,0.38933220073423613,1.481090784072876,0.36874571624400276,0.30778032036613273,0.4598290598290598,0.8268267314484681,0.41664650511300033,2.017462968826294,0.3853271645736947,0.3141163793103448,0.4982905982905983,0.8307543937938184,0.42131638929966464,3.2080845832824707,0.39400846629762293,0.31825355076275647,0.5170940170940171,0.8198492737850757,0.3334061269500628,SMD
npy,./data/MSL,P-10,P-10,sens_V16,100,256,128,0.15,50,64,0.001,1,1,1,1,0.001,adam,0.1,0.99,adaptive,gated,5000,unc,16,0.95,"[0.5, 1.0, 2.0]",0,0,2,55,2.887841,16,0.001931484672240913,0.0016132427845150232,6.184726715087891,0.9571501101748346,0.5538946632977384,0.3092105263157895,0.1970649895178197,0.7175572519083969,0.5638297872340426,6001,5419,91,230,58,0.9892969131469727,0.25217390060424805,0.9289551377296448,0.1864002617453162,0.9615545458149548,0.5694598920499763,1.4488188028335571,0.3518225039619651,0.222,0.8473282442748091,0.9621466636144251,0.5771709564712597,1.949763298034668,0.37254901960784315,0.23700623700623702,0.8702290076335878,0.9612744728169333,0.5835843557469015,3.101835250854492,0.4021164021164021,0.26146788990825687,0.8702290076335878,0.9443127916627768,0.4360384924249961,MSL
npy,./data/MSL,M-6,M-6,sens_pm0.3,100,256,128,0.3,50,64,0.001,1,1,1,1,0.001,adam,0.1,0.99,adaptive,gated,5000,unc,8,0.95,"[0.5, 1.0, 2.0]",0,0,1,55,2.887841,8,0.0022337601985782385,0.0010857573943212628,2.7485554218292236,0.7712831402983662,0.6429524272918414,0.2623655913978495,0.1628838451268358,0.6740331491712708,0.7117437722419929,1950,398,28,199,27,0.9321607947349548,0.13567839562892914,0.2118789255619049,0.10233377799009666,0.7697510854519858,0.6461176754618334,1.6626975536346436,0.18863361547762997,0.10590631364562118,0.861878453038674,0.7691920924674955,0.6455788421585432,2.361755132675171,0.18823529411764708,0.10599721059972106,0.8397790055248618,0.7685562009772027,0.6443873993142952,3.7598700523376465,0.19816272965879267,0.11243484735666419,0.8342541436464088,0.7723390159357366,0.6359969125172279,MSL
npy,./data/MSL,M-6,M-6,sens_V2,100,256,128,0.15,50,64,0.001,1,1,1,1,0.001,adam,0.1,0.99,adaptive,gated,5000,unc,2,0.95,"[0.5, 1.0, 2.0]",0,0,1,55,2.887841,2,0.0020626001060009003,0.0019099428318440914,2.695496082305908,0.760123984052433,0.6378831644170926,0.3072625698324022,0.205607476635514,0.6077348066298343,0.7163120567375887,1950,984,29,199,58,0.9410569071769714,0.29145729541778564,0.5288406610488892,0.052196551591922075,0.7614075975723733,0.6419144849156969,1.3510584831237793,0.18118059614260668,0.10130718954248366,0.856353591160221,0.7617891324665491,0.6414068480727281,1.8374921083450317,0.18009478672985782,0.10086264100862641,0.8397790055248618,0.7628686691826281,0.6410288344241489,3.155020236968994,0.1961047683008731,0.11162079510703364,0.8066298342541437,0.7754711512297845,0.6466790604763479,MSL
npy,./data/MSL,P-10,P-10,sens_V2,100,256,128,0.15,50,64,0.001,1,1,1,1,0.001,adam,0.1,0.99,adaptive,gated,5000,unc,2,0.95,"[0.5, 1.0, 2.0]",0,0,2,55,2.887841,2,0.001931484672240913,0.0024386877194046974,6.229282379150391,0.9556858015778724,0.5524545481506183,0.2862010221465076,0.18421052631578946,0.6412213740458015,0.5641025641025641,6001,5486,91,230,69,0.987422525882721,0.30000001192092896,0.9386588335037231,0.06003408427239259,0.949891231924741,0.5574347486236131,1.4414165019989014,0.3361629881154499,0.21615720524017468,0.7557251908396947,0.9424213397720282,0.5557070768642544,2.020397663116455,0.3516483516483516,0.23132530120481928,0.732824427480916,0.9283742082182882,0.5424711913538034,3.3254590034484863,0.36585365853658536,0.24930747922437674,0.6870229007633588,0.7121220453257862,0.1463425591090892,MSL
smd,./data/SMD,machine-2-1,machine-2-1,sens_pm0.05,100,256,128,0.05,50,64,0.001,1,1,1,1,0.001,adam,0.1,0.99,adaptive,gated,5000,unc,8,0.95,"[0.5, 1.0, 2.0]",0,0,2,38,2.01569,8,0.001320408540777862,0.000551463570445776,33.43242144584656,0.7513969524624826,0.2943987326062894,0.2781422198897927,0.20068156001514578,0.452991452991453,0.32747535362194596,23595,21512,363,2457,1023,0.9524451494216919,0.41636142134666443,0.9692969918251038,0.1188388742817537,0.7975652181832256,0.3626125678711068,1.4564425945281982,0.34794069192751237,0.2831099195710456,0.4512820512820513,0.8056372158396665,0.3860238559356817,2.142794609069824,0.3676309044306114,0.3215887251761691,0.42905982905982903,0.808473563621406,0.3904724323930295,3.591712713241577,0.3879625864172428,0.3700543056633049,0.4076923076923077,0.7889202324737752,0.3069785971726617,SMD
smd,./data/SMD,machine-1-1,machine-1-1,sens_V4,100,256,128,0.15,50,64,0.001,1,1,1,1,0.001,adam,0.1,0.99,adaptive,gated,5000,unc,4,0.95,"[0.5, 1.0, 2.0]",0,0,2,38,2.01569,4,0.00015716528287157416,0.00017520278925076127,40.785043716430664,0.9094951701430322,0.485559110752179,0.3052046488125316,0.2793709528214616,0.3363028953229399,0.558679706601467,28380,23991,434,3486,894,0.9627360105514526,0.25645437836647034,0.9278139472007751,0.07716439155057084,0.9305898858975893,0.5152290901359442,1.6994930505752563,0.470174789605105,0.31309274541199655,0.9435783221974758,0.9372867318824399,0.5330866343440365,2.491384506225586,0.5342215536692813,0.3759262059579616,0.9227913882702301,0.9427076652790572,0.5544653269534412,4.281452655792236,0.5974882658886211,0.4538446714203122,0.8741648106904232,0.9242419792818779,0.5495530931760912,SMD
smd,./data/SMD,machine-2-1,machine-2-1,sens_V16,100,256,128,0.15,50,64,0.001,1,1,1,1,0.001,adam,0.1,0.99,adaptive,gated,5000,unc,16,0.95,"[0.5, 1.0, 2.0]",0,0,2,38,2.01569,16,0.0013885118532925844,0.00030810225871391594,33.48512578010559,0.756549860585556,0.29944982187494573,0.27357107962872496,0.19151846785225718,0.47863247863247865,0.33211009174311923,23595,21172,361,2457,864,0.9591913819313049,0.35164836049079895,0.9607342481613159,0.18872652904642262,0.8142515220232321,0.3789366411443635,1.4872366189956665,0.3575717144763176,0.29321663019693656,0.4581196581196581,0.8248522943048782,0.40973467067460384,1.9759202003479004,0.37578564340059545,0.30652995143011336,0.48547008547008547,0.8292647007484514,0.4218878048020464,3.003434658050537,0.38253502769631803,0.3091100579252238,0.5017094017094017,0.817971447739695,0.35175903108439477,SMD
npy,./data/MSL,T-4,T-4,sens_V16,100,256,128,0.15,50,64,0.001,1,1,1,1,0.001,adam,0.1,0.99,adaptive,gated,5000,unc,16,0.95,"[0.5, 1.0, 2.0]",0,0,0,55,2.887841,16,0.004090030211955309,0.0020910745952278376,3.3188889026641846,0.47002267022913125,0.029202490922888756,0.05663716814159292,0.03225806451612903,0.2318840579710145,0.06172839506172839,2118,1705,34,168,136,0.9202346205711365,0.8095238208770752,0.8046153783798218,0.21125822274385475,0.4714328124578307,0.029016542039885518,1.4748282432556152,0.05448717948717949,0.03063063063063063,0.2463768115942029,0.4733827220467978,0.029064898072577887,2.003103017807007,0.05306799336650083,0.0299625468164794,0.2318840579710145,0.47646951663832887,0.029179124049024036,3.059652328491211,0.04886561954624781,0.027777777777777776,0.2028985507246377,0.478389064313281,0.0307744334787995,MSL
npy,./data/MSL,M-6,M-6,sens_V4,100,256,128,0.15,50,64,0.001,1,1,1,1,0.001,adam,0.1,0.99,adaptive,gated,5000,unc,4,0.95,"[0.5, 1.0, 2.0]",0,0,1,55,2.887841,4,0.0020626001060009003,0.0016770182410255075,2.616478443145752,0.7568824162693579,0.6294435556256148,0.261744966442953,0.1640953716690042,0.6464088397790055,0.697841726618705,1950,620,29,199,42,0.9322580695152283,0.21105527877807617,0.3300970792770386,0.07175922393798828,0.7594289398653684,0.6422443951372613,1.4867702722549438,0.17855072463768112,0.09974093264248704,0.850828729281768,0.7594466856744,0.6421455257267475,1.979766607284546,0.17200674536256325,0.09574468085106383,0.8453038674033149,0.7615850556626877,0.6425983748463566,3.1568164825439453,0.18127962085308058,0.10152621101526212,0.8453038674033149,0.7686538029268755,0.6409915871495493,MSL
smd,./data/SMD,machine-3-2,machine-3-2,sens_V4,100,256,128,0.15,50,64,0.001,1,1,1,1,0.001,adam,0.1,0.99,adaptive,gated,5000,unc,4,0.95,"[0.5, 1.0, 2.0]",0,0,2,38,2.01569,4,0.007789973169565201,0.0010371122043579817,33.79871487617493,0.47342041141335756,0.047032656872030454,0.023492063492063488,0.018128368446839783,0.033363390441839495,0.09087235666502043,23604,22850,366,2018,1931,0.9154923558235168,0.9568880200386047,0.9691003561019897,0.07856734585628694,0.5490759055465542,0.06037023238285567,1.6408120393753052,0.01235657546337158,0.2916666666666667,0.0063119927862939585,0.5556357557361997,0.06607149995042749,2.3113110065460205,0.007142857142857143,0.36363636363636365,0.0036068530207394047,0.5594822248667086,0.07079520949281866,3.8352320194244385,0.0,0.0,0.0,0.5612212375860776,0.07394567017511132,SMD
npy,./data/MSL,T-4,T-4,sens_pm0.05,100,256,128,0.05,50,64,0.001,1,1,1,1,0.001,adam,0.1,0.99,adaptive,gated,5000,unc,8,0.95,"[0.5, 1.0, 2.0]",0,0,2,55,2.887841,8,0.003839830867946148,0.004365736618638039,3.321810245513916,0.4385542331255229,0.027952380152290488,0.04271844660194175,0.02466367713004484,0.15942028985507245,0.06060606060606061,2118,1856,34,168,151,0.9186422228813171,0.898809552192688,0.8743589520454407,0.1363392929855217,0.4186233233476372,0.02725746264185993,1.5307766199111938,0.048598130841121495,0.027896995708154508,0.18840579710144928,0.4150406174938601,0.027260402089114927,2.145245313644409,0.04918032786885246,0.028639618138424822,0.17391304347826086,0.41634955334250934,0.027541274125192094,3.443018913269043,0.05200945626477542,0.031073446327683617,0.15942028985507245,0.43772771435511293,0.028671845879622872,MSL
npy,./data/MSL,D-14,D-14,sens_V2,100,256,128,0.15,50,64,0.001,1,1,1,1,0.001,adam,0.1,0.99,adaptive,gated,5000,unc,2,0.95,"[0.5, 1.0, 2.0]",0,0,2,55,2.887841,2,0.00524080591276288,0.0034829711075872183,5.243951082229614,0.4525255592671323,0.20761014286955926,0.19210526315789475,0.13568773234200743,0.32882882882882886,0.3160621761658031,2526,1889,38,420,201,0.89359450340271,0.47857141494750977,0.8015194535255432,0.06354572465281966,0.47290361522571256,0.2109147985398284,1.4419848918914795,0.150409530900968,0.09009812667261374,0.45495495495495497,0.4854236258730641,0.211259084261507,2.0426011085510254,0.16819317235636969,0.10316649642492338,0.45495495495495497,0.4986015978525342,0.21460849712084695,3.2259764671325684,0.18097014925373134,0.11411764705882353,0.4369369369369369,0.45407579864508707,0.12174683152977764,MSL
npy,./data/MSL,P-10,P-10,sens_V4,100,256,128,0.15,50,64,0.001,1,1,1,1,0.001,adam,0.1,0.99,adaptive,gated,5000,unc,4,0.95,"[0.5, 1.0, 2.0]",0,0,2,55,2.887841,4,0.001931484672240913,0.00178572628647089,6.0993332862854,0.9571398791977379,0.5532664639691351,0.29421487603305785,0.1877637130801688,0.6793893129770993,0.5699481865284974,6001,5362,91,230,61,0.9886236190795898,0.2652173936367035,0.9185582995414734,0.08129902709187954,0.9601260456378311,0.5650113163571934,1.5377421379089355,0.34390651085141904,0.22008547008547008,0.7862595419847328,0.9588382213957867,0.5694846279990805,2.047489643096924,0.3605442176870748,0.23194748358862144,0.8091603053435115,0.9554466524882376,0.5697499652533631,3.2438747882843018,0.3669064748201438,0.24,0.7786259541984732,0.8898763202756226,0.3091626696904437,MSL
smd,./data/SMD,machine-3-2,machine-3-2,sens_pm0.3,100,256,128,0.3,50,64,0.001,1,1,1,1,0.001,adam,0.1,0.99,adaptive,gated,5000,unc,8,0.95,"[0.5, 1.0, 2.0]",0,0,2,38,2.01569,8,0.008534303866326809,0.000655332813039422,34.983551263809204,0.48002609756270825,0.04813747185474582,0.025316455696202528,0.019248826291079813,0.0369702434625789,0.0910875875021342,23604,22817,366,2018,1953,0.9144059419631958,0.967789888381958,0.9665523767471313,0.12079138328333747,0.5846097494064073,0.065262894433399,1.7766284942626953,0.012400354295837024,0.35,0.0063119927862939585,0.5913287184217775,0.07234949258369935,2.5020134449005127,0.003587443946188341,0.3333333333333333,0.0018034265103697023,0.5947229740046852,0.07849466030185472,4.006532192230225,0.0,0.0,0.0,0.5960043854058303,0.08412795820890892,SMD
npy,./data/MSL,C-1,C-1,sens_pm0.3,100,256,128,0.3,50,64,0.001,1,1,1,1,0.001,adam,0.1,0.99,adaptive,gated,5000,unc,8,0.95,"[0.5, 1.0, 2.0]",0,0,0,55,2.887841,8,0.0062946174293756485,0.0018889086786657572,4.090130805969238,0.6468529975830181,0.20339570431307274,0.18628719275549804,0.1561822125813449,0.23076923076923078,0.30990173847316704,2165,1980,34,464,421,0.7873737215995789,0.9073275923728943,0.9165197014808655,0.11444752541205074,0.6619706284153005,0.2106527917029786,1.4674428701400757,0.2264600715137068,0.18026565464895636,0.30448717948717946,0.6650641025641026,0.2140251746748998,2.0423126220703125,0.21409921671018275,0.18061674008810572,0.26282051282051283,0.6691788829340058,0.22312076238428166,3.210038185119629,0.21183800623052962,0.20606060606060606,0.21794871794871795,0.6799091661412359,0.26708722325959167,MSL
smd,./data/SMD,machine-2-1,machine-2-1,sens_pm0.5,100,256,128,0.5,50,64,0.001,1,1,1,1,0.001,adam,0.1,0.99,adaptive,gated,5000,unc,8,0.95,"[0.5, 1.0, 2.0]",0,0,2,38,2.01569,8,0.0030866777524352074,0.00017753469001036137,35.067193269729614,0.7449852161493078,0.26543867365666257,0.2632471386180585,0.1750281848928974,0.5307692307692308,0.29523088569265704,23595,19920,361,2457,712,0.964257001876831,0.2897842824459076,0.9086952209472656,0.12633565574107622,0.8230483116205013,0.3719151471940588,1.523174524307251,0.3656686626746507,0.3430711610486891,0.39145299145299145,0.8343642564740061,0.4037827188944931,2.1870884895324707,0.3839679358717435,0.36150943396226415,0.4094017094017094,0.8391262046030292,0.4039666774648587,3.6294729709625244,0.38476953907815625,0.3622641509433962,0.41025641025641024,0.8322972495055606,0.3301394075763508,SMD
smd,./data/SMD,machine-3-7,machine-3-7,sens_pm0.5,100,256,128,0.5,50,64,0.001,1,1,1,1,0.001,adam,0.1,0.99,adaptive,gated,5000,unc,8,0.95,"[0.5, 1.0, 2.0]",0,0,2,38,2.01569,8,0.0006383199943229556,0.00013228222087491304,49.35687589645386,0.7852212791698256,0.40371011743031227,0.1650190114068441,0.09881602914389799,0.5,0.5132450331125828,28606,26316,442,929,384,0.9854081273078918,0.41334769129753113,0.9369512796401978,0.12399492201784779,0.834229992891382,0.4640681247316767,1.1811473369598389,0.23609341825902336,0.14471629359708485,0.6405529953917051,0.8382828913770229,0.5106569249104278,1.6368951797485352,0.2466230936819172,0.15206878022568512,0.652073732718894,0.8394017937320604,0.538690899800807,2.957836866378784,0.32584916522740354,0.21719109746738297,0.652073732718894,0.8355660577423218,0.5066383850543047,SMD
npy,./data/MSL,F-7,F-7,sens_pm0.5,100,256,128,0.5,50,64,0.001,1,1,1,1,0.001,adam,0.1,0.99,adaptive,gated,5000,unc,8,0.95,"[0.5, 1.0, 2.0]",0,0,0,55,2.887841,8,0.007889038883149624,0.0022417765576392412,4.715272903442383,0.5252617140220112,0.08524940943973949,0.10418195157740279,0.07553191489361702,0.16784869976359337,0.16552075375604788,4955,4431,78,720,610,0.8623335361480713,0.8472222089767456,0.9022431969642639,0.16337514043936938,0.5219231277754551,0.08398087284351609,1.4742286205291748,0.09778456837280367,0.07223476297968397,0.15130023640661938,0.5122662415329318,0.08253967525157187,2.017051935195923,0.08166666666666667,0.06306306306306306,0.11583924349881797,0.5026399845220283,0.08106682276226496,3.0684666633605957,0.07010710808179163,0.059602649006622516,0.0851063829787234,0.503844734299073,0.08180764697996083,MSL
smd,./data/SMD,machine-3-10,machine-3-10,sens_V2,100,256,128,0.15,50,64,0.001,1,1,1,1,0.001,adam,0.1,0.99,adaptive,gated,5000,unc,2,0.95,"[0.5, 1.0, 2.0]",0,0,0,38,2.01569,2,0.0012471855152398348,0.00010936951002804562,38.026084661483765,0.9593596673049528,0.6632747620776185,0.5150034891835311,0.405717427157779,0.7048710601719198,0.650132860938884,23594,21160,358,2334,701,0.966871440410614,0.30034276843070984,0.9623236060142517,0.0667240272651964,0.966550616139897,0.6191838872353115,4.61495304107666,0.44714926329276106,0.6789883268482491,0.3333333333333333,0.9615670566311894,0.5660888325737269,8.35122299194336,0.3651567944250871,0.6752577319587629,0.2502387774594078,0.9549582583344784,0.5111437910534251,15.784788131713867,0.28038777032065626,0.6394557823129252,0.17956064947468958,0.9158498507951924,0.3911815398617867,SMD
smd,./data/SMD,machine-1-4,machine-1-4,sens_pm0.5,100,256,128,0.5,50,64,0.001,1,1,1,1,0.001,adam,0.1,0.99,adaptive,gated,5000,unc,8,0.95,"[0.5, 1.0, 2.0]",0,0,0,38,2.01569,8,0.000979778589680791,0.00011745535448426381,44.787338733673096,0.7981502527998917,0.2481327831401791,0.252623688155922,0.17299794661190965,0.46805555555555556,0.3296327924850555,23608,22391,363,1908,801,0.9642267227172852,0.41981130838394165,0.9949308633804321,0.1421309414252472,0.8978980269040955,0.27707901552294517,1.6586424112319946,0.31539888682745826,0.2842809364548495,0.3541666666666667,0.9238163599715781,0.30250935676631097,2.4091451168060303,0.3316654753395282,0.34167893961708395,0.32222222222222224,0.937899622008575,0.3234663585024528,4.039790153503418,0.3319967923015237,0.3927893738140417,0.2875,0.9353277577181305,0.2809491220577726,SMD
npy,./data/MSL,F-7,F-7,sens_V2,100,256,128,0.15,50,64,0.001,1,1,1,1,0.001,adam,0.1,0.99,adaptive,gated,5000,unc,2,0.95,"[0.5, 1.0, 2.0]",0,0,0,55,2.887841,2,0.004515376407653093,0.005348621401935816,3.768994092941284,0.47817590674011556,0.0754680382794691,0.06711409395973153,0.05201560468140442,0.09456264775413711,0.15460526315789475,4955,4547,78,720,638,0.8596876859664917,0.8861111402511597,0.923022449016571,0.06628719757110872,0.4858786480052968,0.07592704112563478,1.555618166923523,0.05045045045045045,0.040756914119359534,0.06619385342789598,0.4836233155836936,0.0753306547454568,2.185060739517212,0.031746031746031744,0.02735042735042735,0.037825059101654845,0.47732798751144134,0.0743933474802346,3.412158727645874,0.02742857142857143,0.02654867256637168,0.028368794326241134,0.49019583820210494,0.08220919601879124,MSL
smd,./data/SMD,machine-3-2,machine-3-2,sens_V16,100,256,128,0.15,50,64,0.001,1,1,1,1,0.001,adam,0.1,0.99,adaptive,gated,5000,unc,16,0.95,"[0.5, 1.0, 2.0]",0,0,2,38,2.01569,16,0.007789973169565201,0.001037222915329039,33.59032726287842,0.4734927272679381,0.047043179974748314,0.023521932612841707,0.018163966617574866,0.033363390441839495,0.09090496299323435,23604,22883,366,2018,1944,0.9150460958480835,0.9633300304412842,0.9700268507003784,0.19420604345415068,0.5790415283772283,0.06664918239377277,1.738258957862854,0.012411347517730495,0.3684210526315789,0.0063119927862939585,0.5859468144826148,0.07654792258929749,2.4984030723571777,0.0035810205908683975,0.25,0.0018034265103697023,0.5895199839596093,0.08777898238342241,3.929539203643799,0.0,0.0,0.0,0.5901468410942107,0.10393892151039147,SMD
npy,./data/MSL,T-4,T-4,sens_pm0.5,100,256,128,0.5,50,64,0.001,1,1,1,1,0.001,adam,0.1,0.99,adaptive,gated,5000,unc,8,0.95,"[0.5, 1.0, 2.0]",0,0,2,55,2.887841,8,0.006359562743455172,0.0011494453065097332,3.349642753601074,0.4397012387660918,0.030120713894244644,0.05908419497784343,0.03289473684210526,0.2898550724637681,0.06266318537859009,2118,1847,34,168,136,0.9263671040534973,0.8095238208770752,0.8774359226226807,0.13295122764378475,0.4371171025288101,0.03052905822080218,1.511559247970581,0.05688622754491018,0.03171953255425709,0.2753623188405797,0.4355045475400102,0.030880523046065044,2.0774199962615967,0.052805280528052806,0.0297951582867784,0.2318840579710145,0.43195557714624994,0.03273649841162536,3.2314727306365967,0.057692307692307696,0.03325942350332594,0.21739130434782608,0.4387229104256065,0.030631393692303464,MSL
smd,./data/SMD,machine-3-2,machine-3-2,sens_pm0.05,100,256,128,0.05,50,64,0.001,1,1,1,1,0.001,adam,0.1,0.99,adaptive,gated,5000,unc,8,0.95,"[0.5, 1.0, 2.0]",0,0,0,38,2.01569,8,0.007171095348894596,0.002014921512454748,35.967347383499146,0.4656153277045631,0.0465072290470195,0.023794212218649517,0.018490754622688656,0.033363390441839495,0.0897702624939135,23604,22858,365,2018,1925,0.9157844185829163,0.9539147615432739,0.9697489142417908,0.11551772067353314,0.5463470396355536,0.06002731076831886,1.6763702630996704,0.01408450704225352,0.2962962962962963,0.007213706041478809,0.5534208831426075,0.06649708856942058,2.2789881229400635,0.0035650623885917997,0.15384615384615385,0.0018034265103697023,0.5576698187386343,0.0737239956806468,3.6837687492370605,0.0,0.0,0.0,0.5587717575139246,0.08223224331844498,SMD
npy,./data/MSL,P-10,P-10,sens_pm0.3,100,256,128,0.3,50,64,0.001,1,1,1,1,0.001,adam,0.1,0.99,adaptive,gated,5000,unc,8,0.95,"[0.5, 1.0, 2.0]",0,0,0,55,2.887841,8,0.002197353169322014,0.001059840084053576,8.490952730178833,0.9431336715523845,0.49888253649134195,0.27840000000000004,0.17611336032388664,0.6641221374045801,0.4882629107981221,6001,5389,91,230,59,0.9890517592430115,0.25652173161506653,0.923583447933197,0.12708131402080367,0.9523428298115326,0.5258881685908041,1.5028804540634155,0.30818619582664525,0.1951219512195122,0.732824427480916,0.9543723998930863,0.5467084675649854,2.071237087249756,0.33003300330033003,0.21052631578947367,0.7633587786259542,0.9532866374487012,0.5651818849728217,3.2044403553009033,0.3592400690846287,0.23214285714285715,0.7938931297709924,0.919782745201352,0.4515427485863905,MSL
smd,./data/SMD,machine-2-5,machine-2-5,sens_pm0.3,100,256,128,0.3,50,64,0.001,1,1,1,1,0.001,adam,0.1,0.99,adaptive,gated,5000,unc,8,0.95,"[0.5, 1.0, 2.0]",0,0,0,38,2.01569,8,0.002847069874405861,0.000546503288205713,94.00674271583557,0.9135246207338455,0.41212565998608053,0.4992466097438473,0.49159248269040556,0.5071428571428571,0.49311023622047245,23590,22761,364,3016,2199,0.9033873677253723,0.7291114330291748,0.9994167685508728,0.14890331795479395,0.9415023352244593,0.45979874022931677,1.6262550354003906,0.23490488006617039,0.6200873362445415,0.14489795918367346,0.9392817825531727,0.4246952731608711,2.4357712268829346,0.2067796610169491,0.61,0.12448979591836734,0.9337265365435443,0.37033126141608985,4.037572383880615,0.189328743545611,0.6043956043956044,0.11224489795918367,0.9141614715374016,0.25365387924894117,SMD
smd,./data/SMD,machine-2-5,machine-2-5,sens_V2,100,256,128,0.15,50,64,0.001,1,1,1,1,0.001,adam,0.1,0.99,adaptive,gated,5000,unc,2,0.95,"[0.5, 1.0, 2.0]",0,0,1,38,2.01569,2,0.002835979452356696,0.0004558356595225632,50.27806735038757,0.9183780412512886,0.4500882220386064,0.5075107296137339,0.5350678733031674,0.4826530612244898,0.5148164528969482,23590,22190,363,3016,1789,0.9193781018257141,0.5931697487831116,0.9915913343429565,0.0697303899722162,0.9318697702340435,0.3946916406030531,2.1306374073028564,0.188135593220339,0.555,0.11326530612244898,0.9266137852384337,0.3529119438024335,3.4323480129241943,0.1647875108412836,0.5491329479768786,0.09693877551020408,0.91948220655121,0.3170091594451358,6.183165073394775,0.1274336283185841,0.48,0.07346938775510205,0.8734444493372672,0.23290167680308482,SMD
smd,./data/SMD,machine-1-1,machine-1-1,sens_V4,100,256,128,0.15,50,64,0.001,1,1,1,1,0.001,adam,0.1,0.99,adaptive,gated,5000,unc,4,0.95,"[0.5, 1.0, 2.0]",0,0,0,38,2.01569,4,0.00015585284563712776,0.00017902338004205376,48.93710494041443,0.9200289312038517,0.4773204918677619,0.31502590673575126,0.29457364341085274,0.33853006681514475,0.5627050934512768,28380,24020,436,3486,847,0.9647377133369446,0.24297188222408295,0.9308668971061707,0.09320659314855209,0.934630918771942,0.5025304900476154,1.8457653522491455,0.4900268507863445,0.330359451771399,0.9484038604305864,0.9397773749837867,0.5182860333239504,3.020143508911133,0.5667517993963316,0.4123310810810811,0.9060876020786934,0.9442420181504904,0.5377720595756078,5.3051958084106445,0.6158261582615827,0.4873458792991564,0.8363028953229399,0.9295033210350165,0.5624273125988226,SMD
npy,./data/MSL,M-1,M-1,sens_V16,100,256,128,0.15,50,64,0.001,1,1,1,1,0.001,adam,0.1,0.99,adaptive,gated,5000,unc,16,0.95,"[0.5, 1.0, 2.0]",0,0,2,55,2.887841,16,0.0034127605613321066,0.0019916126038879156,3.101717710494995,0.3721778523904161,0.41460030091245365,0.22209234365867914,0.3333333333333333,0.16652059596844873,0.6682284040995607,2178,1571,35,1167,1044,0.33545511960983276,0.8946015238761902,0.5212661027908325,0.1931840723211115,0.34239563145745644,0.4033013994774226,1.5084519386291504,0.3231309583542399,0.3779342723004695,0.2822085889570552,0.3277332707903865,0.39655219302689443,1.992593765258789,0.3041054232133807,0.3605769230769231,0.26292725679228746,0.30870576218044465,0.38708098310146277,3.0388059616088867,0.2742857142857143,0.336734693877551,0.23137598597721298,0.2619651960844823,0.36304354776786546,MSL
smd,./data/SMD,machine-3-7,machine-3-7,sens_pm0.3,100,256,128,0.3,50,64,0.001,1,1,1,1,0.001,adam,0.1,0.99,adaptive,gated,5000,unc,8,0.95,"[0.5, 1.0, 2.0]",0,0,2,38,2.01569,8,0.00018150369578506798,0.00016901636263355613,42.35861921310425,0.825960539589917,0.4095180628571354,0.1440217391304348,0.08446215139442231,0.48847926267281105,0.4957555178268251,28606,26155,440,929,304,0.9883769750595093,0.32723358273506165,0.9340246319770813,0.12440619114970007,0.8605174539313136,0.4449070806524828,1.4867024421691895,0.1546572934973638,0.08678500986193294,0.7096774193548387,0.865770308666597,0.47840380250465775,2.1701812744140625,0.19933993399339936,0.11633281972265024,0.695852534562212,0.8680364353760437,0.5201323960221725,3.5197103023529053,0.2600896860986547,0.16146993318485522,0.6682027649769585,0.8517655078635725,0.49608362390293137,SMD
npy,./data/MSL,M-6,M-6,sens_V2,100,256,128,0.15,50,64,0.001,1,1,1,1,0.001,adam,0.1,0.99,adaptive,gated,5000,unc,2,0.95,"[0.5, 1.0, 2.0]",0,0,0,55,2.887841,2,0.002069976646453142,0.0019322431180626154,2.519371271133423,0.7555337347829687,0.6279345613196905,0.30428360413589367,0.20766129032258066,0.569060773480663,0.7000000000000001,1950,1013,29,199,54,0.9466930031776428,0.2713567912578583,0.5476870536804199,0.07104237874348958,0.7716173530351249,0.646088989556828,1.3757749795913696,0.18937080024434944,0.10645604395604395,0.856353591160221,0.7799992901676387,0.6476360531753257,1.9145355224609375,0.1951530612244898,0.110310021629416,0.8453038674033149,0.7898127225620217,0.6500204487306335,3.1157209873199463,0.214992927864215,0.12327656123276562,0.8397790055248618,0.8088096111301714,0.6535663471398272,MSL
npy,./data/MSL,P-15,P-15,sens_V4,100,256,128,0.15,50,64,0.001,1,1,1,1,0.001,adam,0.1,0.99,adaptive,gated,5000,unc,4,0.95,"[0.5, 1.0, 2.0]",0,0,1,55,2.887841,4,0.001554005080834031,0.001447607995942235,6.411567211151123,0.7269169396153523,0.6692275811247889,0.09929078014184398,0.05363984674329502,0.6666666666666666,0.8,2757,2326,44,120,50,0.9785038828849792,0.4166666567325592,0.8631020188331604,0.07356972983231957,0.740421600739061,0.6693562149744816,1.5191059112548828,0.0880503144654088,0.04713804713804714,0.6666666666666666,0.7436633912824389,0.6693910824912339,2.1815857887268066,0.09427609427609428,0.050724637681159424,0.6666666666666666,0.7451919039220626,0.6662334320627508,3.541029930114746,0.10566037735849058,0.05737704918032787,0.6666666666666666,0.624305030654237,0.16768357315446852,MSL
npy,./data/MSL,C-1,C-1,sens_V4,100,256,128,0.15,50,64,0.001,1,1,1,1,0.001,adam,0.1,0.99,adaptive,gated,5000,unc,4,0.95,"[0.5, 1.0, 2.0]",0,0,2,55,2.887841,4,0.005695381201803684,0.0029231072403490543,2.996896743774414,0.6549906079234973,0.20698923030940763,0.18256130790190736,0.15876777251184834,0.21474358974358973,0.32,2165,1945,34,464,421,0.783547580242157,0.9073275923728943,0.8959435820579529,0.08361752534298093,0.655021805380412,0.21072453262197388,1.4893189668655396,0.2095730918499353,0.175704989154013,0.25961538461538464,0.651425887978142,0.21376389248542427,1.9986982345581055,0.2100954979536153,0.1828978622327791,0.2467948717948718,0.6495606084489282,0.21969237740959552,3.0364737510681152,0.18749999999999997,0.18292682926829268,0.19230769230769232,0.6423786254728878,0.21251798557226936,MSL
npy,./data/MSL,M-6,M-6,sens_V2,100,256,128,0.15,50,64,0.001,1,1,1,1,0.001,adam,0.1,0.99,adaptive,gated,5000,unc,2,0.95,"[0.5, 1.0, 2.0]",0,0,2,55,2.887841,2,0.0021380481775850058,0.0025232478510588408,2.1611504554748535,0.7581689874241366,0.6356629326877216,0.3097345132743363,0.2112676056338028,0.580110497237569,0.7163120567375887,1950,1247,29,199,81,0.9350441098213196,0.4070351719856262,0.6659051775932312,0.05924029228014824,0.757039170915802,0.6413111656586096,1.2669225931167603,0.1821471652593486,0.10223425863236289,0.8342541436464088,0.7561873720822933,0.640451011485764,1.838945746421814,0.19022457067371198,0.10802700675168792,0.7955801104972375,0.7566132714990477,0.6389861707068477,3.0289931297302246,0.2127659574468085,0.12334801762114538,0.7734806629834254,0.7612419700214133,0.6253144500676596,MSL
npy,./data/MSL,P-10,P-10,sens_pm0.05,100,256,128,0.05,50,64,0.001,1,1,1,1,0.001,adam,0.1,0.99,adaptive,gated,5000,unc,8,0.95,"[0.5, 1.0, 2.0]",0,0,0,55,2.887841,8,0.0018936872947961092,0.0030412492342293262,12.607795476913452,0.9630188544119169,0.5436015348629325,0.34829443447037706,0.22769953051643194,0.7404580152671756,0.5130890052356021,6001,5327,92,230,55,0.9896752238273621,0.239130437374115,0.9135332107543945,0.1599222913302495,0.9610468335765321,0.5568692285674242,1.487886667251587,0.3811129848229342,0.24458874458874458,0.8625954198473282,0.956913518829474,0.5632215426348774,2.1183314323425293,0.4028520499108735,0.2627906976744186,0.8625954198473282,0.9509872253462226,0.5725461075307056,3.404487133026123,0.4148148148148148,0.27383863080684595,0.8549618320610687,0.9143321921530965,0.3535850055356182,MSL
smd,./data/SMD,machine-2-5,machine-2-5,sens_V2,100,256,128,0.15,50,64,0.001,1,1,1,1,0.001,adam,0.1,0.99,adaptive,gated,5000,unc,2,0.95,"[0.5, 1.0, 2.0]",0,0,0,38,2.01569,2,0.002692374400794506,0.0005032316548749804,36.337780475616455,0.9271696872857208,0.46760523896238204,0.48352816153028694,0.5044345898004434,0.4642857142857143,0.5178735105407883,23590,22302,364,3016,1820,0.9183929562568665,0.6034482717514038,0.9955283403396606,0.06449921952814003,0.9304572447676503,0.4238468915740414,1.9193006753921509,0.21797004991680533,0.5900900900900901,0.1336734693877551,0.9246121963691462,0.37929308525958244,3.1327226161956787,0.19201359388275277,0.5736040609137056,0.11530612244897959,0.9165951016453964,0.3353281753579285,5.580494403839111,0.15264527320034693,0.5086705202312138,0.08979591836734693,0.857934191334731,0.2224447301500958,SMD
npy,./data/MSL,T-4,T-4,sens_V16,100,256,128,0.15,50,64,0.001,1,1,1,1,0.001,adam,0.1,0.99,adaptive,gated,5000,unc,16,0.95,"[0.5, 1.0, 2.0]",0,0,2,55,2.887841,16,0.004088102839887142,0.002138094510883093,3.2323148250579834,0.4406863141985804,0.02760071657143358,0.045855379188712526,0.02610441767068273,0.18840579710144928,0.06090026478375993,2118,1761,34,168,142,0.9193639755249023,0.8452380895614624,0.8302564024925232,0.21250716237328432,0.419399238928022,0.0266086014100011,1.4724599123001099,0.0448,0.025179856115107913,0.2028985507246377,0.4084622027905973,0.026142810524585013,1.9690548181533813,0.04575163398692811,0.02578268876611418,0.2028985507246377,0.4015059509351469,0.02589474681206532,3.0345728397369385,0.04513888888888889,0.02564102564102564,0.18840579710144928,0.3921544814185086,0.024759246774754037,MSL
smd,./data/SMD,machine-3-10,machine-3-10,sens_pm0.5,100,256,128,0.5,50,64,0.001,1,1,1,1,0.001,adam,0.1,0.99,adaptive,gated,5000,unc,8,0.95,"[0.5, 1.0, 2.0]",0,0,2,38,2.01569,8,0.0015439825365319848,7.685571472393349e-05,39.12657451629639,0.9594737524462933,0.5925805222240237,0.5039881831610044,0.36484174508126604,0.8147086914995224,0.6182937554969218,23594,21146,348,2334,372,0.9824080467224121,0.15938302874565125,0.9771401882171631,0.13078049278728152,0.9710219101673775,0.5906518960576461,3.7064146995544434,0.4779582366589327,0.6085672082717873,0.39350525310410694,0.9696891595328658,0.5719811171663037,6.391294956207275,0.44418192557590075,0.5820433436532507,0.35912129894937916,0.9679637957446623,0.5540131357668414,11.878548622131348,0.40241691842900296,0.5476973684210527,0.31805157593123207,0.9632137628265651,0.5165930026254015,SMD
npy,./data/MSL,M-6,M-6,sens_pm0.5,100,256,128,0.5,50,64,0.001,1,1,1,1,0.001,adam,0.1,0.99,adaptive,gated,5000,unc,8,0.95,"[0.5, 1.0, 2.0]",0,0,1,55,2.887841,8,0.0026337397284805775,0.0007168712909333408,2.7102487087249756,0.7591036000331255,0.6320365767809936,0.26004228329809725,0.1607843137254902,0.6795580110497238,0.7117437722419929,1950,379,28,199,29,0.9234828352928162,0.14572864770889282,0.1998857855796814,0.1105348880474384,0.7560749819584274,0.6408747258052652,1.613665223121643,0.1811764705882353,0.10138248847926268,0.850828729281768,0.7514640292450933,0.6394188298856317,2.258084297180176,0.17957746478873238,0.10045961917268549,0.8453038674033149,0.7447501981615341,0.637074884972417,3.5469231605529785,0.17615971814445097,0.09855453350854139,0.8287292817679558,0.7280159002448923,0.6205367521634673,MSL
smd,./data/SMD,machine-1-4,machine-1-4,sens_V2,100,256,128,0.15,50,64,0.001,1,1,1,1,0.001,adam,0.1,0.99,adaptive,gated,5000,unc,2,0.95,"[0.5, 1.0, 2.0]",0,0,0,38,2.01569,2,0.0009657125920057297,0.00020117565873079002,45.621718406677246,0.8088630409458486,0.24838074457178408,0.3381535038932147,0.2820037105751391,0.4222222222222222,0.3179650238473768,23608,22247,363,1908,804,0.963860273361206,0.42138364911079407,0.9881566762924194,0.08149666731254968,0.8817212808688968,0.302334924117328,2.3441274166107178,0.3117338003502627,0.4218009478672986,0.24722222222222223,0.8829515958295269,0.30914444855833245,3.9084527492523193,0.29347826086956524,0.421875,0.225,0.8750389713026203,0.298802185303872,6.705837726593018,0.2611111111111111,0.39166666666666666,0.19583333333333333,0.8145632434757811,0.20359544258066295,SMD
npy,./data/MSL,P-10,P-10,sens_pm0.5,100,256,128,0.5,50,64,0.001,1,1,1,1,0.001,adam,0.1,0.99,adaptive,gated,5000,unc,8,0.95,"[0.5, 1.0, 2.0]",0,0,2,55,2.887841,8,0.0025497819297015667,0.0008352312725037336,6.595057010650635,0.9194118722815974,0.451255262759044,0.23019431988041852,0.14312267657992564,0.5877862595419847,0.4926108374384237,6001,5516,92,230,64,0.9883973598480225,0.27826085686683655,0.9447236061096191,0.12674909336450516,0.927134981117453,0.46897784472407594,1.426567554473877,0.26627218934911245,0.1651376146788991,0.6870229007633588,0.926714232184352,0.48634396439419847,1.9566500186920166,0.2884012539184953,0.1814595660749507,0.7022900763358778,0.9256693936483537,0.5108076827483633,2.9649524688720703,0.3125,0.19916142557651992,0.7251908396946565,0.8819754482127122,0.29324048474445624,MSL
smd,./data/SMD,machine-3-10,machine-3-10,sens_pm0.5,100,256,128,0.5,50,64,0.001,1,1,1,1,0.001,adam,0.1,0.99,adaptive,gated,5000,unc,8,0.95,"[0.5, 1.0, 2.0]",0,0,1,38,2.01569,8,0.0015124151250347495,5.545213571167551e-05,42.714815616607666,0.9667595965004667,0.7424582858917823,0.49971607041453714,0.35555555555555557,0.8404966571155683,0.6773308957952467,23594,20698,347,2334,300,0.9855058193206787,0.1285347044467926,0.959454357624054,0.28625534602804914,0.9752332756454751,0.7296346553200285,4.4966349601745605,0.623578076525336,0.6798196166854565,0.5759312320916905,0.97328847193476,0.6986840870931844,8.022894859313965,0.550408719346049,0.6408629441624365,0.48233046800382046,0.9708710056809762,0.6482044768287445,15.226805686950684,0.5112612612612613,0.6227709190672154,0.43361986628462273,0.9628416892158795,0.5425823609215752,SMD
smd,./data/SMD,machine-3-7,machine-3-7,sens_V4,100,256,128,0.15,50,64,0.001,1,1,1,1,0.001,adam,0.1,0.99,adaptive,gated,5000,unc,4,0.95,"[0.5, 1.0, 2.0]",0,0,0,38,2.01569,4,0.0001507573906565085,0.0002565570757724345,42.861358642578125,0.8371503781618557,0.4007230578849492,0.14853195164075994,0.08736286062576189,0.49539170506912444,0.49230769230769234,28606,26420,443,929,353,0.9866389036178589,0.3799784779548645,0.9418289661407471,0.08333311925724171,0.8688912299930545,0.43077727745355193,1.5205672979354858,0.14432497013142176,0.08051186350306586,0.695852534562212,0.8697881204738795,0.4610474821025787,2.1693997383117676,0.18349206349206348,0.10640648011782032,0.6658986175115207,0.8640735560222188,0.49149405670566504,3.601658821105957,0.2484988452655889,0.15540150202195263,0.619815668202765,0.8170697138475587,0.43542455003956076,SMD
smd,./data/SMD,machine-1-7,machine-1-7,sens_pm0.5,100,256,128,0.5,50,64,0.001,1,1,1,1,0.001,adam,0.1,0.99,adaptive,gated,5000,unc,8,0.95,"[0.5, 1.0, 2.0]",0,0,1,38,2.01569,8,0.0035181506536900997,0.00034557352773845196,42.13039684295654,0.652939112953926,0.23633048350315394,0.23163841807909605,0.35901926444833626,0.17097581317764804,0.26402774943889,23598,22699,365,3677,2781,0.877483606338501,0.7563230991363525,0.9998493790626526,0.13354660363629345,0.7048629973621929,0.2842287744155021,1.9980815649032593,0.1166051660516605,0.5064102564102564,0.0658882402001668,0.7100493407714404,0.2942835808504153,3.017409324645996,0.09891345073061074,0.4870848708487085,0.05504587155963303,0.7120094973270877,0.29537146827067107,5.137916564941406,0.07768469154607768,0.4473684210526316,0.042535446205170975,0.7046780145011058,0.27473016767300434,SMD
smd,./data/SMD,machine-1-4,machine-1-4,sens_V2,100,256,128,0.15,50,64,0.001,1,1,1,1,0.001,adam,0.1,0.99,adaptive,gated,5000,unc,2,0.95,"[0.5, 1.0, 2.0]",0,0,2,38,2.01569,2,0.0009402090799994767,0.00022197100042831153,38.047210931777954,0.8103241626909895,0.2594322215127112,0.35060240963855416,0.30957446808510636,0.4041666666666667,0.3206751054852321,23608,22424,363,1908,901,0.9598198533058167,0.4722222089767456,0.9918433427810669,0.05268738537228984,0.8807782055557972,0.3089108818793642,2.0500354766845703,0.3240973971452561,0.40976645435244163,0.26805555555555555,0.8814639796406664,0.31463731818802954,3.196979522705078,0.31770833333333326,0.4236111111111111,0.25416666666666665,0.8730191702556518,0.3019844460860943,5.594250202178955,0.300711743772242,0.4183168316831683,0.23472222222222222,0.7998690685073205,0.20291772515421286,SMD
npy,./data/MSL,C-1,C-1,sens_pm0.3,100,256,128,0.3,50,64,0.001,1,1,1,1,0.001,adam,0.1,0.99,adaptive,gated,5000,unc,8,0.95,"[0.5, 1.0, 2.0]",0,0,2,55,2.887841,8,0.006345623638480902,0.0016214004717767239,3.080610752105713,0.651066296237915,0.20596995773086488,0.18832891246684352,0.16063348416289594,0.22756410256410256,0.3104294478527608,2165,1881,34,464,391,0.7921318411827087,0.8426724076271057,0.87595534324646,0.1363112249220216,0.6704842502101724,0.21579050519194234,1.4500735998153687,0.2345828295042322,0.1883495145631068,0.3108974358974359,0.6772705180748214,0.22318246480609252,2.0169925689697266,0.24031007751937986,0.2012987012987013,0.2980769230769231,0.686046855296343,0.2361391083382966,3.167750120162964,0.2340740740740741,0.21763085399449036,0.2532051282051282,0.7080607660781841,0.2702130391543899,MSL
npy,./data/MSL,P-15,P-15,sens_pm0.05,100,256,128,0.05,50,64,0.001,1,1,1,1,0.001,adam,0.1,0.99,adaptive,gated,5000,unc,8,0.95,"[0.5, 1.0, 2.0]",0,0,0,55,2.887841,8,0.0015321231912821531,0.0026684575714170933,6.8406288623809814,0.7343411438649534,0.6693029400308781,0.11244979919678716,0.06140350877192982,0.6666666666666666,0.8,2757,2314,44,120,30,0.9870354533195496,0.25,0.8661357760429382,0.14250019905054356,0.7445032333921223,0.6693996978617193,1.4677026271820068,0.08187134502923976,0.04361370716510903,0.6666666666666666,0.7470227597211724,0.669428117875048,2.018364906311035,0.08510638297872342,0.045454545454545456,0.6666666666666666,0.7487864281515075,0.6662742659247489,3.1374454498291016,0.0856269113149847,0.0457516339869281,0.6666666666666666,0.6687662719408751,0.10093359851732153,MSL
smd,./data/SMD,machine-3-10,machine-3-10,sens_pm0.5,100,256,128,0.5,50,64,0.001,1,1,1,1,0.001,adam,0.1,0.99,adaptive,gated,5000,unc,8,0.95,"[0.5, 1.0, 2.0]",0,0,0,38,2.01569,8,0.0015961808385327458,8.9806409960147e-05,48.75371956825256,0.9650385346288683,0.7018699768855686,0.5072547881601858,0.36431846602751145,0.8347659980897804,0.6944309927360774,23594,21361,352,2334,475,0.9777632355690002,0.2035132795572281,0.9824082851409912,0.1508402220119791,0.9753905486554781,0.7052191488971279,2.975452184677124,0.6590683845391477,0.6848609680741503,0.6351480420248329,0.9740196712306628,0.6811652103308868,4.970876693725586,0.6079751424132573,0.6640271493212669,0.5606494746895893,0.9720609706422871,0.6521211186454139,9.11113166809082,0.5608180839612487,0.6424167694204685,0.4976122254059217,0.9659611692136967,0.5928238121592941,SMD
smd,./data/SMD,machine-3-2,machine-3-2,sens_pm0.5,100,256,128,0.5,50,64,0.001,1,1,1,1,0.001,adam,0.1,0.99,adaptive,gated,5000,unc,8,0.95,"[0.5, 1.0, 2.0]",0,0,2,38,2.01569,8,0.010889980010688305,0.0005023100529797375,35.109665632247925,0.4868531013564172,0.0487187047741838,0.02347276557327716,0.017615176151761516,0.0351668169522092,0.09106938199770784,23604,22868,368,2018,1965,0.9140720367431641,0.9737363457679749,0.968359112739563,0.125143946560535,0.5812356081671578,0.06099985760897133,2.023820161819458,0.005376344086021506,0.42857142857142855,0.002705139765554554,0.5912559635636646,0.0646086591577836,3.0551414489746094,0.0,0.0,0.0,0.5970857907886363,0.06801786918505853,5.385839462280273,0.0,0.0,0.0,0.6018479215138312,0.07208817111723853,SMD
smd,./data/SMD,machine-1-7,machine-1-7,sens_pm0.3,100,256,128,0.3,50,64,0.001,1,1,1,1,0.001,adam,0.1,0.99,adaptive,gated,5000,unc,8,0.95,"[0.5, 1.0, 2.0]",0,0,0,38,2.01569,8,0.0027870498597621918,0.00047400713083334267,44.79865121841431,0.6415834697373092,0.23501218740178226,0.21319467013324667,0.48306332842415317,0.13678065054211844,0.2563619227144204,23598,22740,365,3677,2820,0.8759894371032715,0.766929566860199,0.9999498128890991,0.13758115964841516,0.7042413821148749,0.29852913902440475,1.9916536808013916,0.11081794195250659,0.5764705882352941,0.061301084236864055,0.7094630657087395,0.31093642551450296,3.0609426498413086,0.08895705521472393,0.5523809523809524,0.04837364470391994,0.71183737790162,0.3135776177006978,5.23096227645874,0.06338028169014084,0.5126582278481012,0.03377814845704754,0.7099610686260962,0.29447528454400484,SMD
smd,./data/SMD,machine-1-4,machine-1-4,sens_pm0.05,100,256,128,0.05,50,64,0.001,1,1,1,1,0.001,adam,0.1,0.99,adaptive,gated,5000,unc,8,0.95,"[0.5, 1.0, 2.0]",0,0,0,38,2.01569,8,0.0009271507733501494,0.0004835416912101209,34.34475564956665,0.8072364573212878,0.2630810172977837,0.32758620689655177,0.2676056338028169,0.4222222222222222,0.33691164327002476,23608,22444,363,1908,843,0.9624398350715637,0.44182389974594116,0.9954378008842468,0.11797680042025115,0.9031486395692251,0.3285808154039332,1.8401494026184082,0.330550918196995,0.41422594142259417,0.275,0.9178486753382347,0.3540664544374189,2.7951385974884033,0.3068875326939843,0.41217798594847777,0.24444444444444444,0.9231772306086048,0.35838988645029374,4.735032558441162,0.2959719789842382,0.4004739336492891,0.23472222222222222,0.9054392458539366,0.2764821815062266,SMD
smd,./data/SMD,machine-2-5,machine-2-5,sens_pm0.3,100,256,128,0.3,50,64,0.001,1,1,1,1,0.001,adam,0.1,0.99,adaptive,gated,5000,unc,8,0.95,"[0.5, 1.0, 2.0]",0,0,1,38,2.01569,8,0.003130135592073202,0.000529989309143275,41.03096032142639,0.9164875968441893,0.42687748030597594,0.4870517928286852,0.47568093385214005,0.4989795918367347,0.5043402777777778,23590,22727,366,3016,2162,0.904870867729187,0.7168434858322144,0.9995625615119934,0.13068147815350203,0.942398747776886,0.46489634124722706,1.7257033586502075,0.22742474916387959,0.6296296296296297,0.13877551020408163,0.9388805211635051,0.42851013978401975,2.5083861351013184,0.205607476635514,0.6142131979695431,0.12346938775510204,0.9334625937212702,0.3770222632045828,4.168123722076416,0.1751951431049436,0.5838150289017341,0.10306122448979592,0.914543411270008,0.2584147137024995,SMD
npy,./data/MSL,F-7,F-7,sens_V16,100,256,128,0.15,50,64,0.001,1,1,1,1,0.001,adam,0.1,0.99,adaptive,gated,5000,unc,16,0.95,"[0.5, 1.0, 2.0]",0,0,1,55,2.887841,16,0.004527409560978413,0.0037106515374034643,4.584003448486328,0.4634396729206453,0.07299247672751559,0.051056338028169015,0.04067321178120617,0.06855791962174941,0.1553398058252427,4955,4355,78,720,589,0.8647531867027283,0.8180555701255798,0.8892561793327332,0.22703453702955506,0.4671407050747021,0.0723313620437343,1.4710427522659302,0.043516100957354226,0.03443526170798898,0.0591016548463357,0.4624304397387735,0.07119839511156417,2.0079541206359863,0.03616636528028933,0.029282576866764276,0.04728132387706856,0.45554805139380866,0.06996010854889262,3.080820322036743,0.030563514804202486,0.02564102564102564,0.037825059101654845,0.4767220392125633,0.07384932067339595,MSL
npy,./data/MSL,T-4,T-4,sens_V4,100,256,128,0.15,50,64,0.001,1,1,1,1,0.001,adam,0.1,0.99,adaptive,gated,5000,unc,4,0.95,"[0.5, 1.0, 2.0]",0,0,0,55,2.887841,4,0.004090030211955309,0.0025062067434191704,3.3915276527404785,0.4688149407605322,0.029104106058657608,0.05693950177935942,0.032454361054766734,0.2318840579710145,0.06374501992031871,2118,1839,34,168,150,0.9184339046478271,0.8928571343421936,0.8661538362503052,0.09161464665946925,0.45094189404366714,0.028577871030186445,1.537658452987671,0.05545927209705373,0.031496062992125984,0.2318840579710145,0.4466372493455321,0.028381832627304926,2.1091508865356445,0.052141527001862205,0.029914529914529916,0.2028985507246377,0.4409629449707176,0.02818284969210712,3.3305044174194336,0.04741379310344827,0.027848101265822784,0.15942028985507245,0.4339189809192239,0.02868571675857123,MSL
npy,./data/MSL,T-4,T-4,sens_pm0.3,100,256,128,0.3,50,64,0.001,1,1,1,1,0.001,adam,0.1,0.99,adaptive,gated,5000,unc,8,0.95,"[0.5, 1.0, 2.0]",0,0,2,55,2.887841,8,0.004921899642795324,0.001620592433027923,3.2829184532165527,0.42708417671983373,0.026603660740142917,0.04942339373970346,0.027881040892193308,0.21739130434782608,0.060873400970445524,2118,1888,34,168,152,0.9194915294647217,0.9047619104385376,0.890256404876709,0.12824172901589426,0.4097643915472431,0.025970769831212125,1.472474217414856,0.0473186119873817,0.02654867256637168,0.21739130434782608,0.4039888807923785,0.02574729640070399,2.010786294937134,0.05154639175257732,0.029239766081871343,0.21739130434782608,0.40657301702966026,0.025842579023670438,3.1005730628967285,0.05009633911368015,0.028888888888888888,0.18840579710144928,0.4366583002725825,0.025910636350577197,MSL
smd,./data/SMD,machine-1-1,machine-1-1,sens_V16,100,256,128,0.15,50,64,0.001,1,1,1,1,0.001,adam,0.1,0.99,adaptive,gated,5000,unc,16,0.95,"[0.5, 1.0, 2.0]",0,0,2,38,2.01569,16,0.00015716528287157416,0.00019080900528933853,40.58112645149231,0.909495198934597,0.4619221932485463,0.3494068710522261,0.2986568343429023,0.4209354120267261,0.5381593714927048,28380,23834,424,3486,811,0.9659729599952698,0.23264487087726593,0.9248413443565369,0.18907933272132577,0.9296978080549873,0.49057293257249507,1.6830682754516602,0.46208998028320486,0.30458412098298676,0.9569413511507052,0.9368207260109761,0.5086768788820876,2.639616012573242,0.5383533484799308,0.37990532905787144,0.9235337787676318,0.9431906149863839,0.5314636256408265,4.600113391876221,0.6037103839216696,0.4623125493291239,0.8697104677060133,0.9400023378750587,0.5821445657501293,SMD
smd,./data/SMD,machine-1-1,machine-1-1,sens_pm0.5,100,256,128,0.5,50,64,0.001,1,1,1,1,0.001,adam,0.1,0.99,adaptive,gated,5000,unc,8,0.95,"[0.5, 1.0, 2.0]",0,0,2,38,2.01569,8,0.0005567360785789788,0.00011551821080502123,44.57828116416931,0.9037607397934982,0.457912241017481,0.3836637352809658,0.32054794520547947,0.477728285077951,0.5246305418719212,28380,23836,426,3486,631,0.9735274314880371,0.18100975453853607,0.9321523308753967,0.12111493279347545,0.9298063234625773,0.4938883399268869,1.6893789768218994,0.5539542206612571,0.41110911378752474,0.8489235337787676,0.9373488136939592,0.5138765041871715,2.363966941833496,0.5875516528925621,0.4504950495049505,0.8444691907943578,0.9433911266412813,0.5359023737117591,3.785412549972534,0.611745059838575,0.4893143365983971,0.8158871566443949,0.946568067073981,0.5612819731868613,SMD
smd,./data/SMD,machine-2-5,machine-2-5,sens_V2,100,256,128,0.15,50,64,0.001,1,1,1,1,0.001,adam,0.1,0.99,adaptive,gated,5000,unc,2,0.95,"[0.5, 1.0, 2.0]",0,0,2,38,2.01569,2,0.0028385058976709843,0.0005184140172787011,32.92907118797302,0.9178741728758084,0.44507099285927376,0.5026511134676563,0.5231788079470199,0.48367346938775513,0.49867139061116034,23590,22290,363,3016,1819,0.9183939099311829,0.6031166911125183,0.9949936866760254,0.05943979333648746,0.9281697178408992,0.4052033828057908,2.1534981727600098,0.19830508474576272,0.585,0.11938775510204082,0.9227345357095676,0.3635240167865172,3.564969539642334,0.18025751072961374,0.5675675675675675,0.10714285714285714,0.9147026576714619,0.3230811425736388,6.361783504486084,0.13085764809902742,0.4900662251655629,0.07551020408163266,0.854033306043365,0.2171493627263805,SMD
npy,./data/MSL,C-1,C-1,sens_V2,100,256,128,0.15,50,64,0.001,1,1,1,1,0.001,adam,0.1,0.99,adaptive,gated,5000,unc,2,0.95,"[0.5, 1.0, 2.0]",0,0,1,55,2.887841,2,0.005667607765644789,0.004179921466857195,3.5309395790100098,0.657021726565784,0.2006216768436382,0.182312925170068,0.15839243498817968,0.21474358974358973,0.31639135959339265,2165,1998,34,464,442,0.7787787914276123,0.9525862336158752,0.9147560000419617,0.06899580393872691,0.6573435529634301,0.2058220412481086,1.459652066230774,0.2236503856041131,0.18669527896995708,0.27884615384615385,0.6507953709541825,0.20835776525499555,1.9953527450561523,0.21128798842257596,0.19261213720316622,0.23397435897435898,0.6415954051071879,0.2140991893375916,3.075045108795166,0.18021201413427562,0.20078740157480315,0.16346153846153846,0.6168755254308533,0.20983387407739248,MSL
npy,./data/MSL,M-6,M-6,sens_V16,100,256,128,0.15,50,64,0.001,1,1,1,1,0.001,adam,0.1,0.99,adaptive,gated,5000,unc,16,0.95,"[0.5, 1.0, 2.0]",0,0,2,55,2.887841,16,0.0021380481775850058,0.001576966024003923,2.1837570667266846,0.7582103943118766,0.6210757176783156,0.2439516129032258,0.14919852034525277,0.6685082872928176,0.697841726618705,1950,150,24,199,10,0.9333333373069763,0.05025125667452812,0.07995431125164032,0.18936939728565705,0.7653057602896116,0.6424671785862752,1.4487698078155518,0.1783783783783784,0.09886159376872379,0.9116022099447514,0.7631821784755167,0.6415854051315003,1.9151580333709717,0.17192268565615462,0.09467787114845938,0.9337016574585635,0.7604434086149987,0.6400380073544154,2.990426778793335,0.16757023164120252,0.09199134199134198,0.9392265193370166,0.7520821749263549,0.6275459358559551,MSL
smd,./data/SMD,machine-1-4,machine-1-4,sens_V4,100,256,128,0.15,50,64,0.001,1,1,1,1,0.001,adam,0.1,0.99,adaptive,gated,5000,unc,4,0.95,"[0.5, 1.0, 2.0]",0,0,1,38,2.01569,4,0.0009402820724062622,0.00026049601729027927,40.9511296749115,0.8043546050182955,0.25245417850859897,0.313666162380232,0.24623911322248615,0.43194444444444446,0.3242769500438212,23608,22467,363,1908,832,0.9629679322242737,0.4360587000846863,0.9970046281814575,0.09069679874923019,0.9005394957536386,0.31607200688165527,1.9897598028182983,0.32214765100671144,0.4067796610169492,0.26666666666666666,0.9145410086860688,0.3423815178735411,3.171715497970581,0.30088495575221236,0.4146341463414634,0.2361111111111111,0.9177727266135931,0.3491832003381306,5.400695323944092,0.28755760368663597,0.4273972602739726,0.21666666666666667,0.8901206841548122,0.26954611713186877,SMD
npy,./data/MSL,C-1,C-1,sens_V16,100,256,128,0.15,50,64,0.001,1,1,1,1,0.001,adam,0.1,0.99,adaptive,gated,5000,unc,16,0.95,"[0.5, 1.0, 2.0]",0,0,0,55,2.887841,16,0.005544409155845642,0.002470024861395359,3.1126437187194824,0.668504032681799,0.21079468704864715,0.19241192411924118,0.16666666666666666,0.22756410256410256,0.3273231622746186,2165,1896,34,464,404,0.7869198322296143,0.8706896305084229,0.8771311044692993,0.20882108745619002,0.6705302254098361,0.21513416208488167,1.4961105585098267,0.235722964763062,0.1898238747553816,0.3108974358974359,0.6666157655527534,0.21613528981270172,2.0019829273223877,0.23618090452261306,0.19421487603305784,0.30128205128205127,0.6625765158680117,0.2195973499167903,3.0544896125793457,0.23978201634877383,0.20853080568720378,0.28205128205128205,0.6514242460067254,0.24589471634186413,MSL
npy,./data/MSL,D-14,D-14,sens_V4,100,256,128,0.15,50,64,0.001,1,1,1,1,0.001,adam,0.1,0.99,adaptive,gated,5000,unc,4,0.95,"[0.5, 1.0, 2.0]",0,0,1,55,2.887841,4,0.005283655598759651,0.003023384604603052,6.233857154846191,0.43035170001462136,0.1744103653878697,0.14705882352941177,0.10101010101010101,0.2702702702702703,0.2866043613707165,2526,1714,38,420,163,0.9049007892608643,0.3880952298641205,0.7364672422409058,0.08832917549453458,0.46274364251892336,0.1792080336548318,1.5311373472213745,0.1496698459280998,0.08939526730937773,0.4594594594594595,0.4828067768142675,0.18373375573251718,2.096071720123291,0.16758026624902117,0.1014218009478673,0.481981981981982,0.5035409941776983,0.19073036883616745,3.2932863235473633,0.19429590017825313,0.12111111111111111,0.49099099099099097,0.4807785313403291,0.15006763508503812,MSL
smd,./data/SMD,machine-2-5,machine-2-5,sens_pm0.05,100,256,128,0.05,50,64,0.001,1,1,1,1,0.001,adam,0.1,0.99,adaptive,gated,5000,unc,8,0.95,"[0.5, 1.0, 2.0]",0,0,2,38,2.01569,8,0.002520495792850852,0.001080237445421517,33.406229972839355,0.9352218530637408,0.49759837734056067,0.5338809034907598,0.5371900826446281,0.5306122448979592,0.5593736407133537,23590,22253,364,3016,1742,0.921718418598175,0.5775862336158752,0.9969378709793091,0.11510071788818567,0.9450851545867368,0.46421047895415984,1.7572516202926636,0.2554922701383238,0.6305220883534136,0.16020408163265307,0.9409147771134523,0.41019794334483206,2.6177804470062256,0.21724709784411275,0.5796460176991151,0.1336734693877551,0.9361451586667519,0.3637190256377281,4.344759464263916,0.19620774938169827,0.5107296137339056,0.12142857142857143,0.9150499532236163,0.2628300075302759,SMD
smd,./data/SMD,machine-1-7,machine-1-7,sens_pm0.5,100,256,128,0.5,50,64,0.001,1,1,1,1,0.001,adam,0.1,0.99,adaptive,gated,5000,unc,8,0.95,"[0.5, 1.0, 2.0]",0,0,2,38,2.01569,8,0.003646155120804906,0.00033144428743980825,35.844537019729614,0.6351231665150009,0.2309173729615417,0.21446636317653006,0.27249357326478146,0.176814011676397,0.24439495174461764,23598,22642,365,3677,2742,0.8788976073265076,0.7457166314125061,0.9989458322525024,0.1268075759031579,0.6973124249706344,0.2822932272565759,2.173940420150757,0.12643253234750462,0.5570032573289903,0.07130942452043369,0.7037954888381601,0.2951234546425474,3.405017137527466,0.0989345509893455,0.5652173913043478,0.05421184320266889,0.706712493129222,0.2999453132489493,5.921440124511719,0.07662538699690404,0.532258064516129,0.04128440366972477,0.6998320235014381,0.2775761247904383,SMD
npy,./data/MSL,M-6,M-6,sens_pm0.3,100,256,128,0.3,50,64,0.001,1,1,1,1,0.001,adam,0.1,0.99,adaptive,gated,5000,unc,8,0.95,"[0.5, 1.0, 2.0]",0,0,0,55,2.887841,8,0.0022572472225874662,0.0011556843528524041,2.749488115310669,0.761741810309132,0.632841405451211,0.2634989200863931,0.16375838926174496,0.6740331491712708,0.7025089605734767,1950,497,29,199,41,0.9175050258636475,0.20603014528751373,0.26042261719703674,0.11609884408804086,0.7602955268730702,0.6433892887879139,1.3809261322021484,0.17386427369601795,0.09675405742821473,0.856353591160221,0.7580891312834952,0.642205377369262,1.8443411588668823,0.16883116883116883,0.09358128374325135,0.861878453038674,0.7550368521300885,0.640105644010752,3.012557029724121,0.171875,0.09559279950341402,0.850828729281768,0.7385155039218239,0.6249599599010481,MSL
smd,./data/SMD,machine-3-2,machine-3-2,sens_V16,100,256,128,0.15,50,64,0.001,1,1,1,1,0.001,adam,0.1,0.99,adaptive,gated,5000,unc,16,0.95,"[0.5, 1.0, 2.0]",0,0,0,38,2.01569,16,0.007416234351694584,0.0010740384459495544,34.17313003540039,0.4657343974353254,0.04528808417003342,0.02372775522947237,0.018147086914995225,0.034265103697024346,0.08967115157920409,23604,22874,366,2018,1952,0.9146629571914673,0.9672943353652954,0.9692392945289612,0.19407815760302355,0.572521866965487,0.06300507100547229,1.6325856447219849,0.013973799126637555,0.2222222222222222,0.007213706041478809,0.5818823800983576,0.07092099146744583,2.309851884841919,0.0070921985815602835,0.21052631578947367,0.0036068530207394047,0.5870448022261151,0.08061967917370469,3.7089033126831055,0.0,0.0,0.0,0.5904011837770156,0.09530208927360359,SMD
smd,./data/SMD,machine-3-2,machine-3-2,sens_pm0.05,100,256,128,0.05,50,64,0.001,1,1,1,1,0.001,adam,0.1,0.99,adaptive,gated,5000,unc,8,0.95,"[0.5, 1.0, 2.0]",0,0,1,38,2.01569,8,0.005555885378271341,0.0019418859155848622,41.198275566101074,0.463680938458649,0.04623024918405727,0.026506784474597665,0.020388349514563107,0.03787195671776375,0.09015232022670916,23604,22841,365,2018,1918,0.9160282015800476,0.9504460096359253,0.9692856669425964,0.13433765746884135,0.5405464859642988,0.057924278347587774,1.5954827070236206,0.017064846416382253,0.15873015873015872,0.009017132551848512,0.548694451386465,0.0643839076925578,2.2273473739624023,0.013973799126637555,0.2222222222222222,0.007213706041478809,0.5542619340915217,0.07163209422270857,3.62760591506958,0.0035746201966041103,0.2,0.0018034265103697023,0.5582308253434025,0.08423270870859875,SMD
npy,./data/MSL,P-10,P-10,sens_V4,100,256,128,0.15,50,64,0.001,1,1,1,1,0.001,adam,0.1,0.99,adaptive,gated,5000,unc,4,0.95,"[0.5, 1.0, 2.0]",0,0,0,55,2.887841,4,0.0019772201776504517,0.0019256591331213713,6.435377359390259,0.957894413758618,0.5542283046273605,0.3079526226734349,0.19782608695652174,0.6946564885496184,0.5567010309278351,6001,5466,91,230,62,0.9886571764945984,0.269565224647522,0.9364061951637268,0.0860771324769236,0.9519553315539959,0.5638122072443927,1.436851143836975,0.35947712418300654,0.2286902286902287,0.8396946564885496,0.9466288291030374,0.5675021160530772,2.019073963165283,0.36960276338514686,0.23883928571428573,0.816793893129771,0.9402498148832583,0.5675145749888036,3.132387161254883,0.39042357274401474,0.25728155339805825,0.8091603053435115,0.8452475193077722,0.30638472211175083,MSL
smd,./data/SMD,machine-1-7,machine-1-7,sens_V16,100,256,128,0.15,50,64,0.001,1,1,1,1,0.001,adam,0.1,0.99,adaptive,gated,5000,unc,16,0.95,"[0.5, 1.0, 2.0]",0,0,2,38,2.01569,16,0.002461969153955579,0.0006840116111561656,33.82717227935791,0.6610988385277009,0.2389409616390137,0.19363308171972432,0.45454545454545453,0.12301918265221018,0.2738709677419355,23598,22780,366,3677,2867,0.8741439580917358,0.7797117233276367,0.9995984435081482,0.19438912963673202,0.7132794630140201,0.3019011911167618,2.18322491645813,0.09302325581395347,0.5422222222222223,0.05087572977481234,0.7166337360104265,0.31315805849181816,3.3754100799560547,0.07479548110634981,0.5680473372781065,0.040033361134278564,0.7177787579920213,0.31584958207460734,5.752501964569092,0.047505938242280284,0.46875,0.025020850708924104,0.713986237337788,0.29777581502947115,SMD
smd,./data/SMD,machine-1-7,machine-1-7,sens_V2,100,256,128,0.15,50,64,0.001,1,1,1,1,0.001,adam,0.1,0.99,adaptive,gated,5000,unc,2,0.95,"[0.5, 1.0, 2.0]",0,0,1,38,2.01569,2,0.002437320537865162,0.00048089781193993986,42.95106101036072,0.6531269935143614,0.22724105420311308,0.1724941724941725,0.428099173553719,0.10800667222685571,0.2645348837209302,23598,22649,366,3677,2814,0.8757560849189758,0.7652977705001831,0.995682954788208,0.10583717769076738,0.698248450386747,0.2762228622670919,2.4415500164031982,0.08185328185328185,0.5520833333333334,0.04420350291909925,0.7012093215385484,0.28094465099251703,3.9407169818878174,0.06742453939631517,0.5620915032679739,0.03586321934945788,0.7013704473276379,0.27790941639999245,6.961938858032227,0.04841269841269841,0.5,0.02543786488740617,0.6824506438590057,0.2525811642392791,SMD
smd,./data/SMD,machine-2-1,machine-2-1,sens_V2,100,256,128,0.15,50,64,0.001,1,1,1,1,0.001,adam,0.1,0.99,adaptive,gated,5000,unc,2,0.95,"[0.5, 1.0, 2.0]",0,0,0,38,2.01569,2,0.0013637166703119874,0.0003225725085940212,41.78367614746094,0.7555075535762802,0.30969169220835446,0.28786926461345064,0.2276341948310139,0.39145299145299145,0.3472290338401177,23595,21565,365,2457,1329,0.9383723735809326,0.5409035682678223,0.9573280215263367,0.06857196212092757,0.7829902804529869,0.35545559659575043,1.487104058265686,0.35277680754453367,0.2982870643827525,0.43162393162393164,0.7822420187697225,0.36018487662280907,2.3292970657348633,0.37275693311582386,0.35647425897035884,0.3905982905982906,0.7750224641673763,0.34247209028597947,4.021227836608887,0.37722095671981787,0.40390243902439027,0.35384615384615387,0.7095083952236323,0.2229147296663498,SMD
smd,./data/SMD,machine-3-7,machine-3-7,sens_V16,100,256,128,0.15,50,64,0.001,1,1,1,1,0.001,adam,0.1,0.99,adaptive,gated,5000,unc,16,0.95,"[0.5, 1.0, 2.0]",0,0,1,38,2.01569,16,0.00014956938684917986,0.000241554545937106,50.01150631904602,0.8473780022745622,0.4161199470361305,0.13433322464949463,0.07823775161412837,0.47465437788018433,0.5108514190317195,28606,26149,441,929,293,0.9887949824333191,0.3153928816318512,0.9342052936553955,0.21249362991163384,0.882013729201261,0.4519432856798543,1.4665322303771973,0.14553014553014554,0.08087291399229782,0.7258064516129032,0.8851883196977509,0.48980371106988096,2.024573802947998,0.17437923250564333,0.09935691318327974,0.7119815668202765,0.8833567217355005,0.5375785152951433,3.283773183822632,0.2260404734631539,0.13546910755148742,0.6820276497695853,0.8501699401464464,0.5180041582219592,SMD
npy,./data/MSL,P-10,P-10,sens_V2,100,256,128,0.15,50,64,0.001,1,1,1,1,0.001,adam,0.1,0.99,adaptive,gated,5000,unc,2,0.95,"[0.5, 1.0, 2.0]",0,0,0,55,2.887841,2,0.0019772201776504517,0.0022817293647676706,7.027345180511475,0.9566846007169358,0.5479403691663328,0.3111888111888112,0.2018140589569161,0.6793893129770993,0.5595854922279793,6001,5453,91,230,67,0.9877131581306458,0.291304349899292,0.9332871437072754,0.06976073591972545,0.9552714470054571,0.5615245465009132,1.4069547653198242,0.3581081081081081,0.2299349240780911,0.8091603053435115,0.9505012539341304,0.5630897102622016,2.027977705001831,0.3752276867030966,0.24641148325358853,0.7862595419847328,0.9422154413579575,0.5605962868399953,3.3221113681793213,0.398406374501992,0.2695417789757412,0.7633587786259542,0.7893851054877683,0.22088419506647183,MSL
npy,./data/MSL,P-15,P-15,sens_V2,100,256,128,0.15,50,64,0.001,1,1,1,1,0.001,adam,0.1,0.99,adaptive,gated,5000,unc,2,0.95,"[0.5, 1.0, 2.0]",0,0,0,55,2.887841,2,0.001516831573098898,0.0017099000979214907,5.941635608673096,0.7309481817418324,0.6660962251104462,0.10566037735849058,0.05737704918032787,0.6666666666666666,0.7777777777777778,2757,2455,44,120,61,0.9751527309417725,0.5083333253860474,0.9078498482704163,0.07435261100627912,0.7428403460149493,0.669381927319719,1.7104750871658325,0.09893992932862192,0.05343511450381679,0.6666666666666666,0.7436969849668261,0.6693903045776963,2.3942697048187256,0.1064638783269962,0.05785123966942149,0.6666666666666666,0.7436801881246325,0.6693897945359241,3.6805953979492188,0.11023622047244096,0.060085836909871244,0.6666666666666666,0.5541446208112875,0.04354397895153957,MSL
smd,./data/SMD,machine-2-1,machine-2-1,sens_V4,100,256,128,0.15,50,64,0.001,1,1,1,1,0.001,adam,0.1,0.99,adaptive,gated,5000,unc,4,0.95,"[0.5, 1.0, 2.0]",0,0,1,38,2.01569,4,0.0013761433074250817,0.00032393488800153136,41.337780237197876,0.7570132599301487,0.29713518637055275,0.2752245113576334,0.19915902140672784,0.44529914529914527,0.32640949554896137,23595,21410,362,2457,1023,0.9522185921669006,0.41636142134666443,0.9644715785980225,0.09010521681992324,0.8004235178582542,0.36358112909127105,1.4579147100448608,0.3502673796791444,0.287596048298573,0.4478632478632479,0.805364648079086,0.3861503798976183,2.074152708053589,0.3586109142452162,0.3062953995157385,0.4324786324786325,0.8046621874938338,0.3892076313467374,3.5415756702423096,0.3843700159489633,0.3602391629297459,0.41196581196581195,0.7770951251238944,0.30058334440867257,SMD
npy,./data/MSL,P-15,P-15,sens_pm0.5,100,256,128,0.5,50,64,0.001,1,1,1,1,0.001,adam,0.1,0.99,adaptive,gated,5000,unc,8,0.95,"[0.5, 1.0, 2.0]",0,0,2,55,2.887841,8,0.0016129895811900496,0.000527549593243748,5.457785606384277,0.6614764424288234,0.19798659782561842,0.05882352941176471,0.031578947368421054,0.42857142857142855,0.2962962962962963,2757,1978,44,120,24,0.9878665208816528,0.20000000298023224,0.7409935593605042,0.12582897231939438,0.6942302847064753,0.20354842324939323,1.5282381772994995,0.05687203791469194,0.029925187032418952,0.5714285714285714,0.7044427647602249,0.2073744232841245,2.0278384685516357,0.057494866529774126,0.030042918454935622,0.6666666666666666,0.7173931300915427,0.2193826968295231,3.215118885040283,0.04886561954624782,0.025362318840579712,0.6666666666666666,0.696363483665071,0.11662588767781952,MSL
smd,./data/SMD,machine-1-1,machine-1-1,sens_V2,100,256,128,0.15,50,64,0.001,1,1,1,1,0.001,adam,0.1,0.99,adaptive,gated,5000,unc,2,0.95,"[0.5, 1.0, 2.0]",0,0,2,38,2.01569,2,0.00015716528287157416,0.00013407517690211535,50.66728186607361,0.9118415675049186,0.4735813977705049,0.2689908256880734,0.26596516690856314,0.2720861172976986,0.5578069129916567,28380,23857,437,3486,1084,0.9545626044273376,0.3109581172466278,0.9147987365722656,0.06808749045008416,0.9275310052761983,0.49904440487630736,2.123643636703491,0.5002048340843916,0.3454031117397454,0.9064587973273942,0.9317012115058579,0.5123752570277672,3.5170843601226807,0.5748726233378899,0.4320941528115076,0.8585746102449888,0.933980308585112,0.5256886037013477,6.3603129386901855,0.607398568019093,0.5077306733167082,0.7557535263548627,0.8705014583647342,0.47651217915494803,SMD
npy,./data/MSL,P-10,P-10,sens_V4,100,256,128,0.15,50,64,0.001,1,1,1,1,0.001,adam,0.1,0.99,adaptive,gated,5000,unc,4,0.95,"[0.5, 1.0, 2.0]",0,0,1,55,2.887841,4,0.001976204803213477,0.0018345869611948729,7.59912633895874,0.9472797750208136,0.5266361520369301,0.3011844331641286,0.1934782608695652,0.6793893129770993,0.5263157894736843,6001,5402,91,230,56,0.9896334409713745,0.24347825348377228,0.9263558983802795,0.09715547165936618,0.9511573153404549,0.5446114197620275,1.477644920349121,0.3333333333333333,0.21263157894736842,0.7709923664122137,0.9486647935452766,0.5557912443649445,2.11832857131958,0.3667820069204152,0.2371364653243848,0.8091603053435115,0.9438089160407654,0.5667811005090321,3.477466106414795,0.385633270321361,0.2562814070351759,0.7786259541984732,0.8695026082597235,0.29128737438533475,MSL
npy,./data/MSL,D-14,D-14,sens_pm0.5,100,256,128,0.5,50,64,0.001,1,1,1,1,0.001,adam,0.1,0.99,adaptive,gated,5000,unc,8,0.95,"[0.5, 1.0, 2.0]",0,0,1,55,2.887841,8,0.008716560900211334,0.001714724930934608,6.235520601272583,0.4258284501730195,0.1789520183476654,0.16928657799274488,0.11570247933884298,0.3153153153153153,0.2827225130890052,2526,1992,40,420,210,0.8945783376693726,0.5,0.8461538553237915,0.1673034892984543,0.4529398312169848,0.18016201045288174,1.4427186250686646,0.1497872340425532,0.09233997901364113,0.3963963963963964,0.46957069428979537,0.18246682848427392,2.000736951828003,0.17005545286506468,0.10697674418604651,0.4144144144144144,0.48831978045461194,0.18620686371950718,3.137011766433716,0.2098360655737705,0.13852813852813853,0.43243243243243246,0.47153895468502205,0.1253360754341334,MSL
npy,./data/MSL,P-10,P-10,sens_V16,100,256,128,0.15,50,64,0.001,1,1,1,1,0.001,adam,0.1,0.99,adaptive,gated,5000,unc,16,0.95,"[0.5, 1.0, 2.0]",0,0,0,55,2.887841,16,0.0019772201776504517,0.001507194945588708,6.357754707336426,0.9575197042224521,0.5539573612681321,0.31666666666666665,0.2025586353944563,0.7251908396946565,0.5641025641025641,6001,5293,91,230,57,0.9892310500144958,0.24782608449459076,0.9072951078414917,0.19746310630255473,0.9616760386679779,0.5684928743402787,1.470036268234253,0.356120826709062,0.2248995983935743,0.8549618320610687,0.9623282634578912,0.5784628699215172,1.9417011737823486,0.359621451104101,0.22664015904572565,0.8702290076335878,0.9617374245305581,0.5855889015285731,3.084920883178711,0.3859060402684564,0.24731182795698925,0.8778625954198473,0.9334347052647329,0.43580405094594815,MSL
smd,./data/SMD,machine-2-5,machine-2-5,sens_V16,100,256,128,0.15,50,64,0.001,1,1,1,1,0.001,adam,0.1,0.99,adaptive,gated,5000,unc,16,0.95,"[0.5, 1.0, 2.0]",0,0,0,38,2.01569,16,0.002692374400794506,0.0006917199934832752,34.43085765838623,0.9276678939663408,0.4711438938745515,0.4811218985976268,0.5102974828375286,0.45510204081632655,0.5206684256816183,23590,22533,365,3016,1977,0.9122620224952698,0.6555039882659912,0.9991251230239868,0.1914247914662347,0.9418618977821436,0.47229236445253575,1.6802788972854614,0.2419221209610605,0.6431718061674009,0.1489795918367347,0.9363527990790309,0.4176734423096483,2.3440518379211426,0.20999153259949194,0.6169154228855721,0.12653061224489795,0.930143762115353,0.35883395786653544,3.7872109413146973,0.17631806395851338,0.576271186440678,0.10408163265306122,0.9123495943800038,0.24414037295979946,SMD
npy,./data/MSL,M-1,M-1,sens_V16,100,256,128,0.15,50,64,0.001,1,1,1,1,0.001,adam,0.1,0.99,adaptive,gated,5000,unc,16,0.95,"[0.5, 1.0, 2.0]",0,0,0,55,2.887841,16,0.0034322822466492653,0.0020183862652629614,3.209852457046509,0.3588224130056412,0.4107609412380484,0.2277456647398844,0.33446519524617996,0.1726555652936021,0.6678372841673983,2178,1604,35,1167,1048,0.3466334044933319,0.8980291485786438,0.5499505400657654,0.20411049586244412,0.3373068163582723,0.40198786909506856,1.4670841693878174,0.3138430784607696,0.36511627906976746,0.2751971954425942,0.3264302070089248,0.3964134735551071,1.9870402812957764,0.2931562819203269,0.35128518971848227,0.25153374233128833,0.31334170668180866,0.3888688056813566,3.067443609237671,0.2639327024185068,0.32982917214191854,0.21998247151621383,0.2875458271098987,0.37327635490652883,MSL
smd,./data/SMD,machine-3-10,machine-3-10,sens_V4,100,256,128,0.15,50,64,0.001,1,1,1,1,0.001,adam,0.1,0.99,adaptive,gated,5000,unc,4,0.95,"[0.5, 1.0, 2.0]",0,0,0,38,2.01569,4,0.0012471855152398348,0.00010906944226007909,35.237969398498535,0.9610916104950232,0.7048825505280518,0.5163204747774481,0.3745157124408093,0.830945558739255,0.6967680608365019,23594,20870,353,2334,503,0.9758984446525574,0.21550986170768738,0.9579962491989136,0.08047789125571041,0.9713093372425102,0.6731759274783311,3.8877243995666504,0.5881157948197054,0.6279826464208242,0.5530085959885387,0.9683959696608596,0.6211860948434846,6.859833240509033,0.527048741296197,0.6,0.4699140401146132,0.9646311178209763,0.5542590169723548,12.730177879333496,0.47512576858580213,0.5727762803234502,0.4059216809933142,0.9510001154769379,0.4265443558379764,SMD
smd,./data/SMD,machine-3-10,machine-3-10,sens_pm0.05,100,256,128,0.05,50,64,0.001,1,1,1,1,0.001,adam,0.1,0.99,adaptive,gated,5000,unc,8,0.95,"[0.5, 1.0, 2.0]",0,0,2,38,2.01569,8,0.0012583843199536204,0.00022522665676660836,34.91901922225952,0.961299831693839,0.6683726919907237,0.5230009262117937,0.3864051094890511,0.8089780324737345,0.6962890625,23594,21298,353,2334,635,0.9701849818229675,0.272065132856369,0.9719191193580627,0.1228889732267065,0.968145066701217,0.6304605932321523,3.6787102222442627,0.5774358974358974,0.6234772978959026,0.5377268385864374,0.964517032679636,0.5737548727579853,6.3629961013793945,0.5140388768898488,0.591304347826087,0.45463228271251194,0.9599484394207057,0.5106515138061047,11.634288787841797,0.40980735551663744,0.527027027027027,0.335243553008596,0.9464992984923636,0.3968085450180212,SMD
smd,./data/SMD,machine-3-2,machine-3-2,sens_V4,100,256,128,0.15,50,64,0.001,1,1,1,1,0.001,adam,0.1,0.99,adaptive,gated,5000,unc,4,0.95,"[0.5, 1.0, 2.0]",0,0,1,38,2.01569,4,0.008476784452795982,0.0010559018701314926,41.00955772399902,0.46799396857038017,0.04676018919496587,0.02444374804136634,0.018731988472622477,0.0351668169522092,0.09075213599539599,23604,22842,365,2018,1925,0.9157254099845886,0.9539147615432739,0.969007670879364,0.09101820161758369,0.5575393947801522,0.0627296252514703,1.6050899028778076,0.012389380530973451,0.3333333333333333,0.0063119927862939585,0.5660771354748138,0.06867926818155719,2.32405686378479,0.0017969451931716081,0.25,0.0009017132551848512,0.5715891640518685,0.0734237995314249,3.900604009628296,0.0,0.0,0.0,0.5755427899536517,0.07694786943368416,SMD
smd,./data/SMD,machine-2-1,machine-2-1,sens_V16,100,256,128,0.15,50,64,0.001,1,1,1,1,0.001,adam,0.1,0.99,adaptive,gated,5000,unc,16,0.95,"[0.5, 1.0, 2.0]",0,0,0,38,2.01569,16,0.0013637166703119874,0.00029652108787558973,34.50537586212158,0.7506577599278719,0.3093069762607375,0.27971686599951184,0.19576358045780662,0.4897435897435897,0.3477832512315271,23595,21003,360,2457,800,0.9619101881980896,0.3256003260612488,0.9557668566703796,0.18856980634407614,0.8122561765076415,0.38762751024308434,1.4927585124969482,0.3642406114988368,0.29798803697661774,0.4683760683760684,0.8236562102038929,0.41778838967042975,1.9933385848999023,0.3763020833333333,0.3038906414300736,0.49401709401709404,0.8289137550525402,0.4298934521871897,3.1130993366241455,0.3833278634722678,0.311134789557805,0.49914529914529915,0.8197376928996534,0.3669515873647945,SMD
smd,./data/SMD,machine-3-2,machine-3-2,sens_pm0.5,100,256,128,0.5,50,64,0.001,1,1,1,1,0.001,adam,0.1,0.99,adaptive,gated,5000,unc,8,0.95,"[0.5, 1.0, 2.0]",0,0,1,38,2.01569,8,0.009438560344278812,0.0004964481922797859,41.8320529460907,0.48986057487273094,0.047911977408873596,0.023277182235834606,0.017625231910946195,0.034265103697024346,0.09195402298850576,23604,22871,368,2018,1968,0.9139521718025208,0.9752230048179626,0.968359112739563,0.13811426473015387,0.5837854005464237,0.06028166014569534,2.0481882095336914,0.005333333333333333,0.1875,0.002705139765554554,0.5943223034627081,0.06489001489789334,3.129150152206421,0.0017969451931716081,0.25,0.0009017132551848512,0.6011027928367075,0.06868464385316667,5.308088302612305,0.0,0.0,0.0,0.60670535591493,0.07335334383150115,SMD
smd,./data/SMD,machine-3-2,machine-3-2,sens_V2,100,256,128,0.15,50,64,0.001,1,1,1,1,0.001,adam,0.1,0.99,adaptive,gated,5000,unc,2,0.95,"[0.5, 1.0, 2.0]",0,0,0,38,2.01569,2,0.007416234351694584,0.0010268825571984053,35.29652786254883,0.46573958565888807,0.04531188528532355,0.023735165521549032,0.018155757286192068,0.034265103697024346,0.0896773406030028,23604,22759,366,2018,1904,0.9163407683372498,0.9435084462165833,0.9661354422569275,0.06522327898882381,0.5303508683849052,0.05756999609196635,1.682944893836975,0.010526315789473684,0.1935483870967742,0.005410279531109108,0.5371259300788698,0.06242540865883026,2.5039520263671875,0.0035746201966041103,0.2,0.0018034265103697023,0.5414729031455241,0.06607928840735293,4.3454790115356445,0.0,0.0,0.0,0.5436888532932409,0.06823015186918717,SMD
smd,./data/SMD,machine-1-1,machine-1-1,sens_V2,100,256,128,0.15,50,64,0.001,1,1,1,1,0.001,adam,0.1,0.99,adaptive,gated,5000,unc,2,0.95,"[0.5, 1.0, 2.0]",0,0,0,38,2.01569,2,0.00015585284563712776,0.0001360181486234069,55.183801889419556,0.9196664382056003,0.47706854966130113,0.2767775959265321,0.271301247771836,0.28247958426132147,0.551467658387568,28380,23821,439,3486,1039,0.9563830494880676,0.29804933071136475,0.9151602983474731,0.08837938980790744,0.9328064620939617,0.503209826493769,2.0402352809906006,0.5024885526577743,0.34330794341675736,0.9368968077208611,0.9365880901676952,0.5173208234560739,3.2921881675720215,0.5678076513087765,0.41694207688293616,0.8897550111358574,0.9387110361954596,0.5326661308274764,5.893293380737305,0.604585736390491,0.4867497168742922,0.7976985894580549,0.8723136138466696,0.4910120013710331,SMD
npy,./data/MSL,P-15,P-15,sens_V2,100,256,128,0.15,50,64,0.001,1,1,1,1,0.001,adam,0.1,0.99,adaptive,gated,5000,unc,2,0.95,"[0.5, 1.0, 2.0]",0,0,2,55,2.887841,2,0.00153897306881845,0.0017356070457026362,5.14220666885376,0.7006634752666497,0.6689999190855289,0.10606060606060606,0.05761316872427984,0.6666666666666666,0.8,2757,2429,44,120,60,0.9752984642982483,0.5,0.8983693718910217,0.06511421535687037,0.7104224405811708,0.6690797522407765,1.5739290714263916,0.09302325581395349,0.05,0.6666666666666666,0.7192407827328462,0.6691549243994875,2.3511970043182373,0.10408921933085502,0.056451612903225805,0.6666666666666666,0.7279415469891659,0.6692352095622353,3.9057326316833496,0.12280701754385964,0.06763285024154589,0.6666666666666666,0.5525825144872764,0.02122022738513238,MSL
smd,./data/SMD,machine-1-4,machine-1-4,sens_V16,100,256,128,0.15,50,64,0.001,1,1,1,1,0.001,adam,0.1,0.99,adaptive,gated,5000,unc,16,0.95,"[0.5, 1.0, 2.0]",0,0,1,38,2.01569,16,0.0009402820724062622,0.00027299008797854185,40.9292848110199,0.8059410391380635,0.2530005824974525,0.2876284055381867,0.2119815668202765,0.44722222222222224,0.320704845814978,23608,22490,363,1908,809,0.9640284776687622,0.4240041971206665,0.9991244077682495,0.21300446942716242,0.9121585026319224,0.32241962511981465,1.7301298379898071,0.32428115015974435,0.3815789473684211,0.28194444444444444,0.9294448734308763,0.35560039063403215,2.515169143676758,0.31411862990810363,0.3941299790356394,0.2611111111111111,0.9355362088716811,0.36490473891376424,4.063782215118408,0.3130287648054146,0.4004329004329004,0.2569444444444444,0.928022481305859,0.2985095680181516,SMD
smd,./data/SMD,machine-1-7,machine-1-7,sens_pm0.05,100,256,128,0.05,50,64,0.001,1,1,1,1,0.001,adam,0.1,0.99,adaptive,gated,5000,unc,8,0.95,"[0.5, 1.0, 2.0]",0,0,1,38,2.01569,8,0.0023079877719283104,0.0010581475216895342,42.226478576660156,0.6435339542424297,0.23212585709945782,0.19510559839088165,0.49743589743589745,0.1213511259382819,0.2621550591327201,23598,22674,366,3677,2804,0.8763341307640076,0.7625781893730164,0.9974398612976074,0.14587264615041198,0.6971411768128761,0.2856805605983815,2.279172897338867,0.0779320987654321,0.520618556701031,0.042118432026688905,0.7036902122881953,0.29166353257709726,3.5798816680908203,0.052029956641702804,0.4748201438848921,0.027522935779816515,0.708372522432794,0.2914050673531639,6.258692264556885,0.028011204481792715,0.3465346534653465,0.014595496246872394,0.7125325810070453,0.2733525784796213,SMD
smd,./data/SMD,machine-1-7,machine-1-7,sens_V2,100,256,128,0.15,50,64,0.001,1,1,1,1,0.001,adam,0.1,0.99,adaptive,gated,5000,unc,2,0.95,"[0.5, 1.0, 2.0]",0,0,0,38,2.01569,2,0.0024933419190347195,0.0004822853661607951,38.22012734413147,0.6492465825062522,0.2313849267822402,0.17440318302387267,0.4255663430420712,0.10967472894078399,0.25938697318007664,23598,22618,366,3677,2779,0.8771332502365112,0.7557791471481323,0.9958837628364563,0.07155096341981879,0.6962794930482821,0.28723381075045284,2.6209075450897217,0.10401529636711282,0.6267281105990783,0.0567139282735613,0.7003925325348005,0.2929813835464431,4.218980312347412,0.08317139525845316,0.6114285714285714,0.044620517097581316,0.7022042701045808,0.2903864820733243,7.5204339027404785,0.06144151240645924,0.5531914893617021,0.03252710592160134,0.6878056999390818,0.26094922697589457,SMD
npy,./data/MSL,M-6,M-6,sens_pm0.3,100,256,128,0.3,50,64,0.001,1,1,1,1,0.001,adam,0.1,0.99,adaptive,gated,5000,unc,8,0.95,"[0.5, 1.0, 2.0]",0,0,2,55,2.887841,8,0.0022574414033442736,0.001132596516981721,2.21632719039917,0.7511239012386575,0.6183371185043145,0.24897119341563786,0.1529709228824273,0.6685082872928176,0.697841726618705,1950,439,29,199,33,0.9248291850090027,0.1658291518688202,0.23186750710010529,0.12515838329608625,0.7537414080707939,0.6399990373894608,1.469291090965271,0.17302219692657939,0.09644670050761421,0.8397790055248618,0.7484738604232968,0.6384296302976264,2.0961713790893555,0.17276887871853547,0.09636247606892151,0.8342541436464088,0.7419936824919848,0.6357763478544843,3.329392910003662,0.17195614541257936,0.09600515463917526,0.8232044198895028,0.7271818472204148,0.6242221116046277,MSL
npy,./data/MSL,F-7,F-7,sens_pm0.5,100,256,128,0.5,50,64,0.001,1,1,1,1,0.001,adam,0.1,0.99,adaptive,gated,5000,unc,8,0.95,"[0.5, 1.0, 2.0]",0,0,1,55,2.887841,8,0.00792721752077341,0.0023548740427941084,4.471608877182007,0.5326423378679911,0.0849231207067723,0.08985282726568551,0.06682027649769585,0.13711583924349882,0.1671794871794872,4955,4578,78,720,631,0.8621668815612793,0.8763889074325562,0.9319952726364136,0.11435320110301798,0.5300128183334328,0.08406724555691505,1.5612174272537231,0.0785296574770259,0.060723514211886306,0.1111111111111111,0.5231345138860174,0.08274587686000093,2.1910109519958496,0.06766917293233084,0.056162246489859596,0.0851063829787234,0.5139370661177909,0.08110265624602168,3.4407131671905518,0.0587515299877601,0.06091370558375635,0.05673758865248227,0.5154884366993328,0.08469329005598344,MSL
smd,./data/SMD,machine-3-10,machine-3-10,sens_V16,100,256,128,0.15,50,64,0.001,1,1,1,1,0.001,adam,0.1,0.99,adaptive,gated,5000,unc,16,0.95,"[0.5, 1.0, 2.0]",0,0,1,38,2.01569,16,0.0014203498139977455,9.152697020908818e-05,41.039021730422974,0.961263813686185,0.6766695982857496,0.4771739130434782,0.33345993163691606,0.8385864374403056,0.6869728209934395,23594,20172,348,2334,294,0.9854253530502319,0.12596401572227478,0.9349952936172485,0.22231926198145935,0.9723994091697123,0.6308245680930393,4.794839859008789,0.5504484304932735,0.666214382632293,0.4689589302769819,0.9693877301409402,0.580597692523745,8.665502548217773,0.4560143626570916,0.6105769230769231,0.3638968481375358,0.9662706119796906,0.5377515419431212,16.21536636352539,0.339598185353208,0.5282258064516129,0.2502387774594078,0.959770753394655,0.4609325404751042,SMD
npy,./data/MSL,P-10,P-10,sens_pm0.3,100,256,128,0.3,50,64,0.001,1,1,1,1,0.001,adam,0.1,0.99,adaptive,gated,5000,unc,8,0.95,"[0.5, 1.0, 2.0]",0,0,2,55,2.887841,8,0.0022446722723543644,0.001089730765670538,6.475248098373413,0.9483054304747557,0.5293554812930547,0.2895927601809955,0.18045112781954886,0.732824427480916,0.5222222222222223,6001,5425,92,230,60,0.9889401197433472,0.260869562625885,0.929648220539093,0.12873474944931054,0.956205023665529,0.5516349892769058,1.4943923950195312,0.321875,0.20235756385068762,0.7862595419847328,0.9567600541730237,0.5658535503478965,2.044398069381714,0.3502454991816694,0.22291666666666668,0.816793893129771,0.9557663705225088,0.5808881875725661,3.144876003265381,0.36960276338514686,0.23883928571428573,0.816793893129771,0.9184041210375747,0.34397127327749694,MSL
npy,./data/MSL,D-14,D-14,sens_pm0.05,100,256,128,0.05,50,64,0.001,1,1,1,1,0.001,adam,0.1,0.99,adaptive,gated,5000,unc,8,0.95,"[0.5, 1.0, 2.0]",0,0,1,55,2.887841,8,0.004388973116874695,0.004523064009845257,6.253730297088623,0.45213753078921615,0.2118956783720516,0.15991237677984665,0.10564399421128799,0.32882882882882886,0.28923076923076924,2526,1285,37,420,119,0.9073929786682129,0.28333333134651184,0.5536562204360962,0.10569097499288647,0.4762234144256617,0.21394779419408438,1.4872901439666748,0.1365021328458257,0.07892882311486962,0.5045045045045045,0.49253654403467134,0.21623032636248368,2.0499114990234375,0.1493268053855569,0.08640226628895184,0.5495495495495496,0.5107260818871306,0.22167144141982068,3.1711859703063965,0.15117719950433706,0.08764367816091954,0.5495495495495496,0.4847075539959435,0.1619895394051895,MSL
npy,./data/MSL,C-1,C-1,sens_V4,100,256,128,0.15,50,64,0.001,1,1,1,1,0.001,adam,0.1,0.99,adaptive,gated,5000,unc,4,0.95,"[0.5, 1.0, 2.0]",0,0,1,55,2.887841,4,0.005667607765644789,0.002991419518366456,3.6670114994049072,0.6580693043295502,0.20045466469512227,0.1862348178137652,0.16083916083916083,0.22115384615384615,0.31949685534591193,2165,1928,34,464,425,0.7795643210411072,0.9159482717514038,0.8835979104042053,0.07813279678309487,0.6633006252627154,0.205509958301731,1.5613099336624146,0.21739130434782608,0.18085106382978725,0.2724358974358974,0.6604222493694829,0.20835831958308082,2.214001178741455,0.20512820512820515,0.18461538461538463,0.23076923076923078,0.6576670213324927,0.21422985749003295,3.519383668899536,0.20320855614973263,0.2289156626506024,0.18269230769230768,0.6532222047078604,0.21738596497437507,MSL
smd,./data/SMD,machine-3-10,machine-3-10,sens_V4,100,256,128,0.15,50,64,0.001,1,1,1,1,0.001,adam,0.1,0.99,adaptive,gated,5000,unc,4,0.95,"[0.5, 1.0, 2.0]",0,0,2,38,2.01569,4,0.0012886007316410542,0.00010379625018686056,33.52727031707764,0.9627837398686702,0.6644614208778016,0.4994305239179955,0.35578093306288033,0.8376313276026743,0.6912529550827423,23594,20781,352,2334,485,0.9766613841056824,0.20779776573181152,0.9546566605567932,0.07864932160241286,0.9696972572582401,0.6340471736348982,4.55992317199707,0.545876887340302,0.6962962962962963,0.448901623686724,0.9666531029766647,0.5924001810374884,8.077183723449707,0.47804878048780486,0.6610455311973018,0.3744030563514804,0.9629205576869726,0.5456761347580685,15.345063209533691,0.4007782101167315,0.6242424242424243,0.29512893982808025,0.9512239416673606,0.4511376695840565,SMD
smd,./data/SMD,machine-1-7,machine-1-7,sens_V4,100,256,128,0.15,50,64,0.001,1,1,1,1,0.001,adam,0.1,0.99,adaptive,gated,5000,unc,4,0.95,"[0.5, 1.0, 2.0]",0,0,2,38,2.01569,4,0.002461969153955579,0.0006372262723743916,33.984397172927856,0.6651819220682557,0.24432963581592018,0.18770875083500332,0.4714765100671141,0.11718098415346122,0.27555053642010163,23598,22707,367,3677,2821,0.8757652044296265,0.7672015428543091,0.9982430338859558,0.0780452175740115,0.7096844753916994,0.29807810791343375,2.1553995609283447,0.09545628102329133,0.5656108597285068,0.05212677231025855,0.7129439074716042,0.3053860319149356,3.3398597240448,0.07023019898556379,0.5454545454545454,0.03753127606338615,0.7142370547533214,0.3051684159264405,5.760104656219482,0.0420969023034154,0.44166666666666665,0.022101751459549623,0.7084371332966369,0.2805100436055713,SMD
npy,./data/MSL,D-14,D-14,sens_pm0.05,100,256,128,0.05,50,64,0.001,1,1,1,1,0.001,adam,0.1,0.99,adaptive,gated,5000,unc,8,0.95,"[0.5, 1.0, 2.0]",0,0,0,55,2.887841,8,0.004647433757781982,0.004939968232065439,7.24775242805481,0.45655580674307267,0.24003425004522258,0.176278563656148,0.11621233859397417,0.36486486486486486,0.3257142857142857,2526,1442,35,420,125,0.9133148193359375,0.2976190447807312,0.625356137752533,0.16521643006603395,0.4837140511297815,0.24144637933581395,1.4847028255462646,0.14734144778987826,0.08588498879761015,0.5180180180180181,0.5007854296243809,0.24416324539050938,2.010383129119873,0.1527508090614887,0.08919123204837491,0.5315315315315315,0.5205336422564887,0.24800017952975828,3.095784902572632,0.1631827376938638,0.09595559080095163,0.545045045045045,0.5049206509880667,0.1673262548957792,MSL
npy,./data/MSL,M-1,M-1,sens_pm0.3,100,256,128,0.3,50,64,0.001,1,1,1,1,0.001,adam,0.1,0.99,adaptive,gated,5000,unc,8,0.95,"[0.5, 1.0, 2.0]",0,0,2,55,2.887841,8,0.004218737594783306,0.0015944435726851225,3.335237979888916,0.36180271814938714,0.41109539732846834,0.23282887077997674,0.3466204506065858,0.175284837861525,0.6680327868852458,2178,1682,35,1167,1098,0.3472056984901428,0.9408740401268005,0.5776458978652954,0.13809602560528492,0.3339909086420363,0.3998005729292658,1.4928261041641235,0.3072970195272354,0.37142857142857144,0.26205083260297984,0.32143860093073784,0.3933908208546387,2.123671054840088,0.2629310344827586,0.3412587412587413,0.21384750219106047,0.3067060337485033,0.38482758091052127,3.3853611946105957,0.21271676300578035,0.31239388794567063,0.16126205083260298,0.29850884447791043,0.3757379869640409,MSL
smd,./data/SMD,machine-2-1,machine-2-1,sens_pm0.5,100,256,128,0.5,50,64,0.001,1,1,1,1,0.001,adam,0.1,0.99,adaptive,gated,5000,unc,8,0.95,"[0.5, 1.0, 2.0]",0,0,1,38,2.01569,8,0.0030598933808505535,0.00017668420332483947,42.81277775764465,0.7549889424689638,0.29673516309280246,0.2703719180944421,0.17892699115044247,0.552991452991453,0.329153605015674,23595,19806,360,2457,685,0.9654145240783691,0.2787952721118927,0.9045794010162354,0.12694779380091825,0.8294119890350578,0.39684673207337073,1.5663167238235474,0.3864229765013055,0.39361702127659576,0.37948717948717947,0.8414173789173789,0.4184373125171432,2.287579298019409,0.40263157894736845,0.4135135135135135,0.3923076923076923,0.8461914129202357,0.41084575015317154,3.805236577987671,0.3984641638225256,0.3977853492333901,0.39914529914529917,0.839152387500816,0.33013296467912406,SMD
smd,./data/SMD,machine-3-10,machine-3-10,sens_pm0.3,100,256,128,0.3,50,64,0.001,1,1,1,1,0.001,adam,0.1,0.99,adaptive,gated,5000,unc,8,0.95,"[0.5, 1.0, 2.0]",0,0,0,38,2.01569,8,0.0014274563873186707,6.41101723886095e-05,44.68641257286072,0.9649841280365098,0.7095760477543742,0.49085872576177286,0.3456886461178307,0.8462273161413563,0.6919758412424505,23594,20251,347,2334,294,0.9854822158813477,0.12596401572227478,0.9387111663818359,0.14370835978388433,0.9720581026978837,0.6510803867130449,5.0944013595581055,0.5109826589595375,0.6471449487554904,0.4221585482330468,0.969203085132146,0.6041282923667315,9.29897689819336,0.39849624060150374,0.5792349726775956,0.3037249283667622,0.9662393176451715,0.5624239267925832,17.635692596435547,0.32058047493403696,0.5181236673773987,0.23209169054441262,0.9594020538362088,0.495785388517221,SMD
npy,./data/MSL,T-4,T-4,sens_V4,100,256,128,0.15,50,64,0.001,1,1,1,1,0.001,adam,0.1,0.99,adaptive,gated,5000,unc,4,0.95,"[0.5, 1.0, 2.0]",0,0,1,55,2.887841,4,0.003976329229772091,0.00266488385386765,3.795498847961426,0.4462391709173346,0.028284622037192293,0.052816901408450696,0.03006012024048096,0.21739130434782608,0.0638655462184874,2118,1882,34,168,154,0.9181721806526184,0.9166666865348816,0.8861538171768188,0.075947686790632,0.4557053409980299,0.028527887531477267,1.488497257232666,0.053422370617696155,0.03018867924528302,0.2318840579710145,0.46829541467627456,0.029063417897026045,2.0298800468444824,0.04727272727272728,0.02702702702702703,0.18840579710144928,0.4734906755188514,0.029466705385585736,3.176257848739624,0.04907975460122699,0.02857142857142857,0.17391304347826086,0.4744487625833266,0.031057134133865107,MSL
npy,./data/MSL,T-4,T-4,sens_V16,100,256,128,0.15,50,64,0.001,1,1,1,1,0.001,adam,0.1,0.99,adaptive,gated,5000,unc,16,0.95,"[0.5, 1.0, 2.0]",0,0,1,55,2.887841,16,0.003976329229772091,0.002180043375119567,3.8504490852355957,0.4579116400831241,0.02902278478481589,0.05964912280701755,0.033932135728542916,0.2463768115942029,0.06525285481239805,2118,1759,34,168,142,0.9192723035812378,0.8452380895614624,0.829230785369873,0.22620767551958842,0.45003778371521874,0.028573870674896987,1.5150258541107178,0.06229508196721312,0.03512014787430684,0.2753623188405797,0.4476020835020106,0.028374620946576744,2.0266757011413574,0.061328790459965934,0.03474903474903475,0.2608695652173913,0.4443634793404043,0.02826182488140745,3.116072654724121,0.054844606946983544,0.03138075313807531,0.21739130434782608,0.4382978436293957,0.027631385693986727,MSL
npy,./data/MSL,F-7,F-7,sens_pm0.3,100,256,128,0.3,50,64,0.001,1,1,1,1,0.001,adam,0.1,0.99,adaptive,gated,5000,unc,8,0.95,"[0.5, 1.0, 2.0]",0,0,0,55,2.887841,8,0.005745000205934048,0.0028475041035562754,4.868041038513184,0.5067733993291178,0.07999051269235735,0.0913312693498452,0.06789413118527042,0.13947990543735225,0.1593096581480252,4955,4472,78,720,612,0.8631484508514404,0.8500000238418579,0.9114521741867065,0.1380630747220591,0.5071159362360657,0.079114454288263,1.5481133460998535,0.06125827814569537,0.04713375796178344,0.08747044917257683,0.5010385861955075,0.07769573504826491,2.1300926208496094,0.05361930294906167,0.04310344827586207,0.07092198581560284,0.49013049584131607,0.07561067898113126,3.3895249366760254,0.04621848739495798,0.04158790170132325,0.05200945626477541,0.491634901601041,0.07786541054887978,MSL
smd,./data/SMD,machine-2-5,machine-2-5,sens_pm0.5,100,256,128,0.5,50,64,0.001,1,1,1,1,0.001,adam,0.1,0.99,adaptive,gated,5000,unc,8,0.95,"[0.5, 1.0, 2.0]",0,0,0,38,2.01569,8,0.0036536192055791616,0.0005485262954607606,44.25791668891907,0.8995578261248574,0.4002969007580744,0.4630225080385852,0.42105263157894735,0.5142857142857142,0.4481012658227848,23590,22922,364,3016,2367,0.896736741065979,0.7848142981529236,0.9990764856338501,0.14186440104395215,0.9366794698856248,0.452191087213783,1.7160594463348389,0.22073578595317725,0.6111111111111112,0.1346938775510204,0.9393473638519656,0.454136447002312,2.4056200981140137,0.20085106382978724,0.6051282051282051,0.12040816326530612,0.9375780168071456,0.42419920173288667,3.92799973487854,0.17946505608283003,0.5810055865921788,0.10612244897959183,0.9162256760557939,0.2703920942456701,SMD
npy,./data/MSL,P-10,P-10,sens_pm0.5,100,256,128,0.5,50,64,0.001,1,1,1,1,0.001,adam,0.1,0.99,adaptive,gated,5000,unc,8,0.95,"[0.5, 1.0, 2.0]",0,0,1,55,2.887841,8,0.0024427040480077267,0.000842034351080656,7.677893400192261,0.9255325543296855,0.4589825502438718,0.21700879765395895,0.13430127041742287,0.5648854961832062,0.49214659685863876,6001,5512,92,230,59,0.9892960786819458,0.25652173161506653,0.9448968768119812,0.11639351885312002,0.936209857802207,0.47798023201539147,1.4167615175247192,0.24669603524229078,0.15272727272727274,0.6412213740458015,0.9383468531432759,0.49255213219006655,1.9537967443466187,0.2782071097372488,0.1744186046511628,0.6870229007633588,0.9400758882726146,0.5136751192774465,3.0243358612060547,0.30948419301164726,0.19787234042553192,0.7099236641221374,0.9106477615261549,0.3177421954918292,MSL
smd,./data/SMD,machine-3-2,machine-3-2,sens_V2,100,256,128,0.15,50,64,0.001,1,1,1,1,0.001,adam,0.1,0.99,adaptive,gated,5000,unc,2,0.95,"[0.5, 1.0, 2.0]",0,0,2,38,2.01569,2,0.007789973169565201,0.0010725657921284437,33.19592356681824,0.473431246818721,0.04704170122816873,0.023544384346166083,0.018190757128810225,0.033363390441839495,0.09093323888790508,23604,22796,366,2018,1907,0.9163450002670288,0.9449950456619263,0.967710554599762,0.05963245219566967,0.5318806161023463,0.05979643645100803,1.6898525953292847,0.014134275618374558,0.34782608695652173,0.007213706041478809,0.5379228212633835,0.06626606413696867,2.6531848907470703,0.0053811659192825115,0.5,0.002705139765554554,0.5420196221807891,0.0710689074237899,4.547997951507568,0.0,0.0,0.0,0.5456185132738305,0.07188941537660186,SMD
npy,./data/MSL,M-6,M-6,sens_V4,100,256,128,0.15,50,64,0.001,1,1,1,1,0.001,adam,0.1,0.99,adaptive,gated,5000,unc,4,0.95,"[0.5, 1.0, 2.0]",0,0,0,55,2.887841,4,0.002069976646453142,0.001644751289859414,2.351844549179077,0.7395270150366154,0.6190105048960093,0.2671156004489338,0.1676056338028169,0.6574585635359116,0.7025089605734767,1950,579,29,199,37,0.936096727848053,0.18592964112758636,0.309537410736084,0.08641377473488832,0.7528274989056751,0.6434317617119358,1.4952948093414307,0.17667436489607388,0.09864603481624758,0.8453038674033149,0.7529103126811552,0.6428827733574131,2.005108594894409,0.1764044943820225,0.09818636647904941,0.8674033149171271,0.7542442059933513,0.6418300138964584,3.1267783641815186,0.1778542742398164,0.09923175416133162,0.856353591160221,0.7544763803281791,0.6281635473395502,MSL
npy,./data/MSL,D-14,D-14,sens_V2,100,256,128,0.15,50,64,0.001,1,1,1,1,0.001,adam,0.1,0.99,adaptive,gated,5000,unc,2,0.95,"[0.5, 1.0, 2.0]",0,0,1,55,2.887841,2,0.005283655598759651,0.003299044445157051,6.440937042236328,0.4329966670790641,0.17969475219777742,0.16083009079118027,0.11293260473588343,0.27927927927927926,0.2884012539184953,2526,1822,38,420,180,0.901207447052002,0.4285714328289032,0.7796770930290222,0.05504628164090529,0.45909767445347976,0.18416159123156428,1.5225028991699219,0.14882308276385725,0.08949771689497717,0.44144144144144143,0.47368717031638374,0.18842305111497665,2.1334245204925537,0.16865417376490632,0.10399159663865547,0.44594594594594594,0.48868906359543063,0.19291517223786664,3.452436923980713,0.1935483870967742,0.12467532467532468,0.43243243243243246,0.4604960766009455,0.12067011533936803,MSL
npy,./data/MSL,M-1,M-1,sens_pm0.05,100,256,128,0.05,50,64,0.001,1,1,1,1,0.001,adam,0.1,0.99,adaptive,gated,5000,unc,8,0.95,"[0.5, 1.0, 2.0]",0,0,2,55,2.887841,8,0.0032153346110135317,0.003707799594849348,3.211221218109131,0.3750285455061658,0.41461686332603304,0.2092343658679135,0.3140350877192982,0.15687992988606486,0.6680327868852458,2178,1714,35,1167,1050,0.3873978853225708,0.8997429013252258,0.6567754745483398,0.12847619717880823,0.357227722161188,0.40711018228871454,1.4728155136108398,0.30244399185336046,0.36087484811664644,0.26029798422436456,0.34742272654330897,0.4022618185475259,2.0259358882904053,0.27862796833773085,0.35013262599469497,0.23137598597721298,0.3357618872745676,0.39591234485557386,3.246966600418091,0.22222222222222224,0.31170886075949367,0.1726555652936021,0.33791167248892123,0.3945084860398732,MSL
smd,./data/SMD,machine-3-7,machine-3-7,sens_pm0.3,100,256,128,0.3,50,64,0.001,1,1,1,1,0.001,adam,0.1,0.99,adaptive,gated,5000,unc,8,0.95,"[0.5, 1.0, 2.0]",0,0,1,38,2.01569,8,0.00017944724822882563,0.00016846269136294723,50.1881320476532,0.8411949226764592,0.3943723880628229,0.15249068112504235,0.08939213349225268,0.5184331797235023,0.4863013698630137,28606,26082,440,929,303,0.9883828163146973,0.3261571526527405,0.9314231872558594,0.13891548608004992,0.8682065303765873,0.42979495194045136,1.5218597650527954,0.15822454308093994,0.0892226148409894,0.6981566820276498,0.870091756757792,0.4677108523084165,2.129474401473999,0.18666666666666668,0.10824742268041238,0.6774193548387096,0.8670950039667098,0.5132841563443435,3.40901780128479,0.23787815996684625,0.14502273875694796,0.6612903225806451,0.8377708540790281,0.5017885576225428,SMD
smd,./data/SMD,machine-3-7,machine-3-7,sens_V4,100,256,128,0.15,50,64,0.001,1,1,1,1,0.001,adam,0.1,0.99,adaptive,gated,5000,unc,4,0.95,"[0.5, 1.0, 2.0]",0,0,2,38,2.01569,4,0.00016588221478741616,0.0002605206100270152,40.93582320213318,0.8278260424492572,0.395779718651577,0.14968152866242038,0.0904716073147257,0.43317972350230416,0.48965517241379314,28606,26439,444,929,377,0.9857407808303833,0.40581271052360535,0.9416483044624329,0.0790037542408616,0.8509686612798089,0.426325785192912,1.5122101306915283,0.16761363636363635,0.09559300064808814,0.6797235023041475,0.8510365525761447,0.4568925957196393,2.1478233337402344,0.20729505236547488,0.12291220556745182,0.6612903225806451,0.8471455581243224,0.49550942756167415,3.495938539505005,0.2529056252905625,0.15841584158415842,0.6267281105990783,0.81390062474663,0.45224635251197826,SMD
npy,./data/MSL,P-15,P-15,sens_pm0.3,100,256,128,0.3,50,64,0.001,1,1,1,1,0.001,adam,0.1,0.99,adaptive,gated,5000,unc,8,0.95,"[0.5, 1.0, 2.0]",0,0,0,55,2.887841,8,0.0015094451373443007,0.000774041167460382,7.061568260192871,0.7157638363987568,0.46199447144875444,0.1,0.05405405405405406,0.6666666666666666,0.5517241379310345,2757,2036,44,120,27,0.9867386817932129,0.22499999403953552,0.7618505954742432,0.1388939991350143,0.7307970101620895,0.46713411505365643,1.6108007431030273,0.07713498622589532,0.04093567251461988,0.6666666666666666,0.7367934828252288,0.4796686050077557,2.142960548400879,0.07142857142857142,0.03773584905660377,0.6666666666666666,0.7407911312673218,0.5011410386574341,3.38858962059021,0.0694789081885856,0.03664921465968586,0.6666666666666666,0.7093306458385824,0.1936876939222573,MSL
npy,./data/MSL,C-1,C-1,sens_pm0.3,100,256,128,0.3,50,64,0.001,1,1,1,1,0.001,adam,0.1,0.99,adaptive,gated,5000,unc,8,0.95,"[0.5, 1.0, 2.0]",0,0,1,55,2.887841,8,0.006246564909815788,0.0016584021504968405,3.9796504974365234,0.6523995770281632,0.19686643520830122,0.2125984251968504,0.18,0.25961538461538464,0.3144475920679887,2165,1901,34,464,409,0.7848500609397888,0.881465494632721,0.8771311044692993,0.10975249645065766,0.6521762689155107,0.20007828394023347,1.488752007484436,0.23227383863080683,0.18774703557312253,0.30448717948717946,0.6510416666666666,0.2024964882250813,2.031358003616333,0.23785166240409208,0.19787234042553192,0.2980769230769231,0.65234375,0.20864655385746156,3.170499801635742,0.22857142857142856,0.21529745042492918,0.24358974358974358,0.6534192412778478,0.2234446259646159,MSL
smd,./data/SMD,machine-3-10,machine-3-10,sens_pm0.05,100,256,128,0.05,50,64,0.001,1,1,1,1,0.001,adam,0.1,0.99,adaptive,gated,5000,unc,8,0.95,"[0.5, 1.0, 2.0]",0,0,0,38,2.01569,8,0.0013528395211324096,0.00021740257216151804,190.79213547706604,0.9634091626268718,0.6827646496471883,0.5093429776974081,0.3720827829150154,0.8070678127984718,0.7050976655550262,23594,21211,353,2334,625,0.9705341458320618,0.2677806317806244,0.9682972431182861,0.13952917331981085,0.9677673415530308,0.6185004742923331,3.950490951538086,0.5164835164835165,0.6080206985769728,0.448901623686724,0.9641822845218474,0.558708157268656,6.974218845367432,0.43032069970845477,0.5523952095808383,0.3524355300859599,0.9600847511311722,0.49530319261117595,13.101503372192383,0.3143219264892268,0.4670433145009416,0.23686723973256923,0.9497722978670676,0.40093651259147595,SMD
npy,./data/MSL,M-1,M-1,sens_V2,100,256,128,0.15,50,64,0.001,1,1,1,1,0.001,adam,0.1,0.99,adaptive,gated,5000,unc,2,0.95,"[0.5, 1.0, 2.0]",0,0,1,55,2.887841,2,0.0035152907948940992,0.0026155258528888226,3.7029364109039307,0.3587120884818111,0.4062502763692428,0.1890606420927467,0.29390018484288355,0.13935144609991235,0.6676418958455237,2178,1799,35,1167,1065,0.40800443291664124,0.9125964045524597,0.7260138392448425,0.08172119725615307,0.3496145585167446,0.40173411775147344,1.4945989847183228,0.2694136291600634,0.3390957446808511,0.22348816827344434,0.3491030539062596,0.40012289423159175,2.112684965133667,0.23333333333333334,0.3186646433990895,0.18404907975460122,0.3511999913591981,0.3989961349959962,3.3488574028015137,0.1879927228623408,0.3051181102362205,0.13584574934268187,0.4129624371998864,0.4315218962606956,MSL
npy,./data/MSL,M-6,M-6,sens_pm0.5,100,256,128,0.5,50,64,0.001,1,1,1,1,0.001,adam,0.1,0.99,adaptive,gated,5000,unc,8,0.95,"[0.5, 1.0, 2.0]",0,0,2,55,2.887841,8,0.0025763106532394886,0.0007801160681992769,2.295994758605957,0.7563086351106747,0.626913930323442,0.2525667351129363,0.15510718789407313,0.6795580110497238,0.7025089605734767,1950,508,29,199,31,0.9389764070510864,0.1557788997888565,0.27241575717926025,0.1310553917518029,0.7585239036047653,0.6448776946792363,1.5439687967300415,0.18095801301005324,0.10132450331125828,0.8453038674033149,0.7563500419984148,0.6443217016542493,2.1304543018341064,0.17905207723815098,0.10013089005235602,0.8453038674033149,0.753602399233381,0.6428168052265651,3.3034250736236572,0.1784037558685446,0.09980302035456336,0.8397790055248618,0.7530522791534067,0.6256141397062134,MSL
npy,./data/MSL,D-14,D-14,sens_pm0.5,100,256,128,0.5,50,64,0.001,1,1,1,1,0.001,adam,0.1,0.99,adaptive,gated,5000,unc,8,0.95,"[0.5, 1.0, 2.0]",0,0,2,55,2.887841,8,0.008378141559660435,0.0017507366137579083,5.543177604675293,0.44493557227639624,0.20975110314910778,0.17874396135265702,0.12211221122112212,0.3333333333333333,0.2781065088757396,2526,2009,40,420,194,0.9034345149993896,0.46190476417541504,0.8618233799934387,0.12486790817876893,0.4651974071449727,0.21344348464384286,1.4564192295074463,0.15564853556485356,0.09558067831449127,0.4189189189189189,0.4787446622652616,0.214512592590823,2.0208027362823486,0.17075386012715715,0.10693970420932879,0.42342342342342343,0.4948019180228918,0.21408394804133535,3.1649227142333984,0.19578947368421054,0.12774725274725274,0.4189189189189189,0.47497310044126523,0.11154228339313971,MSL
smd,./data/SMD,machine-1-1,machine-1-1,sens_pm0.3,100,256,128,0.3,50,64,0.001,1,1,1,1,0.001,adam,0.1,0.99,adaptive,gated,5000,unc,8,0.95,"[0.5, 1.0, 2.0]",0,0,2,38,2.01569,8,0.0002094463270623237,0.0001296053233090788,42.23533749580383,0.9181810022026986,0.49160137757417965,0.39713501981103316,0.33686659772492245,0.48366740905716404,0.5639430162109055,28380,23786,424,3486,714,0.9699823260307312,0.20481927692890167,0.9268096685409546,0.12320866460443972,0.9358176998735619,0.5156884071548298,1.7674050331115723,0.4886156210971274,0.3296176279974076,0.9439495174461767,0.9420019408393805,0.5312122258453442,2.7329320907592773,0.5471361711611321,0.3909235668789809,0.9112843355605048,0.9474876984440607,0.5505223988820674,4.76650857925415,0.6094986807387863,0.47277936962750716,0.8574610244988864,0.9412689076005268,0.5685599578979171,SMD
npy,./data/MSL,M-1,M-1,sens_pm0.5,100,256,128,0.5,50,64,0.001,1,1,1,1,0.001,adam,0.1,0.99,adaptive,gated,5000,unc,8,0.95,"[0.5, 1.0, 2.0]",0,0,1,55,2.887841,8,0.007103510666638613,0.0015243098605424166,3.7244107723236084,0.3581041463504956,0.4080675390838583,0.21946902654867256,0.33574007220216606,0.16301489921121823,0.6680327868852458,2178,1849,35,1167,1139,0.3839913606643677,0.9760068655014038,0.7022749781608582,0.19403988336400224,0.31166215081902454,0.3892731055047288,1.4685604572296143,0.25482625482625487,0.34375,0.20245398773006135,0.29316234832306726,0.37973051269080554,1.938616394996643,0.22085201793721973,0.30637636080870917,0.1726555652936021,0.2720942217723519,0.3685035040935849,2.9753880500793457,0.1619718309859155,0.24511545293072823,0.12094653812445223,0.24487260989248374,0.3561251385106969,MSL
smd,./data/SMD,machine-3-2,machine-3-2,sens_pm0.5,100,256,128,0.5,50,64,0.001,1,1,1,1,0.001,adam,0.1,0.99,adaptive,gated,5000,unc,8,0.95,"[0.5, 1.0, 2.0]",0,0,0,38,2.01569,8,0.007867258973419666,0.00047634082147851586,44.53811526298523,0.47823232913004743,0.0475320486501091,0.027422303473491772,0.020708697653014266,0.0405770964833183,0.09056106697402544,23604,22850,369,2018,1975,0.9135667681694031,0.9786917567253113,0.9670619964599609,0.14743227571617687,0.5752764944019467,0.0588048031843558,2.062628984451294,0.010517090271691499,0.1875,0.005410279531109108,0.5887382583516632,0.06258944454598941,3.0680534839630127,0.0017921146953405018,0.14285714285714285,0.0009017132551848512,0.5975295634955952,0.066060512533805,5.205197811126709,0.0,0.0,0.0,0.6041106055830234,0.06970875083474626,SMD
smd,./data/SMD,machine-2-5,machine-2-5,sens_pm0.05,100,256,128,0.05,50,64,0.001,1,1,1,1,0.001,adam,0.1,0.99,adaptive,gated,5000,unc,8,0.95,"[0.5, 1.0, 2.0]",0,0,1,38,2.01569,8,0.0025519405025988817,0.0010355225531384349,40.89230918884277,0.9271877957224547,0.4589761567915099,0.48000000000000004,0.5103448275862069,0.4530612244897959,0.514048825426071,23590,22245,364,3016,1742,0.9216902852058411,0.5775862336158752,0.9965490698814392,0.1365003872847547,0.9386860015043933,0.43079251905778443,1.7942593097686768,0.22481265611990006,0.6108597285067874,0.1377551020408163,0.9351779973956204,0.38519142578532933,2.5785398483276367,0.21149042464612822,0.5746606334841629,0.12959183673469388,0.9310958704676111,0.34854397515565666,4.239987373352051,0.18360655737704915,0.4666666666666667,0.11428571428571428,0.9121330570186593,0.2655829250710712,SMD
smd,./data/SMD,machine-3-7,machine-3-7,sens_V4,100,256,128,0.15,50,64,0.001,1,1,1,1,0.001,adam,0.1,0.99,adaptive,gated,5000,unc,4,0.95,"[0.5, 1.0, 2.0]",0,0,1,38,2.01569,4,0.00014956938684917986,0.00026821403298527,50.11714744567871,0.8460011863453895,0.4137769230577596,0.15069551777434312,0.0905292479108635,0.44930875576036866,0.5108514190317195,28606,26520,443,929,351,0.9867647290229797,0.37782561779022217,0.9455143213272095,0.09177885113550567,0.8744521221286994,0.43909708441004536,1.5361450910568237,0.15479876160990713,0.08715862870424172,0.6912442396313364,0.8764029577458591,0.4625301780743803,2.1943740844726562,0.1926977687626775,0.11291600633914421,0.6566820276497696,0.8728119727319865,0.4952074176111768,3.5431301593780518,0.24623803009575923,0.1534963047185901,0.6221198156682027,0.8258687274106585,0.4491189128966594,SMD
smd,./data/SMD,machine-1-4,machine-1-4,sens_V4,100,256,128,0.15,50,64,0.001,1,1,1,1,0.001,adam,0.1,0.99,adaptive,gated,5000,unc,4,0.95,"[0.5, 1.0, 2.0]",0,0,2,38,2.01569,4,0.0009402090799994767,0.00025672861374914646,33.69179034233093,0.8056483012137295,0.25840648235030805,0.3131156039398652,0.24979321753515302,0.41944444444444445,0.3230240549828179,23608,22441,363,1908,810,0.9639053344726562,0.4245283007621765,0.9968202710151672,0.07877778861531562,0.9122615197962134,0.3259472639176133,1.7457523345947266,0.31954582319545827,0.3840155945419103,0.27361111111111114,0.9254645137589845,0.3504510254565059,2.648378849029541,0.32187761944677284,0.4059196617336152,0.26666666666666666,0.9284593828395761,0.35571744531374966,4.513051509857178,0.31175468483816016,0.40308370044052866,0.25416666666666665,0.9075520946622003,0.2790905587667361,SMD
smd,./data/SMD,machine-1-7,machine-1-7,sens_pm0.3,100,256,128,0.3,50,64,0.001,1,1,1,1,0.001,adam,0.1,0.99,adaptive,gated,5000,unc,8,0.95,"[0.5, 1.0, 2.0]",0,0,2,38,2.01569,8,0.002601433079689741,0.00043309712782502174,34.8866810798645,0.6439649184937869,0.2330872690436448,0.2195273631840796,0.4315403422982885,0.14720600500417014,0.2651515151515152,23598,22688,365,3677,2774,0.8777326941490173,0.7544193863868713,0.9996486306190491,0.12243146643374711,0.7026994927968873,0.2941679201343514,2.191293716430664,0.09056316590563167,0.5173913043478261,0.04962468723936614,0.708590633045888,0.30710690886051595,3.409227132797241,0.07760962359332557,0.5586592178770949,0.041701417848206836,0.7114363598067016,0.30927026374871,5.814914226531982,0.0581989775855289,0.5103448275862069,0.030859049207673062,0.7082266389338564,0.2905099717792581,SMD
npy,./data/MSL,P-15,P-15,sens_pm0.5,100,256,128,0.5,50,64,0.001,1,1,1,1,0.001,adam,0.1,0.99,adaptive,gated,5000,unc,8,0.95,"[0.5, 1.0, 2.0]",0,0,0,55,2.887841,8,0.0016912916908040643,0.0005426840507425368,7.101802587509155,0.5670110019316369,0.20796835687547324,0.04892966360856269,0.026143790849673203,0.38095238095238093,0.32,2757,2026,44,120,25,0.9876604080200195,0.2083333283662796,0.7588168382644653,0.13295480813243313,0.6469975644578819,0.21400920042046329,1.5345096588134766,0.049019607843137254,0.025839793281653745,0.47619047619047616,0.6609389434786259,0.22302052925525553,2.085130453109741,0.0502283105022831,0.026378896882494004,0.5238095238095238,0.6751490719744688,0.23917396927363876,3.304718494415283,0.047722342733188726,0.025,0.5238095238095238,0.6753506340807928,0.07124457743380624,MSL
npy,./data/MSL,D-14,D-14,sens_pm0.3,100,256,128,0.3,50,64,0.001,1,1,1,1,0.001,adam,0.1,0.99,adaptive,gated,5000,unc,8,0.95,"[0.5, 1.0, 2.0]",0,0,0,55,2.887841,8,0.00630979984998703,0.0019940552301704884,6.745727777481079,0.4350436578900998,0.23629997537689945,0.16081540203850508,0.10741301059001512,0.31981981981981983,0.32091690544412604,2526,1742,38,420,139,0.9202066659927368,0.33095237612724304,0.7611585855484009,0.1218295342754204,0.46424139495300537,0.23911645339162554,1.4904043674468994,0.14580265095729014,0.08714788732394366,0.44594594594594594,0.4817008019255211,0.23964327696303211,2.0397794246673584,0.15868028279654364,0.0960989533777355,0.45495495495495497,0.5019570131929683,0.2382371181227939,3.2054336071014404,0.17900172117039584,0.11063829787234042,0.46846846846846846,0.48558296123839195,0.1576544689545305,MSL
smd,./data/SMD,machine-3-7,machine-3-7,sens_pm0.05,100,256,128,0.05,50,64,0.001,1,1,1,1,0.001,adam,0.1,0.99,adaptive,gated,5000,unc,8,0.95,"[0.5, 1.0, 2.0]",0,0,1,38,2.01569,8,0.00015623746730852872,0.0004567824653349817,49.91888070106506,0.852257862390781,0.41509238386878944,0.1814159292035398,0.11226725082146768,0.47235023041474655,0.5008460236886634,28606,26676,443,929,394,0.9852301478385925,0.4241119623184204,0.9495971202850342,0.13502182714140498,0.8794239981795678,0.4572562908487544,1.492702841758728,0.18031820860341777,0.10337837837837838,0.7050691244239631,0.8807691097698754,0.49401401087021285,2.045905590057373,0.20815450643776823,0.12320067739204064,0.6705069124423964,0.876360780379888,0.5212612380883006,3.2577919960021973,0.2580947911778507,0.16205067766647024,0.6336405529953917,0.8328358985050386,0.4729031831304319,SMD
smd,./data/SMD,machine-1-1,machine-1-1,sens_pm0.05,100,256,128,0.05,50,64,0.001,1,1,1,1,0.001,adam,0.1,0.99,adaptive,gated,5000,unc,8,0.95,"[0.5, 1.0, 2.0]",0,0,2,38,2.01569,8,0.00013788086653221399,0.0002715550363063812,40.42148566246033,0.9387920268671366,0.5567901811421823,0.43087121212121204,0.3747940691927512,0.5066815144766147,0.6149690131892579,28380,23718,428,3486,812,0.9657644033432007,0.2329317331314087,0.9201413989067078,0.1191657222938672,0.9474377594749801,0.5761243267658349,1.8608322143554688,0.4841166635704997,0.3228444003964321,0.9673348181143281,0.9503152676341496,0.5878784897669328,2.9686951637268066,0.5635395874916833,0.40180265654648956,0.9432071269487751,0.9526740741604489,0.6020118413887806,5.216070175170898,0.6277980218636127,0.4833667334669339,0.8953229398663697,0.933609444439406,0.582259160234248,SMD
smd,./data/SMD,machine-1-1,machine-1-1,sens_V4,100,256,128,0.15,50,64,0.001,1,1,1,1,0.001,adam,0.1,0.99,adaptive,gated,5000,unc,4,0.95,"[0.5, 1.0, 2.0]",0,0,1,38,2.01569,4,0.00015968586376402527,0.00017498221131972969,50.921107053756714,0.909430144394016,0.4507229472625207,0.3077185792349727,0.2849462365591398,0.3344469190794358,0.534639801269666,28380,24046,434,3486,936,0.9610745906829834,0.2685025930404663,0.9283361434936523,0.09235851860449631,0.9268961152837285,0.47990588507798204,1.863001823425293,0.4840948525159051,0.326953125,0.9320712694877505,0.9332739219394459,0.4979301264769132,2.8466403484344482,0.5466545289030496,0.3941581883820151,0.8916109873793615,0.9386322048911397,0.5196825384064441,4.855338096618652,0.6005612722170252,0.4692002505742326,0.8340757238307349,0.9194318733274799,0.5420131204561549,SMD
smd,./data/SMD,machine-1-1,machine-1-1,sens_V2,100,256,128,0.15,50,64,0.001,1,1,1,1,0.001,adam,0.1,0.99,adaptive,gated,5000,unc,2,0.95,"[0.5, 1.0, 2.0]",0,0,1,38,2.01569,2,0.00015968586376402527,0.000123231002362445,54.49940371513367,0.909606629488119,0.4703102656587179,0.29657657657657654,0.28816526610644255,0.30549368968077206,0.551829268292683,28380,23641,437,3486,1058,0.9552472233772278,0.303499698638916,0.9071663618087769,0.06901252597381398,0.9282631531744356,0.4982403926896368,2.0582213401794434,0.499496475327291,0.3427307904919845,0.9205642167780252,0.9328546015902444,0.5118444906421807,3.408886671066284,0.5683901723505683,0.423728813559322,0.8630289532293987,0.9350108738542215,0.5245301329589047,6.088535785675049,0.5971741637831603,0.4882131070249882,0.7687453600593912,0.8648545687678606,0.4674656050883073,SMD
smd,./data/SMD,machine-3-10,machine-3-10,sens_V16,100,256,128,0.15,50,64,0.001,1,1,1,1,0.001,adam,0.1,0.99,adaptive,gated,5000,unc,16,0.95,"[0.5, 1.0, 2.0]",0,0,0,38,2.01569,16,0.0012471855152398348,0.00010231185297016054,34.48742175102234,0.9617731268717028,0.7030927019863775,0.493917963224894,0.3508842443729904,0.833810888252149,0.6928675400291121,23594,20496,349,2334,334,0.983704149723053,0.14310197532176971,0.9483537077903748,0.1891738551748479,0.9745241342160866,0.689828414296397,4.478705406188965,0.6151351351351351,0.7085927770859277,0.5434574976122254,0.9722211748601729,0.6467295837910924,7.944396018981934,0.5359401955146637,0.6734104046242775,0.44508118433619864,0.9691445875014476,0.5847439498070601,14.836700439453125,0.4559270516717325,0.6270903010033445,0.35816618911174786,0.9605354401590326,0.4721962585520207,SMD
smd,./data/SMD,machine-2-5,machine-2-5,sens_pm0.5,100,256,128,0.5,50,64,0.001,1,1,1,1,0.001,adam,0.1,0.99,adaptive,gated,5000,unc,8,0.95,"[0.5, 1.0, 2.0]",0,0,1,38,2.01569,8,0.003378195920959115,0.000507144897710532,41.316033124923706,0.8986180746463014,0.4146148384133488,0.4504420660772452,0.41402908468776733,0.49387755102040815,0.43367346938775514,23590,22923,364,3016,2360,0.8970466256141663,0.7824933528900146,0.9994653463363647,0.1284412733322991,0.9382072737501359,0.4672371076537002,1.704453468322754,0.2382133995037221,0.62882096069869,0.1469387755102041,0.9407888718039508,0.4700207283571777,2.467839241027832,0.2042553191489362,0.6153846153846154,0.12244897959183673,0.9392411621392578,0.44062046732110255,4.176700592041016,0.18620689655172415,0.6,0.11020408163265306,0.9172049919972393,0.2803229035203931,SMD
npy,./data/MSL,D-14,D-14,sens_V16,100,256,128,0.15,50,64,0.001,1,1,1,1,0.001,adam,0.1,0.99,adaptive,gated,5000,unc,16,0.95,"[0.5, 1.0, 2.0]",0,0,0,55,2.887841,16,0.0053862398490309715,0.002714086091145873,5.503907918930054,0.4432766099432766,0.23444957902390076,0.16016859852476292,0.10453920220082531,0.34234234234234234,0.3107344632768362,2526,1527,36,420,120,0.9214145541191101,0.2857142984867096,0.6680911779403687,0.20095458223247756,0.47171703538744736,0.24114756221110867,1.5305914878845215,0.15506101938262742,0.09222886421861656,0.4864864864864865,0.4897369279391751,0.2428203250119934,2.0841026306152344,0.1629090909090909,0.0971379011274935,0.5045045045045045,0.5114196593597343,0.24755994733923678,3.1890459060668945,0.17638266068759342,0.1057347670250896,0.5315315315315315,0.5201849789864771,0.18625597611157724,MSL
smd,./data/SMD,machine-3-10,machine-3-10,sens_pm0.3,100,256,128,0.3,50,64,0.001,1,1,1,1,0.001,adam,0.1,0.99,adaptive,gated,5000,unc,8,0.95,"[0.5, 1.0, 2.0]",0,0,2,38,2.01569,8,0.0014871984021738172,6.980894249863923e-05,34.74390268325806,0.9661589308505707,0.7715636061992323,0.5026950354609929,0.35754640839386603,0.8462273161413563,0.7404085700049825,23594,20481,348,2334,314,0.9846687316894531,0.13453298807144165,0.9485889077186584,0.12510803237530885,0.9731108280843623,0.6937313501279344,4.495593070983887,0.6044492674986436,0.699748743718593,0.5319961795606495,0.9692581665349521,0.6206414745510286,7.954529762268066,0.5066666666666667,0.644542772861357,0.4173829990448902,0.965372270570985,0.5587743802542005,14.782794952392578,0.3653506187389511,0.47692307692307695,0.29608404966571156,0.9569200588333489,0.46545423044583883,SMD
npy,./data/MSL,P-15,P-15,sens_pm0.3,100,256,128,0.3,50,64,0.001,1,1,1,1,0.001,adam,0.1,0.99,adaptive,gated,5000,unc,8,0.95,"[0.5, 1.0, 2.0]",0,0,1,55,2.887841,8,0.0015711273299530149,0.0008743898943066597,6.59980583190918,0.7199966406315611,0.3486281044843363,0.1003584229390681,0.05426356589147287,0.6666666666666666,0.42857142857142855,2757,2266,44,120,44,0.9805825352668762,0.36666667461395264,0.8426241874694824,0.11513118169685616,0.7310489627949945,0.3649849841007919,1.4750715494155884,0.07629427792915532,0.04046242774566474,0.6666666666666666,0.7344419249181154,0.38444820490671194,2.047412872314453,0.07671232876712329,0.040697674418604654,0.6666666666666666,0.7376669186192996,0.41456773565650806,3.173109531402588,0.07713498622589532,0.04093567251461988,0.6666666666666666,0.6930377089107248,0.16197999716488018,MSL
npy,./data/MSL,M-1,M-1,sens_V16,100,256,128,0.15,50,64,0.001,1,1,1,1,0.001,adam,0.1,0.99,adaptive,gated,5000,unc,16,0.95,"[0.5, 1.0, 2.0]",0,0,1,55,2.887841,16,0.0035152907948940992,0.0019351430237293243,3.8489162921905518,0.363218420955179,0.4088830417328304,0.21242019733023798,0.31443298969072164,0.16038562664329536,0.6678372841673983,2178,1520,35,1167,1021,0.3282894790172577,0.8748928904533386,0.4935707151889801,0.227219473888723,0.33198115070792855,0.39702863219822526,1.5131758451461792,0.2951653944020356,0.35194174757281554,0.2541630148992112,0.3155705706632433,0.38992572238934375,2.108956813812256,0.2619172341540073,0.3255208333333333,0.21910604732690622,0.2951505042525089,0.3805576805187955,3.308534860610962,0.22222222222222224,0.2935251798561151,0.17879053461875546,0.2588267334065744,0.36232296642380774,MSL
npy,./data/MSL,F-7,F-7,sens_pm0.5,100,256,128,0.5,50,64,0.001,1,1,1,1,0.001,adam,0.1,0.99,adaptive,gated,5000,unc,8,0.95,"[0.5, 1.0, 2.0]",0,0,2,55,2.887841,8,0.00785914994776249,0.0023987716995179653,3.749255418777466,0.5153603044137233,0.08338771815528861,0.09399855386840203,0.06770833333333333,0.1536643026004728,0.16138917262512767,4955,4587,78,720,643,0.8598212599754333,0.8930555582046509,0.9312868714332581,0.12608979472478873,0.5056789147859042,0.08109507259699518,1.4971667528152466,0.07864302235929067,0.05835240274599542,0.12056737588652482,0.4952302629060096,0.07894219379823822,2.0739831924438477,0.06608695652173913,0.052269601100412656,0.08983451536643026,0.48069005616890587,0.07621475897797289,3.317221164703369,0.057937427578215524,0.056818181818181816,0.0591016548463357,0.46925616400524167,0.07487372369652115,MSL
npy,./data/MSL,D-14,D-14,sens_V4,100,256,128,0.15,50,64,0.001,1,1,1,1,0.001,adam,0.1,0.99,adaptive,gated,5000,unc,4,0.95,"[0.5, 1.0, 2.0]",0,0,2,55,2.887841,4,0.00524080591276288,0.0026965136639773846,5.353782415390015,0.44748681265535195,0.2032083323076998,0.18072289156626503,0.12335526315789473,0.33783783783783783,0.30303030303030304,2526,1539,38,420,131,0.9148797988891602,0.31190475821495056,0.6685659885406494,0.07998178803722536,0.4850618408670843,0.21057213209122044,1.4914683103561401,0.1508104298801973,0.08939014202172096,0.481981981981982,0.5046319727967667,0.21572493615495897,2.0858442783355713,0.1663051337671728,0.09905254091300603,0.5180180180180181,0.5227999535115639,0.22633180142800013,3.2192182540893555,0.18250950570342203,0.10978956999085086,0.5405405405405406,0.49704198580603076,0.16535246027313907,MSL
npy,./data/MSL,M-6,M-6,sens_pm0.5,100,256,128,0.5,50,64,0.001,1,1,1,1,0.001,adam,0.1,0.99,adaptive,gated,5000,unc,8,0.95,"[0.5, 1.0, 2.0]",0,0,0,55,2.887841,8,0.0027607548981904984,0.0007524932152591646,2.72045636177063,0.7599820175801816,0.6270948039388402,0.26348547717842324,0.16219667943805874,0.7016574585635359,0.7025089605734767,1950,458,29,199,36,0.9213973879814148,0.18090452253818512,0.24100513756275177,0.1613009281647511,0.7672370958391992,0.646198351781508,1.4692131280899048,0.17832167832167833,0.0996742671009772,0.8453038674033149,0.7656784222792717,0.6446741252084014,1.9679973125457764,0.1768631813125695,0.09833024118738404,0.8784530386740331,0.7625965667774794,0.6423616889624815,3.1249396800994873,0.17777777777777778,0.09882643607164916,0.8839779005524862,0.7440314928957612,0.6310226407286916,MSL
smd,./data/SMD,machine-1-4,machine-1-4,sens_V4,100,256,128,0.15,50,64,0.001,1,1,1,1,0.001,adam,0.1,0.99,adaptive,gated,5000,unc,4,0.95,"[0.5, 1.0, 2.0]",0,0,0,38,2.01569,4,0.0009657125920057297,0.0002848584554158151,39.84342098236084,0.809312509969403,0.24859248971523554,0.3166397415185783,0.25857519788918204,0.4083333333333333,0.31736056559308723,23608,22525,363,1908,879,0.9609767198562622,0.46069180965423584,0.9975115060806274,0.09289407116079766,0.9018544902191094,0.31178590099292847,1.8569599390029907,0.3104325699745547,0.39869281045751637,0.25416666666666665,0.9182733719058598,0.34167440483360995,2.822206974029541,0.30346051464063883,0.4201474201474201,0.2375,0.9241686726313909,0.3533330436664644,4.752106666564941,0.2935278030993619,0.4270557029177719,0.22361111111111112,0.9018397475868003,0.2745216063125841,SMD
npy,./data/MSL,P-10,P-10,sens_pm0.05,100,256,128,0.05,50,64,0.001,1,1,1,1,0.001,adam,0.1,0.99,adaptive,gated,5000,unc,8,0.95,"[0.5, 1.0, 2.0]",0,0,2,55,2.887841,8,0.0018328400328755379,0.003158446168527007,6.5571839809417725,0.9634434399614292,0.5301747344103093,0.3380281690140845,0.21967963386727687,0.732824427480916,0.4975124378109453,6001,5365,91,230,51,0.9904939532279968,0.22173912823200226,0.9208109378814697,0.12608679746155182,0.9647670726233121,0.543000531224554,1.4792028665542603,0.3819095477386935,0.2446351931330472,0.8702290076335878,0.9643002842932761,0.5538264663297133,2.071322441101074,0.39649122807017545,0.25740318906605925,0.8625954198473282,0.9630252487726024,0.570398761859375,3.327643394470215,0.40875912408759124,0.2685851318944844,0.8549618320610687,0.9318348362212397,0.4159793390893451,MSL
npy,./data/MSL,D-14,D-14,sens_pm0.3,100,256,128,0.3,50,64,0.001,1,1,1,1,0.001,adam,0.1,0.99,adaptive,gated,5000,unc,8,0.95,"[0.5, 1.0, 2.0]",0,0,2,55,2.887841,8,0.006246510893106461,0.0019770252984017134,5.42978048324585,0.4454660653162526,0.2080721751881561,0.16530849825378346,0.11145996860282574,0.31981981981981983,0.2876712328767123,2526,1773,38,420,138,0.9221658110618591,0.3285714387893677,0.7763532996177673,0.12592776654168716,0.4723562513824687,0.21442667299307666,1.527449369430542,0.15396458814472672,0.09285051067780872,0.45045045045045046,0.4884622450165521,0.21754019576853806,2.0973446369171143,0.16760676873489122,0.10206084396467124,0.46846846846846846,0.5068832877821642,0.22241190367565755,3.2313616275787354,0.1916376306620209,0.11879049676025918,0.4954954954954955,0.5033854078797899,0.16271535534327383,MSL
npy,./data/MSL,F-7,F-7,sens_pm0.3,100,256,128,0.3,50,64,0.001,1,1,1,1,0.001,adam,0.1,0.99,adaptive,gated,5000,unc,8,0.95,"[0.5, 1.0, 2.0]",0,0,1,55,2.887841,8,0.005923378746956587,0.0030173654668033123,4.760956287384033,0.49131839954096995,0.07803984570232948,0.07868852459016394,0.060225846925972396,0.11347517730496454,0.1549636803874092,4955,4602,78,720,644,0.8600608706474304,0.894444465637207,0.9345926642417908,0.11347410777502898,0.495965874952078,0.0777608442044424,1.4850949048995972,0.06281833616298811,0.04900662251655629,0.08747044917257683,0.49365540991355916,0.07700086244109487,2.1243982315063477,0.04681647940074906,0.03875968992248062,0.0591016548463357,0.4892442900731171,0.07586644586826782,3.4330742359161377,0.03583426651735722,0.03404255319148936,0.037825059101654845,0.5068101544070615,0.0804399860044738,MSL
smd,./data/SMD,machine-3-2,machine-3-2,sens_V2,100,256,128,0.15,50,64,0.001,1,1,1,1,0.001,adam,0.1,0.99,adaptive,gated,5000,unc,2,0.95,"[0.5, 1.0, 2.0]",0,0,1,38,2.01569,2,0.008476784452795982,0.0010283396113663912,41.973265409469604,0.4685009976953911,0.04656511812354779,0.024436090225563905,0.01872299567930869,0.0351668169522092,0.09080199365654736,23604,22780,365,2018,1897,0.916725218296051,0.9400396347045898,0.9674326181411743,0.062002719125390515,0.5363285001172937,0.06076479730828508,1.6420373916625977,0.010657193605683837,0.35294117647058826,0.005410279531109108,0.5431829815411785,0.06588423648857503,2.5496511459350586,0.0035842293906810036,0.2857142857142857,0.0018034265103697023,0.5472305541988574,0.06847704211559232,4.4779462814331055,0.0,0.0,0.0,0.5486889039781941,0.0692412867643698,SMD
smd,./data/SMD,machine-2-1,machine-2-1,sens_pm0.5,100,256,128,0.5,50,64,0.001,1,1,1,1,0.001,adam,0.1,0.99,adaptive,gated,5000,unc,8,0.95,"[0.5, 1.0, 2.0]",0,0,0,38,2.01569,8,0.0032632246147841215,0.00017696301802061498,44.58735251426697,0.7444173508371696,0.267219789955346,0.2749265204612254,0.1869043959422072,0.5196581196581197,0.2934443288241415,23595,19900,361,2457,737,0.9629648327827454,0.29995930194854736,0.9065663814544678,0.16071683750690155,0.8210869279795758,0.3768205906886708,1.525078296661377,0.37489325362937664,0.37457337883959047,0.3752136752136752,0.8318944692612781,0.4061428493432245,2.1690406799316406,0.3946515397082658,0.37519260400616333,0.41623931623931626,0.8364458158211489,0.4031712026958433,3.5254011154174805,0.39827856025039127,0.36724386724386726,0.43504273504273505,0.8301128558787055,0.3298278706211881,SMD
smd,./data/SMD,machine-3-10,machine-3-10,sens_V4,100,256,128,0.15,50,64,0.001,1,1,1,1,0.001,adam,0.1,0.99,adaptive,gated,5000,unc,4,0.95,"[0.5, 1.0, 2.0]",0,0,1,38,2.01569,4,0.0014203498139977455,0.00011656514107016847,44.84084486961365,0.96142041188574,0.6743266827251447,0.5223347230494342,0.37948939852877545,0.8376313276026743,0.6892336624353549,23594,21025,353,2334,549,0.9738882184028625,0.23521851003170013,0.9631232619285583,0.0997103098298348,0.9688173887855446,0.6235223876549792,3.936194658279419,0.5719101123595506,0.694406548431105,0.48615090735434574,0.9651303088497764,0.5681054647985878,6.802453517913818,0.4610169491525424,0.5643153526970954,0.38968481375358166,0.9608305010273567,0.510503259709599,12.534972190856934,0.3542300669506999,0.48825503355704697,0.27793696275071633,0.9475989021171417,0.4060453930261243,SMD
npy,./data/MSL,M-6,M-6,sens_pm0.05,100,256,128,0.05,50,64,0.001,1,1,1,1,0.001,adam,0.1,0.99,adaptive,gated,5000,unc,8,0.95,"[0.5, 1.0, 2.0]",0,0,0,55,2.887841,8,0.0021131448447704315,0.003407960059121251,3.1022746562957764,0.7696239071539271,0.6388112028812316,0.2740656851642129,0.17236467236467237,0.6685082872928176,0.7137809187279153,1950,616,29,199,51,0.9172077775001526,0.25628140568733215,0.3226727545261383,0.13206995450533354,0.7646195890070628,0.6431289891515837,1.3987797498703003,0.1769406392694064,0.09866327180140039,0.856353591160221,0.7601831367492045,0.6416356481450879,1.895206093788147,0.17174515235457063,0.09544334975369458,0.856353591160221,0.7550723437481515,0.6389314033826705,2.9362494945526123,0.1729490022172949,0.09611829944547134,0.861878453038674,0.7242064665728111,0.6190110290050472,MSL
npy,./data/MSL,T-4,T-4,sens_V2,100,256,128,0.15,50,64,0.001,1,1,1,1,0.001,adam,0.1,0.99,adaptive,gated,5000,unc,2,0.95,"[0.5, 1.0, 2.0]",0,0,1,55,2.887841,2,0.003976329229772091,0.0034226260613650084,4.035047769546509,0.4527163792405473,0.028598764848770615,0.05338078291814946,0.030425963488843813,0.21739130434782608,0.06299212598425197,2118,1926,34,168,151,0.9215991497039795,0.898809552192688,0.9102563858032227,0.05955927995604316,0.44835101071438216,0.02813709725155477,1.5146903991699219,0.0497335701598579,0.02834008097165992,0.2028985507246377,0.45175829217607216,0.028099154305342287,2.164473295211792,0.05371900826446281,0.03132530120481928,0.18840579710144928,0.45188648692413574,0.02770404652742258,3.486691474914551,0.03580562659846547,0.021739130434782608,0.10144927536231885,0.44040293633443994,0.026558962494096384,MSL
npy,./data/MSL,F-7,F-7,sens_V4,100,256,128,0.15,50,64,0.001,1,1,1,1,0.001,adam,0.1,0.99,adaptive,gated,5000,unc,4,0.95,"[0.5, 1.0, 2.0]",0,0,1,55,2.887841,4,0.004527409560978413,0.004951141774654388,4.407478094100952,0.4641012643236325,0.07313189211584352,0.05141843971631206,0.04113475177304964,0.06855791962174941,0.15477497255762898,4955,4588,78,720,642,0.860069751739502,0.8916666507720947,0.9317591786384583,0.09217748247410286,0.47151149642684487,0.07318166880257644,1.462035894393921,0.04,0.03249630723781388,0.05200945626477541,0.46983607745724293,0.07253202109975179,1.9967507123947144,0.02938295788442703,0.02508361204013378,0.03546099290780142,0.4665914208543207,0.07196449280766047,3.0650787353515625,0.028985507246376812,0.02578268876611418,0.03309692671394799,0.5011120963513949,0.08148903532614113,MSL
npy,./data/MSL,T-4,T-4,sens_V4,100,256,128,0.15,50,64,0.001,1,1,1,1,0.001,adam,0.1,0.99,adaptive,gated,5000,unc,4,0.95,"[0.5, 1.0, 2.0]",0,0,2,55,2.887841,4,0.004088102839887142,0.002789853373542428,3.1306369304656982,0.4445389037324913,0.027911969557043798,0.04618117229129662,0.02631578947368421,0.18840579710144928,0.061170212765957445,2118,1910,34,168,155,0.9188481569290161,0.9226190447807312,0.8999999761581421,0.08193494240217776,0.4431827382398186,0.02781397007665246,1.54276442527771,0.045454545454545456,0.02584493041749503,0.18840579710144928,0.44145548268696194,0.027828330542274765,2.1865012645721436,0.05138339920948616,0.029748283752860413,0.18840579710144928,0.44231911046339034,0.027989221998274395,3.4739749431610107,0.05326876513317191,0.03197674418604651,0.15942028985507245,0.4314765336140124,0.038500483139121966,MSL
npy,./data/MSL,D-14,D-14,sens_V4,100,256,128,0.15,50,64,0.001,1,1,1,1,0.001,adam,0.1,0.99,adaptive,gated,5000,unc,4,0.95,"[0.5, 1.0, 2.0]",0,0,0,55,2.887841,4,0.0053862398490309715,0.0031510659027844667,5.491014003753662,0.4302167335875201,0.20714814391285258,0.16626506024096388,0.11348684210526316,0.3108108108108108,0.29411764705882354,2526,1776,38,420,148,0.9166666865348816,0.3523809611797333,0.7730294466018677,0.08769971646681157,0.4565539322093629,0.2131931035433799,1.622270107269287,0.14710485133020346,0.08901515151515152,0.42342342342342343,0.4737134137883202,0.21403820097527154,2.2861125469207764,0.16822429906542055,0.10366492146596859,0.44594594594594594,0.4920407298684452,0.2162756922941098,3.6113932132720947,0.19317073170731708,0.1232876712328767,0.44594594594594594,0.47952634282222295,0.15451994608469535,MSL
npy,./data/MSL,D-14,D-14,sens_V2,100,256,128,0.15,50,64,0.001,1,1,1,1,0.001,adam,0.1,0.99,adaptive,gated,5000,unc,2,0.95,"[0.5, 1.0, 2.0]",0,0,0,55,2.887841,2,0.0053862398490309715,0.0036397911608219147,6.016197204589844,0.4317463530946677,0.20685498056229773,0.1716514954486346,0.1206581352833638,0.2972972972972973,0.2925531914893617,2526,1903,38,420,203,0.8933263421058655,0.4833333194255829,0.8072174787521362,0.06572820794837209,0.453773998717819,0.21036095046831899,1.5285452604293823,0.14533965244865718,0.08812260536398467,0.4144144144144144,0.4682285281536218,0.21050516934715915,2.215303659439087,0.16413916146297947,0.10233592880978866,0.4144144144144144,0.48405896533237364,0.21931887048292167,3.56156325340271,0.18715995647442873,0.12338593974175036,0.38738738738738737,0.448847724128623,0.1434409658180355,MSL
smd,./data/SMD,machine-3-2,machine-3-2,sens_V16,100,256,128,0.15,50,64,0.001,1,1,1,1,0.001,adam,0.1,0.99,adaptive,gated,5000,unc,16,0.95,"[0.5, 1.0, 2.0]",0,0,1,38,2.01569,16,0.008476784452795982,0.0010451502166688442,42.782357931137085,0.46755714010111293,0.04668445689779184,0.024474427361154693,0.018768046198267566,0.0351668169522092,0.09075244112578977,23604,22884,365,2018,1942,0.9151372313499451,0.962338924407959,0.9701658487319946,0.22775538794732947,0.5813890598563756,0.06787861177522975,1.6886069774627686,0.012400354295837024,0.35,0.0063119927862939585,0.5898246923203835,0.07773860971915086,2.470215082168579,0.0017985611510791368,0.3333333333333333,0.0009017132551848512,0.5940873367994391,0.08822829787469313,3.976569414138794,0.0,0.0,0.0,0.5967798851455013,0.10281123027733968,SMD
npy,./data/MSL,M-6,M-6,sens_V16,100,256,128,0.15,50,64,0.001,1,1,1,1,0.001,adam,0.1,0.99,adaptive,gated,5000,unc,16,0.95,"[0.5, 1.0, 2.0]",0,0,0,55,2.887841,16,0.002069976646453142,0.001604568213224411,2.292548179626465,0.7611384528020633,0.6279703999062367,0.26695371367061355,0.1657754010695187,0.6850828729281768,0.7071428571428572,1950,130,24,199,17,0.8692307472229004,0.08542713522911072,0.06453455239534378,0.20260297335111177,0.7614194281117276,0.6459492675046772,1.4004076719284058,0.1723209477652127,0.0954653937947494,0.8839779005524862,0.7581630721544595,0.6447404580402206,1.8568116426467896,0.1667503766951281,0.09171270718232044,0.9171270718232044,0.7538242218462741,0.6426843637632195,2.924546718597412,0.16245136186770429,0.08906666666666667,0.9226519337016574,0.7334224567298022,0.6240975871453781,MSL
npy,./data/MSL,M-1,M-1,sens_V4,100,256,128,0.15,50,64,0.001,1,1,1,1,0.001,adam,0.1,0.99,adaptive,gated,5000,unc,4,0.95,"[0.5, 1.0, 2.0]",0,0,2,55,2.887841,4,0.0034127605613321066,0.002422671066597104,3.1266684532165527,0.36838670057152734,0.41233931479609354,0.20693709582598468,0.3142857142857143,0.15425065731814197,0.6688178351422706,2178,1787,35,1167,1085,0.39283716678619385,0.9297343492507935,0.6943620443344116,0.0766829901380863,0.3494162829739171,0.4048322295442678,1.4424753189086914,0.3170116102978293,0.3738095238095238,0.2751971954425942,0.34111571268099394,0.40066691869901266,1.982417345046997,0.2852631578947369,0.3570487483530962,0.23751095530236635,0.3329231524114009,0.395599252507706,3.164573907852173,0.23549295774647885,0.32965299684542587,0.1831726555652936,0.3478941131451284,0.39975179339372946,MSL
npy,./data/MSL,M-6,M-6,sens_pm0.05,100,256,128,0.05,50,64,0.001,1,1,1,1,0.001,adam,0.1,0.99,adaptive,gated,5000,unc,8,0.95,"[0.5, 1.0, 2.0]",0,0,2,55,2.887841,8,0.0021202419884502888,0.0031011251267045736,2.2440505027770996,0.7536674671998296,0.6280103038751507,0.2653288740245262,0.16620111731843576,0.6574585635359116,0.6931407942238267,1950,429,28,199,32,0.9254079461097717,0.16080401837825775,0.22672758996486664,0.13029086284148386,0.7579294190022123,0.641502479223148,1.5481046438217163,0.18822100789313906,0.10572987721691678,0.856353591160221,0.7578199865131852,0.640678583287734,2.11093807220459,0.1846337105419893,0.10347129506008011,0.856353591160221,0.7579087155583423,0.639645185611471,3.4745023250579834,0.19293820933165196,0.10889679715302492,0.8453038674033149,0.7531705845469495,0.6256819711542306,MSL
npy,./data/MSL,C-1,C-1,sens_V16,100,256,128,0.15,50,64,0.001,1,1,1,1,0.001,adam,0.1,0.99,adaptive,gated,5000,unc,16,0.95,"[0.5, 1.0, 2.0]",0,0,2,55,2.887841,16,0.005695381201803684,0.002478258917108178,2.9676661491394043,0.6551219656368222,0.20712984258749326,0.18528610354223432,0.16113744075829384,0.21794871794871795,0.3218543046357616,2165,1910,34,464,405,0.7879580855369568,0.8728448152542114,0.8847736716270447,0.19314195487570818,0.6641544503993274,0.2144056701447527,1.503909945487976,0.21197007481296753,0.17346938775510204,0.2724358974358974,0.6646568936527953,0.2191863378094783,2.0464606285095215,0.21204188481675393,0.17920353982300885,0.25961538461538464,0.6664203709541824,0.22881126353656783,3.1437556743621826,0.2143906020558003,0.1978319783197832,0.23397435897435898,0.6752935844892812,0.25843840477898683,MSL
smd,./data/SMD,machine-1-1,machine-1-1,sens_V16,100,256,128,0.15,50,64,0.001,1,1,1,1,0.001,adam,0.1,0.99,adaptive,gated,5000,unc,16,0.95,"[0.5, 1.0, 2.0]",0,0,0,38,2.01569,16,0.00015585284563712776,0.0001959646469913423,41.541828870773315,0.9190829411562319,0.48338062616871463,0.3630257476411322,0.3189098061253161,0.42130660727542685,0.557258791704238,28380,23856,422,3486,785,0.9670942425727844,0.22518646717071533,0.926769495010376,0.1920666889542841,0.9343265271513812,0.5086282014678656,1.639185905456543,0.4667688700514024,0.30827873734365696,0.9606533036377134,0.9400636926995676,0.5249402446569474,2.601874589920044,0.5449193196685564,0.38576721210250076,0.9276169265033407,0.9453343413260157,0.5460461545041346,4.559476852416992,0.6077191170775783,0.4658618642390659,0.8737936154417223,0.9423281420702488,0.5941138840198095,SMD
npy,./data/MSL,C-1,C-1,sens_pm0.05,100,256,128,0.05,50,64,0.001,1,1,1,1,0.001,adam,0.1,0.99,adaptive,gated,5000,unc,8,0.95,"[0.5, 1.0, 2.0]",0,0,1,55,2.887841,8,0.00545481126755476,0.00537858484312892,3.626018762588501,0.6690491671920975,0.2091952244331223,0.17342657342657344,0.15384615384615385,0.1987179487179487,0.3238866396761133,2165,1966,34,464,434,0.7792472243309021,0.9353448152542114,0.9006466865539551,0.11039363869893909,0.670077041298865,0.21283074528012716,1.4721099138259888,0.21910828025477708,0.18181818181818182,0.27564102564102566,0.6663415563261875,0.21584153124616712,1.987813949584961,0.2231182795698925,0.19212962962962962,0.266025641025641,0.66348945197562,0.22089568102863827,3.0263681411743164,0.2066869300911854,0.19653179190751446,0.21794871794871795,0.6688258590794451,0.2195086676287713,MSL
smd,./data/SMD,machine-3-7,machine-3-7,sens_V16,100,256,128,0.15,50,64,0.001,1,1,1,1,0.001,adam,0.1,0.99,adaptive,gated,5000,unc,16,0.95,"[0.5, 1.0, 2.0]",0,0,0,38,2.01569,16,0.0001507573906565085,0.00023771707492414862,41.97693920135498,0.8479410191714261,0.4025897828274774,0.14201570680628273,0.08276125095347063,0.5,0.4906303236797274,28606,26078,440,929,295,0.9886877536773682,0.31754574179649353,0.9315677285194397,0.1927844579425015,0.8772676956259586,0.44338730323079545,1.4157401323318481,0.14636405743399722,0.08135942327497425,0.728110599078341,0.8802470884577135,0.48398989327918246,1.990143060684204,0.17533774073009484,0.10016420361247948,0.7027649769585254,0.8790350698889142,0.5283170741902921,3.2797775268554688,0.23338607594936708,0.1408787010506208,0.6797235023041475,0.8490984312953936,0.5055254426770498,SMD
npy,./data/MSL,C-1,C-1,sens_V2,100,256,128,0.15,50,64,0.001,1,1,1,1,0.001,adam,0.1,0.99,adaptive,gated,5000,unc,2,0.95,"[0.5, 1.0, 2.0]",0,0,2,55,2.887841,2,0.005695381201803684,0.00324435206130147,3.114339590072632,0.6564158391130728,0.2077310837919003,0.18579234972677597,0.1619047619047619,0.21794871794871795,0.3231162196679438,2165,1937,34,464,426,0.7800722718238831,0.9181034564971924,0.8883010149002075,0.061669250558760644,0.6482289696300966,0.21030796433528026,1.5332612991333008,0.20911528150134048,0.17972350230414746,0.25,0.6370372924548129,0.21130568324297838,2.1235668659210205,0.1991084695393759,0.18559556786703602,0.21474358974358973,0.6256239491382933,0.2157817315221865,3.3065528869628906,0.16510318949343336,0.19909502262443438,0.14102564102564102,0.5936334200294241,0.19611201208012127,MSL
npy,./data/MSL,F-7,F-7,sens_V2,100,256,128,0.15,50,64,0.001,1,1,1,1,0.001,adam,0.1,0.99,adaptive,gated,5000,unc,2,0.95,"[0.5, 1.0, 2.0]",0,0,2,55,2.887841,2,0.004554920829832554,0.005197183229029179,3.535675287246704,0.45657157821710315,0.07208873928649948,0.06956521739130433,0.055020632737276476,0.09456264775413711,0.1547204399633364,4955,4517,78,720,631,0.8603054881095886,0.8763889074325562,0.9175915122032166,0.06119230561011013,0.46998718166656717,0.07338593024264956,1.538321614265442,0.055658627087198514,0.04580152671755725,0.07092198581560284,0.4733002435534401,0.07388516767875242,2.255584716796875,0.03312629399585921,0.029465930018416207,0.037825059101654845,0.4758067356743255,0.07466262983286746,3.6510519981384277,0.02656042496679947,0.030303030303030304,0.02364066193853428,0.5121610811710372,0.0871908812648716,MSL
npy,./data/MSL,M-1,M-1,sens_pm0.5,100,256,128,0.5,50,64,0.001,1,1,1,1,0.001,adam,0.1,0.99,adaptive,gated,5000,unc,8,0.95,"[0.5, 1.0, 2.0]",0,0,2,55,2.887841,8,0.006399115081876516,0.0016111591830849648,3.2735626697540283,0.3544981545716014,0.40843961252010214,0.24125874125874128,0.36,0.18141980718667836,0.6678372841673983,2178,1844,35,1167,1144,0.3796095550060272,0.9802913665771484,0.6923837661743164,0.1258397999983298,0.3166907889052104,0.3926794022189085,1.5068970918655396,0.2729744426318651,0.35959885386819485,0.21998247151621383,0.30159715964498646,0.38418689524938854,2.1362287998199463,0.2338251986379114,0.33172302737520126,0.18054338299737072,0.28384031180950736,0.3735210190577103,3.3949594497680664,0.15955473098330242,0.2710084033613445,0.11305872042068361,0.2636740689535989,0.36167923152566683,MSL
npy,./data/MSL,T-4,T-4,sens_pm0.05,100,256,128,0.05,50,64,0.001,1,1,1,1,0.001,adam,0.1,0.99,adaptive,gated,5000,unc,8,0.95,"[0.5, 1.0, 2.0]",0,0,1,55,2.887841,8,0.0037386086769402027,0.0044151246547698975,4.017077207565308,0.43854073894151624,0.027709350287471513,0.05009633911368015,0.028888888888888888,0.18840579710144928,0.06159420289855073,2118,1874,34,168,158,0.9156883955001831,0.9404761791229248,0.8799999952316284,0.1067060474183224,0.41334709740102016,0.02667433233688607,1.408173680305481,0.0568561872909699,0.03213610586011342,0.2463768115942029,0.4089142579548215,0.02628056137166418,1.950295329093933,0.047619047619047616,0.027253668763102725,0.18840579710144928,0.4085229266186274,0.025900594850454893,3.031280994415283,0.04878048780487805,0.028368794326241134,0.17391304347826086,0.38817369713653416,0.023589026507649366,MSL
smd,./data/SMD,machine-2-5,machine-2-5,sens_pm0.05,100,256,128,0.05,50,64,0.001,1,1,1,1,0.001,adam,0.1,0.99,adaptive,gated,5000,unc,8,0.95,"[0.5, 1.0, 2.0]",0,0,0,38,2.01569,8,0.0027836039662361145,0.0010929268319159746,34.354615211486816,0.9284344694767244,0.47414899408401256,0.5216484089723527,0.5336179295624333,0.5102040816326531,0.5307506053268766,23590,22261,365,3016,1738,0.9219262599945068,0.576259970664978,0.997521162033081,0.11909551770063516,0.9415529759395942,0.44724603985332523,1.7495849132537842,0.2179379715004191,0.6103286384976526,0.1326530612244898,0.9380870301354943,0.39814606836152167,2.536750555038452,0.2027027027027027,0.5882352941176471,0.12244897959183673,0.93390503720093,0.3582455337366248,4.174647331237793,0.18682235195996663,0.5114155251141552,0.11428571428571428,0.9162861348687612,0.27120451186285643,SMD
smd,./data/SMD,machine-3-10,machine-3-10,sens_V2,100,256,128,0.15,50,64,0.001,1,1,1,1,0.001,adam,0.1,0.99,adaptive,gated,5000,unc,2,0.95,"[0.5, 1.0, 2.0]",0,0,2,38,2.01569,2,0.0012886007316410542,9.387712634634227e-05,33.31681752204895,0.9616684047253263,0.6307309693404416,0.5400534045393858,0.4150846587993843,0.772683858643744,0.6924916307986609,23594,20935,357,2334,673,0.9678528904914856,0.28834620118141174,0.9530574083328247,0.05903028376761095,0.961342091698136,0.5604563268580784,4.746500492095947,0.4165079365079365,0.6212121212121212,0.3132760267430755,0.9551022881894423,0.5083493046218409,8.337718963623047,0.3331076506431957,0.5720930232558139,0.2349570200573066,0.946932906380763,0.45877982792874067,15.465167045593262,0.28752642706131076,0.5483870967741935,0.19484240687679083,0.9047923435331775,0.3598938765846736,SMD
smd,./data/SMD,machine-2-5,machine-2-5,sens_V4,100,256,128,0.15,50,64,0.001,1,1,1,1,0.001,adam,0.1,0.99,adaptive,gated,5000,unc,4,0.95,"[0.5, 1.0, 2.0]",0,0,1,38,2.01569,4,0.002835979452356696,0.000576271559111774,41.14017462730408,0.9189177894945904,0.45239017088239153,0.5133120340788072,0.5367483296213809,0.49183673469387756,0.5174589819099705,23590,22145,363,3016,1667,0.9247233867645264,0.5527188181877136,0.9953339099884033,0.08530530852754017,0.9369475241767851,0.43036248645453645,1.7924599647521973,0.19096334185848252,0.5803108808290155,0.11428571428571428,0.9324120797202586,0.3752347824996039,2.7053606510162354,0.16493055555555552,0.5523255813953488,0.09693877551020408,0.9271468832369798,0.3311505730224706,4.642385005950928,0.1476976542137272,0.49707602339181284,0.08673469387755102,0.9094470770826273,0.2528964206794782,SMD
npy,./data/MSL,M-1,M-1,sens_pm0.3,100,256,128,0.3,50,64,0.001,1,1,1,1,0.001,adam,0.1,0.99,adaptive,gated,5000,unc,8,0.95,"[0.5, 1.0, 2.0]",0,0,0,55,2.887841,8,0.004097771365195513,0.0016502649523317814,4.741910219192505,0.3634753305106714,0.4131183398531513,0.2324766355140187,0.34851138353765326,0.17440841367221735,0.6680339876941108,2178,1704,35,1167,1105,0.35152581334114075,0.9468722939491272,0.5924826860427856,0.1575341456739918,0.3380829455259162,0.4027219898811682,1.377903699874878,0.31224899598393574,0.3654524089306698,0.27256792287467135,0.3255468393181173,0.39632453656358646,1.9189674854278564,0.28378378378378377,0.3486590038314176,0.2392638036809816,0.31107426769204183,0.3879021432140644,2.970715045928955,0.2521645021645022,0.32956152758132956,0.2042068361086766,0.29719883719494883,0.37451981125180667,MSL
npy,./data/MSL,F-7,F-7,sens_V4,100,256,128,0.15,50,64,0.001,1,1,1,1,0.001,adam,0.1,0.99,adaptive,gated,5000,unc,4,0.95,"[0.5, 1.0, 2.0]",0,0,0,55,2.887841,4,0.004515376407653093,0.004307401832193136,3.723667860031128,0.47771851021459355,0.07528176869123612,0.0586756077116513,0.045454545454545456,0.08274231678486997,0.1547466617889153,4955,4393,78,720,612,0.8606874346733093,0.8500000238418579,0.892798125743866,0.08706011998304565,0.48421701218992363,0.07545852530263605,1.5002484321594238,0.0547008547008547,0.0428380187416332,0.07565011820330969,0.48095959340716,0.07466136487538202,2.0586063861846924,0.04864864864864865,0.039301310043668124,0.06382978723404255,0.4757219948001774,0.07390424872626052,3.22334885597229,0.038038038038038034,0.03298611111111111,0.04491725768321513,0.49765813999907094,0.08361032766634788,MSL
smd,./data/SMD,machine-1-7,machine-1-7,sens_pm0.05,100,256,128,0.05,50,64,0.001,1,1,1,1,0.001,adam,0.1,0.99,adaptive,gated,5000,unc,8,0.95,"[0.5, 1.0, 2.0]",0,0,2,38,2.01569,8,0.0024253528099507093,0.0011618761345744133,34.83509707450867,0.6511570376443647,0.23559223214966857,0.17890064868555824,0.4934086629001883,0.10925771476230192,0.28013029315960913,23598,22739,367,3677,2853,0.8745327591896057,0.7759042978286743,0.9982430338859558,0.12206100732535162,0.6972862184126787,0.2838294144999802,2.1392977237701416,0.08055770720371805,0.5652173913043478,0.043369474562135114,0.7034286655534541,0.2896017142736649,3.340916156768799,0.06377952755905512,0.5704225352112676,0.03377814845704754,0.707623584625606,0.28861989792575937,5.6314005851745605,0.0437375745526839,0.4700854700854701,0.022935779816513763,0.7100337852164941,0.2671626484755626,SMD
npy,./data/MSL,P-10,P-10,sens_V16,100,256,128,0.15,50,64,0.001,1,1,1,1,0.001,adam,0.1,0.99,adaptive,gated,5000,unc,16,0.95,"[0.5, 1.0, 2.0]",0,0,1,55,2.887841,16,0.001976204803213477,0.0015354831703007221,7.455450057983398,0.9503503470219543,0.527993553734067,0.29983525535420097,0.19117647058823528,0.6946564885496184,0.5392156862745098,6001,5339,91,230,53,0.990073025226593,0.23043477535247803,0.9159591197967529,0.20936742819779874,0.9565758965852835,0.549982755627219,1.460444450378418,0.33974358974358976,0.2150101419878296,0.8091603053435115,0.9572038228045922,0.5628308432534421,1.973061203956604,0.3610223642172524,0.22828282828282828,0.8625954198473282,0.9562485053181897,0.5832943414625051,2.9899675846099854,0.3717948717948718,0.23529411764705882,0.8854961832061069,0.939960789780277,0.42470641005352544,MSL
npy,./data/MSL,M-6,M-6,sens_V16,100,256,128,0.15,50,64,0.001,1,1,1,1,0.001,adam,0.1,0.99,adaptive,gated,5000,unc,16,0.95,"[0.5, 1.0, 2.0]",0,0,1,55,2.887841,16,0.0020626001060009003,0.0015696603804826736,2.7191638946533203,0.7657996853076532,0.6328384428396232,0.2546972860125261,0.15701415701415702,0.6740331491712708,0.7117437722419929,1950,109,26,199,12,0.8899082541465759,0.060301508754491806,0.0553969144821167,0.2035216796092498,0.7637796207129084,0.6434670513384688,1.492388367652893,0.17656857301499165,0.09814814814814815,0.8784530386740331,0.7597749831414814,0.642284646167523,1.999853253364563,0.1739588824459673,0.09615384615384616,0.9116022099447514,0.753954357779171,0.6401765862547352,3.013737916946411,0.16925388082123186,0.09306167400881057,0.9337016574585635,0.7404438818365728,0.6282963133284235,MSL
npy,./data/MSL,P-15,P-15,sens_pm0.3,100,256,128,0.3,50,64,0.001,1,1,1,1,0.001,adam,0.1,0.99,adaptive,gated,5000,unc,8,0.95,"[0.5, 1.0, 2.0]",0,0,2,55,2.887841,8,0.0015426544705405831,0.0008474730420857668,5.464254856109619,0.7230032753842277,0.39554475110026605,0.09655172413793102,0.05204460966542751,0.6666666666666666,0.48275862068965514,2757,2199,44,120,34,0.9845384359359741,0.28333333134651184,0.8210087418556213,0.13424747440751844,0.7345427059712774,0.40984527803699394,1.471670389175415,0.07088607594936708,0.0374331550802139,0.6666666666666666,0.7381204333585285,0.4171404327245295,2.035238265991211,0.07142857142857142,0.03773584905660377,0.6666666666666666,0.7422020660115898,0.4569573405086425,3.3066177368164062,0.07629427792915532,0.04046242774566474,0.6666666666666666,0.7071974468799865,0.0703397992416122,MSL
npy,./data/MSL,P-15,P-15,sens_V4,100,256,128,0.15,50,64,0.001,1,1,1,1,0.001,adam,0.1,0.99,adaptive,gated,5000,unc,4,0.95,"[0.5, 1.0, 2.0]",0,0,2,55,2.887841,4,0.00153897306881845,0.001567993895150721,5.195089101791382,0.704039640547577,0.6690262275224359,0.10218978102189781,0.05533596837944664,0.6666666666666666,0.8,2757,2401,44,120,55,0.9770928621292114,0.4583333432674408,0.8896473050117493,0.08089411807829892,0.7196607037876879,0.6659824977216126,1.4997960329055786,0.0830860534124629,0.04430379746835443,0.6666666666666666,0.7293692785756278,0.6626700125153275,2.1382317543029785,0.09003215434083602,0.04827586206896552,0.6666666666666666,0.7369110607205847,0.6590811163548815,3.41510272026062,0.09893992932862192,0.05343511450381679,0.6666666666666666,0.6071890484588898,0.028982346757925465,MSL
npy,./data/MSL,P-15,P-15,sens_pm0.05,100,256,128,0.05,50,64,0.001,1,1,1,1,0.001,adam,0.1,0.99,adaptive,gated,5000,unc,8,0.95,"[0.5, 1.0, 2.0]",0,0,2,55,2.887841,8,0.001497205113992095,0.0026929457671940327,5.394835472106934,0.7158982111363064,0.669128970803747,0.10408921933085502,0.056451612903225805,0.6666666666666666,0.8,2757,2355,44,120,29,0.9876857995986938,0.24166665971279144,0.8820629715919495,0.12462710746181241,0.7327790375409423,0.6692783157681792,1.5480798482894897,0.08536585365853659,0.04560260586319218,0.6666666666666666,0.7405391786344169,0.6661831779277073,2.233250379562378,0.10144927536231883,0.054901960784313725,0.6666666666666666,0.7440833123372805,0.6662204810702664,3.5810348987579346,0.11475409836065575,0.06278026905829596,0.6666666666666666,0.6395733602082808,0.15466906221594492,MSL
smd,./data/SMD,machine-1-1,machine-1-1,sens_pm0.3,100,256,128,0.3,50,64,0.001,1,1,1,1,0.001,adam,0.1,0.99,adaptive,gated,5000,unc,8,0.95,"[0.5, 1.0, 2.0]",0,0,0,38,2.01569,8,0.00020407380361575633,0.00013750094512943178,56.04219365119934,0.9315180035813828,0.5079056480639942,0.42727272727272725,0.36098310291858676,0.5233853006681515,0.6035748483881264,28380,23820,423,3486,735,0.9691435694694519,0.21084336936473846,0.9273318648338318,0.14582365814273504,0.9435946614104785,0.5280812426303778,1.7624168395996094,0.4981153957668889,0.33673069384555077,0.9565701559020044,0.9481926455114886,0.5410590196193638,2.676551342010498,0.5668197602778089,0.4059040590405904,0.9391239792130661,0.9522253360299513,0.5572436973063724,4.590417861938477,0.6238914971309337,0.4809006835544833,0.8878990348923533,0.9432096678043653,0.5732769626838548,SMD
smd,./data/SMD,machine-3-7,machine-3-7,sens_V2,100,256,128,0.15,50,64,0.001,1,1,1,1,0.001,adam,0.1,0.99,adaptive,gated,5000,unc,2,0.95,"[0.5, 1.0, 2.0]",0,0,2,38,2.01569,2,0.00016588221478741616,0.0002718526520766318,40.65811061859131,0.8250775452267691,0.39509781658639104,0.17715392061955468,0.11213235294117647,0.4216589861751152,0.48965517241379314,28606,26565,444,929,435,0.983625054359436,0.46824541687965393,0.9441052079200745,0.059514473111848015,0.8483733881114761,0.4197428389630038,1.672070860862732,0.18114726601811476,0.10600706713780919,0.6221198156682027,0.8493327499952321,0.44052568704339073,2.4785263538360596,0.22735507246376813,0.1414881623449831,0.5783410138248848,0.8461465046903676,0.46161874448680695,4.231983184814453,0.295060936497755,0.20444444444444446,0.5299539170506913,0.7914251418178273,0.3463678406451082,SMD
smd,./data/SMD,machine-3-10,machine-3-10,sens_V16,100,256,128,0.15,50,64,0.001,1,1,1,1,0.001,adam,0.1,0.99,adaptive,gated,5000,unc,16,0.95,"[0.5, 1.0, 2.0]",0,0,2,38,2.01569,16,0.0012886007316410542,9.467341442359611e-05,33.81534790992737,0.9623481919002335,0.6589572005695925,0.4758304077774777,0.3317018072289157,0.8414517669531996,0.6788990825688074,23594,20301,346,2334,301,0.9851731657981873,0.1289631575345993,0.940733790397644,0.18749730591249736,0.9710501256792283,0.6203211665688099,4.226355075836182,0.5454545454545455,0.59392575928009,0.504297994269341,0.9686884156386983,0.5792160574268542,7.635178089141846,0.4757804090419806,0.5450061652281134,0.4221585482330468,0.9658211038701139,0.5302116110281831,14.450948715209961,0.42714126807563957,0.511318242343542,0.3667621776504298,0.9594562917259553,0.4536825842669895,SMD
smd,./data/SMD,machine-1-4,machine-1-4,sens_pm0.3,100,256,128,0.3,50,64,0.001,1,1,1,1,0.001,adam,0.1,0.99,adaptive,gated,5000,unc,8,0.95,"[0.5, 1.0, 2.0]",0,0,1,38,2.01569,8,0.0009670270374044776,0.0001659542613197118,41.39434027671814,0.8190074220694789,0.2680314211183168,0.3080133555926544,0.2201670644391408,0.5125,0.3342736248236953,23608,22402,364,1908,771,0.9655834436416626,0.4040880501270294,0.9968202710151672,0.12858524560039628,0.9149696930148926,0.3240447891890606,1.7619969844818115,0.337200309358082,0.38045375218150085,0.30277777777777776,0.9314524997220651,0.3508092448020793,2.5763461589813232,0.3362974939369442,0.402321083172147,0.28888888888888886,0.937339462401454,0.36112567538743057,4.166377067565918,0.3253509496284063,0.40122199592668023,0.27361111111111114,0.9268845796899698,0.29602092828820853,SMD
npy,./data/MSL,M-1,M-1,sens_pm0.05,100,256,128,0.05,50,64,0.001,1,1,1,1,0.001,adam,0.1,0.99,adaptive,gated,5000,unc,8,0.95,"[0.5, 1.0, 2.0]",0,0,1,55,2.887841,8,0.0030732087325304747,0.003414891893044114,4.129408359527588,0.36751876288405283,0.41274330985156255,0.2037914691943128,0.31444241316270566,0.15074496056091147,0.6678372841673983,2178,1595,35,1167,978,0.3868338465690613,0.8380462527275085,0.6102868318557739,0.10826644599711381,0.34337235066842775,0.40254214670289523,1.4885903596878052,0.3018490754622689,0.3511627906976744,0.26468010517090274,0.3328699188999025,0.39702155118837823,2.055044174194336,0.2709807886754297,0.3201911589008363,0.23488168273444346,0.32298314426435915,0.39040275787383594,3.223404884338379,0.24630021141649053,0.31025299600532624,0.2042068361086766,0.3450360907777956,0.3946323690304641,MSL
smd,./data/SMD,machine-3-7,machine-3-7,sens_V16,100,256,128,0.15,50,64,0.001,1,1,1,1,0.001,adam,0.1,0.99,adaptive,gated,5000,unc,16,0.95,"[0.5, 1.0, 2.0]",0,0,2,38,2.01569,16,0.00016588221478741616,0.00024243813822977245,41.78771638870239,0.8239916919961784,0.3966204770777223,0.13093709884467267,0.07606263982102908,0.4700460829493088,0.48965517241379314,28606,26143,440,929,303,0.9884098768234253,0.3261571526527405,0.933627188205719,0.18846111048237224,0.8563555463113999,0.43686279604933714,1.5003619194030762,0.15462354724608388,0.08683314415437003,0.7050691244239631,0.8611100561109746,0.47788917999071195,2.09248685836792,0.18936772569990565,0.10965391621129326,0.6935483870967742,0.8626104700604272,0.5278986830436094,3.3494179248809814,0.2382943143812709,0.14555669050051073,0.6566820276497696,0.8452596797258658,0.5052002348367806,SMD
smd,./data/SMD,machine-1-4,machine-1-4,sens_pm0.3,100,256,128,0.3,50,64,0.001,1,1,1,1,0.001,adam,0.1,0.99,adaptive,gated,5000,unc,8,0.95,"[0.5, 1.0, 2.0]",0,0,2,38,2.01569,8,0.00093084666877985,0.00017856055637821555,37.68468379974365,0.8092007318146005,0.26861620881472786,0.2867072111207645,0.20859671302149177,0.4583333333333333,0.34561834561834565,23608,22496,363,1908,843,0.9625266790390015,0.44182389974594116,0.9978340864181519,0.17850909423763492,0.9047409344895423,0.3121552068816245,1.6784778833389282,0.33507073715562175,0.3611556982343499,0.3125,0.9249509384531353,0.33636949208930694,2.4390878677368164,0.330173775671406,0.38278388278388276,0.2902777777777778,0.9341061131170759,0.34680206480722797,3.931018590927124,0.3192868719611021,0.3832684824902724,0.27361111111111114,0.9271806709589479,0.2845586321145127,SMD
smd,./data/SMD,machine-1-7,machine-1-7,sens_V2,100,256,128,0.15,50,64,0.001,1,1,1,1,0.001,adam,0.1,0.99,adaptive,gated,5000,unc,2,0.95,"[0.5, 1.0, 2.0]",0,0,2,38,2.01569,2,0.002461969153955579,0.0005466359434649348,34.88477659225464,0.6621206984974765,0.24578284594412153,0.17883959044368603,0.4924812030075188,0.10925771476230192,0.27521634274365153,23598,22737,367,3677,2877,0.8734661340713501,0.7824313044548035,0.9969379305839539,0.0592330641964349,0.6992816857843687,0.2841643734282441,2.490243434906006,0.08114374034003093,0.5526315789473685,0.043786488740617184,0.70252818590198,0.2858478741557623,4.132282257080078,0.05461020973486347,0.5348837209302325,0.028773978315262717,0.7037285774359834,0.2809101397356425,7.315846920013428,0.03838464614154338,0.46601941747572817,0.020016680567139282,0.6897048775445962,0.2475314011168927,SMD
smd,./data/SMD,machine-1-4,machine-1-4,sens_pm0.05,100,256,128,0.05,50,64,0.001,1,1,1,1,0.001,adam,0.1,0.99,adaptive,gated,5000,unc,8,0.95,"[0.5, 1.0, 2.0]",0,0,2,38,2.01569,8,0.000934686919208616,0.00048038159729912877,33.54195213317871,0.8025644627639777,0.2578593796151531,0.3346891342242882,0.28771228771228774,0.4,0.33111480865224624,23608,22455,363,1908,842,0.9625027775764465,0.44129979610443115,0.9959908127784729,0.11601509865321616,0.9077989431224412,0.3222155033926922,1.7435359954833984,0.31719532554257096,0.39748953974895396,0.2638888888888889,0.9205234359517216,0.34670540945819833,2.5421643257141113,0.2991452991452992,0.3888888888888889,0.24305555555555555,0.9237250946186975,0.34946628350816067,4.182712078094482,0.30042918454935624,0.39325842696629215,0.24305555555555555,0.9025542214681729,0.2705303238295648,SMD
npy,./data/MSL,F-7,F-7,sens_pm0.3,100,256,128,0.3,50,64,0.001,1,1,1,1,0.001,adam,0.1,0.99,adaptive,gated,5000,unc,8,0.95,"[0.5, 1.0, 2.0]",0,0,2,55,2.887841,8,0.00582812400534749,0.0030064370948821306,3.574824810028076,0.4957524913051269,0.07871180104881172,0.09112709832134293,0.06884057971014493,0.1347517730496454,0.1575971731448763,4955,4586,78,720,648,0.8587003946304321,0.8999999761581421,0.9298701286315918,0.12733741436909235,0.48838769256215053,0.07693187848703689,1.442948818206787,0.09275834011391375,0.0707196029776675,0.1347517730496454,0.47986561935114014,0.07535398034959123,1.9810853004455566,0.06608695652173913,0.052269601100412656,0.08983451536643026,0.4698345459956619,0.07353950876801643,3.1093597412109375,0.049164208456243856,0.04208754208754209,0.0591016548463357,0.4700954049516237,0.07427606607366018,MSL
smd,./data/SMD,machine-2-1,machine-2-1,sens_V16,100,256,128,0.15,50,64,0.001,1,1,1,1,0.001,adam,0.1,0.99,adaptive,gated,5000,unc,16,0.95,"[0.5, 1.0, 2.0]",0,0,1,38,2.01569,16,0.0013761433074250817,0.00030166591750457883,41.57613253593445,0.758512686183171,0.29868137923567284,0.2694726656990808,0.1879217273954116,0.47606837606837604,0.32551319648093846,23595,21054,361,2457,815,0.9612900018692017,0.33170533180236816,0.9574699401855469,0.22054549166903098,0.8171194220941157,0.3800533025744926,1.4589543342590332,0.3580446746519909,0.28817092235539343,0.47264957264957264,0.8271968779360895,0.41234403695260374,1.9188543558120728,0.36459956372701774,0.28690534575772436,0.5,0.8311009946465461,0.425420416072641,2.9768543243408203,0.3734518894887266,0.29711975745325925,0.5025641025641026,0.8186682922831032,0.3594874411098382,SMD
smd,./data/SMD,machine-1-1,machine-1-1,sens_pm0.05,100,256,128,0.05,50,64,0.001,1,1,1,1,0.001,adam,0.1,0.99,adaptive,gated,5000,unc,8,0.95,"[0.5, 1.0, 2.0]",0,0,0,38,2.01569,8,0.00014156411634758115,0.00026547309244051576,41.328126192092896,0.9174421386719805,0.49794908446908737,0.3628495339547271,0.32890766445383224,0.4046028210838901,0.5703185703185703,28380,23740,432,3486,821,0.9654170274734497,0.23551347851753235,0.920663595199585,0.11646992896458395,0.9372409820860325,0.52942233195033,1.7667512893676758,0.4804709400112128,0.32105394605394605,0.9543429844097996,0.9427933201842257,0.5471673366332912,2.7854161262512207,0.5575310298557531,0.39894383101296205,0.9253897550111359,0.9469887262309438,0.5673247480175597,4.815174579620361,0.6213056613687115,0.48078877820695265,0.8778767631774314,0.9326624898743665,0.57742595360263,SMD
smd,./data/SMD,machine-1-1,machine-1-1,sens_pm0.5,100,256,128,0.5,50,64,0.001,1,1,1,1,0.001,adam,0.1,0.99,adaptive,gated,5000,unc,8,0.95,"[0.5, 1.0, 2.0]",0,0,1,38,2.01569,8,0.0006328963791020215,0.00011347472900524735,50.41184139251709,0.9081974551423821,0.48474703539749453,0.39968774395003903,0.3449205066019941,0.47512991833704527,0.5393599271955104,28380,24009,427,3486,728,0.9696780443191528,0.20883534848690033,0.9352052807807922,0.1311653008168646,0.934011763369615,0.5311752957925433,1.6172031164169312,0.5669014084507042,0.42868010650437427,0.8366740905716407,0.9409968776987593,0.5557643715220059,2.2796409130096436,0.597022931473783,0.4673525089229477,0.8262806236080178,0.9463071147267558,0.5811589995791582,3.804152727127075,0.6236432971545908,0.5155189136760426,0.7891610987379362,0.9462015432566628,0.59480438878465,SMD
npy,./data/MSL,T-4,T-4,sens_V2,100,256,128,0.15,50,64,0.001,1,1,1,1,0.001,adam,0.1,0.99,adaptive,gated,5000,unc,2,0.95,"[0.5, 1.0, 2.0]",0,0,0,55,2.887841,2,0.004090030211955309,0.003404681570827961,3.5116841793060303,0.4678770949720671,0.029097814745579802,0.05724508050089446,0.0326530612244898,0.2318840579710145,0.06060606060606061,2118,1954,34,168,159,0.918628454208374,0.9464285969734192,0.9205127954483032,0.06767913234807951,0.4686867460124686,0.02914007672814642,1.4787858724594116,0.05633802816901408,0.03206412825651302,0.2318840579710145,0.47189836180606165,0.029192343897229252,2.016536235809326,0.05,0.028824833702882482,0.18840579710144928,0.4718241437940248,0.029038047983230654,3.116121292114258,0.053452115812917596,0.031578947368421054,0.17391304347826086,0.46222303187326264,0.03071725281082783,MSL
smd,./data/SMD,machine-1-4,machine-1-4,sens_pm0.3,100,256,128,0.3,50,64,0.001,1,1,1,1,0.001,adam,0.1,0.99,adaptive,gated,5000,unc,8,0.95,"[0.5, 1.0, 2.0]",0,0,0,38,2.01569,8,0.0009117979789152741,0.00017624589963816106,45.076446771621704,0.7967673153424883,0.2520670394272527,0.2751592356687898,0.1981651376146789,0.45,0.32941176470588235,23608,22453,363,1908,801,0.964325487613678,0.41981130838394165,0.9977880120277405,0.14352395509469715,0.9057347631269848,0.30203751959621056,1.7485949993133545,0.33002291825821245,0.366723259762309,0.3,0.9264487053068643,0.33390429729130355,2.5146484375,0.31987075928917613,0.38223938223938225,0.275,0.9351484595157649,0.34946962785204755,4.145692825317383,0.3071786310517529,0.38493723849372385,0.25555555555555554,0.9303762271428779,0.29200735172325715,SMD
npy,./data/MSL,F-7,F-7,sens_pm0.05,100,256,128,0.05,50,64,0.001,1,1,1,1,0.001,adam,0.1,0.99,adaptive,gated,5000,unc,8,0.95,"[0.5, 1.0, 2.0]",0,0,2,55,2.887841,8,0.0037049478851258755,0.008522807620465755,3.70906138420105,0.4148412920839261,0.06668073852225073,0.03557312252964427,0.030560271646859084,0.0425531914893617,0.15586819696408738,4955,4619,78,720,663,0.8564624190330505,0.9208333492279053,0.9341204166412354,0.13451417447579977,0.4221116506960748,0.06687238891758518,1.4601808786392212,0.03610832497492478,0.0313588850174216,0.0425531914893617,0.4277326251854983,0.06723289843458914,2.0163159370422363,0.02542372881355932,0.023032629558541268,0.028368794326241134,0.435418009886095,0.06812541385742284,3.1705617904663086,0.022446689113355782,0.021367521367521368,0.02364066193853428,0.4873399175971572,0.07757771584685642,MSL
npy,./data/MSL,T-4,T-4,sens_pm0.5,100,256,128,0.5,50,64,0.001,1,1,1,1,0.001,adam,0.1,0.99,adaptive,gated,5000,unc,8,0.95,"[0.5, 1.0, 2.0]",0,0,0,55,2.887841,8,0.006185926031321287,0.0010799458250403404,4.095912218093872,0.46689876663158175,0.030850184191936816,0.054208273894436526,0.030063291139240507,0.2753623188405797,0.06818181818181818,2118,1715,34,168,121,0.9294460415840149,0.7202380895614624,0.8174359202384949,0.12468030927764345,0.4742868323752463,0.03076387165961135,1.5391291379928589,0.05649717514124294,0.03129890453834116,0.2898550724637681,0.47660108493239417,0.030616596943467234,2.133741617202759,0.05873261205564142,0.0328719723183391,0.2753623188405797,0.47683723315251125,0.03054312150574614,3.298290729522705,0.05357142857142857,0.03054989816700611,0.21739130434782608,0.4749750357595876,0.03554798065783439,MSL
npy,./data/MSL,M-1,M-1,sens_V4,100,256,128,0.15,50,64,0.001,1,1,1,1,0.001,adam,0.1,0.99,adaptive,gated,5000,unc,4,0.95,"[0.5, 1.0, 2.0]",0,0,0,55,2.887841,4,0.0034322822466492653,0.0024819988757371902,3.227602005004883,0.3578873548036686,0.4100284001401865,0.21495327102803738,0.3222416812609457,0.16126205083260298,0.6678372841673983,2178,1823,35,1167,1098,0.3976961076259613,0.9408740401268005,0.7171117663383484,0.08243678139370444,0.3461713532730123,0.4050967965634812,1.5448052883148193,0.2964903090623363,0.3684895833333333,0.24802804557405783,0.3447552647171372,0.4033528440151041,2.208906650543213,0.2611607142857143,0.35944700460829493,0.20508326029798424,0.3475847415783042,0.40209209514846483,3.537109613418579,0.20326678765880218,0.328125,0.147239263803681,0.40577938489834714,0.4224687036251605,MSL
npy,./data/MSL,M-1,M-1,sens_V2,100,256,128,0.15,50,64,0.001,1,1,1,1,0.001,adam,0.1,0.99,adaptive,gated,5000,unc,2,0.95,"[0.5, 1.0, 2.0]",0,0,0,55,2.887841,2,0.0034322822466492653,0.0029533738270401955,3.5568430423736572,0.35326066830430436,0.40822496693106214,0.20449172576832148,0.3139745916515426,0.1516213847502191,0.6678372841673983,2178,1858,35,1167,1099,0.40850377082824707,0.9417309165000916,0.7507418394088745,0.0691355862017615,0.3464521793336707,0.4051111292297797,1.475927472114563,0.28616187989556136,0.35400516795865633,0.2401402278702892,0.3477722161187987,0.4046433173862357,2.04826021194458,0.2606294864715627,0.3522388059701492,0.20683610867659946,0.35330618681413634,0.405378921048959,3.2502987384796143,0.2098840756558877,0.3453815261044177,0.15074496056091147,0.43046546148053966,0.4444074824682965,MSL
smd,./data/SMD,machine-2-5,machine-2-5,sens_pm0.5,100,256,128,0.5,50,64,0.001,1,1,1,1,0.001,adam,0.1,0.99,adaptive,gated,5000,unc,8,0.95,"[0.5, 1.0, 2.0]",0,0,2,38,2.01569,8,0.0035820258781313896,0.0005455800564959645,34.7986273765564,0.8954578378975879,0.39492411753379575,0.43968327899394505,0.40445586975149955,0.4816326530612245,0.42881355932203385,23590,22951,366,3016,2385,0.8960829377174377,0.7907825112342834,0.9996111392974854,0.12008221081729256,0.9367495221259934,0.45238048528831487,1.7479783296585083,0.22537562604340564,0.6192660550458715,0.1377551020408163,0.9398262938096109,0.45912063206493703,2.459892511367798,0.21150592216582065,0.6188118811881188,0.12755102040816327,0.9385574900178928,0.43639625004848187,4.042782306671143,0.18884120171673818,0.5945945945945946,0.11224489795918367,0.916721501229846,0.28007981974811436,SMD
npy,./data/MSL,P-15,P-15,sens_pm0.05,100,256,128,0.05,50,64,0.001,1,1,1,1,0.001,adam,0.1,0.99,adaptive,gated,5000,unc,8,0.95,"[0.5, 1.0, 2.0]",0,0,1,55,2.887841,8,0.0015707449056208134,0.0028377496637403965,6.388183355331421,0.7259595196103132,0.6692223482069005,0.10769230769230768,0.058577405857740586,0.6666666666666666,0.8,2757,2386,44,120,27,0.9886839985847473,0.22499999403953552,0.894577145576477,0.1290033033977698,0.7405055849500294,0.6693568719048907,1.5382778644561768,0.08695652173913045,0.046511627906976744,0.6666666666666666,0.745679012345679,0.6662386568374835,2.202845573425293,0.10071942446043164,0.054474708171206226,0.6666666666666666,0.7484672881498279,0.666270651486156,3.5437777042388916,0.11155378486055777,0.06086956521739131,0.6666666666666666,0.6445620223398002,0.07643367501747601,MSL
smd,./data/SMD,machine-3-2,machine-3-2,sens_pm0.3,100,256,128,0.3,50,64,0.001,1,1,1,1,0.001,adam,0.1,0.99,adaptive,gated,5000,unc,8,0.95,"[0.5, 1.0, 2.0]",0,0,0,38,2.01569,8,0.007059137802571058,0.000662173901218921,76.96404886245728,0.4670881845551693,0.045099928812906254,0.02375875723423698,0.017939282428702852,0.0351668169522092,0.09042553191489361,23604,22844,366,2018,1954,0.9144633412361145,0.9682854413986206,0.9677568674087524,0.1423293464245624,0.5711293278065716,0.06101379344511902,1.6885138750076294,0.015584415584415586,0.1956521739130435,0.008115419296663661,0.5809862741155616,0.06790281150094465,2.404644727706909,0.0070921985815602835,0.21052631578947367,0.0036068530207394047,0.5868718747438314,0.0752083246791768,3.8439862728118896,0.0017953321364452422,0.2,0.0009017132551848512,0.591832834159711,0.0850755261555359,SMD
npy,./data/MSL,D-14,D-14,sens_V16,100,256,128,0.15,50,64,0.001,1,1,1,1,0.001,adam,0.1,0.99,adaptive,gated,5000,unc,16,0.95,"[0.5, 1.0, 2.0]",0,0,2,55,2.887841,16,0.00524080591276288,0.002514340216293931,5.183560132980347,0.4738858708896162,0.26047525885010214,0.19382321618743342,0.12691771269177127,0.4099099099099099,0.35227272727272724,2526,1295,35,420,114,0.9119691252708435,0.27142858505249023,0.5607787370681763,0.2030656154629548,0.49914146356093925,0.2658273360308338,1.450435757637024,0.14888010540184451,0.08719135802469136,0.509009009009009,0.5141489804411152,0.27123115897394984,1.9615378379821777,0.15463917525773194,0.09022556390977443,0.5405405405405406,0.5305136597271429,0.28198402711182224,3.046480417251587,0.1612057667103539,0.09432515337423313,0.5540540540540541,0.5263278259532941,0.21005915662557167,MSL
npy,./data/MSL,M-1,M-1,sens_pm0.3,100,256,128,0.3,50,64,0.001,1,1,1,1,0.001,adam,0.1,0.99,adaptive,gated,5000,unc,8,0.95,"[0.5, 1.0, 2.0]",0,0,1,55,2.887841,8,0.00464093079790473,0.0015137242153286934,3.7455832958221436,0.36343289800150597,0.41126487610798856,0.22705882352941173,0.34525939177101966,0.1691498685363716,0.6676418958455237,2178,1604,35,1167,1060,0.33915212750434875,0.9083119034767151,0.5380811095237732,0.19781593886726598,0.3278682833195492,0.39677994372499603,1.4773998260498047,0.2864665613480779,0.35883905013192613,0.23838737949167396,0.3110827541938749,0.38831742898750243,1.9802274703979492,0.27104287983059816,0.3422459893048128,0.22436459246275198,0.290989032353631,0.37764805559448394,3.083726406097412,0.23523035230352304,0.30823863636363635,0.1901840490797546,0.2667832146251744,0.3634736975388517,MSL
npy,./data/MSL,T-4,T-4,sens_pm0.3,100,256,128,0.3,50,64,0.001,1,1,1,1,0.001,adam,0.1,0.99,adaptive,gated,5000,unc,8,0.95,"[0.5, 1.0, 2.0]",0,0,1,55,2.887841,8,0.004852515645325184,0.0017014654586091638,3.7868123054504395,0.4734771813348447,0.02943783693984522,0.05732484076433122,0.03220035778175313,0.2608695652173913,0.06174957118353345,2118,1945,34,168,153,0.9213367700576782,0.9107142686843872,0.9189743399620056,0.1500019833544046,0.46858553963241845,0.029169452045599897,1.493721604347229,0.055900621118012424,0.03130434782608696,0.2608695652173913,0.46702021428764207,0.02907635118894996,2.0479576587677,0.05470085470085471,0.031007751937984496,0.2318840579710145,0.4689566296926025,0.029196744476659285,3.1564300060272217,0.06311637080867849,0.0365296803652968,0.2318840579710145,0.48272744447143284,0.029987861768099512,MSL
smd,./data/SMD,machine-1-1,machine-1-1,sens_pm0.3,100,256,128,0.3,50,64,0.001,1,1,1,1,0.001,adam,0.1,0.99,adaptive,gated,5000,unc,8,0.95,"[0.5, 1.0, 2.0]",0,0,1,38,2.01569,8,0.00020924254204146564,0.00013179615780245513,50.03595471382141,0.9070622109416873,0.4404657031013594,0.35118306351183065,0.3024128686327078,0.41870824053452116,0.5231058570660935,28380,23739,424,3486,639,0.9730822443962097,0.18330465257167816,0.927934467792511,0.12860370404792554,0.9270507259865034,0.4715638586648922,1.7733736038208008,0.4807984790874525,0.32315359059545107,0.9387527839643652,0.9347272193581814,0.49235914308467826,2.6844289302825928,0.5347054959492008,0.37919254658385093,0.9064587973273942,0.941838433543094,0.5192974698066498,4.546237945556641,0.5868646780181794,0.4479187023646668,0.8507795100222717,0.941193171389419,0.5680548526315489,SMD
smd,./data/SMD,machine-3-2,machine-3-2,sens_pm0.3,100,256,128,0.3,50,64,0.001,1,1,1,1,0.001,adam,0.1,0.99,adaptive,gated,5000,unc,8,0.95,"[0.5, 1.0, 2.0]",0,0,1,38,2.01569,8,0.00824894942343235,0.0006745603168383241,41.13419508934021,0.4753613258481369,0.04732088870639593,0.022706351641607853,0.017209302325581394,0.033363390441839495,0.09112454655380894,23604,22864,366,2018,1953,0.9145818948745728,0.967789888381958,0.9687297344207764,0.13175582990790197,0.5819191765762401,0.06521351333324478,1.7102808952331543,0.012323943661971832,0.25925925925925924,0.0063119927862939585,0.5898314370110149,0.07275173003145297,2.39446759223938,0.005357142857142858,0.2727272727272727,0.002705139765554554,0.5939677682010266,0.07920231149744897,3.835376501083374,0.0,0.0,0.0,0.5962924116323802,0.08553062346022525,SMD
npy,./data/MSL,C-1,C-1,sens_pm0.5,100,256,128,0.5,50,64,0.001,1,1,1,1,0.001,adam,0.1,0.99,adaptive,gated,5000,unc,8,0.95,"[0.5, 1.0, 2.0]",0,0,1,55,2.887841,8,0.007611577399075031,0.001226286985911429,3.782681703567505,0.6554946931483817,0.20570402599110327,0.18616352201257863,0.15320910973084886,0.23717948717948717,0.31882022471910115,2165,1967,34,464,402,0.7956278324127197,0.8663793206214905,0.9200470447540283,0.11457604018425005,0.6609772357082807,0.2154698861671759,1.4563589096069336,0.21796407185628744,0.1739961759082218,0.2916666666666667,0.6603779161412359,0.22240460764986691,2.061870574951172,0.22784810126582278,0.18828451882845187,0.28846153846153844,0.6637291798024381,0.2453629472846333,3.175313711166382,0.23030303030303031,0.21839080459770116,0.24358974358974358,0.6662184084699454,0.30120193095428105,MSL
smd,./data/SMD,machine-1-1,machine-1-1,sens_pm0.5,100,256,128,0.5,50,64,0.001,1,1,1,1,0.001,adam,0.1,0.99,adaptive,gated,5000,unc,8,0.95,"[0.5, 1.0, 2.0]",0,0,0,38,2.01569,8,0.00047156785149127245,0.00011973421351285651,56.06596088409424,0.905126525251138,0.47800409791727716,0.4147127784290739,0.34261501210653755,0.5252412769116556,0.5359786793011548,28380,23903,425,3486,643,0.9730995893478394,0.184452086687088,0.9343616962432861,0.14280124480158113,0.9308599075877145,0.5131453037048948,1.6137185096740723,0.5335892514395393,0.38341716696414085,0.8771343726800297,0.9388969937143695,0.5339774921601945,2.297910690307617,0.5694106186069168,0.4237042406669083,0.8678544914625093,0.9458515817869745,0.5605800100095788,3.782684326171875,0.6004868812550717,0.4723404255319149,0.8240534521158129,0.9486531306004093,0.6071909254753936,SMD
smd,./data/SMD,machine-1-1,machine-1-1,ref_V8_pm0.15,100,256,128,0.15,50,64,0.001,1,1,1,1,0.001,adam,0.1,0.99,adaptive,gated,5000,unc,8,0.95,"[0.5, 1.0, 2.0]",0,0,0,38,2.01569,8,0.00015585284563712776,0.00017956466763280332,49.705825328826904,0.9178563053310892,0.4759822426946289,0.3358292177791939,0.2941668992464415,0.39123979213066074,0.5513946678995222,28380,23781,428,3486,763,0.9679155349731445,0.21887549757957458,0.9246404767036438,0.14856933623321297,0.9325962332859569,0.5005482534464789,1.6864800453186035,0.46761482018298756,0.3092869982025165,0.9580549368968078,0.9380811487373675,0.516165268998094,2.5594425201416016,0.5355888924353654,0.37539149888143175,0.9342984409799554,0.9428895128020972,0.5357979262346353,4.390528678894043,0.5978055240257284,0.45272206303724927,0.8797327394209354,0.9344776756684934,0.5837380690057196,SMD
smd,./data/SMD,machine-3-2,machine-3-2,ref_V8_pm0.15,100,256,128,0.15,50,64,0.001,1,1,1,1,0.001,adam,0.1,0.99,adaptive,gated,5000,unc,8,0.95,"[0.5, 1.0, 2.0]",0,0,1,38,2.01569,8,0.008476784452795982,0.0009988476522266865,45.90698003768921,0.4678813442096591,0.04671704793812907,0.024466750313676285,0.01875901875901876,0.0351668169522092,0.0908022067468572,23604,22868,365,2018,1930,0.9156025648117065,0.9563924670219421,0.9699805378913879,0.1540660979363539,0.5711407019889974,0.06623964381667635,1.6640430688858032,0.012400354295837024,0.35,0.0063119927862939585,0.5786421149817299,0.07570333703692567,2.411693572998047,0.0017953321364452422,0.2,0.0009017132551848512,0.582585763530508,0.0850868846541448,3.989680051803589,0.0,0.0,0.0,0.5854997692038703,0.09498679740515506,SMD
smd,./data/SMD,machine-2-1,machine-2-1,ref_V8_pm0.15,100,256,128,0.15,50,64,0.001,1,1,1,1,0.001,adam,0.1,0.99,adaptive,gated,5000,unc,8,0.95,"[0.5, 1.0, 2.0]",0,0,0,38,2.01569,8,0.0013637166703119874,0.0003107447410002351,44.787288427352905,0.7553214462977383,0.3160266036386613,0.2936955407483342,0.20973645680819913,0.4897435897435897,0.35420743639921726,23595,21275,361,2457,913,0.9570857882499695,0.37159135937690735,0.9632888436317444,0.15392528799889224,0.8080436897698486,0.38273064252141187,1.5236937999725342,0.3683844011142062,0.3108108108108108,0.45213675213675214,0.8178875486280921,0.40780943911397594,2.0482981204986572,0.3853843502240607,0.3229347198151358,0.4777777777777778,0.8218668747637847,0.41553298690868673,3.236947774887085,0.3891660727013543,0.33374083129584353,0.4666666666666667,0.8080962832427937,0.3356761669120813,SMD
smd,./data/SMD,machine-3-10,machine-3-10,ref_V8_pm0.15,100,256,128,0.15,50,64,0.001,1,1,1,1,0.001,adam,0.1,0.99,adaptive,gated,5000,unc,8,0.95,"[0.5, 1.0, 2.0]",0,0,1,38,2.01569,8,0.0014203498139977455,9.936682909028605e-05,44.43999147415161,0.9617177080636727,0.6761353306409031,0.48885172798216275,0.3451397087760724,0.8376313276026743,0.6914893617021276,23594,20519,351,2334,375,0.9817242622375488,0.16066837310791016,0.9475070834159851,0.15012336967657752,0.9714251094099702,0.6202886083852618,4.029672622680664,0.5551020408163265,0.5958378970427163,0.5195797516714422,0.9680853038009288,0.5648998593004241,7.308527946472168,0.47288503253796094,0.5470514429109159,0.4164278892072588,0.9645323846173247,0.5152157274206416,13.803473472595215,0.357100766057749,0.46615384615384614,0.28939828080229224,0.9558777297453325,0.4305426451737759,SMD
smd,./data/SMD,machine-2-5,machine-2-5,ref_V8_pm0.15,100,256,128,0.15,50,64,0.001,1,1,1,1,0.001,adam,0.1,0.99,adaptive,gated,5000,unc,8,0.95,"[0.5, 1.0, 2.0]",0,0,1,38,2.01569,8,0.002835979452356696,0.00063708407105878,46.35604381561279,0.9217398747776885,0.4554840150645316,0.5098666666666667,0.5340782122905028,0.48775510204081635,0.5180673974827447,23590,22329,363,3016,1823,0.9183573126792908,0.6044429540634155,0.9966948628425598,0.1775234823966744,0.9387340809766154,0.45139393106406384,1.7068183422088623,0.19185059422750422,0.5707070707070707,0.11530612244897959,0.9334674466025786,0.39407360452832535,2.4763307571411133,0.1793103448275862,0.5777777777777777,0.10612244897959183,0.9271981979634074,0.3383623304308727,4.209501266479492,0.14762741652021089,0.5316455696202531,0.08571428571428572,0.9104105986927775,0.25315294515373843,SMD
smd,./data/SMD,machine-1-7,machine-1-7,ref_V8_pm0.15,100,256,128,0.15,50,64,0.001,1,1,1,1,0.001,adam,0.1,0.99,adaptive,gated,5000,unc,8,0.95,"[0.5, 1.0, 2.0]",0,0,0,38,2.01569,8,0.0024933419190347195,0.0006812465726397932,45.60349726676941,0.6492343553897462,0.2289712376579784,0.18169891767792717,0.4254992319508449,0.11551292743953294,0.2598160852430302,23598,22779,367,3677,2875,0.8737872838973999,0.781887412071228,0.9991466403007507,0.14252518787152868,0.7088941670526024,0.2960928463600382,2.080872058868408,0.11391927574500188,0.5968379446640316,0.06296914095079233,0.7140131585310558,0.31165572421041293,3.267834424972534,0.09904030710172744,0.6231884057971014,0.05379482902418682,0.7165149205476291,0.3171380073708167,5.671112060546875,0.07064364207221349,0.6,0.03753127606338615,0.7143109362971733,0.29637608537646226,SMD
smd,./data/SMD,machine-1-7,machine-1-7,ref_V8_pm0.15,100,256,128,0.15,50,64,0.001,1,1,1,1,0.001,adam,0.1,0.99,adaptive,gated,5000,unc,8,0.95,"[0.5, 1.0, 2.0]",0,0,2,38,2.01569,8,0.002461969153955579,0.0006689847796224058,44.86644124984741,0.6631337576844344,0.24216162399114943,0.1976284584980237,0.4702194357366771,0.12510425354462051,0.27568852229833635,23598,22783,365,3677,2877,0.8737216591835022,0.7824313044548035,0.9992470145225525,0.15220295343270535,0.7126311223639306,0.30192376781004415,2.147858142852783,0.09523809523809525,0.5506607929515418,0.05212677231025855,0.7161876958908391,0.3126035322725353,3.372708559036255,0.07335154116269996,0.5696969696969697,0.03919933277731443,0.7175777300997463,0.31410035807927666,5.844991683959961,0.04531001589825119,0.4830508474576271,0.0237698081734779,0.7138963107627484,0.2928379751024161,SMD
smd,./data/SMD,machine-3-2,machine-3-2,ref_V8_pm0.15,100,256,128,0.15,50,64,0.001,1,1,1,1,0.001,adam,0.1,0.99,adaptive,gated,5000,unc,8,0.95,"[0.5, 1.0, 2.0]",0,0,0,38,2.01569,8,0.007416234351694584,0.0010278199333697557,46.09328842163086,0.46576159569961717,0.0452856554897252,0.023096129837702872,0.01766109785202864,0.033363390441839495,0.08966750670677182,23604,22856,366,2018,1947,0.9148144721984863,0.9648166298866272,0.9686371088027954,0.14783882161476433,0.5730833125737875,0.06303404084796257,1.6717318296432495,0.012248468941382326,0.20588235294117646,0.0063119927862939585,0.5822498061001217,0.07104982605925828,2.306436777114868,0.010619469026548672,0.2857142857142857,0.005410279531109108,0.5874918075954475,0.07956433858069567,3.673868417739868,0.0,0.0,0.0,0.5910146313491783,0.0898276468438429,SMD
smd,./data/SMD,machine-1-4,machine-1-4,ref_V8_pm0.15,100,256,128,0.15,50,64,0.001,1,1,1,1,0.001,adam,0.1,0.99,adaptive,gated,5000,unc,8,0.95,"[0.5, 1.0, 2.0]",0,0,0,38,2.01569,8,0.0009657125920057297,0.00028482702327892184,42.61957812309265,0.809254506170154,0.2481889187243018,0.30094668659691076,0.23465423465423466,0.41944444444444445,0.3174354964816263,23608,22533,363,1908,854,0.9621000289916992,0.44758909940719604,0.9990322589874268,0.14766946722797844,0.9098596187216929,0.3167258019869744,1.8139771223068237,0.3165829145728643,0.3987341772151899,0.2625,0.9273846207759942,0.3503666385978351,2.5827012062072754,0.31308810949529514,0.40757238307349664,0.25416666666666665,0.9344546192775627,0.36498239077140354,4.26638126373291,0.31010452961672474,0.4158878504672897,0.24722222222222223,0.9247920926320674,0.2979124880693243,SMD
smd,./data/SMD,machine-3-2,machine-3-2,ref_V8_pm0.15,100,256,128,0.15,50,64,0.001,1,1,1,1,0.001,adam,0.1,0.99,adaptive,gated,5000,unc,8,0.95,"[0.5, 1.0, 2.0]",0,0,2,38,2.01569,8,0.007789973169565201,0.0009888376807793975,40.52585816383362,0.47348506466083023,0.047019167174205435,0.023521932612841707,0.018163966617574866,0.033363390441839495,0.09108026448307571,23604,22862,366,2018,1931,0.9155367016792297,0.9568880200386047,0.969656229019165,0.15961269345693196,0.5742452351953442,0.0652160493188608,1.6552995443344116,0.01408450704225352,0.2962962962962963,0.007213706041478809,0.5813209943541752,0.07327041072333508,2.3788862228393555,0.0035810205908683975,0.25,0.0018034265103697023,0.5850743149170288,0.08193145087371352,3.8308517932891846,0.0,0.0,0.0,0.585674512564401,0.0915183538579521,SMD
smd,./data/SMD,machine-1-1,machine-1-1,ref_V8_pm0.15,100,256,128,0.15,50,64,0.001,1,1,1,1,0.001,adam,0.1,0.99,adaptive,gated,5000,unc,8,0.95,"[0.5, 1.0, 2.0]",0,0,1,38,2.01569,8,0.00015968586376402527,0.00016941608919296414,51.49799346923828,0.9222551525744194,0.49521444715955193,0.403951367781155,0.3419969119917653,0.4933184855233853,0.5627431205878115,28380,23818,420,3486,834,0.9649844765663147,0.23924268782138824,0.9232746958732605,0.13867555326605616,0.9363383017497066,0.5197865159459765,1.7539979219436646,0.48162349200411486,0.3219152394049256,0.9558277654046028,0.9410981880172674,0.5342841564271996,2.682616710662842,0.5505830094392004,0.39280621137696087,0.9201930215293245,0.9448156684847099,0.551140490600109,4.5147552490234375,0.6091264667535854,0.4694533762057878,0.8671121009651076,0.9268975764556404,0.5628140180822098,SMD
smd,./data/SMD,machine-2-1,machine-2-1,ref_V8_pm0.15,100,256,128,0.15,50,64,0.001,1,1,1,1,0.001,adam,0.1,0.99,adaptive,gated,5000,unc,8,0.95,"[0.5, 1.0, 2.0]",0,0,1,38,2.01569,8,0.0013761433074250817,0.0003181587962899357,44.530754804611206,0.7542718346394426,0.2959638990150618,0.2761061946902655,0.19605026929982047,0.4666666666666667,0.3272727272727273,23595,21334,361,2457,931,0.9563607573509216,0.3789173662662506,0.9652284979820251,0.18841661015514802,0.8099034723834937,0.369642696933417,1.4797818660736084,0.3503844867937145,0.28775398132894014,0.4478632478632479,0.8193424260086488,0.3994394488285581,2.012165069580078,0.3669040352661919,0.3041034288926363,0.4623931623931624,0.8222770355495449,0.4109660366080439,3.164912700653076,0.38024691358024687,0.3237237237237237,0.46068376068376066,0.8033559834372301,0.33495401945815745,SMD
smd,./data/SMD,machine-2-1,machine-2-1,ref_V8_pm0.15,100,256,128,0.15,50,64,0.001,1,1,1,1,0.001,adam,0.1,0.99,adaptive,gated,5000,unc,8,0.95,"[0.5, 1.0, 2.0]",0,0,2,38,2.01569,8,0.0013885118532925844,0.00029952594195492566,44.601728439331055,0.7589820620587802,0.30123350429081497,0.27962320277640057,0.19692737430167598,0.48205128205128206,0.33347769597228233,23595,21082,361,2457,884,0.9580684900283813,0.35978835821151733,0.9555303454399109,0.15194711606364605,0.8093558703574688,0.37634958665502477,1.4553070068359375,0.3591231463571889,0.2883022774327122,0.47606837606837604,0.817044231641994,0.4025369639896342,2.028496503829956,0.37462834489593655,0.3053311793214863,0.4846153846153846,0.8194533618081833,0.40960344315586017,3.215071678161621,0.38270343888321423,0.3180531975099038,0.48034188034188036,0.8052389701697108,0.3319320451966906,SMD
smd,./data/SMD,machine-2-5,machine-2-5,ref_V8_pm0.15,100,256,128,0.15,50,64,0.001,1,1,1,1,0.001,adam,0.1,0.99,adaptive,gated,5000,unc,8,0.95,"[0.5, 1.0, 2.0]",0,0,0,38,2.01569,8,0.002692374400794506,0.0006882042507641017,49.68169975280762,0.9273462108433141,0.4712220457021515,0.4816810344827586,0.5102739726027398,0.4561224489795918,0.518139534883721,23590,22462,363,3016,1911,0.9149229526519775,0.6336206793785095,0.9988820552825928,0.2398216406032664,0.9410587459256018,0.4669294875114617,1.7452911138534546,0.23205342237061768,0.6376146788990825,0.14183673469387756,0.9357994358076137,0.4131478246457514,2.4445338249206543,0.20153714773697692,0.6178010471204188,0.12040816326530612,0.9300578481425597,0.35811265716738033,3.9855411052703857,0.17346053772766695,0.5780346820809249,0.10204081632653061,0.9124496176558606,0.2497363497608531,SMD
smd,./data/SMD,machine-1-7,machine-1-7,ref_V8_pm0.15,100,256,128,0.15,50,64,0.001,1,1,1,1,0.001,adam,0.1,0.99,adaptive,gated,5000,unc,8,0.95,"[0.5, 1.0, 2.0]",0,0,1,38,2.01569,8,0.002437320537865162,0.0007249242626130581,45.76994562149048,0.654483390915971,0.22878166676923659,0.16600265604249667,0.40716612377850164,0.1042535446205171,0.2642215568862275,23598,22827,367,3677,2911,0.8724755644798279,0.7916780114173889,0.9997490048408508,0.16168263294159513,0.7070799723120912,0.2890311673494921,1.987362265586853,0.09359416954353662,0.583732057416268,0.05087572977481234,0.7121313475425806,0.3027843157845123,2.9759480953216553,0.07897793263646923,0.5513513513513514,0.042535446205170975,0.7143945975763251,0.30737040817634953,4.955366134643555,0.06401249024199844,0.5,0.03419516263552961,0.7097859829746067,0.2884666967730082,SMD
smd,./data/SMD,machine-1-1,machine-1-1,ref_V8_pm0.15,100,256,128,0.15,50,64,0.001,1,1,1,1,0.001,adam,0.1,0.99,adaptive,gated,5000,unc,8,0.95,"[0.5, 1.0, 2.0]",0,0,2,38,2.01569,8,0.00015716528287157416,0.00017596472753211856,52.84379172325134,0.9251236345780359,0.49607094636416893,0.3675507020280811,0.3170075349838536,0.437268002969562,0.5783637998201977,28380,23759,426,3486,756,0.9681804776191711,0.21686747670173645,0.9240379333496094,0.15345064160519709,0.938517276162499,0.5204653510987156,1.718763828277588,0.4717032716668185,0.3125981398719652,0.9606533036377134,0.9434641204558455,0.5359548213125152,2.6029391288757324,0.5413050466088074,0.3804789877993674,0.9376391982182628,0.9478536032427363,0.5555838110601866,4.426022052764893,0.611181381229446,0.4635456638526477,0.896807720861173,0.9374100749458827,0.5776801731103002,SMD
smd,./data/SMD,machine-1-4,machine-1-4,ref_V8_pm0.15,100,256,128,0.15,50,64,0.001,1,1,1,1,0.001,adam,0.1,0.99,adaptive,gated,5000,unc,8,0.95,"[0.5, 1.0, 2.0]",0,0,2,38,2.01569,8,0.0009402090799994767,0.00027194421272724867,42.434722900390625,0.806461381553825,0.25681029526098886,0.29449677739216656,0.2289899768696993,0.4125,0.32116788321167883,23608,22503,363,1908,840,0.9626716375350952,0.44025155901908875,0.9982949495315552,0.15409980051317929,0.912295838710769,0.3174663654564825,1.6733593940734863,0.3167202572347267,0.37595419847328243,0.27361111111111114,0.9286773200311286,0.3445087928671661,2.4295380115509033,0.31473771856786015,0.39293139293139295,0.2625,0.9339695625063441,0.35299844433349453,3.949333429336548,0.3101424979044426,0.39112050739957716,0.2569444444444444,0.9196576084066839,0.28557254783644426,SMD
smd,./data/SMD,machine-2-5,machine-2-5,ref_V8_pm0.15,100,256,128,0.15,50,64,0.001,1,1,1,1,0.001,adam,0.1,0.99,adaptive,gated,5000,unc,8,0.95,"[0.5, 1.0, 2.0]",0,0,2,38,2.01569,8,0.0028385058976709843,0.0006879806169308722,45.430702447891235,0.9170440830345965,0.4472015219345305,0.4822469528351881,0.5016538037486218,0.4642857142857143,0.49840546697038723,23590,22456,364,3016,1918,0.9145885109901428,0.6359416246414185,0.9982502460479736,0.15028916763622613,0.9402906426562874,0.46016995061318755,1.7789714336395264,0.21644295302013422,0.6084905660377359,0.13163265306122449,0.9361149180267465,0.4088892207778153,2.6207334995269775,0.1969178082191781,0.6117021276595744,0.11734693877551021,0.9308940714865365,0.356678064014399,4.336287975311279,0.17043478260869568,0.5764705882352941,0.1,0.9148184977456567,0.25608604873786406,SMD
smd,./data/SMD,machine-3-7,machine-3-7,ref_V8_pm0.15,100,256,128,0.15,50,64,0.001,1,1,1,1,0.001,adam,0.1,0.99,adaptive,gated,5000,unc,8,0.95,"[0.5, 1.0, 2.0]",0,0,0,38,2.01569,8,0.0001507573906565085,0.00026332109700888395,55.572171449661255,0.8536336187919197,0.4044732015023699,0.15352697095435686,0.09031733116354759,0.511520737327189,0.4906303236797274,28606,26338,441,929,322,0.9877743124961853,0.3466092646121979,0.9399862885475159,0.16020059102166492,0.8759201389709569,0.4378447080265146,1.4641406536102295,0.16269945069317293,0.09176748303334317,0.716589861751152,0.8779966509133865,0.4709134802105291,2.0448930263519287,0.19071837253655438,0.11061946902654868,0.6912442396313364,0.8762192111341074,0.5129858440758617,3.3522353172302246,0.2449331608451919,0.1506631299734748,0.6543778801843319,0.8417099348031649,0.48762748673769424,SMD
smd,./data/SMD,machine-3-10,machine-3-10,ref_V8_pm0.15,100,256,128,0.15,50,64,0.001,1,1,1,1,0.001,adam,0.1,0.99,adaptive,gated,5000,unc,8,0.95,"[0.5, 1.0, 2.0]",0,0,2,38,2.01569,8,0.0012886007316410542,0.00010034134174929932,39.732868671417236,0.9612462686145407,0.6474321794268293,0.4879267277268943,0.3438967136150235,0.839541547277937,0.660722665415298,23594,20587,351,2334,368,0.9821246266365051,0.15766923129558563,0.9510347843170166,0.1360160714136783,0.9693961652715383,0.6047230681339515,4.513479232788086,0.5202991452991454,0.5903030303030303,0.46513849092645654,0.9666606945942032,0.5596506684960167,7.886351108551025,0.4598337950138504,0.5474934036939314,0.396370582617001,0.9633051152909433,0.500008390059239,14.949261665344238,0.40738603577611077,0.5145772594752187,0.33715377268385865,0.9558497251117464,0.4226632948926983,SMD
smd,./data/SMD,machine-3-10,machine-3-10,ref_V8_pm0.15,100,256,128,0.15,50,64,0.001,1,1,1,1,0.001,adam,0.1,0.99,adaptive,gated,5000,unc,8,0.95,"[0.5, 1.0, 2.0]",0,0,0,38,2.01569,8,0.0012471855152398348,0.0001086146803572774,44.46752572059631,0.961970804157271,0.7108574039841749,0.5021471514457486,0.35854456255110384,0.8376313276026743,0.7099311701081613,23594,20702,350,2334,415,0.9799536466598511,0.17780634760856628,0.9542332887649536,0.17908096030535128,0.9725312080853089,0.6889135499280052,3.9650039672851562,0.6489306207616066,0.7149425287356321,0.5940783190066857,0.970002566810241,0.646249640274493,7.084903717041016,0.5788599889319312,0.6881578947368421,0.4995224450811843,0.966703502881989,0.5833082302460749,13.06251335144043,0.4799554565701559,0.57543391188251,0.41165234001910217,0.9570942442802012,0.4600028979983652,SMD
smd,./data/SMD,machine-3-7,machine-3-7,ref_V8_pm0.15,100,256,128,0.15,50,64,0.001,1,1,1,1,0.001,adam,0.1,0.99,adaptive,gated,5000,unc,8,0.95,"[0.5, 1.0, 2.0]",0,0,1,38,2.01569,8,0.00014956938684917986,0.000253025209531188,50.28063678741455,0.842962011681867,0.4147542456567199,0.13987022350396539,0.0829059829059829,0.4470046082949309,0.5108514190317195,28606,26154,442,929,304,0.9883765578269958,0.32723358273506165,0.9339885115623474,0.1412089667953345,0.878653232285873,0.4471332999709527,1.4922782182693481,0.15633695927143942,0.08780903665814152,0.7119815668202765,0.8816073186980455,0.47870598278683296,2.0214452743530273,0.18269230769230768,0.1050449205252246,0.7004608294930875,0.8791990522277229,0.5230299045022307,3.1963672637939453,0.22784810126582278,0.13667740450989416,0.684331797235023,0.8442021077435689,0.49701200223911407,SMD
smd,./data/SMD,machine-1-4,machine-1-4,ref_V8_pm0.15,100,256,128,0.15,50,64,0.001,1,1,1,1,0.001,adam,0.1,0.99,adaptive,gated,5000,unc,8,0.95,"[0.5, 1.0, 2.0]",0,0,1,38,2.01569,8,0.0009402820724062622,0.00027254162705503404,44.751824378967285,0.8045010948217108,0.2515350833513451,0.29485396383866486,0.22129436325678498,0.44166666666666665,0.32115548003398475,23608,22470,363,1908,805,0.9641744494438171,0.4219077527523041,0.9983870983123779,0.15522362377149942,0.9100761662388887,0.3210453605558162,1.7704817056655884,0.32393231265108785,0.3857965451055662,0.2791666666666667,0.9281295768622845,0.3530004328409116,2.619746685028076,0.31481481481481477,0.3995726495726496,0.25972222222222224,0.9353432858185544,0.3643940350544538,4.413817405700684,0.31762652705061084,0.4272300469483568,0.25277777777777777,0.9235718981259938,0.29999792830492167,SMD
smd,./data/SMD,machine-3-7,machine-3-7,ref_V8_pm0.15,100,256,128,0.15,50,64,0.001,1,1,1,1,0.001,adam,0.1,0.99,adaptive,gated,5000,unc,8,0.95,"[0.5, 1.0, 2.0]",0,0,2,38,2.01569,8,0.00016588221478741616,0.0002598377177491784,47.566547870635986,0.8232364930143686,0.39518872874347355,0.13046402151983863,0.07637795275590552,0.4470046082949309,0.4908789386401327,28606,26337,442,929,321,0.987811803817749,0.3455328345298767,0.9399862885475159,0.13962456590436034,0.8572447348384391,0.433592677427813,1.5236623287200928,0.16101238556812061,0.09115853658536585,0.6889400921658986,0.8625807625243956,0.474691458463481,2.1062657833099365,0.1939711664482307,0.11306340718105425,0.6820276497695853,0.863846531765384,0.5242374103825633,3.2145116329193115,0.23076923076923075,0.14029850746268657,0.6497695852534562,0.843365528858528,0.5041646486963364,SMD
npy,./data/MSL,M-6,M-6,ref_V8_pm0.15,100,256,128,0.15,50,64,0.001,1,1,1,1,0.001,adam,0.1,0.99,adaptive,gated,5000,unc,8,0.95,"[0.5, 1.0, 2.0]",0,0,2,55,2.887841,8,0.0021380481775850058,0.0019064792431890965,2.65846848487854,0.7455280561240787,0.6081697185205013,0.2532467532467532,0.15746971736204576,0.6464088397790055,0.6788321167883212,1950,588,29,199,45,0.9234693646430969,0.2261306494474411,0.3101085126399994,0.11823030618520883,0.7592751428537627,0.6429315533122844,1.3168460130691528,0.1784922394678492,0.09919901417128774,0.8895027624309392,0.7570302980112863,0.6417093036123942,1.6899402141571045,0.17163788592360021,0.09479768786127167,0.9060773480662984,0.7539661883185255,0.6399739200985337,2.708681344985962,0.1723955579058699,0.09532163742690059,0.9005524861878453,0.7434222201190153,0.6274980063515605,MSL
npy,./data/MSL,M-6,M-6,ref_V8_pm0.15,100,256,128,0.15,50,64,0.001,1,1,1,1,0.001,adam,0.1,0.99,adaptive,gated,5000,unc,8,0.95,"[0.5, 1.0, 2.0]",0,0,1,55,2.887841,8,0.0020626001060009003,0.001528482767753303,2.57938289642334,0.7609698676162646,0.631280186901813,0.26304347826086955,0.16373477672530445,0.6685082872928176,0.7025089605734767,1950,240,27,199,13,0.9458333253860474,0.06532663106918335,0.12964020669460297,0.1595165790655674,0.7604020017272587,0.6437161305125779,1.5402722358703613,0.18254879448909297,0.10185778347213324,0.8784530386740331,0.7579205460976965,0.6431995427424233,2.1441421508789062,0.17591036414565825,0.09788029925187032,0.8674033149171271,0.7548919280229986,0.6420837750868137,3.390064239501953,0.17498597868760515,0.09737827715355805,0.861878453038674,0.7623836170691022,0.6336971728186899,MSL
npy,./data/MSL,M-1,M-1,ref_V8_pm0.15,100,256,128,0.15,50,64,0.001,1,1,1,1,0.001,adam,0.1,0.99,adaptive,gated,5000,unc,8,0.95,"[0.5, 1.0, 2.0]",0,0,1,55,2.887841,8,0.0035152907948940992,0.002064242959022522,3.5316002368927,0.3579398168150005,0.40572066443221844,0.20338983050847456,0.30526315789473685,0.15249780893952672,0.6676418958455237,2178,1651,35,1167,1053,0.36220473051071167,0.9023136496543884,0.591493546962738,0.14763911784078354,0.334388231227858,0.3965205630703651,1.4833914041519165,0.2896481387047425,0.3463414634146341,0.24890446976336547,0.32296925726135955,0.3910906895544146,2.0355606079101562,0.26458333333333334,0.32605905006418484,0.22261174408413673,0.31007517497623777,0.3842899943109249,3.190387487411499,0.23101952277657267,0.3029871977240398,0.1866783523225241,0.3095667563664194,0.380196980574777,MSL
npy,./data/MSL,P-10,P-10,ref_V8_pm0.15,100,256,128,0.15,50,64,0.001,1,1,1,1,0.001,adam,0.1,0.99,adaptive,gated,5000,unc,8,0.95,"[0.5, 1.0, 2.0]",0,0,2,55,2.887841,8,0.001931484672240913,0.0016866966616362333,7.571951866149902,0.9586105821553855,0.5525625716746857,0.30065359477124187,0.19126819126819128,0.7022900763358778,0.5561497326203209,6001,5369,91,230,60,0.988824725151062,0.260869562625885,0.9199445247650146,0.12775493291909845,0.9626812321677266,0.5660192350592662,1.4984618425369263,0.35426731078904994,0.22448979591836735,0.8396946564885496,0.9616747597958408,0.5723732244855189,2.1312386989593506,0.37457044673539525,0.24168514412416853,0.8320610687022901,0.9589303001896567,0.5773679795933074,3.3364925384521484,0.39560439560439553,0.26024096385542167,0.8244274809160306,0.9196177706956679,0.35724988334528995,MSL
npy,./data/MSL,C-1,C-1,ref_V8_pm0.15,100,256,128,0.15,50,64,0.001,1,1,1,1,0.001,adam,0.1,0.99,adaptive,gated,5000,unc,8,0.95,"[0.5, 1.0, 2.0]",0,0,2,55,2.887841,8,0.005695381201803684,0.002600234467536211,3.6438348293304443,0.6551367433795713,0.2077784238880661,0.1845318860244233,0.16,0.21794871794871795,0.3207282913165266,2165,1901,34,464,403,0.7880063056945801,0.868534505367279,0.8806584477424622,0.1443725259970297,0.6598886086591005,0.2146332915162062,1.5378186702728271,0.21447028423772607,0.17965367965367965,0.266025641025641,0.6580578105296343,0.2190675536576145,2.084587812423706,0.21709633649932156,0.18823529411764706,0.2564102564102564,0.6581891682429593,0.22811516770139517,3.27575421333313,0.2078740157480315,0.2043343653250774,0.21153846153846154,0.6652053121059269,0.24646083102489397,MSL
npy,./data/MSL,F-7,F-7,ref_V8_pm0.15,100,256,128,0.15,50,64,0.001,1,1,1,1,0.001,adam,0.1,0.99,adaptive,gated,5000,unc,8,0.95,"[0.5, 1.0, 2.0]",0,0,0,55,2.887841,8,0.004515376407653093,0.003912145271897316,4.101248025894165,0.47161410435277124,0.07405615699375662,0.06370494551550712,0.04935064935064935,0.08983451536643026,0.15475096489615878,4955,4361,78,720,597,0.8631048202514648,0.8291666507720947,0.8887839317321777,0.1382667048788215,0.4761375313758191,0.07396427749234431,1.5164105892181396,0.059322033898305086,0.046235138705416116,0.08274231678486997,0.4746811114122986,0.07342409520610584,2.0774099826812744,0.04891304347826087,0.039647577092511016,0.06382978723404255,0.4724063804773362,0.07291354638114364,3.224431037902832,0.044790652385589096,0.0380794701986755,0.054373522458628844,0.5020355676847312,0.08340673841237203,MSL
npy,./data/MSL,P-10,P-10,ref_V8_pm0.15,100,256,128,0.15,50,64,0.001,1,1,1,1,0.001,adam,0.1,0.99,adaptive,gated,5000,unc,8,0.95,"[0.5, 1.0, 2.0]",0,0,0,55,2.887841,8,0.0019772201776504517,0.001582189230248332,9.660393238067627,0.9583279514130898,0.5530419699236907,0.32387312186978295,0.20726495726495728,0.7404580152671756,0.5520833333333334,6001,5274,91,230,56,0.9893818497657776,0.24347825348377228,0.9041760563850403,0.1450907963551078,0.9607015380995192,0.5656332949024313,1.4766249656677246,0.34991974317817015,0.22154471544715448,0.8320610687022901,0.9592308351418717,0.5742880597857998,2.0181620121002197,0.3624161073825504,0.23225806451612904,0.8244274809160306,0.9548302361181626,0.5797726390075476,3.1791200637817383,0.37565217391304356,0.24324324324324326,0.8244274809160306,0.9202866208233635,0.41498520026560465,MSL
npy,./data/MSL,C-1,C-1,ref_V8_pm0.15,100,256,128,0.15,50,64,0.001,1,1,1,1,0.001,adam,0.1,0.99,adaptive,gated,5000,unc,8,0.95,"[0.5, 1.0, 2.0]",0,0,1,55,2.887841,8,0.005667607765644789,0.002741590142250061,3.6234164237976074,0.6578443542454814,0.20006352379855594,0.18598382749326145,0.16046511627906976,0.22115384615384615,0.31774503523382447,2165,1954,34,464,423,0.7835209965705872,0.9116379022598267,0.9000588059425354,0.13120367125055254,0.6630313419503993,0.20376416741229553,1.4928170442581177,0.22660098522167488,0.184,0.2948717948717949,0.6600577317150064,0.20471108000043634,1.9926565885543823,0.21586475942782837,0.18161925601750548,0.266025641025641,0.6561252101723413,0.20900832240472692,3.07118558883667,0.21597633136094677,0.20054945054945056,0.23397435897435898,0.6481386612021858,0.22145727470387783,MSL
npy,./data/MSL,P-15,P-15,ref_V8_pm0.15,100,256,128,0.15,50,64,0.001,1,1,1,1,0.001,adam,0.1,0.99,adaptive,gated,5000,unc,8,0.95,"[0.5, 1.0, 2.0]",0,0,2,55,2.887841,8,0.00153897306881845,0.001370836514979601,6.495582818984985,0.7131939195431258,0.6659266236533833,0.10144927536231883,0.054901960784313725,0.6666666666666666,0.7777777777777778,2757,2274,44,120,34,0.9850483536720276,0.28333333134651184,0.8494501113891602,0.1280721132418882,0.734408331233728,0.6608927806779865,1.492956519126892,0.07608695652173912,0.040345821325648415,0.6666666666666666,0.7401864449483496,0.6609509914932502,2.1022794246673584,0.08092485549132947,0.043076923076923075,0.6666666666666666,0.7435794070714704,0.6568592054967601,3.295959711074829,0.08459214501510574,0.04516129032258064,0.6666666666666666,0.6949189552364154,0.11324378959423374,MSL
npy,./data/MSL,M-1,M-1,ref_V8_pm0.15,100,256,128,0.15,50,64,0.001,1,1,1,1,0.001,adam,0.1,0.99,adaptive,gated,5000,unc,8,0.95,"[0.5, 1.0, 2.0]",0,0,2,55,2.887841,8,0.0034127605613321066,0.002172874752432108,3.9282305240631104,0.37037948550196886,0.41344737698705347,0.20823529411764705,0.31663685152057247,0.1551270815074496,0.6682297772567409,2178,1698,35,1167,1080,0.36395758390426636,0.9254498481750488,0.6112759709358215,0.10998507395482479,0.34811707669328856,0.4042428580023719,1.4689956903457642,0.314459049544995,0.3715651135005974,0.27256792287467135,0.33640570416363214,0.39836198115424803,1.979827642440796,0.29013939081053175,0.3530150753768844,0.2462751971954426,0.32070413277209264,0.3900250505633403,3.0840835571289062,0.2440347071583514,0.3200568990042674,0.1971954425942156,0.2964130642752219,0.3751561776421726,MSL
npy,./data/MSL,F-7,F-7,ref_V8_pm0.15,100,256,128,0.15,50,64,0.001,1,1,1,1,0.001,adam,0.1,0.99,adaptive,gated,5000,unc,8,0.95,"[0.5, 1.0, 2.0]",0,0,2,55,2.887841,8,0.004554920829832554,0.004067391622811556,4.095808982849121,0.4584614018080435,0.07230260133317432,0.07260155574762317,0.05722070844686648,0.09929078014184398,0.154548776032152,4955,4449,78,720,624,0.8597437739372253,0.8666666746139526,0.9031876921653748,0.11543404803386731,0.44247090095374325,0.06970505486367128,1.4481865167617798,0.06814310051107325,0.05326231691078562,0.09456264775413711,0.434484839296079,0.06843622256198165,1.9819353818893433,0.05983680870353581,0.04852941176470588,0.07801418439716312,0.4285963695171761,0.06746147610811518,3.062441825866699,0.04761904761904763,0.03987240829346093,0.0591016548463357,0.4506683043095839,0.07071781558305248,MSL
npy,./data/MSL,D-14,D-14,ref_V8_pm0.15,100,256,128,0.15,50,64,0.001,1,1,1,1,0.001,adam,0.1,0.99,adaptive,gated,5000,unc,8,0.95,"[0.5, 1.0, 2.0]",0,0,1,55,2.887841,8,0.005283655598759651,0.002769866958260536,6.260420083999634,0.4452317486025351,0.19612980863466778,0.152954808806489,0.1029641185647426,0.2972972972972973,0.292063492063492,2526,1580,38,420,128,0.9189873337745667,0.3047619163990021,0.6894586682319641,0.10869234965513928,0.4751380594077224,0.2031622763964949,1.5045772790908813,0.15523215523215522,0.09172809172809172,0.5045045045045045,0.49340913947655524,0.20882528030957748,2.074338912963867,0.1681286549707602,0.10034904013961606,0.5180180180180181,0.5133729234852831,0.21894048231507346,3.2366390228271484,0.18734987990392316,0.11392405063291139,0.527027027027027,0.5103886658193775,0.17849214772319516,MSL
npy,./data/MSL,T-4,T-4,ref_V8_pm0.15,100,256,128,0.15,50,64,0.001,1,1,1,1,0.001,adam,0.1,0.99,adaptive,gated,5000,unc,8,0.95,"[0.5, 1.0, 2.0]",0,0,0,55,2.887841,8,0.004090030211955309,0.002119779819622636,4.204855680465698,0.47162847812592773,0.029519244997693168,0.05663716814159292,0.03225806451612903,0.2318840579710145,0.0625,2118,1634,34,168,136,0.9167686700820923,0.8095238208770752,0.7682051062583923,0.13743108798018933,0.44551048498097323,0.028341091097726645,1.483208417892456,0.0551948051948052,0.031078610603290677,0.2463768115942029,0.43727228564488707,0.027872279449049835,2.0468556880950928,0.05432937181663836,0.03076923076923077,0.2318840579710145,0.4318071411221764,0.02750736449841551,3.307734727859497,0.05343511450381679,0.03076923076923077,0.2028985507246377,0.39842252988961757,0.02493529012449133,MSL
npy,./data/MSL,F-7,F-7,ref_V8_pm0.15,100,256,128,0.15,50,64,0.001,1,1,1,1,0.001,adam,0.1,0.99,adaptive,gated,5000,unc,8,0.95,"[0.5, 1.0, 2.0]",0,0,1,55,2.887841,8,0.004527409560978413,0.004005010239779949,4.136805057525635,0.466791021347043,0.07334511957784201,0.048993875765529306,0.03888888888888889,0.06619385342789598,0.154548776032152,4955,4397,78,720,607,0.8619513511657715,0.8430555462837219,0.8949232697486877,0.13766447542654398,0.4750062917546619,0.07361926153438854,1.4491552114486694,0.043706293706293704,0.03467406380027739,0.0591016548463357,0.47469489456652747,0.07317845024254574,2.0160505771636963,0.03308823529411765,0.02706766917293233,0.0425531914893617,0.4726427360480021,0.07262415506532717,3.191539764404297,0.021956087824351295,0.018998272884283247,0.026004728132387706,0.506916846230537,0.08008885823342807,MSL
npy,./data/MSL,D-14,D-14,ref_V8_pm0.15,100,256,128,0.15,50,64,0.001,1,1,1,1,0.001,adam,0.1,0.99,adaptive,gated,5000,unc,8,0.95,"[0.5, 1.0, 2.0]",0,0,0,55,2.887841,8,0.0053862398490309715,0.002803472802042961,6.712854385375977,0.4373568324879187,0.22432265913343646,0.16494845360824742,0.11059907834101383,0.32432432432432434,0.3002832861189802,2526,1610,36,420,130,0.9192546606063843,0.3095238208770752,0.702754020690918,0.1459111321661459,0.46632587643823603,0.22584931198290747,1.5281803607940674,0.14275414563806776,0.08497854077253218,0.44594594594594594,0.4854704892158076,0.22803025638499264,2.1157655715942383,0.15639097744360902,0.09386281588447654,0.46846846846846846,0.5073687920129868,0.2250004393087423,3.290935754776001,0.17936507936507937,0.10886319845857419,0.509009009009009,0.5016270952600541,0.157516990781765,MSL
npy,./data/MSL,M-6,M-6,ref_V8_pm0.15,100,256,128,0.15,50,64,0.001,1,1,1,1,0.001,adam,0.1,0.99,adaptive,gated,5000,unc,8,0.95,"[0.5, 1.0, 2.0]",0,0,0,55,2.887841,8,0.002069976646453142,0.0017382166115567088,2.9871597290039062,0.7595768216072971,0.6301046674703885,0.2690582959641255,0.16877637130801687,0.6629834254143646,0.7071428571428572,1950,479,29,199,27,0.9436325430870056,0.13567839562892914,0.2581382095813751,0.19746719262538812,0.7634927301335668,0.6453218832299232,1.376815915107727,0.17720090293453722,0.09868007542426147,0.8674033149171271,0.7633034415038981,0.6447546153236673,1.8311994075775146,0.1735404392072844,0.09608540925266904,0.8950276243093923,0.7639511635335454,0.643815013265665,2.89485764503479,0.17650186071238702,0.0976470588235294,0.9171270718232044,0.7642055201296628,0.6311198172535394,MSL
npy,./data/MSL,P-15,P-15,ref_V8_pm0.15,100,256,128,0.15,50,64,0.001,1,1,1,1,0.001,adam,0.1,0.99,adaptive,gated,5000,unc,8,0.95,"[0.5, 1.0, 2.0]",0,0,1,55,2.887841,8,0.001554005080834031,0.001368307857774198,6.1100757122039795,0.7269673301419333,0.6533040529872307,0.1,0.05405405405405406,0.6666666666666666,0.742857142857143,2757,2298,44,120,45,0.9804177284240723,0.375,0.8543799519538879,0.13767570354474123,0.7429579239103049,0.6535105897767013,1.476959466934204,0.08459214501510574,0.04516129032258064,0.6666666666666666,0.7463004955068447,0.6521052934663679,2.0105440616607666,0.08284023668639054,0.04416403785488959,0.6666666666666666,0.7483833039388594,0.6521294688344701,3.170820474624634,0.08433734939759037,0.04501607717041801,0.6666666666666666,0.6919123204837491,0.07916131439707993,MSL
npy,./data/MSL,P-10,P-10,ref_V8_pm0.15,100,256,128,0.15,50,64,0.001,1,1,1,1,0.001,adam,0.1,0.99,adaptive,gated,5000,unc,8,0.95,"[0.5, 1.0, 2.0]",0,0,1,55,2.887841,8,0.001976204803213477,0.0016722958534955978,7.654638051986694,0.9489410299268868,0.5228589657453235,0.292436974789916,0.1875,0.6641221374045801,0.5230769230769231,6001,5387,91,230,55,0.9897902607917786,0.239130437374115,0.9239299893379211,0.14306278829474467,0.9558469394671452,0.5419052740369352,1.42835533618927,0.3322368421052631,0.21174004192872117,0.7709923664122137,0.9566257725986298,0.5532340833150601,1.9553941488265991,0.35690235690235683,0.22894168466522677,0.8091603053435115,0.9556883593221467,0.5681552941166076,3.152254581451416,0.3745583038869258,0.24367816091954023,0.8091603053435115,0.9060271964948672,0.3472633396032665,MSL
npy,./data/MSL,D-14,D-14,ref_V8_pm0.15,100,256,128,0.15,50,64,0.001,1,1,1,1,0.001,adam,0.1,0.99,adaptive,gated,5000,unc,8,0.95,"[0.5, 1.0, 2.0]",0,0,2,55,2.887841,8,0.00524080591276288,0.002538834698498249,6.240541934967041,0.46811418159732765,0.24783051196435174,0.1867881548974943,0.125,0.36936936936936937,0.34540389972144847,2526,1412,36,420,122,0.9135977625846863,0.2904762029647827,0.6125355958938599,0.14215136744724977,0.49085602456388977,0.2526234776450383,1.4933651685714722,0.152692569870484,0.08995983935742972,0.5045045045045045,0.5037265730149625,0.2546632554807334,2.024729013442993,0.15519568151147098,0.09126984126984126,0.5180180180180181,0.5171857250508936,0.26176120580796786,3.168105125427246,0.1640953716690042,0.09717607973421927,0.527027027027027,0.4946744497306295,0.17266760729422273,MSL
npy,./data/MSL,C-1,C-1,ref_V8_pm0.15,100,256,128,0.15,50,64,0.001,1,1,1,1,0.001,adam,0.1,0.99,adaptive,gated,5000,unc,8,0.95,"[0.5, 1.0, 2.0]",0,0,0,55,2.887841,8,0.005544409155845642,0.0025387497153133154,3.7882723808288574,0.6708504098360656,0.21070550768202775,0.18944519621109607,0.16393442622950818,0.22435897435897437,0.32789115646258504,2165,1895,33,464,409,0.7841688394546509,0.881465494632721,0.8736037611961365,0.14599927853767095,0.6746187342370744,0.21268573933459647,1.5433176755905151,0.22580645161290325,0.18421052631578946,0.2916666666666667,0.6711689522908786,0.21211661066618948,2.081638813018799,0.22774869109947643,0.19247787610619468,0.27884615384615385,0.6675919175598992,0.21181787016940623,3.1690683364868164,0.23295454545454547,0.20918367346938777,0.26282051282051283,0.6499727432744851,0.20502291846885023,MSL
npy,./data/MSL,P-15,P-15,ref_V8_pm0.15,100,256,128,0.15,50,64,0.001,1,1,1,1,0.001,adam,0.1,0.99,adaptive,gated,5000,unc,8,0.95,"[0.5, 1.0, 2.0]",0,0,0,55,2.887841,8,0.001516831573098898,0.001315527711994946,6.946564674377441,0.7282606869908457,0.6692404885317497,0.10181818181818182,0.05511811023622047,0.6666666666666666,0.8,2757,2250,44,120,42,0.981333315372467,0.3499999940395355,0.8373151421546936,0.12897208500565677,0.7422356596959772,0.6693765163136962,1.646929383277893,0.0877742946708464,0.04697986577181208,0.6666666666666666,0.7455782312925169,0.6694128354777028,2.3886754512786865,0.09859154929577463,0.053231939163498096,0.6666666666666666,0.7475938523557571,0.6694355728247495,3.7676186561584473,0.10526315789473684,0.05714285714285714,0.6666666666666666,0.715663055345595,0.23975998416030134,MSL
npy,./data/MSL,M-1,M-1,ref_V8_pm0.15,100,256,128,0.15,50,64,0.001,1,1,1,1,0.001,adam,0.1,0.99,adaptive,gated,5000,unc,8,0.95,"[0.5, 1.0, 2.0]",0,0,0,55,2.887841,8,0.0034322822466492653,0.002202465198934078,4.151697397232056,0.3611376850057399,0.41181641358689636,0.21151586368977673,0.32085561497326204,0.15775635407537247,0.6680327868852458,2178,1732,35,1167,1091,0.37009239196777344,0.9348757266998291,0.6340256929397583,0.12743571573052526,0.34044296453568035,0.4034393650156223,1.5029308795928955,0.3023493360572012,0.3623011015911873,0.25942156003505695,0.3302290738294799,0.3983101885426483,2.1213746070861816,0.27053140096618356,0.3490304709141274,0.22085889570552147,0.3182183592351656,0.39142012293522244,3.3402228355407715,0.22119815668202766,0.3226890756302521,0.16827344434706398,0.31049487106689216,0.38327177629211484,MSL
npy,./data/MSL,T-4,T-4,ref_V8_pm0.15,100,256,128,0.15,50,64,0.001,1,1,1,1,0.001,adam,0.1,0.99,adaptive,gated,5000,unc,8,0.95,"[0.5, 1.0, 2.0]",0,0,1,55,2.887841,8,0.003976329229772091,0.002388923428952694,3.818063259124756,0.44659001970150863,0.028248497115377615,0.05291005291005291,0.030120481927710843,0.21739130434782608,0.06375838926174497,2118,1870,34,168,157,0.9160428047180176,0.9345238208770752,0.8784615397453308,0.11381098861622292,0.4422853750033735,0.02788821613716577,1.475020408630371,0.061688311688311695,0.03473491773308958,0.2753623188405797,0.44428926132836744,0.02775245724818725,1.9860867261886597,0.0548885077186964,0.0311284046692607,0.2318840579710145,0.4465158016894718,0.02749548888789089,3.1637096405029297,0.04382470119521912,0.025404157043879907,0.15942028985507245,0.42835263001646295,0.02650293604012642,MSL
npy,./data/MSL,T-4,T-4,ref_V8_pm0.15,100,256,128,0.15,50,64,0.001,1,1,1,1,0.001,adam,0.1,0.99,adaptive,gated,5000,unc,8,0.95,"[0.5, 1.0, 2.0]",0,0,2,55,2.887841,8,0.004088102839887142,0.00244982005096972,3.7936148643493652,0.44760208350201064,0.028008889798330272,0.04651162790697675,0.026530612244897958,0.18840579710144928,0.06233766233766234,2118,1892,34,168,154,0.9186046719551086,0.9166666865348816,0.8912820219993591,0.15016734543783244,0.41170755404420695,0.02651975347316811,1.4689230918884277,0.043261231281198,0.02443609022556391,0.18840579710144928,0.3979839689094,0.025910609807686894,2.049981117248535,0.04676258992805755,0.026694045174537988,0.18840579710144928,0.38782284835236014,0.025334939876486856,3.1745476722717285,0.044897959183673466,0.026128266033254157,0.15942028985507245,0.34771813348446823,0.02274695688249978,MSL
