dataset,data_root,train_entity,test_entity,tag,L,hidden,latent,p_m,epochs,batch,lr,train_stride,mask,revin,tta,lr_online,online_opt,val_frac,tau_quantile,tau_mode,tau_buffer,buf_size,gate,views,unc_quantile,fuse_lams,global_norm,drop_head,seed,C,params_M,views_used,tau0,u_thr,train_time_s,auroc,auprc,f1_unsup_tau,precision_unsup_tau,recall_unsup_tau,f1_best,n_windows,n_selected,n_updates,n_anomalous_windows,n_anomalous_selected,update_precision,anomaly_leak_rate,normal_kept_rate,ms_per_window,auroc_fused_0.5,auprc_fused_0.5,auroc_fused_1.0,auprc_fused_1.0,auroc_fused_2.0,auprc_fused_2.0,auroc_u_only,auprc_u_only,early_fpr,late_fpr
smd,./data/SMD,machine-2-3,machine-2-3,mask_noTTA,100,256,128,0.15,50,64,0.001,1,1,1,0,0.001,adam,0.1,0.99,fixed,gated,5000,none,8,0.95,"[0.5, 1.0, 2.0]",0,0,0,38,2.01569,8,0.0006586731760762632,0.00023393162700813264,28.016769886016846,0.9555450969685617,0.44896459312879883,0.23831535695942477,0.13825983313468415,0.862453531598513,0.4758735440931781,23590,22102,0,1259,452,0.9795493483543396,0.3590150773525238,0.9695042967796326,0.06799694843947154,0.9555555731922959,0.46941572011556437,0.9528573106581292,0.46124722636259124,0.9488425360080509,0.42472868767354743,0.9116557512880994,0.16240622231737212,0.03725163514415423,0.02080198439459006
smd,./data/SMD,machine-3-7,machine-3-7,fixed,100,256,128,0.15,50,64,0.001,1,1,1,1,0.001,adam,0.1,0.99,fixed,gated,5000,none,8,0.95,"[0.5, 1.0, 2.0]",0,0,5,38,2.01569,8,0.00016744709864724427,0.000263979600276798,29.872864246368408,0.8446810144149605,0.42492459377063463,0.12755716004813478,0.07121741467347487,0.6105990783410138,0.5067567567567568,28606,26752,440,929,333,0.9875523447990417,0.35844993591308594,0.954547107219696,0.08185670099616475,0.8741238721935344,0.46575887755265655,0.8760985471914602,0.5007349267626592,0.8745673661779417,0.5342450243797956,0.8440167718397661,0.4823081929298984,0.03297215389708678,0.0460578054189682
smd,./data/SMD,machine-2-9,machine-2-9,noMask_fixed,100,256,128,0.15,50,64,0.001,1,0,1,1,0.001,adam,0.1,0.99,fixed,gated,5000,none,8,0.95,"[0.5, 1.0, 2.0]",0,0,7,38,2.015652,0,0.0007111645536497235,inf,31.59332513809204,0.9742863309667181,0.6725383654037007,0.5794293765410357,0.41932194748916646,0.9373219373219374,0.6806573957016435,28623,25039,416,2745,151,0.9939693808555603,0.055009108036756516,0.9617435932159424,0.02895242674847267,,,,,,,,,0.0018628478089037042,0.05788910388946533
smd,./data/SMD,machine-3-3,machine-3-3,mask_noTTA,100,256,128,0.15,50,64,0.001,1,1,1,0,0.001,adam,0.1,0.99,fixed,gated,5000,none,8,0.95,"[0.5, 1.0, 2.0]",0,0,5,38,2.01569,8,0.0008628147188574076,0.000292348675429821,27.384523630142212,0.8879240555708877,0.26458070137789585,0.24361702127659576,0.14641943734015345,0.7246835443037974,0.3289473684210526,23604,22316,0,3206,2293,0.8972486257553101,0.7152214646339417,0.9816158413887024,0.06231130775486569,0.9000703798785149,0.28852493184601624,0.9016231676678871,0.2951079808951544,0.8999766954953037,0.28203161055643416,0.8585437825666393,0.1251547058030482,0.00487329438328743,0.028063207554320495
smd,./data/SMD,machine-1-4,machine-1-4,gate_gbuf5k,100,256,128,0.15,50,64,0.001,1,1,1,1,0.001,adam,0.1,0.99,adaptive,gated,5000,unc,8,0.95,"[0.5, 1.0, 2.0]",0,0,7,38,2.01569,8,0.000950707879383117,0.0002626997302286327,24.856601238250732,0.8167074505880135,0.25660371761159,0.29819819819819815,0.22066666666666668,0.4597222222222222,0.336936936936937,23608,22450,362,1908,782,0.9651670455932617,0.4098532497882843,0.9985253214836121,0.08294536719197784,0.9094503898338675,0.31638429625523085,0.9245727657661578,0.34363803166347856,0.9297519612534622,0.3520414726739906,0.918002355195932,0.28986183090332845,0.0009053870259473721,0.0
smd,./data/SMD,machine-2-9,machine-2-9,fixed,100,256,128,0.15,50,64,0.001,1,1,1,1,0.001,adam,0.1,0.99,fixed,gated,5000,none,8,0.95,"[0.5, 1.0, 2.0]",0,0,8,38,2.01569,8,0.0007065391982905567,0.00040306634036824107,31.180145978927612,0.959786515480512,0.5408977272084776,0.538819073850921,0.3860384805130735,0.8917378917378918,0.5871480765097786,28623,24997,417,2745,149,0.9940392971038818,0.05428050830960274,0.9601978659629822,0.08700383982684874,0.9642078949083808,0.5631820523844575,0.9647981488823999,0.5742165728918588,0.9642207205451171,0.5845204012266315,0.9519770127401679,0.5716384055361428,0.014204214792698622,0.050547378758589424
smd,./data/SMD,machine-1-1,machine-1-1,noMask_fixed,100,256,128,0.15,50,64,0.001,1,0,1,1,0.001,adam,0.1,0.99,fixed,gated,5000,none,8,0.95,"[0.5, 1.0, 2.0]",0,0,3,38,2.015652,0,0.00013535268954001367,inf,35.99149537086487,0.9060038186252344,0.45913531918444384,0.3805674077401003,0.2383497421472105,0.9435783221974758,0.5315151515151515,28380,19595,344,3486,39,0.9980096817016602,0.011187607422471046,0.7855708003044128,0.027092969946831025,,,,,,,,,0.10981911917527516,0.28201470772425336
smd,./data/SMD,machine-2-5,machine-2-5,mask_noTTA,100,256,128,0.15,50,64,0.001,1,1,1,0,0.001,adam,0.1,0.99,fixed,gated,5000,none,8,0.95,"[0.5, 1.0, 2.0]",0,0,8,38,2.01569,8,0.002676789416000247,0.0006791680934838951,24.295769214630127,0.9268236049538932,0.5124838150108638,0.32398753894081,0.6842105263157895,0.21224489795918366,0.5300320953690968,23590,23462,0,3016,2888,0.8769073486328125,0.9575597047805786,1.0,0.057927265466396566,0.9420203353700457,0.5008283845140554,0.9368430748934388,0.4428122667241165,0.9303201284036445,0.375796881340126,0.9095652087952183,0.24122964722840307,0.0,0.0
smd,./data/SMD,machine-1-5,machine-1-5,fixed,100,256,128,0.15,50,64,0.001,1,1,1,1,0.001,adam,0.1,0.99,fixed,gated,5000,none,8,0.95,"[0.5, 1.0, 2.0]",0,0,9,38,2.01569,8,0.000819576031062752,0.0003524787025526166,25.706321001052856,0.9403181394560705,0.564028297137939,0.0751173708920188,0.03940886699507389,0.8,0.6137566137566138,23607,22290,363,793,48,0.9978465437889099,0.06052963435649872,0.9749276638031006,0.08257281630265545,0.959337456578836,0.5729085432575078,0.9583834618317377,0.5709771501080079,0.9558421587731931,0.5533371535527756,0.9296941455562142,0.08646737396723442,0.0,0.046492578878921144
smd,./data/SMD,machine-3-11,machine-3-11,gate_gbuf5k,100,256,128,0.15,50,64,0.001,1,1,1,1,0.001,adam,0.1,0.99,adaptive,gated,5000,unc,8,0.95,"[0.5, 1.0, 2.0]",0,0,0,38,2.01569,8,0.00041290989611297846,0.00022892079141456634,35.3253219127655,0.8731906403497391,0.5977176517241678,0.03877056497895676,0.019887478738715166,0.7676767676767676,0.611111111111111,28597,18930,350,440,39,0.9979397654533386,0.0886363610625267,0.6709166169166565,0.09243931099848009,0.8819227789155503,0.6093964433338506,0.8857391020174374,0.6197164218176768,0.890463339266764,0.6281726632969851,0.889183079301684,0.26223404602076983,0.0954545463124911,0.27236046611020964
smd,./data/SMD,machine-1-2,machine-1-2,noMask_fixed,100,256,128,0.15,50,64,0.001,1,0,1,1,0.001,adam,0.1,0.99,fixed,gated,5000,none,8,0.95,"[0.5, 1.0, 2.0]",0,0,5,38,2.015652,0,0.004661739803850651,inf,29.82901406288147,0.8878230854267768,0.22235844434609733,0.2590120160213618,0.20292887029288703,0.35793357933579334,0.26479750778816197,23595,23268,368,1532,1209,0.948040246963501,0.7891644835472107,0.9998186826705933,0.030946226336234048,,,,,,,,,0.0006407176066810886,0.0
smd,./data/SMD,machine-2-1,machine-2-1,fixed,100,256,128,0.15,50,64,0.001,1,1,1,1,0.001,adam,0.1,0.99,fixed,gated,5000,none,8,0.95,"[0.5, 1.0, 2.0]",0,0,0,38,2.01569,8,0.0013637166703119874,0.0003107447410002351,28.652362823486328,0.7530283367257262,0.31171504488699325,0.31887838278447994,0.2577754348972061,0.41794871794871796,0.3508946322067594,23595,22960,365,2457,1822,0.9206445813179016,0.7415547370910645,1.0,0.09303014140483762,0.8059085693209295,0.3790804825091201,0.8159225031760995,0.4041266140945181,0.8202627928120736,0.41197015189944,0.8070703690043061,0.33279400940354487,0.0,0.0
smd,./data/SMD,machine-3-7,machine-3-7,base_noTTA,100,256,128,0.15,50,64,0.001,1,0,1,0,0.001,adam,0.1,0.99,fixed,gated,5000,none,8,0.95,"[0.5, 1.0, 2.0]",0,0,2,38,2.015652,0,0.00018791465845424682,inf,32.740801095962524,0.8492238631141942,0.41879189897860963,0.15950155763239876,0.09221902017291066,0.5898617511520737,0.5016722408026756,28606,27611,0,929,341,0.9876498579978943,0.3670613467693329,0.9852946400642395,0.009909006529635151,,,,,,,,,0.028428288797537487,0.01398356908854718
smd,./data/SMD,machine-1-2,machine-1-2,base_noTTA,100,256,128,0.15,50,64,0.001,1,0,1,0,0.001,adam,0.1,0.99,fixed,gated,5000,none,8,0.95,"[0.5, 1.0, 2.0]",0,0,9,38,2.015652,0,0.0046019237488508224,inf,27.231083631515503,0.8853204524184151,0.24435984177961578,0.26527958387516254,0.20481927710843373,0.3763837638376384,0.2953667953667954,23595,23251,0,1532,1194,0.9486473798751831,0.7793733477592468,0.9997280240058899,0.008498755873550574,,,,,,,,,0.0009610763906190792,0.0
smd,./data/SMD,machine-3-3,machine-3-3,gate_gbuf5k,100,256,128,0.15,50,64,0.001,1,1,1,1,0.001,adam,0.1,0.99,adaptive,gated,5000,unc,8,0.95,"[0.5, 1.0, 2.0]",0,0,4,38,2.01569,8,0.0008416348719038069,0.0002965376479551196,32.0844829082489,0.8803038666000222,0.277227727407772,0.24806772175193229,0.16163069544364508,0.5332278481012658,0.3396449704142011,23604,21273,361,3206,1933,0.9091336727142334,0.6029319763183594,0.9481321573257446,0.11535484575453582,0.8976914412251887,0.3100143570169754,0.9013756516071194,0.321278252637905,0.9018320029145033,0.3086324322937941,0.8711025307677073,0.13485729498107563,0.006330537609755993,0.012121211737394333
smd,./data/SMD,machine-3-1,machine-3-1,base_noTTA,100,256,128,0.15,50,64,0.001,1,0,1,0,0.001,adam,0.1,0.99,fixed,gated,5000,none,8,0.95,"[0.5, 1.0, 2.0]",0,0,0,38,2.015652,0,0.00034894931013695896,inf,31.847408771514893,0.8892852225613215,0.30276902377980874,0.055008290256510294,0.028355957767722473,0.9155844155844156,0.3822525597269624,28601,17816,0,704,33,0.99814772605896,0.046875,0.6374520659446716,0.00923241165516981,,,,,,,,,0.11306251709659894,0.4929993897676468
smd,./data/SMD,machine-2-7,machine-2-7,gate_gbuf5k,100,256,128,0.15,50,64,0.001,1,1,1,1,0.001,adam,0.1,0.99,adaptive,gated,5000,unc,8,0.95,"[0.5, 1.0, 2.0]",0,0,5,38,2.01569,8,0.003275214694440365,0.0008197042043320835,24.119843006134033,0.8824773163985241,0.33042797713900973,0.22814207650273224,0.15950334288443171,0.40047961630695444,0.3825887743413517,23597,22858,366,2397,1891,0.9172718524932861,0.7889028191566467,0.989009439945221,0.08757219388534766,0.8779521337610096,0.30489335065633044,0.8702031029500039,0.26448933720056417,0.8607142551777557,0.21772831577784765,0.8184551117643623,0.09534207596655721,0.012120863267530998,0.027290448546409607
smd,./data/SMD,machine-1-1,machine-1-1,mask_noTTA,100,256,128,0.15,50,64,0.001,1,1,1,0,0.001,adam,0.1,0.99,fixed,gated,5000,none,8,0.95,"[0.5, 1.0, 2.0]",0,0,8,38,2.01569,8,0.00015920482110232115,0.00018789814203046262,33.813114643096924,0.9078665033033282,0.48894403864768127,0.37337686428730427,0.2333302420476676,0.9339272457312546,0.5594317284925019,28380,20491,0,3486,92,0.9955102205276489,0.026391278952360153,0.819434404373169,0.06722259723106852,0.9299446309418051,0.523907491276968,0.9365282756919009,0.5442249402321876,0.9411549073998496,0.5664103465360033,0.9139956012247356,0.5626821222583072,0.08891238148013751,0.251863494515419
smd,./data/SMD,machine-2-4,machine-2-4,noMask_fixed,100,256,128,0.15,50,64,0.001,1,0,1,1,0.001,adam,0.1,0.99,fixed,gated,5000,none,8,0.95,"[0.5, 1.0, 2.0]",0,0,4,38,2.015652,0,0.0005626926431432366,inf,27.332948923110962,0.80887649414794,0.41660162393433126,0.35742444152431013,0.26204238921001927,0.5619834710743802,0.40523292916400766,23590,21330,349,3674,2008,0.9058603048324585,0.546543300151825,0.9701747298240662,0.028089266199335904,,,,,,,,,0.0353250652551651,0.036374484499295555
smd,./data/SMD,machine-3-2,machine-3-2,base_noTTA,100,256,128,0.15,50,64,0.001,1,0,1,0,0.001,adam,0.1,0.99,fixed,gated,5000,none,8,0.95,"[0.5, 1.0, 2.0]",0,0,3,38,2.015652,0,0.008185351267457008,inf,31.161869287490845,0.46567575055436167,0.04585709156861736,0.022108843537414966,0.19402985074626866,0.011722272317403066,0.08992288589726834,23604,23604,0,2018,2018,0.9145060181617737,1.0,1.0,0.012203831326010025,,,,,,,,,0.0,0.0
smd,./data/SMD,machine-3-4,machine-3-4,mask_noTTA,100,256,128,0.15,50,64,0.001,1,1,1,0,0.001,adam,0.1,0.99,fixed,gated,5000,none,8,0.95,"[0.5, 1.0, 2.0]",0,0,0,38,2.01569,8,0.0016803231555968523,0.0002761228824965656,27.356195211410522,0.7496805658277773,0.3365571439086955,0.24752837788355916,0.19270239452679588,0.345957011258956,0.38242097147262916,23588,22790,0,1769,1023,0.9551119208335876,0.5782928466796875,0.9976167678833008,0.06245034457021231,0.7858833081616952,0.39841775801391915,0.7896437976587899,0.4163848582783832,0.7900187581661346,0.4266221829175045,0.7850187288705844,0.40976740299490627,0.011274137223760286,0.0
smd,./data/SMD,machine-3-10,machine-3-10,noMask_fixed,100,256,128,0.15,50,64,0.001,1,0,1,1,0.001,adam,0.1,0.99,fixed,gated,5000,none,8,0.95,"[0.5, 1.0, 2.0]",0,0,6,38,2.015652,0,0.0011603495804592967,inf,25.546557903289795,0.9638612434512809,0.7524702245469578,0.7075339260645765,0.6935779816513762,0.7220630372492837,0.7196489517308631,23594,22597,358,2334,1337,0.9408328533172607,0.5728363394737244,1.0,0.028232502676606572,,,,,,,,,0.0,0.0
smd,./data/SMD,machine-3-10,machine-3-10,gate_gbuf5k,100,256,128,0.15,50,64,0.001,1,1,1,1,0.001,adam,0.1,0.99,adaptive,gated,5000,unc,8,0.95,"[0.5, 1.0, 2.0]",0,0,3,38,2.01569,8,0.0011326620588079095,0.00010460303747095168,28.857330799102783,0.965025671054706,0.6901386559436693,0.4948164752031381,0.3501189532117367,0.8433619866284623,0.6644581164221486,23594,20654,351,2334,407,0.9802943468093872,0.17437875270843506,0.9523518085479736,0.09708565413431464,0.971739866308241,0.6618204885624189,0.9690856681142194,0.6120417720088283,0.965778548636246,0.5486666519084075,0.9569665364029449,0.43505902890934933,0.008744627237319946,0.011416003486374393
smd,./data/SMD,machine-2-1,machine-2-1,gate_noTTA,100,256,128,0.15,50,64,0.001,1,1,1,0,0.001,adam,0.1,0.99,fixed,gated,5000,unc,8,0.95,"[0.5, 1.0, 2.0]",0,0,3,38,2.01569,8,0.0013785883784294128,0.0003107080701738596,31.55059814453125,0.7447999626609109,0.29401562724972663,0.2857962697274032,0.21511879049676025,0.4256410256410256,0.3347847121432027,23595,21623,0,2457,1120,0.9482033252716064,0.45584046840667725,0.9699593186378479,0.0814872870230023,0.8001588429132382,0.36711219994196115,0.8110295267194575,0.3976395437361884,0.8154857041378085,0.41105844447429496,0.7987109286656436,0.33972600049110585,0.0,0.0
smd,./data/SMD,machine-2-1,machine-2-1,base_noTTA,100,256,128,0.15,50,64,0.001,1,0,1,0,0.001,adam,0.1,0.99,fixed,gated,5000,none,8,0.95,"[0.5, 1.0, 2.0]",0,0,4,38,2.015652,0,0.0013550638686865568,inf,26.778393507003784,0.7595089264708338,0.292082879454214,0.30527350147396,0.24747742963356345,0.39829059829059826,0.3243494423791821,23595,22829,0,2457,1695,0.9257523417472839,0.6898657083511353,0.9998107552528381,0.009620025466624698,,,,,,,,,0.00014887598808854818,0.0
smd,./data/SMD,machine-2-6,machine-2-6,noMask_fixed,100,256,128,0.15,50,64,0.001,1,0,1,1,0.001,adam,0.1,0.99,fixed,gated,5000,none,8,0.95,"[0.5, 1.0, 2.0]",0,0,1,38,2.015652,0,0.00039783469401299953,inf,31.20021104812622,0.8683939111483923,0.3341477945460563,0.11579876434245366,0.06258347643579469,0.7735849056603774,0.3653543307086614,28644,24309,408,1121,120,0.9950635433197021,0.10704728215932846,0.8788649439811707,0.02704114824712418,,,,,,,,,0.050112221390008926,0.1448835035165151
smd,./data/SMD,machine-1-1,machine-1-1,gate_gbuf5k,100,256,128,0.15,50,64,0.001,1,1,1,1,0.001,adam,0.1,0.99,adaptive,gated,5000,unc,8,0.95,"[0.5, 1.0, 2.0]",0,0,0,38,2.01569,8,0.00015585284563712776,0.00017956466763280332,38.54893517494202,0.9178563053310892,0.4759822426946289,0.3358292177791939,0.2941668992464415,0.39123979213066074,0.5513946678995222,28380,23781,428,3486,763,0.9679155349731445,0.21887549757957458,0.9246404767036438,0.0956499551365794,0.9325962332859569,0.5005482534464789,0.9380811487373675,0.516165268998094,0.9428895128020972,0.5357979262346353,0.9344776756684934,0.5837380690057196,0.05285412321488062,0.02885103541969632
smd,./data/SMD,machine-3-2,machine-3-2,gate_gbuf5k,100,256,128,0.15,50,64,0.001,1,1,1,1,0.001,adam,0.1,0.99,adaptive,gated,5000,unc,8,0.95,"[0.5, 1.0, 2.0]",0,0,1,38,2.01569,8,0.008476784452795982,0.0009988476522266865,27.319664478302002,0.4678813442096591,0.04671704793812907,0.024466750313676285,0.01875901875901876,0.0351668169522092,0.0908022067468572,23604,22868,365,2018,1930,0.9156025648117065,0.9563924670219421,0.9699805378913879,0.09446494802744222,0.5711407019889974,0.06623964381667635,0.5786421149817299,0.07570333703692567,0.582585763530508,0.0850868846541448,0.5854997692038703,0.09498679740515506,0.0,0.08111651396999757
smd,./data/SMD,machine-3-4,machine-3-4,base_noTTA,100,256,128,0.15,50,64,0.001,1,0,1,0,0.001,adam,0.1,0.99,fixed,gated,5000,none,8,0.95,"[0.5, 1.0, 2.0]",0,0,9,38,2.015652,0,0.0015645652310922742,inf,25.391852140426636,0.7568290406338295,0.33771464371009874,0.2530819434372734,0.19595732734418866,0.3572159672466735,0.3818046234153617,23588,22751,0,1769,1017,0.955298662185669,0.5749010443687439,0.9961043000221252,0.00909002671832854,,,,,,,,,0.019415432897706825,0.0
smd,./data/SMD,machine-2-6,machine-2-6,noMask_fixed,100,256,128,0.15,50,64,0.001,1,0,1,1,0.001,adam,0.1,0.99,fixed,gated,5000,none,8,0.95,"[0.5, 1.0, 2.0]",0,0,7,38,2.015652,0,0.0004015913582406938,inf,31.650808334350586,0.8814631752666887,0.3233329873295276,0.1243826595939272,0.06742018639698592,0.8018867924528302,0.34559999999999996,28644,24266,409,1121,118,0.9951372146606445,0.10526315867900848,0.8773753046989441,0.027590965928353507,,,,,,,,,0.05406129856904348,0.14613486329714456
smd,./data/SMD,machine-2-3,machine-2-3,base_noTTA,100,256,128,0.15,50,64,0.001,1,0,1,0,0.001,adam,0.1,0.99,fixed,gated,5000,none,8,0.95,"[0.5, 1.0, 2.0]",0,0,2,38,2.015652,0,0.0006492261891253293,inf,27.28886365890503,0.9598506661925911,0.4656066841592247,0.26173384870237437,0.15369649805447472,0.8810408921933085,0.4841815680880331,23590,22068,0,1259,451,0.9795631766319275,0.35822081565856934,0.9680265188217163,0.009899848899178304,,,,,,,,,0.03801829740405083,0.024539049559583265
smd,./data/SMD,machine-2-5,machine-2-5,base_noTTA,100,256,128,0.15,50,64,0.001,1,0,1,0,0.001,adam,0.1,0.99,fixed,gated,5000,none,8,0.95,"[0.5, 1.0, 2.0]",0,0,5,38,2.015652,0,0.002791202859953046,inf,26.863993883132935,0.9269382093407181,0.5089556558365865,0.2975338106603024,0.6750902527075813,0.19081632653061226,0.5263640531866116,23590,23458,0,3016,2884,0.877056896686554,0.9562334418296814,1.0,0.008436803749023024,,,,,,,,,0.0,0.0
smd,./data/SMD,machine-3-7,machine-3-7,gate_noTTA,100,256,128,0.15,50,64,0.001,1,1,1,0,0.001,adam,0.1,0.99,fixed,gated,5000,unc,8,0.95,"[0.5, 1.0, 2.0]",0,0,3,38,2.01569,8,0.00016679010877851397,0.00025798380374908447,35.0468475818634,0.8260390261665933,0.4048321969250037,0.11783884489986028,0.0655440414507772,0.5829493087557603,0.501628664495114,28606,26358,0,929,282,0.9893011450767517,0.30355221033096313,0.9421541094779968,0.06662186547475187,0.8736366930532614,0.4414970230639577,0.8793401324605646,0.4804247036828938,0.879738270494899,0.5235182017552042,0.8520209763730138,0.49548509091650156,0.028777816022435825,0.027060701434190076
smd,./data/SMD,machine-3-4,machine-3-4,base_noTTA,100,256,128,0.15,50,64,0.001,1,0,1,0,0.001,adam,0.1,0.99,fixed,gated,5000,none,8,0.95,"[0.5, 1.0, 2.0]",0,0,2,38,2.015652,0,0.00157496880274266,inf,27.336658000946045,0.7606607183178764,0.33790065620906434,0.2495492246664262,0.19265033407572382,0.3541453428863869,0.3759071117561683,23588,22768,0,1769,1014,0.9554638266563416,0.5732051730155945,0.997020959854126,0.00992211645410003,,,,,,,,,0.014610037207603455,0.0
smd,./data/SMD,machine-1-3,machine-1-3,mask_noTTA,100,256,128,0.15,50,64,0.001,1,1,1,0,0.001,adam,0.1,0.99,fixed,gated,5000,none,8,0.95,"[0.5, 1.0, 2.0]",0,0,3,38,2.01569,8,0.0006597439642064273,0.0002067770401481539,31.85507321357727,0.8014972781380032,0.2376533979769127,0.26422764227642276,0.22589052997393572,0.3182374541003672,0.287913779830639,23604,22878,0,2005,1338,0.9415158629417419,0.6673316955566406,0.9972683787345886,0.08745652864472661,0.8745623430101259,0.2845390579663025,0.8923431994524293,0.30703186729699866,0.9025918578284511,0.3211645296762052,0.9027150537318117,0.2769857022956221,0.0,0.009088108316063881
smd,./data/SMD,machine-2-8,machine-2-8,gate_gbuf5k,100,256,128,0.15,50,64,0.001,1,1,1,1,0.001,adam,0.1,0.99,adaptive,gated,5000,unc,8,0.95,"[0.5, 1.0, 2.0]",0,0,2,38,2.01569,8,0.0001118963336921297,7.632860797457397e-05,29.049243450164795,0.9952034978056926,0.9639622047186499,0.14921090387374464,0.08082901554404145,0.968944099378882,0.9454545454545455,23604,21793,365,260,14,0.9993575811386108,0.05384615436196327,0.9329591989517212,0.10210406960036629,0.9940133426132547,0.9639162703445403,0.9935421350819548,0.9638984249648074,0.9930703998826467,0.964124712554436,0.9901727110157557,0.9351361138928683,0.03021318589647611,0.0021186439941326776
smd,./data/SMD,machine-3-4,machine-3-4,fixed,100,256,128,0.15,50,64,0.001,1,1,1,1,0.001,adam,0.1,0.99,fixed,gated,5000,none,8,0.95,"[0.5, 1.0, 2.0]",0,0,5,38,2.01569,8,0.0016709516057744622,0.00027323735412210226,24.73716711997986,0.750531353675262,0.32905235441111325,0.25232308791994285,0.19384953322350357,0.36131013306038895,0.3619909502262443,23588,22751,365,1769,957,0.9579359292984009,0.5409836173057556,0.9988542199134827,0.08866833249694193,0.7855546346236445,0.3834240588573055,0.7904704730149674,0.4000392103377961,0.7912617458254967,0.4113632797557369,0.78701513047562,0.4019781324285516,0.0049992444304128485,0.0
smd,./data/SMD,machine-1-3,machine-1-3,base_noTTA,100,256,128,0.15,50,64,0.001,1,0,1,0,0.001,adam,0.1,0.99,fixed,gated,5000,none,8,0.95,"[0.5, 1.0, 2.0]",0,0,9,38,2.015652,0,0.0006605153321288526,inf,26.268523693084717,0.8213679457041665,0.2615259228845642,0.3101045296167247,0.2950276243093923,0.3268053855569155,0.31691919191919193,23604,22881,0,2005,1348,0.94108647108078,0.6723191738128662,0.9969443082809448,0.0086437441740697,,,,,,,,,0.0,0.0101407731223541
smd,./data/SMD,machine-2-4,machine-2-4,mask_noTTA,100,256,128,0.15,50,64,0.001,1,1,1,0,0.001,adam,0.1,0.99,fixed,gated,5000,none,8,0.95,"[0.5, 1.0, 2.0]",0,0,7,38,2.01569,8,0.0005640704766847193,0.0003506054054014385,25.96167778968811,0.7477875593170391,0.3490798005517554,0.2485294117647059,0.15682029075162388,0.5985832349468713,0.34546096785588126,23590,20398,0,3674,1683,0.9174919128417969,0.458083838224411,0.939696729183197,0.06575846176826636,0.7872892384847582,0.3705247075011035,0.8097713792954446,0.38613327653998103,0.8319538920646611,0.40502256473889703,0.8246774986157903,0.346273397411043,0.053175499041875206,0.05283396838543316
smd,./data/SMD,machine-2-6,machine-2-6,gate_gbuf5k,100,256,128,0.15,50,64,0.001,1,1,1,1,0.001,adam,0.1,0.99,adaptive,gated,5000,unc,8,0.95,"[0.5, 1.0, 2.0]",0,0,6,38,2.01569,8,0.0004260974528733641,0.0001611298939678818,34.408719301223755,0.8561000948093386,0.321551655101054,0.10702667534157449,0.05747728860936408,0.7759433962264151,0.3656716417910448,28644,21639,407,1121,80,0.9963029623031616,0.07136484980583191,0.7833085060119629,0.08159552917618972,0.892164870974684,0.33724659174707805,0.8966478269473059,0.34577791003951175,0.8982834212912592,0.3489314231430105,0.8832741219142825,0.2346213759933801,0.06123221727708975,0.14997459823886553
smd,./data/SMD,machine-1-6,machine-1-6,fixed,100,256,128,0.15,50,64,0.001,1,1,1,1,0.001,adam,0.1,0.99,fixed,gated,5000,none,8,0.95,"[0.5, 1.0, 2.0]",0,0,6,38,2.01569,8,0.0006158447940833867,0.0003843167796730995,27.689021587371826,0.8880292264706487,0.640567253227703,0.5205277390805539,0.3738669805768099,0.8565264293419633,0.6325940212150435,23590,16346,295,6678,1200,0.9265875220298767,0.1796945184469223,0.8955771327018738,0.0814822529675143,0.9146673833129607,0.6790680848171765,0.9247118297981788,0.6989899063142999,0.9308091270849701,0.7093664109480283,0.9096498739606294,0.5841634723666401,0.1199570782482624,0.02034237856666247
smd,./data/SMD,machine-3-10,machine-3-10,gate_noTTA,100,256,128,0.15,50,64,0.001,1,1,1,0,0.001,adam,0.1,0.99,fixed,gated,5000,unc,8,0.95,"[0.5, 1.0, 2.0]",0,0,4,38,2.01569,8,0.0012489227810874581,0.00010603833652567118,31.54038643836975,0.9634436201353652,0.7015636482447223,0.7087058823529412,0.6985157699443414,0.7191977077363897,0.7143552311435523,23594,20761,0,2334,443,0.9786618947982788,0.18980291485786438,0.9556914567947388,0.08546116696259344,0.9722365267978618,0.680471550336423,0.9691738995802763,0.6365190893048241,0.9653313601875838,0.579616770063751,0.9539512724436683,0.4581212324783518,0.0,0.0
smd,./data/SMD,machine-2-9,machine-2-9,fixed,100,256,128,0.15,50,64,0.001,1,1,1,1,0.001,adam,0.1,0.99,fixed,gated,5000,none,8,0.95,"[0.5, 1.0, 2.0]",0,0,1,38,2.01569,8,0.0007339836447499692,0.0004037834005430341,33.395474672317505,0.9655627216423746,0.6248603001315347,0.5645569620253165,0.4135099337748344,0.8894586894586894,0.635617888330246,28623,25133,418,2745,168,0.993315577507019,0.06120218709111214,0.9647190570831299,0.08662520883318489,0.9690943991162776,0.6449370994695593,0.9689868497077307,0.6520903909123069,0.967690129235722,0.6559524672395111,0.9554852998024281,0.6180975596842374,0.008615671230169633,0.04519346418480078
smd,./data/SMD,machine-1-7,machine-1-7,fixed,100,256,128,0.15,50,64,0.001,1,1,1,1,0.001,adam,0.1,0.99,fixed,gated,5000,none,8,0.95,"[0.5, 1.0, 2.0]",0,0,7,38,2.01569,8,0.002454083878546953,0.0007063500233925879,24.675534963607788,0.6417283253361399,0.23373252829294647,0.1483375959079284,0.5988200589970502,0.08465387823185988,0.2589462326919618,23598,23387,368,3677,3466,0.8517979979515076,0.9426162838935852,1.0,0.07942405047280494,0.6930681373247914,0.2923256586674148,0.698308695122518,0.30419092499978867,0.7012882153191105,0.3070215662775248,0.7025312304442005,0.2914164637453876,0.0,0.0
smd,./data/SMD,machine-3-10,machine-3-10,mask_noTTA,100,256,128,0.15,50,64,0.001,1,1,1,0,0.001,adam,0.1,0.99,fixed,gated,5000,none,8,0.95,"[0.5, 1.0, 2.0]",0,0,4,38,2.01569,8,0.0012489227810874581,0.00010603833652567118,31.165764093399048,0.9634436201353652,0.7015636482447223,0.7087058823529412,0.6985157699443414,0.7191977077363897,0.7143552311435523,23594,22589,0,2334,1329,0.9411660432815552,0.5694087147712708,1.0,0.08086619805994605,0.9722365267978618,0.680471550336423,0.9691738995802763,0.6365190893048241,0.9653313601875838,0.579616770063751,0.9539512724436683,0.4581212324783518,0.0,0.0
smd,./data/SMD,machine-1-8,machine-1-8,noMask_fixed,100,256,128,0.15,50,64,0.001,1,0,1,1,0.001,adam,0.1,0.99,fixed,gated,5000,none,8,0.95,"[0.5, 1.0, 2.0]",0,0,5,38,2.015652,0,0.0005930250626988709,inf,26.899388074874878,0.840745414558306,0.36528057076218695,0.3007573025604039,0.20746268656716418,0.546526867627785,0.4109947643979058,23600,22482,364,2691,1638,0.9271417260169983,0.6086956262588501,0.9968913197517395,0.028523095583511612,,,,,,,,,0.007478779181838036,0.003445305861532688
smd,./data/SMD,machine-3-5,machine-3-5,noMask_fixed,100,256,128,0.15,50,64,0.001,1,0,1,1,0.001,adam,0.1,0.99,fixed,gated,5000,none,8,0.95,"[0.5, 1.0, 2.0]",0,0,3,38,2.015652,0,0.0012345731956884265,inf,26.19375991821289,0.8129224519695002,0.31550022640522996,0.08582335132289062,0.04546088411658067,0.7652582159624414,0.39873417721518983,23592,15479,275,1515,562,0.9636927247047424,0.3709571063518524,0.6756805777549744,0.024283880215654863,,,,,,,,,0.051858132084210716,0.7299345930417379
smd,./data/SMD,machine-2-1,machine-2-1,gate_gbuf5k,100,256,128,0.15,50,64,0.001,1,1,1,1,0.001,adam,0.1,0.99,adaptive,gated,5000,unc,8,0.95,"[0.5, 1.0, 2.0]",0,0,0,38,2.01569,8,0.0013637166703119874,0.0003107447410002351,29.755939960479736,0.7553214462977383,0.3160266036386613,0.2936955407483342,0.20973645680819913,0.4897435897435897,0.35420743639921726,23595,21275,361,2457,913,0.9570857882499695,0.37159135937690735,0.9632888436317444,0.09426514863412142,0.8080436897698486,0.38273064252141187,0.8178875486280921,0.40780943911397594,0.8218668747637847,0.41553298690868673,0.8080962832427937,0.3356761669120813,0.004317403460542361,0.0037493305280804634
smd,./data/SMD,machine-2-6,machine-2-6,fixed,100,256,128,0.15,50,64,0.001,1,1,1,1,0.001,adam,0.1,0.99,fixed,gated,5000,none,8,0.95,"[0.5, 1.0, 2.0]",0,0,0,38,2.01569,8,0.00041784188942983747,0.0001712084049358964,32.89050555229187,0.8651352149067197,0.31143836967922955,0.10917180013689254,0.05885608856088561,0.7523584905660378,0.34572490706319703,28644,24346,409,1121,118,0.9951531887054443,0.10526315867900848,0.880281925201416,0.08491220595433449,0.9034766144737815,0.33185769706150064,0.90896496251933,0.3449091854858749,0.9106155477987643,0.3483104199863334,0.8958545982529231,0.24294337067970848,0.045482407013575234,0.14361628765861192
smd,./data/SMD,machine-2-8,machine-2-8,gate_noTTA,100,256,128,0.15,50,64,0.001,1,1,1,0,0.001,adam,0.1,0.99,fixed,gated,5000,unc,8,0.95,"[0.5, 1.0, 2.0]",0,0,5,38,2.01569,8,0.00011294935393380001,7.82887073000893e-05,25.74826431274414,0.9924052743583425,0.966857907245735,0.11279826464208242,0.059884836852207295,0.968944099378882,0.9526813880126183,23604,21082,0,260,11,0.9994782209396362,0.042307693511247635,0.9026302099227905,0.0668009485840454,0.9914694551458448,0.9667963846285349,0.9911623523650871,0.9669240013136084,0.9908832159887627,0.9667587703755579,0.987496642712298,0.9326156248470894,0.03134265148158496,0.0
smd,./data/SMD,machine-1-8,machine-1-8,base_noTTA,100,256,128,0.15,50,64,0.001,1,0,1,0,0.001,adam,0.1,0.99,fixed,gated,5000,none,8,0.95,"[0.5, 1.0, 2.0]",0,0,6,38,2.015652,0,0.0005970937199890614,inf,24.069308042526245,0.8464309028347613,0.3604674461727479,0.29970104633781763,0.20961840041819133,0.5255570117955439,0.4019138755980861,23600,22475,0,2691,1646,0.9267630577087402,0.6116685271263123,0.9961739182472229,0.009026466789892164,,,,,,,,,0.01417456939816475,0.0
smd,./data/SMD,machine-3-1,machine-3-1,mask_noTTA,100,256,128,0.15,50,64,0.001,1,1,1,0,0.001,adam,0.1,0.99,fixed,gated,5000,none,8,0.95,"[0.5, 1.0, 2.0]",0,0,5,38,2.01569,8,0.00040275754872709513,0.00021047820337116718,30.509992599487305,0.8825855920636142,0.3690709161303602,0.05376766091051805,0.02772157021448806,0.8896103896103896,0.4081632653061224,28601,16527,0,704,33,0.9980032444000244,0.046875,0.5912463665008545,0.0723410451300915,0.9006109504049066,0.3735059752878898,0.8986368484994859,0.37620495147438204,0.8943588462819232,0.37866864527636157,0.8348511035667628,0.2375183316799342,0.19466874500115713,0.5021527210871378
smd,./data/SMD,machine-2-4,machine-2-4,base_noTTA,100,256,128,0.15,50,64,0.001,1,0,1,0,0.001,adam,0.1,0.99,fixed,gated,5000,none,8,0.95,"[0.5, 1.0, 2.0]",0,0,7,38,2.015652,0,0.0005703739589080215,inf,26.25208306312561,0.7446000392382836,0.35477987608103684,0.25771667340611937,0.16698689956331877,0.564344746162928,0.3526799873136695,23590,20798,0,3674,1737,0.9164823293685913,0.4727817177772522,0.9570696949958801,0.008988067122423431,,,,,,,,,0.03927094986041387,0.052391578598568835
smd,./data/SMD,machine-1-1,machine-1-1,fixed,100,256,128,0.15,50,64,0.001,1,1,1,1,0.001,adam,0.1,0.99,fixed,gated,5000,none,8,0.95,"[0.5, 1.0, 2.0]",0,0,7,38,2.01569,8,0.0001602703850949183,0.00019531050929799676,32.903247594833374,0.8975149568579995,0.43477987947165453,0.37223787631617977,0.2325796886582654,0.9317000742390498,0.5221866740854083,28380,20159,353,3486,80,0.9960315227508545,0.022948939353227615,0.8065798878669739,0.07424131928404257,0.9207377363409577,0.4685426346843985,0.9281527519193538,0.4895815261762371,0.9342161402920818,0.5159789169936526,0.9202982834900962,0.5742823886272999,0.08973455553253491,0.26886168618996936
smd,./data/SMD,machine-2-2,machine-2-2,gate_noTTA,100,256,128,0.15,50,64,0.001,1,1,1,0,0.001,adam,0.1,0.99,fixed,gated,5000,unc,8,0.95,"[0.5, 1.0, 2.0]",0,0,9,38,2.01569,8,0.0007349593215622008,0.00039532448863610625,27.23660898208618,0.5742458612579213,0.1518812312935191,0.1391941391941392,0.1317365269461078,0.1475467702082598,0.2360655737704918,23601,20678,0,3922,2535,0.8774059414863586,0.6463539004325867,0.9219472408294678,0.060859198671474046,0.5870982580395756,0.15185252174351754,0.5927912142407098,0.15203128370869895,0.5976893377012948,0.15241603300041542,0.6027759120082984,0.14200633074803676,0.013276836213966211,0.04939334839582443
smd,./data/SMD,machine-3-10,machine-3-10,mask_noTTA,100,256,128,0.15,50,64,0.001,1,1,1,0,0.001,adam,0.1,0.99,fixed,gated,5000,none,8,0.95,"[0.5, 1.0, 2.0]",0,0,7,38,2.01569,8,0.0011759998742491007,9.97475945041515e-05,25.480438470840454,0.96470576872677,0.7284633318549685,0.6978021978021978,0.6701846965699209,0.7277936962750716,0.7121137812653261,23594,22597,0,2334,1337,0.9408328533172607,0.5728363394737244,1.0,0.058815723214501535,0.9736128448819128,0.7202854816056194,0.9709523625155955,0.6827005083880241,0.9674413237554111,0.6240068817930057,0.956479745016124,0.4640514588757538,0.0,0.0
smd,./data/SMD,machine-2-7,machine-2-7,gate_noTTA,100,256,128,0.15,50,64,0.001,1,1,1,0,0.001,adam,0.1,0.99,fixed,gated,5000,unc,8,0.95,"[0.5, 1.0, 2.0]",0,0,3,38,2.01569,8,0.0034031190443784,0.0008348831324838102,31.758166074752808,0.8698509983627857,0.31463990281806625,0.31932773109243695,0.5337078651685393,0.2278177458033573,0.3514538558786346,23597,23400,0,2397,2200,0.9059829115867615,0.9178139567375183,1.0,0.08107595697936353,0.8677605190215284,0.2925724720134168,0.8608017662505589,0.26261310191953946,0.8518041445532522,0.22268792394207457,0.8108829573653676,0.08817379623019177,0.0,0.0
smd,./data/SMD,machine-2-5,machine-2-5,noMask_fixed,100,256,128,0.15,50,64,0.001,1,0,1,1,0.001,adam,0.1,0.99,fixed,gated,5000,none,8,0.95,"[0.5, 1.0, 2.0]",0,0,9,38,2.015652,0,0.00276728393509984,inf,26.755924940109253,0.9270407489254013,0.4688599382434744,0.2848297213622291,0.5897435897435898,0.18775510204081633,0.5262267343485617,23590,23445,368,3016,2871,0.8775432109832764,0.9519230723381042,1.0,0.0282223621835745,,,,,,,,,0.0,0.0
smd,./data/SMD,machine-2-7,machine-2-7,base_noTTA,100,256,128,0.15,50,64,0.001,1,0,1,0,0.001,adam,0.1,0.99,fixed,gated,5000,none,8,0.95,"[0.5, 1.0, 2.0]",0,0,0,38,2.015652,0,0.0034626363776624203,inf,26.122968673706055,0.8778863588110568,0.29926910686919234,0.3015075376884422,0.5,0.2158273381294964,0.3283208020050125,23597,23460,0,2397,2260,0.9036658406257629,0.9428452253341675,1.0,0.00949438817471666,,,,,,,,,0.0,0.0
smd,./data/SMD,machine-3-8,machine-3-8,mask_noTTA,100,256,128,0.15,50,64,0.001,1,1,1,0,0.001,adam,0.1,0.99,fixed,gated,5000,none,8,0.95,"[0.5, 1.0, 2.0]",0,0,2,38,2.01569,8,0.0006503278855234385,0.00018674368038773537,35.7905855178833,0.8561499242278746,0.30741466536021905,0.30799527372981494,0.2109522524952792,0.5703865791393143,0.3262823902696986,28605,25033,0,1965,403,0.9839012622833252,0.20508906245231628,0.9245495200157166,0.0629513314961762,0.8956053875129983,0.35555704822519646,0.8952363938472537,0.3763221185120421,0.889029748267998,0.3798893784581857,0.8396043976946617,0.2943995451661561,0.0011650937764594953,0.23991475502649942
smd,./data/SMD,machine-2-4,machine-2-4,noMask_fixed,100,256,128,0.15,50,64,0.001,1,0,1,1,0.001,adam,0.1,0.99,fixed,gated,5000,none,8,0.95,"[0.5, 1.0, 2.0]",0,0,8,38,2.015652,0,0.0005678806337527931,inf,26.2667875289917,0.8121495493904511,0.41995471060197903,0.368763557483731,0.2768729641693811,0.551948051948052,0.4127955493741307,23590,21374,351,3674,2032,0.9049312472343445,0.5530756711959839,0.9711789488792419,0.027645508481972093,,,,,,,,,0.034385569393634796,0.03716776488969723
smd,./data/SMD,machine-1-4,machine-1-4,fixed,100,256,128,0.15,50,64,0.001,1,1,1,1,0.001,adam,0.1,0.99,fixed,gated,5000,none,8,0.95,"[0.5, 1.0, 2.0]",0,0,7,38,2.01569,8,0.000950707879383117,0.0002626997302286327,27.397719144821167,0.8118858243548286,0.25860112445936,0.3209876543209877,0.3170731707317073,0.325,0.3345008756567426,23608,22990,367,1908,1290,0.9438886642456055,0.6761006116867065,1.0,0.09381412571060661,0.9087083641478517,0.3167103800849419,0.924637294992822,0.3441557078460897,0.9301362968441099,0.3535641735339735,0.9181208098297107,0.29188295034248274,0.0,0.0
smd,./data/SMD,machine-1-2,machine-1-2,gate_noTTA,100,256,128,0.15,50,64,0.001,1,1,1,0,0.001,adam,0.1,0.99,fixed,gated,5000,unc,8,0.95,"[0.5, 1.0, 2.0]",0,0,3,38,2.01569,8,0.004383048973977566,0.0008435866911895573,31.665185928344727,0.8696691542114108,0.22594881044562914,0.2517219787100814,0.190521327014218,0.37084870848708484,0.28007889546351084,23595,22413,0,1532,837,0.9626556038856506,0.5463446378707886,0.9779268503189087,0.084014877623283,0.8830671742273745,0.25630622476146503,0.8753309589505709,0.27043360519068277,0.8631748119917273,0.2728024681867831,0.8125258200577858,0.16651383086111624,0.0011212558019906282,0.0
smd,./data/SMD,machine-1-1,machine-1-1,mask_noTTA,100,256,128,0.15,50,64,0.001,1,1,1,0,0.001,adam,0.1,0.99,fixed,gated,5000,none,8,0.95,"[0.5, 1.0, 2.0]",0,0,2,38,2.01569,8,0.00015716528287157416,0.00017596472753211856,35.361045360565186,0.8967791740247109,0.48094083104527025,0.3690047961630695,0.2311737089201878,0.9138827023014106,0.548055287688846,28380,20383,0,3486,90,0.9955845475196838,0.02581755630671978,0.8151763677597046,0.07508491612892071,0.9260797304648875,0.5178220080896082,0.9334978123449305,0.5386178992262561,0.9384121077743128,0.5616596358429837,0.9106419597611972,0.5638082405893222,0.09501996884743373,0.25257716079552966
smd,./data/SMD,machine-2-1,machine-2-1,noMask_fixed,100,256,128,0.15,50,64,0.001,1,0,1,1,0.001,adam,0.1,0.99,fixed,gated,5000,none,8,0.95,"[0.5, 1.0, 2.0]",0,0,7,38,2.015652,0,0.001356029766611755,inf,26.36745023727417,0.7729213245662367,0.3210093980448106,0.32809430255402755,0.2659235668789809,0.4282051282051282,0.3521695257315843,23595,22847,364,2457,1710,0.9251542687416077,0.6959707140922546,0.9999526739120483,0.02803783291450722,,,,,,,,,0.00014887598808854818,0.0
smd,./data/SMD,machine-3-2,machine-3-2,gate_gbuf5k,100,256,128,0.15,50,64,0.001,1,1,1,1,0.001,adam,0.1,0.99,adaptive,gated,5000,unc,8,0.95,"[0.5, 1.0, 2.0]",0,0,8,38,2.01569,8,0.0073011876083910465,0.001035031396895647,27.62773561477661,0.4655951934061988,0.04583759985582066,0.02383939774153074,0.01827801827801828,0.034265103697024346,0.09126529051987768,23604,22892,365,2018,1947,0.9149484634399414,0.9648166298866272,0.9703048467636108,0.0900932134884613,0.5712178069730204,0.06274320712234936,0.5809897661891134,0.07004505539859085,0.5863584202034853,0.07811652955023038,0.589197915004606,0.08868295671754699,0.0,0.08053259737789631
smd,./data/SMD,machine-3-8,machine-3-8,fixed,100,256,128,0.15,50,64,0.001,1,1,1,1,0.001,adam,0.1,0.99,fixed,gated,5000,none,8,0.95,"[0.5, 1.0, 2.0]",0,0,6,38,2.01569,8,0.0006481048767454922,0.00018169271061196923,31.97444772720337,0.8522335878408933,0.2730710265764398,0.30000000000000004,0.21530644649094952,0.49452954048140046,0.30145937704203873,28605,25631,434,1965,523,0.9795950055122375,0.26615774631500244,0.9424924850463867,0.08462014220807336,0.8931025683907177,0.3219323811386585,0.8908443084765163,0.3454957690246898,0.8834264216756873,0.3538484777846363,0.8432373474800609,0.2938815300414831,0.0002330187514113883,0.18040022005637488
smd,./data/SMD,machine-1-6,machine-1-6,mask_noTTA,100,256,128,0.15,50,64,0.001,1,1,1,0,0.001,adam,0.1,0.99,fixed,gated,5000,none,8,0.95,"[0.5, 1.0, 2.0]",0,0,4,38,2.01569,8,0.0006093215779401362,0.0003627022379077971,28.255061388015747,0.8924254741033107,0.6450364563690436,0.5027531355154482,0.3508753202391119,0.8864617044228694,0.6317980022197559,23590,15377,0,6678,1068,0.9305456280708313,0.1599281281232834,0.8460856080055237,0.07051039975090723,0.91973291563339,0.6853751945310629,0.930077687881157,0.7066894789567091,0.9361458784982735,0.7186954097720716,0.9142145259139658,0.6046170471328663,0.1311513086160024,0.051149612913529076
smd,./data/SMD,machine-3-9,machine-3-9,base_noTTA,100,256,128,0.15,50,64,0.001,1,0,1,0,0.001,adam,0.1,0.99,fixed,gated,5000,none,8,0.95,"[0.5, 1.0, 2.0]",0,0,5,38,2.015652,0,0.00017297729209531099,inf,31.036545991897583,0.8427102900363953,0.2990571116832395,0.030525656358562563,0.015530829856281873,0.8844884488448845,0.34939759036144574,28614,6197,0,699,1,0.999838650226593,0.0014306152006611228,0.22195951640605927,0.009681899034144568,,,,,,,,,0.4517371753851573,0.9219529430071512
smd,./data/SMD,machine-1-3,machine-1-3,mask_noTTA,100,256,128,0.15,50,64,0.001,1,1,1,0,0.001,adam,0.1,0.99,fixed,gated,5000,none,8,0.95,"[0.5, 1.0, 2.0]",0,0,6,38,2.01569,8,0.0006432501832023263,0.0002082599385175854,27.38943862915039,0.8074998628185404,0.24557684485612774,0.2842842842842843,0.24047417442845045,0.34761321909424725,0.3075734157650695,23604,22826,0,2005,1294,0.9433102607727051,0.6453865170478821,0.9968979954719543,0.06752312334891679,0.8735559980066171,0.2816101136191781,0.8903501373579503,0.30117157364110514,0.8999174878924661,0.3151790049342968,0.9014875604494246,0.26897876672715937,0.0,0.010012323036789894
smd,./data/SMD,machine-2-4,machine-2-4,gate_gbuf5k,100,256,128,0.15,50,64,0.001,1,1,1,1,0.001,adam,0.1,0.99,adaptive,gated,5000,unc,8,0.95,"[0.5, 1.0, 2.0]",0,0,9,38,2.01569,8,0.0005740499473176897,0.00034828908974304795,26.395328998565674,0.7968414121165781,0.408519899722625,0.333968556455455,0.2799520766773163,0.4138134592680047,0.408735332464146,23590,22072,365,3674,2819,0.8722816109657288,0.7672836184501648,0.9667102098464966,0.09169551263981424,0.837986979438549,0.4370971618585521,0.8558235973454308,0.45285554972285624,0.8673271375135436,0.46237757117652456,0.8277149228667137,0.3543239905847074,0.006576474756002426,0.021538461248079937
smd,./data/SMD,machine-3-10,machine-3-10,noMask_fixed,100,256,128,0.15,50,64,0.001,1,0,1,1,0.001,adam,0.1,0.99,fixed,gated,5000,none,8,0.95,"[0.5, 1.0, 2.0]",0,0,2,38,2.015652,0,0.0010660788975656033,inf,33.45747685432434,0.9607171328721172,0.71448157964227,0.7068723702664795,0.6923076923076923,0.7220630372492837,0.7178699436763952,23594,22523,358,2334,1263,0.9439240097999573,0.5411310791969299,1.0,0.03133452099299465,,,,,,,,,0.0,0.0
smd,./data/SMD,machine-3-5,machine-3-5,base_noTTA,100,256,128,0.15,50,64,0.001,1,0,1,0,0.001,adam,0.1,0.99,fixed,gated,5000,none,8,0.95,"[0.5, 1.0, 2.0]",0,0,1,38,2.015652,0,0.0012273190077394247,inf,28.804428100585938,0.8173081327711236,0.3041200021915964,0.08091920303141426,0.04268214055448098,0.7769953051643192,0.38658777120315585,23592,14605,0,1515,558,0.9617938995361328,0.3683168292045593,0.6362730264663696,0.01057638843894692,,,,,,,,,0.052847251296043396,0.7776639858881632
smd,./data/SMD,machine-3-3,machine-3-3,mask_noTTA,100,256,128,0.15,50,64,0.001,1,1,1,0,0.001,adam,0.1,0.99,fixed,gated,5000,none,8,0.95,"[0.5, 1.0, 2.0]",0,0,6,38,2.01569,8,0.0008429564186371863,0.00028945214580744505,28.913202047348022,0.884318784226348,0.291321970117326,0.251772044230224,0.1533678756476684,0.7025316455696202,0.357958872810358,23604,22296,0,3206,2311,0.8963491320610046,0.7208359241485596,0.9797528982162476,0.06671733440857502,0.8983217190302474,0.3185800261178368,0.9008435846635235,0.3289187459783383,0.9003561652554113,0.3156485659182268,0.8629075819333712,0.12978599998187054,0.006010396406054497,0.030905752753218014
smd,./data/SMD,machine-1-7,machine-1-7,mask_noTTA,100,256,128,0.15,50,64,0.001,1,1,1,0,0.001,adam,0.1,0.99,fixed,gated,5000,none,8,0.95,"[0.5, 1.0, 2.0]",0,0,3,38,2.01569,8,0.0024281791411340237,0.0006619528867304325,33.07322573661804,0.6332947769634939,0.22831646247491688,0.13813158851326787,0.5382436260623229,0.07923269391159299,0.2535612535612536,23598,23376,0,3677,3455,0.8521988391876221,0.9396246671676636,1.0,0.09022959107735953,0.7007818717266032,0.29221518138962116,0.7071254544444266,0.30439523516400513,0.710662047551168,0.30759718226217336,0.7110397763665285,0.286877264798587,0.0,0.0
smd,./data/SMD,machine-1-4,machine-1-4,gate_gbuf5k,100,256,128,0.15,50,64,0.001,1,1,1,1,0.001,adam,0.1,0.99,adaptive,gated,5000,unc,8,0.95,"[0.5, 1.0, 2.0]",0,0,6,38,2.01569,8,0.0009373695938847959,0.0002713470021262765,27.594778776168823,0.7948445800283251,0.2520421860163204,0.30463576158940403,0.24054706355591313,0.4152777777777778,0.3344425956738769,23608,22512,362,1908,837,0.9628198146820068,0.4386792480945587,0.9988479018211365,0.08887456498360966,0.9092993986939477,0.3161818309937595,0.9284946080634948,0.3497088774246217,0.9357476810564426,0.3617381330646232,0.9242020852365831,0.2974050193418807,0.0012071827271332343,0.0
smd,./data/SMD,machine-3-4,machine-3-4,base_noTTA,100,256,128,0.15,50,64,0.001,1,0,1,0,0.001,adam,0.1,0.99,fixed,gated,5000,none,8,0.95,"[0.5, 1.0, 2.0]",0,0,0,38,2.015652,0,0.0015602303901687264,inf,26.178340673446655,0.7486557173421093,0.33010022777621084,0.25365853658536586,0.20023696682464456,0.345957011258956,0.368815592203898,23588,22753,0,1769,1018,0.9552586674690247,0.5754663944244385,0.9961501359939575,0.008861392316968638,,,,,,,,,0.01915882496784131,0.0
smd,./data/SMD,machine-2-7,machine-2-7,gate_gbuf5k,100,256,128,0.15,50,64,0.001,1,1,1,1,0.001,adam,0.1,0.99,adaptive,gated,5000,unc,8,0.95,"[0.5, 1.0, 2.0]",0,0,8,38,2.01569,8,0.003351918887346983,0.0008195972186513245,27.84171438217163,0.8773867370298959,0.2559419025767531,0.2542372881355932,0.18018018018018017,0.4316546762589928,0.38146551724137934,23597,22849,366,2397,1893,0.9171517491340637,0.7897371649742126,0.9884905815124512,0.08890722476613114,0.8699140434205322,0.23769077678565836,0.8617797887640315,0.2082485454713403,0.8520055384877201,0.18319688430248887,0.8130852077648847,0.09417309060259701,0.01363943051546812,0.02268296976884206
smd,./data/SMD,machine-3-11,machine-3-11,fixed,100,256,128,0.15,50,64,0.001,1,1,1,1,0.001,adam,0.1,0.99,fixed,gated,5000,none,8,0.95,"[0.5, 1.0, 2.0]",0,0,9,38,2.01569,8,0.0004038751940242946,0.0002339517668588087,29.79353094100952,0.8823495322372436,0.544265346896996,0.0261155051484853,0.013253559527415935,0.8838383838383839,0.6162464985994398,28597,13588,235,440,0,1.0,0.0,0.4825798273086548,0.07561899988151961,0.891705673479833,0.5521140514008626,0.8979166356526171,0.5578717824612589,0.9030341310501322,0.561214427259268,0.8987389510233219,0.242698687198711,0.13776224106550217,0.9802029132843018
smd,./data/SMD,machine-2-2,machine-2-2,gate_gbuf5k,100,256,128,0.15,50,64,0.001,1,1,1,1,0.001,adam,0.1,0.99,adaptive,gated,5000,unc,8,0.95,"[0.5, 1.0, 2.0]",0,0,5,38,2.01569,8,0.0007652488420717418,0.0004084120155312121,25.514463901519775,0.5854646283064386,0.14713707594636954,0.09749909387459225,0.10018621973929237,0.09495234733498059,0.24464699854376784,23601,20851,360,3922,2667,0.8720924854278564,0.680010199546814,0.9240307211875916,0.09727113343190301,0.5841080968467347,0.14408593030421118,0.5807998672310037,0.14191797149970353,0.5768018352867711,0.13970492995455672,0.5664435851614373,0.13039151162573073,0.014547962899086997,0.04529109597206116
smd,./data/SMD,machine-1-6,machine-1-6,gate_noTTA,100,256,128,0.15,50,64,0.001,1,1,1,0,0.001,adam,0.1,0.99,fixed,gated,5000,unc,8,0.95,"[0.5, 1.0, 2.0]",0,0,9,38,2.01569,8,0.0006174812442623079,0.0004154276684857905,27.878969192504883,0.8923317226877939,0.6422311028571188,0.5056516724336794,0.35366247176508553,0.8867313915857605,0.6298416078796752,23590,15231,0,6678,875,0.9425513744354248,0.1310272514820099,0.848864734172821,0.07046138194214747,0.9182177693944091,0.6782345321424127,0.9290717295238461,0.6993777245543873,0.9362921204486225,0.7146100317039328,0.9152960752304765,0.6047059195631956,0.12801686922709146,0.049866918474435806
smd,./data/SMD,machine-3-7,machine-3-7,base_noTTA,100,256,128,0.15,50,64,0.001,1,0,1,0,0.001,adam,0.1,0.99,fixed,gated,5000,none,8,0.95,"[0.5, 1.0, 2.0]",0,0,6,38,2.015652,0,0.00017363231745548546,inf,32.39583492279053,0.8375108621999029,0.4077838340473635,0.17225225225225224,0.10209312259718069,0.5506912442396313,0.4890387858347386,28606,27541,0,929,319,0.9884172677993774,0.3433799743652344,0.9835603833198547,0.00884568267024281,,,,,,,,,0.02924385356406371,0.018761380497987073
smd,./data/SMD,machine-2-9,machine-2-9,noMask_fixed,100,256,128,0.15,50,64,0.001,1,0,1,1,0.001,adam,0.1,0.99,fixed,gated,5000,none,8,0.95,"[0.5, 1.0, 2.0]",0,0,2,38,2.015652,0,0.0007214829092845321,inf,33.10681486129761,0.9730504213390704,0.6631925157341866,0.5793522991590624,0.4222743870631195,0.9225071225071225,0.694147582697201,28623,25075,416,2745,182,0.9927417635917664,0.06630236655473709,0.9619367718696594,0.02776363238062877,,,,,,,,,0.004657119512557983,0.05849645410974821
smd,./data/SMD,machine-3-11,machine-3-11,gate_gbuf5k,100,256,128,0.15,50,64,0.001,1,1,1,1,0.001,adam,0.1,0.99,adaptive,gated,5000,unc,8,0.95,"[0.5, 1.0, 2.0]",0,0,8,38,2.01569,8,0.0004126659478060901,0.00023483822587877512,34.698710441589355,0.8774147538973143,0.5009796063364005,0.04187465335551858,0.021528371827773025,0.7626262626262627,0.5465465465465466,28597,19218,348,440,45,0.9976584315299988,0.10227272659540176,0.6809319257736206,0.083592370135278,0.8747668629590168,0.5088031257896602,0.8769341247409883,0.5151174242020286,0.8802542230502086,0.5254069946921666,0.8740849083153807,0.3290681842188657,0.10023309849202633,0.2553827819259216
smd,./data/SMD,machine-1-5,machine-1-5,fixed,100,256,128,0.15,50,64,0.001,1,1,1,1,0.001,adam,0.1,0.99,fixed,gated,5000,none,8,0.95,"[0.5, 1.0, 2.0]",0,0,0,38,2.01569,8,0.0008198069990612566,0.0002962397993542254,33.40392518043518,0.9339396763534694,0.5632729837984259,0.07373691397360037,0.03862660944206009,0.81,0.6086956521739131,23607,22262,364,793,48,0.997843861579895,0.06052963435649872,0.9737003445625305,0.10972975997805227,0.9530072862831483,0.5660699170817465,0.9531089553503347,0.558425254458427,0.9520732017283741,0.533883341379501,0.9214830975175803,0.06633182550427846,0.0,0.04987854138016701
smd,./data/SMD,machine-3-4,machine-3-4,gate_gbuf5k,100,256,128,0.15,50,64,0.001,1,1,1,1,0.001,adam,0.1,0.99,adaptive,gated,5000,unc,8,0.95,"[0.5, 1.0, 2.0]",0,0,7,38,2.01569,8,0.0017231543315574527,0.000279660482192412,28.448519945144653,0.74630242833069,0.3247625683724248,0.2259686483288968,0.1589018302828619,0.390992835209826,0.3480783176214648,23588,21279,362,1769,614,0.9711452722549438,0.3470887541770935,0.9471102952957153,0.08401968569316479,0.7820719120123925,0.39034181191094774,0.7873340463419548,0.4100379862857336,0.7890686584035188,0.42177744391498334,0.7851941416110839,0.4119440645887345,0.014026671337584654,0.011733106958369413
smd,./data/SMD,machine-3-8,machine-3-8,gate_noTTA,100,256,128,0.15,50,64,0.001,1,1,1,0,0.001,adam,0.1,0.99,fixed,gated,5000,unc,8,0.95,"[0.5, 1.0, 2.0]",0,0,1,38,2.01569,8,0.0006636909092776477,0.00018415437079966068,35.49331092834473,0.8535519179491515,0.27072353285955164,0.2996116901696301,0.20812038614423622,0.5346462436177972,0.3172097759674134,28605,20754,0,1965,252,0.9878577589988708,0.1282442808151245,0.7695946097373962,0.07557923134088808,0.8931531507442465,0.31903727661807796,0.8927867055431615,0.3412407728918348,0.8870323790840914,0.35103933538104626,0.8491402454259529,0.2950925787135253,0.0013981126248836517,0.22624352077643076
smd,./data/SMD,machine-3-1,machine-3-1,gate_noTTA,100,256,128,0.15,50,64,0.001,1,1,1,0,0.001,adam,0.1,0.99,fixed,gated,5000,unc,8,0.95,"[0.5, 1.0, 2.0]",0,0,1,38,2.01569,8,0.0003920056624338031,0.00020624585158657283,33.414815187454224,0.8753796569730636,0.32954707104893827,0.04958075100255195,0.025506376594148537,0.8831168831168831,0.38072289156626504,28601,14245,0,704,30,0.9978939890861511,0.04261363670229912,0.5095530152320862,0.06605803493452941,0.8921300768828242,0.33418662625875784,0.8926248888474163,0.33711850763672374,0.8902152106135622,0.3397919979242228,0.8392636438652922,0.20245730658597347,0.20952708274126053,0.5154737532138824
smd,./data/SMD,machine-1-3,machine-1-3,noMask_fixed,100,256,128,0.15,50,64,0.001,1,0,1,1,0.001,adam,0.1,0.99,fixed,gated,5000,none,8,0.95,"[0.5, 1.0, 2.0]",0,0,7,38,2.015652,0,0.0006574628059752285,inf,25.68933129310608,0.8226555795523574,0.2695434299293993,0.32969696969696966,0.32653061224489793,0.3329253365973072,0.3342140026420079,23604,22916,366,2005,1378,0.9398673176765442,0.6872817873954773,0.9971758127212524,0.028595563173900114,,,,,,,,,0.0001578282875319322,0.009088108316063881
smd,./data/SMD,machine-2-6,machine-2-6,fixed,100,256,128,0.15,50,64,0.001,1,1,1,1,0.001,adam,0.1,0.99,fixed,gated,5000,none,8,0.95,"[0.5, 1.0, 2.0]",0,0,8,38,2.01569,8,0.0004370217502582818,0.00016023681382648647,28.780264377593994,0.8531436324835583,0.3346799018682379,0.110573600552868,0.05965697240865026,0.7547169811320755,0.379746835443038,28644,24429,410,1121,122,0.9950059652328491,0.10883139818906784,0.8831522464752197,0.08147402259827725,0.8976846999847425,0.3526242138415873,0.9042367381856438,0.3576400201795103,0.9078703743802914,0.35755325501423507,0.8998355660943683,0.24829142885261254,0.04290739198525747,0.14337793613473573
smd,./data/SMD,machine-1-6,machine-1-6,gate_gbuf5k,100,256,128,0.15,50,64,0.001,1,1,1,1,0.001,adam,0.1,0.99,adaptive,gated,5000,unc,8,0.95,"[0.5, 1.0, 2.0]",0,0,3,38,2.01569,8,0.0006092569674365222,0.00039383445982821286,33.94720411300659,0.88909717737784,0.6348294485338738,0.4541048612131003,0.4985488552079974,0.41693635382955774,0.6303533190578158,23590,19628,352,6678,3294,0.83217853307724,0.493261456489563,0.9658231139183044,0.12115480132707351,0.9162049686144662,0.6739161396921648,0.9265785033538064,0.6951020437095444,0.93316709800956,0.7087876727623208,0.9132911163123845,0.5963687619545333,0.05499495565891266,0.00039777248942603666
smd,./data/SMD,machine-1-1,machine-1-1,noMask_fixed,100,256,128,0.15,50,64,0.001,1,0,1,1,0.001,adam,0.1,0.99,fixed,gated,5000,none,8,0.95,"[0.5, 1.0, 2.0]",0,0,1,38,2.015652,0,0.00013446553202811629,inf,33.08286476135254,0.9051175854702794,0.45888304792675794,0.36568557071069635,0.22668209327162692,0.9454342984409799,0.5377728914716507,28380,19553,342,3486,41,0.9979031085968018,0.011761330999433994,0.7838033437728882,0.02587288513076062,,,,,,,,,0.10817476982871692,0.28882646063963574
smd,./data/SMD,machine-2-3,machine-2-3,gate_gbuf5k,100,256,128,0.15,50,64,0.001,1,1,1,1,0.001,adam,0.1,0.99,adaptive,gated,5000,unc,8,0.95,"[0.5, 1.0, 2.0]",0,0,0,38,2.01569,8,0.0006586731760762632,0.00023393162700813264,28.028793573379517,0.9562139879809143,0.4529096051590374,0.2624789680314077,0.154557463672391,0.8698884758364313,0.4811320754716982,23590,20576,361,1259,226,0.9890163540840149,0.1795075386762619,0.9112892150878906,0.09227588349552972,0.9561750989685683,0.46936671003388253,0.9531957244308713,0.4586716059046396,0.9487050752542071,0.4212298100386791,0.9104776523100073,0.15703743161832023,0.031088669473926227,0.01328246426419355
smd,./data/SMD,machine-2-7,machine-2-7,gate_noTTA,100,256,128,0.15,50,64,0.001,1,1,1,0,0.001,adam,0.1,0.99,fixed,gated,5000,unc,8,0.95,"[0.5, 1.0, 2.0]",0,0,2,38,2.01569,8,0.003300015116110444,0.0008499365067109466,28.615764617919922,0.8772967020944867,0.2780982333746216,0.2765598650927487,0.4659090909090909,0.19664268585131894,0.33676092544987146,23597,23402,0,2397,2202,0.9059054851531982,0.9186483025550842,1.0,0.07674857439184288,0.8688889431433503,0.25472397504775535,0.8618573589086118,0.2233316236874632,0.8534939993363787,0.19049602627609796,0.8153297972473001,0.0828319406151329,0.0,0.0
smd,./data/SMD,machine-2-2,machine-2-2,noMask_fixed,100,256,128,0.15,50,64,0.001,1,0,1,1,0.001,adam,0.1,0.99,fixed,gated,5000,none,8,0.95,"[0.5, 1.0, 2.0]",0,0,1,38,2.015652,0,0.0007029258995316923,inf,27.71708106994629,0.5854647382593584,0.14631331623888133,0.11282241603265912,0.1189358372456964,0.10730674196964349,0.2437568172684999,23601,21652,360,3922,2913,0.8654627799987793,0.7427332997322083,0.9522333741188049,0.02845842592504377,,,,,,,,,0.008898304775357246,0.048018584648768105
smd,./data/SMD,machine-3-2,machine-3-2,mask_noTTA,100,256,128,0.15,50,64,0.001,1,1,1,0,0.001,adam,0.1,0.99,fixed,gated,5000,none,8,0.95,"[0.5, 1.0, 2.0]",0,0,1,38,2.01569,8,0.008476784452795982,0.0009988476522266865,27.343918323516846,0.47392963555602946,0.04740010574230452,0.020304568527918784,0.1643835616438356,0.010820559062218215,0.09127094325650283,23604,23604,0,2018,2018,0.9145060181617737,1.0,1.0,0.05874871561192311,0.5697632086784135,0.06487417292649422,0.5771707547340743,0.07308075770668698,0.5809873716243921,0.08135515174580349,0.5833926320680267,0.0897768902480787,0.0,0.0
smd,./data/SMD,machine-3-7,machine-3-7,mask_noTTA,100,256,128,0.15,50,64,0.001,1,1,1,0,0.001,adam,0.1,0.99,fixed,gated,5000,none,8,0.95,"[0.5, 1.0, 2.0]",0,0,8,38,2.01569,8,0.00016692728968337178,0.00025919266045093536,34.87327718734741,0.8070644276176904,0.38079922550254147,0.10959497509205113,0.060482907004542195,0.5829493087557603,0.47796610169491527,28606,27352,0,929,305,0.9888491034507751,0.3283100128173828,0.9772374033927917,0.06189789212284276,0.8511317470948965,0.4152729408156186,0.8575162185216256,0.4558366465117092,0.8588442146590758,0.49953410747544297,0.8415019412998649,0.4906889951713297,0.029010835724572342,0.034378688083961606
smd,./data/SMD,machine-3-1,machine-3-1,gate_gbuf5k,100,256,128,0.15,50,64,0.001,1,1,1,1,0.001,adam,0.1,0.99,adaptive,gated,5000,unc,8,0.95,"[0.5, 1.0, 2.0]",0,0,8,38,2.01569,8,0.0004085224645677954,0.00020492251496762037,33.92567443847656,0.8713437432530841,0.29885069455275826,0.06654298082869511,0.03458917320303459,0.8733766233766234,0.35272045028142585,28601,16571,344,704,38,0.9977068305015564,0.053977273404598236,0.5926443934440613,0.0813622553195742,0.8944081330757154,0.31116928145276185,0.8944249431886795,0.31850206222821886,0.8903763361180944,0.3294512718517738,0.8372475738547167,0.2564690998308628,0.11821763341625531,0.2501131915487349
smd,./data/SMD,machine-3-5,machine-3-5,gate_gbuf5k,100,256,128,0.15,50,64,0.001,1,1,1,1,0.001,adam,0.1,0.99,adaptive,gated,5000,unc,8,0.95,"[0.5, 1.0, 2.0]",0,0,0,38,2.01569,8,0.0015995223075151443,0.00045077019603922963,28.65084433555603,0.8163500957028077,0.3162269322619673,0.15539351269801358,0.08701774148127288,0.7253521126760564,0.3945068664169788,23592,18715,357,1515,639,0.9658562541007996,0.42178216576576233,0.8187706470489502,0.097641109328789,0.8294590092312598,0.3307732853097138,0.8358099020370522,0.3361958521362498,0.8410589765399475,0.33152209625146484,0.8229018786405661,0.1339798061398676,0.03518440077702204,0.08663495113917936
smd,./data/SMD,machine-1-3,machine-1-3,gate_gbuf5k,100,256,128,0.15,50,64,0.001,1,1,1,1,0.001,adam,0.1,0.99,adaptive,gated,5000,unc,8,0.95,"[0.5, 1.0, 2.0]",0,0,1,38,2.01569,8,0.0006622082437388599,0.0001969602017197758,31.81771993637085,0.8049939613416764,0.24997128489153217,0.3257874015748031,0.27242798353909464,0.40514075887392903,0.32909498878085264,23604,22395,364,2005,1017,0.9545880556106567,0.5072318911552429,0.9897680282592773,0.11173682058489821,0.8824989188603489,0.299432426547661,0.896579619637796,0.3212400641397636,0.9018892641308401,0.3305757327489938,0.8933205304435341,0.2751982393668497,0.0014204545877873898,0.013299288538595041
smd,./data/SMD,machine-3-3,machine-3-3,fixed,100,256,128,0.15,50,64,0.001,1,1,1,1,0.001,adam,0.1,0.99,fixed,gated,5000,none,8,0.95,"[0.5, 1.0, 2.0]",0,0,0,38,2.01569,8,0.0008698359015397727,0.0002911796618718654,29.592284202575684,0.8891502510960936,0.2867873725529102,0.2592704250829062,0.1601489757914339,0.680379746835443,0.34834324553950724,23604,22364,358,3206,2443,0.8907619118690491,0.7620087265968323,0.9766153693199158,0.08624154740401273,0.9004787916662323,0.3163007692559024,0.9014840813361503,0.32554683109104715,0.8995404390080375,0.3102279601371446,0.8655004309755959,0.1291279694603391,0.004061078652739525,0.03692353703081608
smd,./data/SMD,machine-2-7,machine-2-7,gate_noTTA,100,256,128,0.15,50,64,0.001,1,1,1,0,0.001,adam,0.1,0.99,fixed,gated,5000,unc,8,0.95,"[0.5, 1.0, 2.0]",0,0,6,38,2.01569,8,0.0034429326187819242,0.0008097105310298502,27.884498596191406,0.8962587393893467,0.3246241970791769,0.3211920529801324,0.5187165775401069,0.23261390887290168,0.3594994311717861,23597,23368,0,2397,2169,0.9071807861328125,0.9048811197280884,0.9999528527259827,0.06879043360860206,0.8820484657851279,0.2935436895223597,0.8726414117642696,0.2596173668779107,0.8613644845968664,0.21878115040307516,0.8116006614786353,0.09318487136557968,0.0,0.0
smd,./data/SMD,machine-2-8,machine-2-8,base_noTTA,100,256,128,0.15,50,64,0.001,1,0,1,0,0.001,adam,0.1,0.99,fixed,gated,5000,none,8,0.95,"[0.5, 1.0, 2.0]",0,0,7,38,2.015652,0,0.00010090044816024601,inf,26.58611536026001,0.9927466755596315,0.9485731621990806,0.11826741996233522,0.06295108259823577,0.9751552795031055,0.9176470588235295,23604,21645,0,260,12,0.9994456171989441,0.04615384712815285,0.9267049431800842,0.009488017048760605,,,,,,,,,0.05040237121284008,0.0
smd,./data/SMD,machine-1-8,machine-1-8,base_noTTA,100,256,128,0.15,50,64,0.001,1,0,1,0,0.001,adam,0.1,0.99,fixed,gated,5000,none,8,0.95,"[0.5, 1.0, 2.0]",0,0,7,38,2.015652,0,0.0005894112400710583,inf,23.95011281967163,0.8432567333067889,0.365681041633791,0.2900763358778626,0.19726285983954694,0.5478374836173001,0.3957219251336898,23600,22444,0,2691,1630,0.9273747801780701,0.6057227849960327,0.9954565167427063,0.008539466534630728,,,,,,,,,0.016746585567792256,0.0
smd,./data/SMD,machine-3-7,machine-3-7,mask_noTTA,100,256,128,0.15,50,64,0.001,1,1,1,0,0.001,adam,0.1,0.99,fixed,gated,5000,none,8,0.95,"[0.5, 1.0, 2.0]",0,0,3,38,2.01569,8,0.00016679010877851397,0.00025798380374908447,34.478864431381226,0.8260390261665933,0.4048321969250037,0.11783884489986028,0.0655440414507772,0.5829493087557603,0.501628664495114,28606,27443,0,929,306,0.9888496398925781,0.329386442899704,0.980489194393158,0.07172379470043214,0.8736366930532614,0.4414970230639577,0.8793401324605646,0.4804247036828938,0.879738270494899,0.5235182017552042,0.8520209763730138,0.49548509091650156,0.028777816022435825,0.027060701434190076
smd,./data/SMD,machine-3-1,machine-3-1,mask_noTTA,100,256,128,0.15,50,64,0.001,1,1,1,0,0.001,adam,0.1,0.99,fixed,gated,5000,none,8,0.95,"[0.5, 1.0, 2.0]",0,0,2,38,2.01569,8,0.0004183404380455613,0.00020678646978922188,35.85165190696716,0.8666837969722585,0.27610931244784914,0.04580929759077028,0.023519163763066203,0.8766233766233766,0.32698412698412693,28601,17121,0,704,33,0.9980725646018982,0.046875,0.6125389933586121,0.07427504402678944,0.891618454805268,0.28449415296747455,0.8922932607685355,0.2888643042850947,0.8893685298218266,0.29555762333042823,0.841179196261614,0.18472350542798271,0.18340308095018068,0.4673574815193812
smd,./data/SMD,machine-2-9,machine-2-9,noMask_fixed,100,256,128,0.15,50,64,0.001,1,0,1,1,0.001,adam,0.1,0.99,fixed,gated,5000,none,8,0.95,"[0.5, 1.0, 2.0]",0,0,1,38,2.015652,0,0.0006907769711688161,inf,32.53215289115906,0.9753217634257424,0.6742268852444334,0.5782539961356051,0.4179786693753174,0.9378917378917379,0.693644617380026,28623,24986,414,2745,153,0.993876576423645,0.055737704038619995,0.9596182107925415,0.025721868745511762,,,,,,,,,0.0040749795734882355,0.0605967678129673
smd,./data/SMD,machine-3-10,machine-3-10,base_noTTA,100,256,128,0.15,50,64,0.001,1,0,1,0,0.001,adam,0.1,0.99,fixed,gated,5000,none,8,0.95,"[0.5, 1.0, 2.0]",0,0,6,38,2.015652,0,0.0011603495804592967,inf,25.122666597366333,0.9607338133428751,0.6586665688253187,0.6381322957198444,0.6501486620416254,0.626552053486151,0.6399604352126607,23594,22600,0,2334,1340,0.9407079815864563,0.5741216540336609,1.0,0.00875456167235459,,,,,,,,,0.0,0.0
smd,./data/SMD,machine-1-1,machine-1-1,gate_noTTA,100,256,128,0.15,50,64,0.001,1,1,1,0,0.001,adam,0.1,0.99,fixed,gated,5000,unc,8,0.95,"[0.5, 1.0, 2.0]",0,0,2,38,2.01569,8,0.00015716528287157416,0.00017596472753211856,35.43748140335083,0.8967791740247109,0.48094083104527025,0.3690047961630695,0.2311737089201878,0.9138827023014106,0.548055287688846,28380,20214,0,3486,90,0.9955476522445679,0.02581755630671978,0.8083875775337219,0.0759545222733372,0.9260797304648875,0.5178220080896082,0.9334978123449305,0.5386178992262561,0.9384121077743128,0.5616596358429837,0.9106419597611972,0.5638082405893222,0.09501996884743373,0.25257716079552966
smd,./data/SMD,machine-3-1,machine-3-1,mask_noTTA,100,256,128,0.15,50,64,0.001,1,1,1,0,0.001,adam,0.1,0.99,fixed,gated,5000,none,8,0.95,"[0.5, 1.0, 2.0]",0,0,6,38,2.01569,8,0.00041674007661640644,0.00021657272009178996,30.636039972305298,0.8715859461051768,0.2971824847297597,0.050060707948071353,0.025771708818155593,0.8701298701298701,0.33410672853828305,28601,17142,0,704,33,0.9980748891830444,0.046875,0.6132917404174805,0.06375525040308257,0.893373567824117,0.3052832714350675,0.8954151388904138,0.31118929458488415,0.8946587981615454,0.31872789771997356,0.8500089653935806,0.25240551325776883,0.1785181760787964,0.47160739699999493
smd,./data/SMD,machine-2-3,machine-2-3,mask_noTTA,100,256,128,0.15,50,64,0.001,1,1,1,0,0.001,adam,0.1,0.99,fixed,gated,5000,none,8,0.95,"[0.5, 1.0, 2.0]",0,0,4,38,2.01569,8,0.0006393729127012193,0.00023731612600386143,27.737550020217896,0.9500111111463847,0.4880916568974903,0.24554039874081848,0.14294441050702505,0.8698884758364313,0.4976228209191759,23590,22078,0,1259,442,0.9799800515174866,0.3510722815990448,0.968877375125885,0.0627682440459804,0.9535738208692728,0.5044608753657337,0.9524023885790113,0.496227750150361,0.9495298397772692,0.45762539996438983,0.9161841783624711,0.17893104559631004,0.03884888316194216,0.021557897018889587
smd,./data/SMD,machine-1-8,machine-1-8,gate_gbuf5k,100,256,128,0.15,50,64,0.001,1,1,1,1,0.001,adam,0.1,0.99,adaptive,gated,5000,unc,8,0.95,"[0.5, 1.0, 2.0]",0,0,9,38,2.01569,8,0.000606205256190151,0.00015917459677439183,28.359634160995483,0.8363138285301032,0.3385352987063849,0.23706651506537801,0.1513611615245009,0.546526867627785,0.38683127572016457,23600,21014,362,2691,834,0.9603121876716614,0.3099219501018524,0.9651346206665039,0.08379863480390129,0.9015176025738724,0.38624958041785823,0.9169395402375566,0.3905093518069492,0.9256631422052632,0.38045491120555575,0.9147802752522148,0.25655760292991187,0.015130290451149145,0.020523066942890484
smd,./data/SMD,machine-1-8,machine-1-8,mask_noTTA,100,256,128,0.15,50,64,0.001,1,1,1,0,0.001,adam,0.1,0.99,fixed,gated,5000,none,8,0.95,"[0.5, 1.0, 2.0]",0,0,4,38,2.01569,8,0.000612300296779722,0.0001774907868821174,28.98477268218994,0.8269189187212375,0.3374777512934767,0.2545454545454545,0.16321243523316062,0.5779816513761468,0.38066001534919414,23600,22266,0,2691,1545,0.9306116700172424,0.5741360187530518,0.9910086393356323,0.0699762873730417,0.8913737285264918,0.38267569587040656,0.9088363608852214,0.39149018793064483,0.9204596778728067,0.38614849185305383,0.9189279782914084,0.2638879058150666,0.022968330110112827,0.0
smd,./data/SMD,machine-3-4,machine-3-4,mask_noTTA,100,256,128,0.15,50,64,0.001,1,1,1,0,0.001,adam,0.1,0.99,fixed,gated,5000,none,8,0.95,"[0.5, 1.0, 2.0]",0,0,3,38,2.01569,8,0.0016659904504194856,0.0002830441517289728,27.711298942565918,0.755258506188347,0.329631640866081,0.2467866323907455,0.19243986254295534,0.34390992835209827,0.3657307415406767,23588,22783,0,1769,1024,0.9550542235374451,0.5788581371307373,0.9972500801086426,0.06671235463124767,0.7924941645517534,0.39745232039022543,0.7947753865097147,0.4171028541202735,0.7930858219903216,0.42813042397361645,0.7854338918868002,0.4088620785216916,0.012782403578360876,0.0
smd,./data/SMD,machine-3-8,machine-3-8,gate_noTTA,100,256,128,0.15,50,64,0.001,1,1,1,0,0.001,adam,0.1,0.99,fixed,gated,5000,unc,8,0.95,"[0.5, 1.0, 2.0]",0,0,5,38,2.01569,8,0.0006427807966247201,0.00018179777543991804,33.78545808792114,0.8412258483271786,0.2677810898318793,0.2901346192485433,0.2002218524681087,0.5266229029905178,0.29760081674323635,28605,20617,0,1965,254,0.9876800775527954,0.12926208972930908,0.7643768787384033,0.061590007667961584,0.8863443870252674,0.31961526546908614,0.8862160164572643,0.3454983031179225,0.8808945287078939,0.3566497059855495,0.8454406219342538,0.2998973437870391,0.0015146218550701935,0.23445498943328857
smd,./data/SMD,machine-2-8,machine-2-8,fixed,100,256,128,0.15,50,64,0.001,1,1,1,1,0.001,adam,0.1,0.99,fixed,gated,5000,none,8,0.95,"[0.5, 1.0, 2.0]",0,0,3,38,2.01569,8,0.00011149680358357728,7.710978388786316e-05,32.01809334754944,0.990675314793542,0.9585250105493809,0.10146341463414633,0.053534660260809885,0.968944099378882,0.9194029850746268,23604,21589,357,260,11,0.99949049949646,0.042307693511247635,0.9243488907814026,0.1068992890295104,0.9895189303536274,0.9593653915947342,0.9891859718404691,0.9602041557431205,0.9887730716240725,0.9609476183267252,0.9861328847451707,0.9204657392212149,0.044755046566327415,0.0
smd,./data/SMD,machine-2-8,machine-2-8,gate_gbuf5k,100,256,128,0.15,50,64,0.001,1,1,1,1,0.001,adam,0.1,0.99,adaptive,gated,5000,unc,8,0.95,"[0.5, 1.0, 2.0]",0,0,1,38,2.01569,8,0.00011035853822249919,7.894731243140996e-05,28.883825540542603,0.9955306519707608,0.9642463065810781,0.14416896235078056,0.07783837382250867,0.9751552795031055,0.9506172839506172,23604,21814,364,260,14,0.9993582367897034,0.05384615436196327,0.9338588118553162,0.09330102617993959,0.9948742329685916,0.9642530764053825,0.9946011647743612,0.9644278728358211,0.9944518347280478,0.9641902537377526,0.9926102733795183,0.9263747086217076,0.027248341124504805,0.0002824858723518749
smd,./data/SMD,machine-2-6,machine-2-6,gate_gbuf5k,100,256,128,0.15,50,64,0.001,1,1,1,1,0.001,adam,0.1,0.99,adaptive,gated,5000,unc,8,0.95,"[0.5, 1.0, 2.0]",0,0,3,38,2.01569,8,0.0004302948946133256,0.0001638570538489148,39.20647716522217,0.8592407790755857,0.31587829839849024,0.1099966566365764,0.05919395465994962,0.7759433962264151,0.3542039355992844,28644,21615,409,1121,78,0.9963914155960083,0.06958073377609253,0.7825091481208801,0.11436817050396339,0.8993116328993068,0.3384758622972847,0.9059326710449082,0.35045298011239145,0.9088608588007118,0.35340800640653197,0.898006505399735,0.2353673634094616,0.06362162778774898,0.14710202564795813
smd,./data/SMD,machine-2-4,machine-2-4,noMask_fixed,100,256,128,0.15,50,64,0.001,1,0,1,1,0.001,adam,0.1,0.99,fixed,gated,5000,none,8,0.95,"[0.5, 1.0, 2.0]",0,0,6,38,2.015652,0,0.0005715513834729791,inf,25.946045637130737,0.8087354161472244,0.4151096611331464,0.37231315322421615,0.2795380515250222,0.5572609208972845,0.40947335618572767,23590,21378,351,3674,2029,0.9050893187522888,0.5522591471672058,0.9715304374694824,0.026912424411749427,,,,,,,,,0.03494926790396372,0.034947199310408905
smd,./data/SMD,machine-3-8,machine-3-8,gate_gbuf5k,100,256,128,0.15,50,64,0.001,1,1,1,1,0.001,adam,0.1,0.99,adaptive,gated,5000,unc,8,0.95,"[0.5, 1.0, 2.0]",0,0,0,38,2.01569,8,0.0006635029567405581,0.00018357826047576964,39.676432371139526,0.8587178426123199,0.27540236087323117,0.27339408757501665,0.19661125319693096,0.4485776805251641,0.3100511073253833,28605,20889,434,1965,359,0.9828138947486877,0.18269720673561096,0.7706456184387207,0.10407662354155742,0.8951113723087246,0.3202392831989582,0.8927768052249557,0.339894186579312,0.8851956432302118,0.3468287334135824,0.8418867145815382,0.28820987593242026,0.006408015566800411,0.06750444291780393
smd,./data/SMD,machine-2-1,machine-2-1,mask_noTTA,100,256,128,0.15,50,64,0.001,1,1,1,0,0.001,adam,0.1,0.99,fixed,gated,5000,none,8,0.95,"[0.5, 1.0, 2.0]",0,0,4,38,2.01569,8,0.0013828604714944959,0.00030627063824795187,27.618455410003662,0.7616036152130984,0.3035605226578767,0.29102910291029105,0.22422561257512713,0.41452991452991456,0.343503937007874,23595,22815,0,2457,1680,0.9263642430305481,0.6837607026100159,0.9998580813407898,0.06756103501074343,0.8119063881717052,0.37381867105752425,0.8195527619542005,0.40187245813264844,0.8211499756385212,0.4124609424065112,0.8006410066679113,0.3385366208401195,0.00014887598808854818,0.0
smd,./data/SMD,machine-2-2,machine-2-2,mask_noTTA,100,256,128,0.15,50,64,0.001,1,1,1,0,0.001,adam,0.1,0.99,fixed,gated,5000,none,8,0.95,"[0.5, 1.0, 2.0]",0,0,3,38,2.01569,8,0.0007739875582046807,0.00042551258229650557,31.244457960128784,0.5728514552463452,0.15181830434697102,0.1349886343766393,0.13374913374913375,0.13625132368513942,0.23626712751512158,23601,21499,0,3922,2773,0.8710172772407532,0.7070372104644775,0.9515727162361145,0.08518237905185923,0.5897226058686339,0.15285669918947953,0.5960168692137593,0.15352321686939235,0.60072328552992,0.1541591078623996,0.6004560661034247,0.1431114725181338,0.011158191909392675,0.048810459673404694
smd,./data/SMD,machine-1-4,machine-1-4,mask_noTTA,100,256,128,0.15,50,64,0.001,1,1,1,0,0.001,adam,0.1,0.99,fixed,gated,5000,none,8,0.95,"[0.5, 1.0, 2.0]",0,0,8,38,2.01569,8,0.0009481185115873814,0.0002813536557368934,28.140386819839478,0.8176411909146715,0.2811574905766966,0.33120113717128635,0.33915574963609896,0.3236111111111111,0.3316725978647687,23608,22985,0,1908,1285,0.9440940022468567,0.6734800934791565,1.0,0.07241638140612155,0.9121684418246062,0.3389802645272226,0.9294707636683536,0.36478216358847493,0.9360922296660431,0.37169348961842463,0.9243410526722833,0.29794158921367997,0.0,0.0
smd,./data/SMD,machine-1-6,machine-1-6,gate_noTTA,100,256,128,0.15,50,64,0.001,1,1,1,0,0.001,adam,0.1,0.99,fixed,gated,5000,unc,8,0.95,"[0.5, 1.0, 2.0]",0,0,7,38,2.01569,8,0.0006061056046746671,0.0003793272189795971,24.393331289291382,0.8924423523274835,0.6462352630623613,0.5084326164319974,0.3564764591017574,0.8861920172599784,0.6422295442064799,23590,15016,0,6678,848,0.9435269236564636,0.1269841343164444,0.8377483487129211,0.06370895138328588,0.9183805453908289,0.6823787250819152,0.9286518524853196,0.7020909888525801,0.9350630064580769,0.7133385271133984,0.91312878572292,0.5894495216887486,0.12953048944473267,0.053742008904616036
smd,./data/SMD,machine-1-2,machine-1-2,gate_gbuf5k,100,256,128,0.15,50,64,0.001,1,1,1,1,0.001,adam,0.1,0.99,adaptive,gated,5000,unc,8,0.95,"[0.5, 1.0, 2.0]",0,0,6,38,2.01569,8,0.0044030253775417805,0.0008122834260575473,28.699447870254517,0.8811093922532176,0.24265871396285688,0.24565656565656563,0.15726849456802897,0.5608856088560885,0.2882882882882883,23595,21843,362,1532,633,0.9710204601287842,0.41318538784980774,0.9613379836082458,0.08834937690400198,0.8874227948395585,0.27728162023174135,0.8781469390799644,0.2909148014839659,0.8651728381917544,0.29074338287025275,0.8105749712472937,0.17948350286611062,0.017459555218617123,0.0
smd,./data/SMD,machine-1-1,machine-1-1,fixed,100,256,128,0.15,50,64,0.001,1,1,1,1,0.001,adam,0.1,0.99,fixed,gated,5000,none,8,0.95,"[0.5, 1.0, 2.0]",0,0,2,38,2.01569,8,0.00015716528287157416,0.00017596472753211856,35.48708772659302,0.9093753252547082,0.46765100451191616,0.3801273508070487,0.23742138364779874,0.9528582034149963,0.5372284644194756,28380,19990,353,3486,70,0.9964982271194458,0.0200803205370903,0.8001928329467773,0.09289508642152298,0.9246363805317775,0.4935141197262038,0.9298043584382821,0.5096078638456615,0.9341837497817237,0.5300828948095648,0.9174330333396242,0.5710697924960292,0.09337561825911204,0.2748666008313497
smd,./data/SMD,machine-3-8,machine-3-8,base_noTTA,100,256,128,0.15,50,64,0.001,1,0,1,0,0.001,adam,0.1,0.99,fixed,gated,5000,none,8,0.95,"[0.5, 1.0, 2.0]",0,0,7,38,2.015652,0,0.000621928134933114,inf,31.87773299217224,0.8710353595335248,0.2860811303689226,0.3249348392701998,0.23136405815032476,0.5455871626549964,0.3293782629330802,28605,25364,0,1965,473,0.9813514947891235,0.2407124638557434,0.9343468546867371,0.009221285503449462,,,,,,,,,0.0026797158643603325,0.20654506236314774
smd,./data/SMD,machine-2-2,machine-2-2,base_noTTA,100,256,128,0.15,50,64,0.001,1,0,1,0,0.001,adam,0.1,0.99,fixed,gated,5000,none,8,0.95,"[0.5, 1.0, 2.0]",0,0,5,38,2.015652,0,0.0007149347802624106,inf,27.151885986328125,0.5718497672322065,0.15091188624613655,0.11343972313016729,0.1245777027027027,0.10412989763501589,0.23788359788359786,23601,21557,0,3922,2824,0.8689984679222107,0.7200407981872559,0.951928436756134,0.008221162759087398,,,,,,,,,0.009745762993892034,0.04862350970506668
smd,./data/SMD,machine-1-5,machine-1-5,mask_noTTA,100,256,128,0.15,50,64,0.001,1,1,1,0,0.001,adam,0.1,0.99,fixed,gated,5000,none,8,0.95,"[0.5, 1.0, 2.0]",0,0,6,38,2.01569,8,0.0008353665471076965,0.00031899684108793736,27.029685735702515,0.9508044564941117,0.5416122953144925,0.06927104309303263,0.0360889634913974,0.86,0.5780346820809248,23607,22068,0,793,51,0.9976889491081238,0.06431273370981216,0.9650653004646301,0.06278456911206695,0.9608201304753028,0.5461039825768046,0.9586901635177497,0.5403121230205299,0.9541519105312208,0.5088540788399397,0.9065207997966619,0.06509132333610773,0.0,0.07512244582176208
smd,./data/SMD,machine-2-8,machine-2-8,base_noTTA,100,256,128,0.15,50,64,0.001,1,0,1,0,0.001,adam,0.1,0.99,fixed,gated,5000,none,8,0.95,"[0.5, 1.0, 2.0]",0,0,4,38,2.015652,0,0.00010180067329201847,inf,27.504666328430176,0.9932458494953647,0.9619727051635556,0.11720791340052257,0.06235107227958697,0.9751552795031055,0.96,23604,21715,0,260,10,0.9995394945144653,0.03846153989434242,0.9297892451286316,0.010887599965108288,,,,,,,,,0.04334321742256483,0.0002824858723518749
smd,./data/SMD,machine-2-7,machine-2-7,fixed,100,256,128,0.15,50,64,0.001,1,1,1,1,0.001,adam,0.1,0.99,fixed,gated,5000,none,8,0.95,"[0.5, 1.0, 2.0]",0,0,7,38,2.01569,8,0.003128346288576722,0.0007931151194497943,25.201754093170166,0.884857061298854,0.24839707344715967,0.2926829268292682,0.45454545454545453,0.2158273381294964,0.3713420787083754,23597,23446,368,2397,2246,0.9042053818702698,0.937004566192627,1.0,0.08029572391942451,0.8798203586707507,0.23065246831044106,0.8703641150827781,0.20192829459017356,0.8591995770624361,0.18033584157929206,0.8138599305700849,0.09416987891634669,0.0,0.0
smd,./data/SMD,machine-2-8,machine-2-8,gate_gbuf5k,100,256,128,0.15,50,64,0.001,1,1,1,1,0.001,adam,0.1,0.99,adaptive,gated,5000,unc,8,0.95,"[0.5, 1.0, 2.0]",0,0,0,38,2.01569,8,0.00010781346645671874,8.162380254361778e-05,28.663235187530518,0.9938566252148268,0.9645594311001789,0.15476190476190477,0.08409703504043127,0.968944099378882,0.9430379746835442,23604,21756,365,260,14,0.9993565082550049,0.05384615436196327,0.9313742518424988,0.09563930397053085,0.9924817862195279,0.9642062881203106,0.9918971300664703,0.9641471596242246,0.9911605055270586,0.9636025866348912,0.9835206642707021,0.9319167878017849,0.03007200329254071,0.0
smd,./data/SMD,machine-3-10,machine-3-10,base_noTTA,100,256,128,0.15,50,64,0.001,1,0,1,0,0.001,adam,0.1,0.99,fixed,gated,5000,none,8,0.95,"[0.5, 1.0, 2.0]",0,0,3,38,2.015652,0,0.0011337930336594582,inf,27.04871368408203,0.959544649718971,0.6850903721890783,0.6600397614314115,0.6880829015544041,0.6341929321872015,0.6629667003027245,23594,22593,0,2334,1334,0.9409551620483398,0.5715509653091431,0.9999529719352722,0.009323324481743903,,,,,,,,,0.0,0.00020424837324147424
smd,./data/SMD,machine-1-3,machine-1-3,gate_noTTA,100,256,128,0.15,50,64,0.001,1,1,1,0,0.001,adam,0.1,0.99,fixed,gated,5000,unc,8,0.95,"[0.5, 1.0, 2.0]",0,0,7,38,2.01569,8,0.0006681032828055322,0.00021686946274712682,28.109760522842407,0.812324050739063,0.2631991916813537,0.3008385744234801,0.26306141154903756,0.35128518971848227,0.3063063063063063,23604,22563,0,2005,1145,0.9492532014846802,0.5710723400115967,0.9916200041770935,0.06131399811132341,0.8753813671317073,0.29867057865946645,0.8918154385779509,0.3152029208257345,0.9004236420185366,0.3245258670115057,0.8940751621762959,0.2690110540644699,0.0,0.009537422825815156
smd,./data/SMD,machine-2-8,machine-2-8,gate_noTTA,100,256,128,0.15,50,64,0.001,1,1,1,0,0.001,adam,0.1,0.99,fixed,gated,5000,unc,8,0.95,"[0.5, 1.0, 2.0]",0,0,4,38,2.01569,8,0.00010495087917661294,7.058833580231294e-05,30.381845235824585,0.9925063227819079,0.962940282981358,0.09801488833746899,0.05158341495266079,0.9813664596273292,0.937888198757764,23604,20594,0,260,10,0.9995144009590149,0.03846153989434242,0.8817683458328247,0.07829696844036631,0.9919240411348873,0.9639977723269064,0.9917710174125165,0.9645232558957592,0.9916317130583585,0.9656669470116194,0.9868119934716915,0.9412856912492487,0.05110828826824824,0.0
smd,./data/SMD,machine-2-6,machine-2-6,mask_noTTA,100,256,128,0.15,50,64,0.001,1,1,1,0,0.001,adam,0.1,0.99,fixed,gated,5000,none,8,0.95,"[0.5, 1.0, 2.0]",0,0,7,38,2.01569,8,0.00041960683302022517,0.00015518188592977822,29.655064821243286,0.8587257571588379,0.33509185839017985,0.10322375734476735,0.05533798739996595,0.7665094339622641,0.34662045060658586,28644,24334,0,1121,116,0.9952329993247986,0.10347903519868851,0.87991863489151,0.06394398943236912,0.8912804057813043,0.3572915385151123,0.896698213147117,0.3681932627688559,0.8997262155483319,0.3702020429893976,0.8889899574057553,0.24745179190680314,0.04474253455797831,0.1460019958515962
smd,./data/SMD,machine-2-9,machine-2-9,noMask_fixed,100,256,128,0.15,50,64,0.001,1,0,1,1,0.001,adam,0.1,0.99,fixed,gated,5000,none,8,0.95,"[0.5, 1.0, 2.0]",0,0,8,38,2.015652,0,0.0006981876213103533,inf,31.745981693267822,0.9679456488816076,0.6308478168571587,0.5691556680527934,0.4168432203389831,0.8968660968660969,0.6796671866874675,28623,25012,416,2745,162,0.993523120880127,0.0590163916349411,0.9602751135826111,0.02704705223448933,,,,,,,,,0.0037256956178074083,0.06201394026478132
smd,./data/SMD,machine-3-8,machine-3-8,mask_noTTA,100,256,128,0.15,50,64,0.001,1,1,1,0,0.001,adam,0.1,0.99,fixed,gated,5000,none,8,0.95,"[0.5, 1.0, 2.0]",0,0,8,38,2.01569,8,0.0006570877158083022,0.00018822841229848564,30.440013647079468,0.8473360792172759,0.27524613432888057,0.28919860627177696,0.20614715926730828,0.48431801604668123,0.2998421883219358,28605,25232,0,1965,491,0.9805405735969543,0.24987277388572693,0.928716242313385,0.06111795471756843,0.888623941963534,0.3192087834175107,0.8879481852036251,0.342027268440307,0.882331222323974,0.3517005791464571,0.8436837023923784,0.28433602474727826,0.0015146218550701935,0.22728239248196283
smd,./data/SMD,machine-3-10,machine-3-10,gate_gbuf5k,100,256,128,0.15,50,64,0.001,1,1,1,1,0.001,adam,0.1,0.99,adaptive,gated,5000,unc,8,0.95,"[0.5, 1.0, 2.0]",0,0,7,38,2.01569,8,0.0011759998742491007,9.97475945041515e-05,26.010815143585205,0.9675053885723043,0.7807728578927577,0.4941373534338358,0.34911242603550297,0.8452722063037249,0.7502467917077986,23594,20551,351,2334,399,0.9805848598480225,0.17095115780830383,0.9478833675384521,0.09186302007856414,0.9761389556178011,0.7622863552374057,0.9734726108357181,0.722559669148189,0.9698112580482744,0.6602462434341838,0.9577036402902662,0.4739345044661365,0.01185712218284607,0.009625301541139683
smd,./data/SMD,machine-2-6,machine-2-6,base_noTTA,100,256,128,0.15,50,64,0.001,1,0,1,0,0.001,adam,0.1,0.99,fixed,gated,5000,none,8,0.95,"[0.5, 1.0, 2.0]",0,0,8,38,2.015652,0,0.0004039439372718334,inf,33.873499155044556,0.8678275036361347,0.3400299819080405,0.11696119511750774,0.06337611056268509,0.7570754716981132,0.3664383561643836,28644,24360,0,1121,119,0.9951149225234985,0.10615521669387817,0.880754292011261,0.009277341019889194,,,,,,,,,0.046217973033587136,0.14688449104626974
smd,./data/SMD,machine-1-8,machine-1-8,gate_noTTA,100,256,128,0.15,50,64,0.001,1,1,1,0,0.001,adam,0.1,0.99,fixed,gated,5000,unc,8,0.95,"[0.5, 1.0, 2.0]",0,0,8,38,2.01569,8,0.000629992748145014,0.00017248773656319827,24.848041534423828,0.8091890317852948,0.33464077001772025,0.23508975101331786,0.1508732813080639,0.5321100917431193,0.38172439204126757,23600,21427,0,2691,923,0.9569234848022461,0.34299516677856445,0.9806303381919861,0.05951964249045162,0.8844814518352053,0.38126159726923564,0.9047446573084328,0.3909836212097809,0.9182698703235308,0.3855136587361161,0.9174894206729901,0.2696692235792671,0.020597943648075063,0.00017226528143510222
smd,./data/SMD,machine-1-2,machine-1-2,base_noTTA,100,256,128,0.15,50,64,0.001,1,0,1,0,0.001,adam,0.1,0.99,fixed,gated,5000,none,8,0.95,"[0.5, 1.0, 2.0]",0,0,3,38,2.015652,0,0.005261195357888937,inf,29.52170443534851,0.8684500729336941,0.2351447586535117,0.2573687994248742,0.21083627797408716,0.33025830258302585,0.2745098039215686,23595,23295,0,1532,1236,0.9469413757324219,0.8067885041236877,0.9998186826705933,0.010533321709621759,,,,,,,,,0.0006407176066810886,0.0
smd,./data/SMD,machine-2-1,machine-2-1,base_noTTA,100,256,128,0.15,50,64,0.001,1,0,1,0,0.001,adam,0.1,0.99,fixed,gated,5000,none,8,0.95,"[0.5, 1.0, 2.0]",0,0,5,38,2.015652,0,0.0013421167386695743,inf,26.463744163513184,0.7453594987758547,0.2754772339766005,0.2921061041866411,0.23328228688106176,0.3905982905982906,0.3072289156626506,23595,22779,0,2457,1650,0.9275648593902588,0.6715506911277771,0.9995742440223694,0.009898064272412306,,,,,,,,,0.00044662796426564455,0.0
smd,./data/SMD,machine-3-9,machine-3-9,mask_noTTA,100,256,128,0.15,50,64,0.001,1,1,1,0,0.001,adam,0.1,0.99,fixed,gated,5000,none,8,0.95,"[0.5, 1.0, 2.0]",0,0,3,38,2.01569,8,0.00024273170856758952,0.00012882422015536577,35.11757946014404,0.8515301054920699,0.15167155477210742,0.03426233699821018,0.01746952610651196,0.8844884488448845,0.20876826722338207,28614,5576,0,699,2,0.9996412992477417,0.0028612304013222456,0.19967758655548096,0.06536282757805555,0.8631363241920812,0.15917178097877246,0.8648804690395122,0.16533237978249554,0.8660567851927748,0.17660972745081216,0.8378425646154901,0.1975595504349097,0.477496862411499,0.9235463738441467
smd,./data/SMD,machine-3-10,machine-3-10,mask_noTTA,100,256,128,0.15,50,64,0.001,1,1,1,0,0.001,adam,0.1,0.99,fixed,gated,5000,none,8,0.95,"[0.5, 1.0, 2.0]",0,0,1,38,2.01569,8,0.0014203498139977455,9.936682909028605e-05,29.337170124053955,0.9600441781529948,0.6592721640403298,0.6709677419354838,0.6983471074380165,0.6456542502387774,0.6746756367131187,23594,22627,0,2334,1367,0.9395854473114014,0.5856897830963135,1.0,0.07664287273202941,0.971083950552927,0.6307116767688,0.9679757314544586,0.5779295322267675,0.9645312880503469,0.5285760177659753,0.95590801186418,0.4433487947714014,0.0,0.0
smd,./data/SMD,machine-2-7,machine-2-7,gate_noTTA,100,256,128,0.15,50,64,0.001,1,1,1,0,0.001,adam,0.1,0.99,fixed,gated,5000,unc,8,0.95,"[0.5, 1.0, 2.0]",0,0,7,38,2.01569,8,0.003128346288576722,0.0007931151194497943,28.112737894058228,0.882315377132548,0.3454365622378273,0.3521809369951535,0.5396039603960396,0.26139088729016785,0.3804195804195805,23597,23325,0,2397,2127,0.9088103175163269,0.8873592019081116,0.9999056458473206,0.06606312390580574,0.8772649735360128,0.3219607302623706,0.8706406068066205,0.2916743831615827,0.8615858118951808,0.2519199599046802,0.8176058062437889,0.08794430402128876,0.0,0.0
smd,./data/SMD,machine-2-9,machine-2-9,gate_gbuf5k,100,256,128,0.15,50,64,0.001,1,1,1,1,0.001,adam,0.1,0.99,adaptive,gated,5000,unc,8,0.95,"[0.5, 1.0, 2.0]",0,0,0,38,2.01569,8,0.000688432133756578,0.00040510439430363476,33.04785704612732,0.968669726859366,0.5955136698934659,0.5372761349437735,0.42336724647193963,0.7350427350427351,0.6366473473027195,28623,24886,430,2745,300,0.987945020198822,0.10928961634635925,0.9500734210014343,0.09522659450491423,0.9726619756953127,0.6164110714134606,0.9735947396717969,0.6264045343299752,0.9736054100944522,0.6349172789785154,0.9607182546738302,0.6103686781330709,0.018628478050231934,0.020412890550990898
smd,./data/SMD,machine-2-6,machine-2-6,gate_gbuf5k,100,256,128,0.15,50,64,0.001,1,1,1,1,0.001,adam,0.1,0.99,adaptive,gated,5000,unc,8,0.95,"[0.5, 1.0, 2.0]",0,0,9,38,2.01569,8,0.00042286230018362403,0.00016459249309264123,32.882396936416626,0.8585758478040278,0.324725782905026,0.11107254425546685,0.059947545897339825,0.7547169811320755,0.3582089552238806,28644,21683,407,1121,76,0.9964949488639832,0.06779661029577255,0.785052478313446,0.08679795508244204,0.90025656153246,0.3424423015851233,0.9067012896202097,0.3488315256779636,0.9096127374980595,0.34957043118576525,0.8968152257268438,0.23828051461135552,0.06628121249377728,0.1525897371272246
smd,./data/SMD,machine-3-8,machine-3-8,gate_gbuf5k,100,256,128,0.15,50,64,0.001,1,1,1,1,0.001,adam,0.1,0.99,adaptive,gated,5000,unc,8,0.95,"[0.5, 1.0, 2.0]",0,0,9,38,2.01569,8,0.0006538305897265673,0.00018298104987479746,33.758389949798584,0.8517930370234809,0.2622608211182469,0.2653339391185825,0.19267568459254372,0.4259664478482859,0.29748283752860416,28605,20858,435,1965,338,0.983795166015625,0.17201018333435059,0.7702702879905701,0.08265353274332896,0.8885190146018486,0.3110195744315179,0.8860876058610203,0.33476698440107344,0.8790553644740771,0.34487151085874146,0.8419555764983311,0.29195817137993435,0.011184900649823248,0.0579513490665704
smd,./data/SMD,machine-3-6,machine-3-6,noMask_fixed,100,256,128,0.15,50,64,0.001,1,0,1,1,0.001,adam,0.1,0.99,fixed,gated,5000,none,8,0.95,"[0.5, 1.0, 2.0]",0,0,0,38,2.015652,0,0.0003299737290944904,inf,31.008187294006348,0.860684786224697,0.2892626868700122,0.2699516324062878,0.16469937292511988,0.7479061976549414,0.32565712956501514,28627,24426,406,2283,67,0.9972569942474365,0.02934735082089901,0.9246507883071899,0.026593628233509407,,,,,,,,,0.01917001822342475,0.1321590095758438
smd,./data/SMD,machine-2-5,machine-2-5,gate_noTTA,100,256,128,0.15,50,64,0.001,1,1,1,0,0.001,adam,0.1,0.99,fixed,gated,5000,unc,8,0.95,"[0.5, 1.0, 2.0]",0,0,9,38,2.01569,8,0.0029296232387423515,0.0006535174325108528,27.261255264282227,0.9273591069260503,0.47500143132700073,0.2757527733755943,0.6170212765957447,0.17755102040816326,0.5135926390631536,23590,22868,0,3016,2317,0.8986793756484985,0.7682361006736755,0.9988820552825928,0.06292309989460246,0.9409481856065338,0.4635989776718625,0.9354564089936472,0.40936311947116666,0.9292687831220382,0.35494746892674905,0.9105761358662977,0.24571168194861528,0.0,0.0
smd,./data/SMD,machine-2-9,machine-2-9,base_noTTA,100,256,128,0.15,50,64,0.001,1,0,1,0,0.001,adam,0.1,0.99,fixed,gated,5000,none,8,0.95,"[0.5, 1.0, 2.0]",0,0,1,38,2.015652,0,0.0006907769711688161,inf,32.93307900428772,0.9743010793924874,0.6958773415715007,0.6078283778697778,0.4537791514470357,0.9202279202279202,0.7142857142857144,28623,25294,0,2745,260,0.98972088098526,0.09471766650676727,0.9673854112625122,0.00926012496913591,,,,,,,,,0.0016299918643198907,0.06098978718121847
smd,./data/SMD,machine-3-2,machine-3-2,mask_noTTA,100,256,128,0.15,50,64,0.001,1,1,1,0,0.001,adam,0.1,0.99,fixed,gated,5000,none,8,0.95,"[0.5, 1.0, 2.0]",0,0,7,38,2.01569,8,0.008310867473483086,0.0009978003799915314,28.17162775993347,0.47030071263044293,0.046523788699346036,0.018644067796610167,0.15492957746478872,0.009918845807033363,0.09040274207369324,23604,23604,0,2018,2018,0.9145060181617737,1.0,1.0,0.06451692203003923,0.566166333010679,0.06316606481738794,0.5751712732371553,0.07031038460483742,0.5805831690994513,0.0774218758152998,0.5851515595839939,0.08559291117022749,0.0,0.0
smd,./data/SMD,machine-3-1,machine-3-1,noMask_fixed,100,256,128,0.15,50,64,0.001,1,0,1,1,0.001,adam,0.1,0.99,fixed,gated,5000,none,8,0.95,"[0.5, 1.0, 2.0]",0,0,1,38,2.015652,0,0.00034794019302353263,inf,32.183183431625366,0.8784716885678422,0.3159024336256773,0.05283888942261505,0.027225027225027225,0.8928571428571429,0.3658051689860835,28601,19357,342,704,55,0.9971586465835571,0.078125,0.6919023394584656,0.02312065025279707,,,,,,,,,0.06820452647904555,0.4024776220321655
smd,./data/SMD,machine-3-4,machine-3-4,gate_noTTA,100,256,128,0.15,50,64,0.001,1,1,1,0,0.001,adam,0.1,0.99,fixed,gated,5000,unc,8,0.95,"[0.5, 1.0, 2.0]",0,0,8,38,2.01569,8,0.0017065571155399084,0.00027730921283364296,24.56122398376465,0.7535235110311268,0.33477387757963745,0.24447717231222388,0.19091431857389304,0.3398157625383828,0.37897853441894896,23588,21401,0,1769,635,0.9703285098075867,0.3589598536491394,0.9517393112182617,0.06460045805942898,0.7860636560756492,0.3934940038368671,0.7881242600056698,0.4106573283044274,0.787212131783103,0.42001895457834665,0.7819744029003496,0.4018147102121461,0.01082368086402615,0.0
smd,./data/SMD,machine-2-2,machine-2-2,base_noTTA,100,256,128,0.15,50,64,0.001,1,0,1,0,0.001,adam,0.1,0.99,fixed,gated,5000,none,8,0.95,"[0.5, 1.0, 2.0]",0,0,8,38,2.015652,0,0.0006704414263367653,inf,23.518412351608276,0.5783732316673679,0.1527701127153993,0.12309348645253902,0.1251824817518248,0.12107306741969644,0.2383545069570478,23601,21456,0,3922,2758,0.8714578747749329,0.7032126188278198,0.9501498937606812,0.008873896883491803,,,,,,,,,0.010028248652815819,0.049954200784365334
smd,./data/SMD,machine-2-5,machine-2-5,base_noTTA,100,256,128,0.15,50,64,0.001,1,0,1,0,0.001,adam,0.1,0.99,fixed,gated,5000,none,8,0.95,"[0.5, 1.0, 2.0]",0,0,3,38,2.015652,0,0.002656936878338456,inf,29.904532432556152,0.9332413832149621,0.515509139982743,0.302934179222839,0.6797153024911032,0.19489795918367347,0.5407136322049405,23590,23462,0,3016,2888,0.8769073486328125,0.9575597047805786,1.0,0.01325072651952442,,,,,,,,,0.0,0.0
smd,./data/SMD,machine-2-5,machine-2-5,base_noTTA,100,256,128,0.15,50,64,0.001,1,0,1,0,0.001,adam,0.1,0.99,fixed,gated,5000,none,8,0.95,"[0.5, 1.0, 2.0]",0,0,1,38,2.015652,0,0.002439231611788273,inf,26.18085265159607,0.9286147225634717,0.5022532048901405,0.30948678071539654,0.6503267973856209,0.2030612244897959,0.5203703703703704,23590,23460,0,3016,2886,0.8769820928573608,0.9568965435028076,1.0,0.009645269603333062,,,,,,,,,0.0,0.0
smd,./data/SMD,machine-3-4,machine-3-4,fixed,100,256,128,0.15,50,64,0.001,1,1,1,1,0.001,adam,0.1,0.99,fixed,gated,5000,none,8,0.95,"[0.5, 1.0, 2.0]",0,0,4,38,2.01569,8,0.0016986681148409843,0.000290451745968312,31.1688449382782,0.7578175626372665,0.3395349910619492,0.256840569135352,0.19954648526077098,0.3602865916069601,0.3691376701966717,23588,22803,366,1769,999,0.9561899900436401,0.5647258162498474,0.9993125200271606,0.10609456961976081,0.7877647810698465,0.39161747800102537,0.7904140227432624,0.4078038202370618,0.7890446585874047,0.41760709216663,0.780270911727099,0.40201045845619865,0.0028688438857595124,0.0
smd,./data/SMD,machine-2-6,machine-2-6,gate_noTTA,100,256,128,0.15,50,64,0.001,1,1,1,0,0.001,adam,0.1,0.99,fixed,gated,5000,unc,8,0.95,"[0.5, 1.0, 2.0]",0,0,5,38,2.01569,8,0.00042657970334403217,0.00017207826022058725,29.810259342193604,0.8611582030065821,0.33561409536953046,0.10694489729377242,0.0574430823117338,0.7735849056603774,0.35250463821892397,28644,22093,0,1121,84,0.9961978793144226,0.07493309676647186,0.799658477306366,0.06226149205971057,0.8936250297320222,0.3529915613240958,0.8990533723941588,0.3632265116218344,0.9014101140177241,0.37083046659710334,0.8875810593194648,0.24066907645439342,0.044256468613942467,0.14763114104668298
smd,./data/SMD,machine-2-7,machine-2-7,fixed,100,256,128,0.15,50,64,0.001,1,1,1,1,0.001,adam,0.1,0.99,fixed,gated,5000,none,8,0.95,"[0.5, 1.0, 2.0]",0,0,8,38,2.01569,8,0.003351918887346983,0.0008195972186513245,25.012609243392944,0.8861512877416612,0.2641236713740983,0.28903654485049834,0.4702702702702703,0.20863309352517986,0.3865979381443299,23597,23450,368,2397,2250,0.9040511846542358,0.9386733174324036,1.0,0.08375437455586106,0.880169578843562,0.24752922117073106,0.8715869007616193,0.2143921966711663,0.8612352525299662,0.1842449358518959,0.8211957690173305,0.09877416386424547,0.0,0.0
smd,./data/SMD,machine-2-9,machine-2-9,fixed,100,256,128,0.15,50,64,0.001,1,1,1,1,0.001,adam,0.1,0.99,fixed,gated,5000,none,8,0.95,"[0.5, 1.0, 2.0]",0,0,5,38,2.01569,8,0.0007034782902337611,0.00039493333315476775,30.233983039855957,0.9609760668758704,0.5541227292477782,0.5592467578610766,0.4062983995869902,0.8968660968660969,0.6032493524841064,28623,25036,417,2745,152,0.9939287304878235,0.055373407900333405,0.961588978767395,0.07839966373398957,0.9667698211288525,0.5773926886189231,0.9676967850439131,0.587104318716554,0.9671292242063926,0.5938692129434853,0.9510368534212492,0.566059619493743,0.011642798781394958,0.05135438218712807
smd,./data/SMD,machine-3-11,machine-3-11,gate_gbuf5k,100,256,128,0.15,50,64,0.001,1,1,1,1,0.001,adam,0.1,0.99,adaptive,gated,5000,unc,8,0.95,"[0.5, 1.0, 2.0]",0,0,9,38,2.01569,8,0.0004038751940242946,0.0002339517668588087,33.76804780960083,0.8657724341456532,0.5632638508910962,0.039552432995055946,0.0202991452991453,0.7676767676767676,0.6135693215339233,28597,18918,351,440,42,0.997779905796051,0.09545454382896423,0.6703839302062988,0.07930082737426139,0.8694700177435808,0.5721383655959921,0.8740907566790086,0.5803994982049271,0.8798856875300836,0.5861705400171036,0.8801794348850283,0.26491499688512066,0.09487179666757584,0.2635638445305328
smd,./data/SMD,machine-1-3,machine-1-3,fixed,100,256,128,0.15,50,64,0.001,1,1,1,1,0.001,adam,0.1,0.99,fixed,gated,5000,none,8,0.95,"[0.5, 1.0, 2.0]",0,0,8,38,2.01569,8,0.0006537826266139746,0.00020018877694383264,28.118898630142212,0.829206997035276,0.2788035202099449,0.3298611111111111,0.31284302963776073,0.3488372093023256,0.3352044907778669,23604,22919,366,2005,1372,0.9401370286941528,0.684289276599884,0.9975925087928772,0.08215897771346935,0.8866235615601398,0.317239132449457,0.8982038427709008,0.3313941380154299,0.9026411682790257,0.3335697765181561,0.8959751655028794,0.2719108107653153,0.0,0.008009858429431915
smd,./data/SMD,machine-3-3,machine-3-3,base_noTTA,100,256,128,0.15,50,64,0.001,1,0,1,0,0.001,adam,0.1,0.99,fixed,gated,5000,none,8,0.95,"[0.5, 1.0, 2.0]",0,0,7,38,2.015652,0,0.0007859930628910661,inf,25.96378207206726,0.8794843339959366,0.27377259439917717,0.2439157779600766,0.14743801652892563,0.7056962025316456,0.3454420836189171,23604,22162,0,3206,2290,0.8966699838638306,0.7142857313156128,0.974213182926178,0.00951283464106922,,,,,,,,,0.01137102022767067,0.04668305007119974
smd,./data/SMD,machine-1-3,machine-1-3,gate_noTTA,100,256,128,0.15,50,64,0.001,1,1,1,0,0.001,adam,0.1,0.99,fixed,gated,5000,unc,8,0.95,"[0.5, 1.0, 2.0]",0,0,0,38,2.01569,8,0.000657468568533659,0.00021704897517338395,32.982566356658936,0.8141690210356671,0.26011660230701394,0.3052294557097118,0.27057710501419113,0.35006119951040393,0.32046613255644574,23604,22585,0,2005,1180,0.9477529525756836,0.5885286927223206,0.9910181164741516,0.07426799343634694,0.8788391421436312,0.29779083001223483,0.8953079769227094,0.3142860744159049,0.9038188430313583,0.3208085826019259,0.9014354154501729,0.2667360795430809,0.0,0.010166358823577562
smd,./data/SMD,machine-2-8,machine-2-8,mask_noTTA,100,256,128,0.15,50,64,0.001,1,1,1,0,0.001,adam,0.1,0.99,fixed,gated,5000,none,8,0.95,"[0.5, 1.0, 2.0]",0,0,1,38,2.01569,8,0.00011035853822249919,7.894731243140996e-05,27.273502826690674,0.9928836054077528,0.9645411271002583,0.10186976144422952,0.0537232233934036,0.9813664596273292,0.96,23604,21804,0,260,10,0.9995413422584534,0.03846153989434242,0.9336017966270447,0.06681992793119554,0.9921245549779936,0.9645278032070237,0.9919269433089322,0.9647756586664503,0.9918251033833545,0.964669116329407,0.9900006912450907,0.9272842305963641,0.038260624200726547,0.0
smd,./data/SMD,machine-1-2,machine-1-2,noMask_fixed,100,256,128,0.15,50,64,0.001,1,0,1,1,0.001,adam,0.1,0.99,fixed,gated,5000,none,8,0.95,"[0.5, 1.0, 2.0]",0,0,3,38,2.015652,0,0.005261195357888937,inf,29.833045721054077,0.8700499602179851,0.21477034277251683,0.25522710886806055,0.20946745562130178,0.32656826568265684,0.260702875399361,23595,23329,369,1532,1267,0.9456899166107178,0.8270235061645508,0.9999547004699707,0.03199019556354734,,,,,,,,,0.00016017940167027214,0.0
smd,./data/SMD,machine-3-7,machine-3-7,base_noTTA,100,256,128,0.15,50,64,0.001,1,0,1,0,0.001,adam,0.1,0.99,fixed,gated,5000,none,8,0.95,"[0.5, 1.0, 2.0]",0,0,0,38,2.015652,0,0.00015857985999900848,inf,33.895467042922974,0.8549744515190127,0.43584505875776425,0.1514812744550028,0.08619592875318066,0.6244239631336406,0.5214521452145214,28606,27480,0,929,289,0.9894832372665405,0.3110871911048889,0.9824402928352356,0.009755233797186581,,,,,,,,,0.025632063547770183,0.021709523474176724
smd,./data/SMD,machine-2-1,machine-2-1,gate_noTTA,100,256,128,0.15,50,64,0.001,1,1,1,0,0.001,adam,0.1,0.99,fixed,gated,5000,unc,8,0.95,"[0.5, 1.0, 2.0]",0,0,5,38,2.01569,8,0.0013748763594776392,0.00030824533314444125,28.07695722579956,0.7657069685972191,0.29586863895810095,0.2854656222802437,0.2160737812911726,0.4205128205128205,0.3299565846599132,23595,21541,0,2457,1083,0.9497237801551819,0.44078144431114197,0.9678304195404053,0.0730606680528722,0.8135781472222602,0.37225232856911056,0.8208340922579068,0.40442511616248145,0.8220238393387035,0.4182221049121282,0.7989097669039064,0.35046255592206393,0.00014887598808854818,0.0
smd,./data/SMD,machine-1-1,machine-1-1,mask_noTTA,100,256,128,0.15,50,64,0.001,1,1,1,0,0.001,adam,0.1,0.99,fixed,gated,5000,none,8,0.95,"[0.5, 1.0, 2.0]",0,0,5,38,2.01569,8,0.00015284137043636292,0.00019000229076482356,38.12974786758423,0.896328269328965,0.4616354721968874,0.36312931161015705,0.22630808635199415,0.9183370452858204,0.5490007993605115,28380,20113,0,3486,82,0.9959230422973633,0.02352266199886799,0.8046517372131348,0.0833199593783937,0.9239005329174681,0.49940827868541754,0.9320309325055184,0.5218352653020125,0.9379824656491441,0.5473138578465904,0.9155260096517963,0.5680824214415934,0.10382898772756259,0.26099232335885364
smd,./data/SMD,machine-3-10,machine-3-10,gate_gbuf5k,100,256,128,0.15,50,64,0.001,1,1,1,1,0.001,adam,0.1,0.99,adaptive,gated,5000,unc,8,0.95,"[0.5, 1.0, 2.0]",0,0,1,38,2.01569,8,0.0014203498139977455,9.936682909028605e-05,29.2494158744812,0.9617177080636727,0.6761353306409031,0.48885172798216275,0.3451397087760724,0.8376313276026743,0.6914893617021276,23594,20519,351,2334,375,0.9817242622375488,0.16066837310791016,0.9475070834159851,0.10343288944829993,0.9714251094099702,0.6202886083852618,0.9680853038009288,0.5648998593004241,0.9645323846173247,0.5152157274206416,0.9558777297453325,0.4305426451737759,0.00993033933142821,0.011227166629396379
smd,./data/SMD,machine-3-11,machine-3-11,gate_gbuf5k,100,256,128,0.15,50,64,0.001,1,1,1,1,0.001,adam,0.1,0.99,adaptive,gated,5000,unc,8,0.95,"[0.5, 1.0, 2.0]",0,0,5,38,2.01569,8,0.00040089047979563475,0.00022997678024694324,34.634521484375,0.865750635699404,0.49348310274991364,0.04154549231408392,0.021358393848782572,0.7575757575757576,0.5679012345679012,28597,19059,349,440,40,0.9979012608528137,0.09090909361839294,0.6754626035690308,0.08287693097982664,0.8724987612102498,0.49917183983408026,0.8776740313514825,0.5029112246668727,0.884189108432915,0.5075809697213667,0.8843057212591917,0.2694698472048933,0.10524475450317065,0.25071856441597146
smd,./data/SMD,machine-3-7,machine-3-7,fixed,100,256,128,0.15,50,64,0.001,1,1,1,1,0.001,adam,0.1,0.99,fixed,gated,5000,none,8,0.95,"[0.5, 1.0, 2.0]",0,0,4,38,2.01569,8,0.00015999452443793416,0.0002631241222843528,35.720261096954346,0.830128804378035,0.4098219554681913,0.11617216882574175,0.06387867647058823,0.6405529953917051,0.5107794361525705,28606,26517,440,929,296,0.9888373613357544,0.3186221718788147,0.9473931193351746,0.1006969361757637,0.8647599264328936,0.44011664612107076,0.8699305454923032,0.47238595207081613,0.8711056435842235,0.5213307879904122,0.8491567053372665,0.49457522715155694,0.04415705427527428,0.045262337972720466
smd,./data/SMD,machine-2-7,machine-2-7,base_noTTA,100,256,128,0.15,50,64,0.001,1,0,1,0,0.001,adam,0.1,0.99,fixed,gated,5000,none,8,0.95,"[0.5, 1.0, 2.0]",0,0,5,38,2.015652,0,0.0036510315258055925,inf,23.464745044708252,0.8800117601695953,0.299894982663196,0.32323232323232326,0.5423728813559322,0.2302158273381295,0.34366925064599485,23597,23471,0,2397,2271,0.903242290019989,0.9474343061447144,1.0,0.008688855283355421,,,,,,,,,0.0,0.0
smd,./data/SMD,machine-1-5,machine-1-5,noMask_fixed,100,256,128,0.15,50,64,0.001,1,0,1,1,0.001,adam,0.1,0.99,fixed,gated,5000,none,8,0.95,"[0.5, 1.0, 2.0]",0,0,1,38,2.015652,0,0.0007073904853314161,inf,29.519034385681152,0.9540959925442684,0.5609064374121108,0.08386153096050708,0.044079958995386984,0.86,0.5980392156862745,23607,21956,362,793,50,0.9977227449417114,0.06305170059204102,0.9601998925209045,0.029298570097823374,,,,,,,,,0.0,0.0759430496642987
smd,./data/SMD,machine-3-1,machine-3-1,fixed,100,256,128,0.15,50,64,0.001,1,1,1,1,0.001,adam,0.1,0.99,fixed,gated,5000,none,8,0.95,"[0.5, 1.0, 2.0]",0,0,3,38,2.01569,8,0.0004022846114821732,0.00019910273840650916,40.49894404411316,0.8722225576621179,0.3286393561183233,0.049844236760124616,0.025668449197860963,0.8571428571428571,0.3767441860465116,28601,17970,342,704,42,0.9976627826690674,0.059659089893102646,0.64264976978302,0.10693226238717683,0.8929493125921696,0.33580422978583935,0.8935694570996771,0.34072666993805445,0.8907014459899074,0.34659923816586397,0.8410513479194797,0.26946911173164134,0.13071331505974135,0.45525217552979785
smd,./data/SMD,machine-2-7,machine-2-7,mask_noTTA,100,256,128,0.15,50,64,0.001,1,1,1,0,0.001,adam,0.1,0.99,fixed,gated,5000,none,8,0.95,"[0.5, 1.0, 2.0]",0,0,7,38,2.01569,8,0.003128346288576722,0.0007931151194497943,27.630155086517334,0.882315377132548,0.3454365622378273,0.3521809369951535,0.5396039603960396,0.26139088729016785,0.3804195804195805,23597,23452,0,2397,2252,0.9039740562438965,0.9395077228546143,1.0,0.06266309532284832,0.8772649735360128,0.3219607302623706,0.8706406068066205,0.2916743831615827,0.8615858118951808,0.2519199599046802,0.8176058062437889,0.08794430402128876,0.0,0.0
smd,./data/SMD,machine-3-5,machine-3-5,gate_gbuf5k,100,256,128,0.15,50,64,0.001,1,1,1,1,0.001,adam,0.1,0.99,adaptive,gated,5000,unc,8,0.95,"[0.5, 1.0, 2.0]",0,0,1,38,2.01569,8,0.00127759191673249,0.0004484606033656746,30.40244722366333,0.8199822619361127,0.3082191133182059,0.16872536136662286,0.0949985202722699,0.7535211267605634,0.399002493765586,23592,18826,356,1515,653,0.9653139114379883,0.43102309107780457,0.8231644034385681,0.09898370951060402,0.8292710341856282,0.32444444492727903,0.8344468559332209,0.33395169466001395,0.8391744838253677,0.33586598787914895,0.8222275698751575,0.13336961649973114,0.032358343402544655,0.06817876175045967
smd,./data/SMD,machine-1-4,machine-1-4,gate_gbuf5k,100,256,128,0.15,50,64,0.001,1,1,1,1,0.001,adam,0.1,0.99,adaptive,gated,5000,unc,8,0.95,"[0.5, 1.0, 2.0]",0,0,5,38,2.01569,8,0.0009263224783353508,0.00028320890851318836,28.447678804397583,0.8234277345166109,0.265380206714516,0.3320039880358923,0.25894245723172626,0.4625,0.3374045801526718,23608,22534,363,1908,847,0.9624123573303223,0.4439203441143036,0.9994009137153625,0.09387619452571837,0.913973659024666,0.33102688038800127,0.9277835177370785,0.36026649139293276,0.9327429634141037,0.36851356442360067,0.9190148235959456,0.29850992172272023,0.00015089784089165428,0.0
smd,./data/SMD,machine-1-3,machine-1-3,mask_noTTA,100,256,128,0.15,50,64,0.001,1,1,1,0,0.001,adam,0.1,0.99,fixed,gated,5000,none,8,0.95,"[0.5, 1.0, 2.0]",0,0,4,38,2.01569,8,0.0006630768184550107,0.00020554961520247161,27.54634141921997,0.7849891340517969,0.23496063454435237,0.252076209086468,0.2097560975609756,0.3157894736842105,0.3025347506132461,23604,22871,0,2005,1333,0.9417166113853455,0.6648378968238831,0.9971758127212524,0.0659363529597717,0.8631279340921438,0.2718058933001664,0.883188436196609,0.2931836191075279,0.8950602480647253,0.30907807207588095,0.8994456157607752,0.26970003134500553,0.0,0.00939617988963922
smd,./data/SMD,machine-1-3,machine-1-3,gate_noTTA,100,256,128,0.15,50,64,0.001,1,1,1,0,0.001,adam,0.1,0.99,fixed,gated,5000,unc,8,0.95,"[0.5, 1.0, 2.0]",0,0,8,38,2.01569,8,0.0006537826266139746,0.00020018877694383264,28.058175086975098,0.8147613080040916,0.26552391393725705,0.30226144511858793,0.2751004016064257,0.3353733170134639,0.32653061224489793,23604,22478,0,2005,1085,0.9517306089401245,0.5411471128463745,0.9904625415802002,0.05872971606323263,0.8795681024921459,0.3029816662844188,0.8932500143599307,0.31930160084042597,0.8993569425210219,0.32497519093361377,0.896073625957877,0.26939251333621966,0.0,0.009088108316063881
smd,./data/SMD,machine-3-11,machine-3-11,fixed,100,256,128,0.15,50,64,0.001,1,1,1,1,0.001,adam,0.1,0.99,fixed,gated,5000,none,8,0.95,"[0.5, 1.0, 2.0]",0,0,2,38,2.01569,8,0.0004130138549953699,0.00023117933596950024,39.455721855163574,0.900648353136247,0.5029320837431345,0.027467016433917135,0.013946564287393246,0.898989898989899,0.5368171021377672,28597,13596,235,440,0,1.0,0.0,0.4828639328479767,0.09814193124774787,0.9069784978708412,0.5109436452109396,0.9098967427095717,0.5157368507196238,0.9113512130215058,0.5177444523193558,0.8997136782946314,0.2307584468261974,0.13857808709144592,0.9790893395741781
smd,./data/SMD,machine-2-6,machine-2-6,gate_noTTA,100,256,128,0.15,50,64,0.001,1,1,1,0,0.001,adam,0.1,0.99,fixed,gated,5000,unc,8,0.95,"[0.5, 1.0, 2.0]",0,0,1,38,2.01569,8,0.00041870775748975575,0.00015932723181322217,34.55971670150757,0.8507907218768385,0.33217887428390264,0.1007908202822143,0.05394190871369295,0.7665094339622641,0.35147744945567655,28644,21676,0,1121,87,0.9959863424301147,0.07760927826166153,0.7843984961509705,0.06491714075879834,0.889773400350588,0.35428625924651047,0.8963277288332987,0.36212440419370284,0.8999173499757147,0.3648615653735102,0.8899487942957158,0.24905347459370758,0.044011279940605164,0.14750323196252188
smd,./data/SMD,machine-2-3,machine-2-3,base_noTTA,100,256,128,0.15,50,64,0.001,1,0,1,0,0.001,adam,0.1,0.99,fixed,gated,5000,none,8,0.95,"[0.5, 1.0, 2.0]",0,0,9,38,2.015652,0,0.0006305687711574137,inf,23.44902491569519,0.9528614376553578,0.47980678164802415,0.22862725940400588,0.13160854893138357,0.8698884758364313,0.48918918918918924,23590,22020,0,1259,437,0.9801543951034546,0.3471008837223053,0.9665039777755737,0.009263526994123859,,,,,,,,,0.038948990404605865,0.02903202890108029
smd,./data/SMD,machine-3-10,machine-3-10,base_noTTA,100,256,128,0.15,50,64,0.001,1,0,1,0,0.001,adam,0.1,0.99,fixed,gated,5000,none,8,0.95,"[0.5, 1.0, 2.0]",0,0,8,38,2.015652,0,0.0011564699234440923,inf,26.67005681991577,0.9575866028532165,0.6962696891207002,0.6475449684005834,0.6594059405940594,0.6361031518624641,0.655514898065865,23594,22596,0,2334,1336,0.9408745169639587,0.5724079012870789,1.0,0.009219697181214678,,,,,,,,,0.0,0.0
smd,./data/SMD,machine-1-7,machine-1-7,gate_noTTA,100,256,128,0.15,50,64,0.001,1,1,1,0,0.001,adam,0.1,0.99,fixed,gated,5000,unc,8,0.95,"[0.5, 1.0, 2.0]",0,0,5,38,2.01569,8,0.0023175361566245556,0.0006737730000168085,28.541537523269653,0.6432422655607531,0.23489751213960766,0.15583482944344704,0.5607235142118863,0.09049207673060884,0.26571051141724855,23598,23029,0,3677,3120,0.8645186424255371,0.8485178351402283,0.9993976354598999,0.06861587289693305,0.7000504082212273,0.29410245662202356,0.705522693861079,0.3048044529002014,0.7090196785503796,0.3069175824471624,0.7122510538521369,0.2891749163339801,0.0,0.0
smd,./data/SMD,machine-2-7,machine-2-7,gate_gbuf5k,100,256,128,0.15,50,64,0.001,1,1,1,1,0.001,adam,0.1,0.99,adaptive,gated,5000,unc,8,0.95,"[0.5, 1.0, 2.0]",0,0,7,38,2.01569,8,0.003128346288576722,0.0007931151194497943,27.53406262397766,0.8793188826231852,0.3043718092470734,0.23577235772357721,0.1643059490084986,0.4172661870503597,0.3696369636963696,23597,22847,366,2397,1865,0.9183700084686279,0.7780559062957764,0.9897170066833496,0.1065058642920586,0.8759198062744873,0.27745575466166045,0.868125294429176,0.24218829837031935,0.8584580765303131,0.20766397793073668,0.8183003320270027,0.09725936771803102,0.014166421877841154,0.02179691692193349
smd,./data/SMD,machine-3-3,machine-3-3,noMask_fixed,100,256,128,0.15,50,64,0.001,1,0,1,1,0.001,adam,0.1,0.99,fixed,gated,5000,none,8,0.95,"[0.5, 1.0, 2.0]",0,0,0,38,2.015652,0,0.0007805148488841951,inf,26.0764217376709,0.878912591784634,0.28956354210190305,0.2519413287316652,0.1539543057996485,0.6930379746835443,0.35053003533568905,23604,22148,360,3206,2353,0.8937601447105408,0.7339363694190979,0.9704383015632629,0.027432499891861962,,,,,,,,,0.006985055282711983,0.053346382454037666
smd,./data/SMD,machine-3-4,machine-3-4,base_noTTA,100,256,128,0.15,50,64,0.001,1,0,1,0,0.001,adam,0.1,0.99,fixed,gated,5000,none,8,0.95,"[0.5, 1.0, 2.0]",0,0,6,38,2.015652,0,0.001594954519532621,inf,23.967658281326294,0.7635567637340919,0.33781485253081706,0.2501912777352716,0.19975565058032987,0.33469805527123847,0.380952380952381,23588,22784,0,1769,1020,0.9552317261695862,0.5765969753265381,0.997479259967804,0.00884073233834885,,,,,,,,,0.012152878878017267,0.0
smd,./data/SMD,machine-3-5,machine-3-5,fixed,100,256,128,0.15,50,64,0.001,1,1,1,1,0.001,adam,0.1,0.99,fixed,gated,5000,none,8,0.95,"[0.5, 1.0, 2.0]",0,0,3,38,2.01569,8,0.0012571325059980154,0.0004549948207568377,27.043842315673828,0.81158205771631,0.33532592466181743,0.07853837940443706,0.04135949019117831,0.7769953051643192,0.39648682559598497,23592,13846,269,1515,563,0.9593384265899658,0.3716171681880951,0.6016668677330017,0.08424796181721136,0.8227204620372136,0.3478074103047462,0.8290579352611117,0.35496529816572764,0.8351726232457427,0.35411766666123556,0.8202922240081365,0.13868551098741513,0.05849918661018213,0.7164492011070251
smd,./data/SMD,machine-1-6,machine-1-6,base_noTTA,100,256,128,0.15,50,64,0.001,1,0,1,0,0.001,adam,0.1,0.99,fixed,gated,5000,none,8,0.95,"[0.5, 1.0, 2.0]",0,0,8,38,2.015652,0,0.0005843064282089472,inf,25.708949327468872,0.8945218021845672,0.6534221364347165,0.5199679230152365,0.3700068477516549,0.8743257820927723,0.6427457098283932,23590,15305,0,6678,1099,0.9281933903694153,0.16457022726535797,0.839995265007019,0.01015381168237729,,,,,,,,,0.1323064143459002,0.05673217525084814
smd,./data/SMD,machine-3-9,machine-3-9,noMask_fixed,100,256,128,0.15,50,64,0.001,1,0,1,1,0.001,adam,0.1,0.99,fixed,gated,5000,none,8,0.95,"[0.5, 1.0, 2.0]",0,0,5,38,2.015652,0,0.00017297729209531099,inf,32.09340238571167,0.8352061922137304,0.31692950306991624,0.028002489110143126,0.01422475106685633,0.8910891089108911,0.36402569593147754,28614,5739,184,699,5,0.9991287589073181,0.0071530756540596485,0.20540927350521088,0.020504331092143897,,,,,,,,,0.4331649988889694,0.9980132579803467
smd,./data/SMD,machine-3-3,machine-3-3,noMask_fixed,100,256,128,0.15,50,64,0.001,1,0,1,1,0.001,adam,0.1,0.99,fixed,gated,5000,none,8,0.95,"[0.5, 1.0, 2.0]",0,0,1,38,2.015652,0,0.0007947321282699704,inf,26.248622179031372,0.8808985498261009,0.3004137197403957,0.2533600228767515,0.15462478184991274,0.7009493670886076,0.35829251224632613,23604,22110,359,3206,2364,0.8930800557136536,0.7373674511909485,0.9680360555648804,0.027911155188695757,,,,,,,,,0.005035737529397011,0.06056310484806696
smd,./data/SMD,machine-1-1,machine-1-1,fixed,100,256,128,0.15,50,64,0.001,1,1,1,1,0.001,adam,0.1,0.99,fixed,gated,5000,none,8,0.95,"[0.5, 1.0, 2.0]",0,0,5,38,2.01569,8,0.00015284137043636292,0.00019000229076482356,37.35807704925537,0.910769614361463,0.47190999881897283,0.37258322430585844,0.23165220535068692,0.9513734224201931,0.554388042030487,28380,19633,352,3486,33,0.998319149017334,0.009466437622904778,0.7873383164405823,0.09566189286740755,0.9281395941742572,0.5003283824034765,0.934067676588384,0.5181145203858453,0.9388774802313518,0.5398629207967734,0.9208966873721205,0.5741087961481979,0.10077519218126933,0.29404160877068836
smd,./data/SMD,machine-1-1,machine-1-1,noMask_fixed,100,256,128,0.15,50,64,0.001,1,0,1,1,0.001,adam,0.1,0.99,fixed,gated,5000,none,8,0.95,"[0.5, 1.0, 2.0]",0,0,6,38,2.015652,0,0.00013489226694218814,inf,28.988171339035034,0.8986061499646079,0.4520185552564225,0.3643416421234107,0.22588402957156853,0.941351150705271,0.5163771005411564,28380,19537,345,3486,44,0.9977478384971619,0.012621915899217129,0.7830401062965393,0.02522433282961049,,,,,,,,,0.11064129695296288,0.2960372219483058
smd,./data/SMD,machine-2-9,machine-2-9,base_noTTA,100,256,128,0.15,50,64,0.001,1,0,1,0,0.001,adam,0.1,0.99,fixed,gated,5000,none,8,0.95,"[0.5, 1.0, 2.0]",0,0,2,38,2.015652,0,0.0007214829092845321,inf,32.95854949951172,0.973537288425856,0.6811593846721834,0.6087123392822875,0.45891203703703703,0.9037037037037037,0.7137828323855944,28623,25348,0,2745,290,0.9885592460632324,0.10564663261175156,0.9683128595352173,0.010620942552422127,,,,,,,,,0.0012807078698339562,0.058510049556692444
smd,./data/SMD,machine-3-11,machine-3-11,base_noTTA,100,256,128,0.15,50,64,0.001,1,0,1,0,0.001,adam,0.1,0.99,fixed,gated,5000,none,8,0.95,"[0.5, 1.0, 2.0]",0,0,8,38,2.015652,0,0.0003760888648685068,inf,29.27010440826416,0.8918869727522966,0.5797466665445328,0.027720661031147665,0.014072527642465011,0.9191919191919192,0.6225895316804407,28597,13497,0,440,0,1.0,0.0,0.47934794425964355,0.009671021921799666,,,,,,,,,0.13356643418471018,0.9815639654795328
smd,./data/SMD,machine-2-7,machine-2-7,gate_noTTA,100,256,128,0.15,50,64,0.001,1,1,1,0,0.001,adam,0.1,0.99,fixed,gated,5000,unc,8,0.95,"[0.5, 1.0, 2.0]",0,0,5,38,2.01569,8,0.003275214694440365,0.0008197042043320835,27.74381995201111,0.8918151959810219,0.31952110941354783,0.3164763458401305,0.49489795918367346,0.23261390887290168,0.35207823960880197,23597,23375,0,2397,2175,0.9069518446922302,0.9073842167854309,1.0,0.06281267148274236,0.8818120468185785,0.2938722857889146,0.8737246638961866,0.26052559166665284,0.8641047297906337,0.22147846920924558,0.8166963915872757,0.08706290753787774,0.0,0.0
smd,./data/SMD,machine-2-4,machine-2-4,base_noTTA,100,256,128,0.15,50,64,0.001,1,0,1,0,0.001,adam,0.1,0.99,fixed,gated,5000,none,8,0.95,"[0.5, 1.0, 2.0]",0,0,8,38,2.015652,0,0.0005678806337527931,inf,25.90096950531006,0.7708643802001797,0.36630286402271905,0.2781289506953224,0.1824884792626728,0.5844155844155844,0.3621241202815099,23590,20852,0,3674,1771,0.9150680899620056,0.48203593492507935,0.9580739140510559,0.00906695042085021,,,,,,,,,0.04114994406700134,0.04994216359530886
smd,./data/SMD,machine-3-11,machine-3-11,noMask_fixed,100,256,128,0.15,50,64,0.001,1,0,1,1,0.001,adam,0.1,0.99,fixed,gated,5000,none,8,0.95,"[0.5, 1.0, 2.0]",0,0,3,38,2.015652,0,0.0003725572023540735,inf,32.42495894432068,0.8867634517680134,0.5330185322065583,0.024913494809688585,0.012629806342969408,0.9090909090909091,0.6153846153846153,28597,12745,253,440,0,1.0,0.0,0.452640563249588,0.02062986433729032,,,,,,,,,0.21410256127516428,0.9682708382606506
smd,./data/SMD,machine-2-9,machine-2-9,mask_noTTA,100,256,128,0.15,50,64,0.001,1,1,1,0,0.001,adam,0.1,0.99,fixed,gated,5000,none,8,0.95,"[0.5, 1.0, 2.0]",0,0,4,38,2.01569,8,0.0007201341213658452,0.00040644887485541403,39.32391715049744,0.9658367930329959,0.5979370247994814,0.5967174677608441,0.45405887600356826,0.8700854700854701,0.6335664335664336,28623,25554,0,2745,279,0.9890819191932678,0.10163934528827667,0.9766983389854431,0.08594105587945862,0.9704957002950847,0.6213426902018593,0.9703349572448842,0.6291886707968607,0.9687141728673972,0.6340130617639352,0.9553860965660574,0.6049384328520946,0.0015135638726254304,0.04702044650912285
smd,./data/SMD,machine-3-7,machine-3-7,fixed,100,256,128,0.15,50,64,0.001,1,1,1,1,0.001,adam,0.1,0.99,fixed,gated,5000,none,8,0.95,"[0.5, 1.0, 2.0]",0,0,8,38,2.01569,8,0.00016692728968337178,0.00025919266045093536,37.30931901931763,0.8118806345497095,0.3865928070958633,0.1203268135677148,0.06740638002773926,0.5599078341013825,0.4761904761904761,28606,27048,438,929,333,0.9876885414123535,0.35844993591308594,0.9652419090270996,0.08259866901571865,0.8598602205415753,0.42733867179179036,0.8640242879686354,0.4674955739038041,0.8637964079391577,0.5055533356582255,0.8395725407498558,0.49045171159563794,0.03774903869877259,0.02803424062828223
smd,./data/SMD,machine-2-4,machine-2-4,gate_gbuf5k,100,256,128,0.15,50,64,0.001,1,1,1,1,0.001,adam,0.1,0.99,adaptive,gated,5000,unc,8,0.95,"[0.5, 1.0, 2.0]",0,0,4,38,2.01569,8,0.0005665752105414867,0.00034136930480599403,27.543957710266113,0.7974331533435876,0.4076514178889083,0.32898415657036345,0.27174749807544263,0.4167650531286895,0.4108003857280617,23590,21977,364,3674,2755,0.8746416568756104,0.7498639225959778,0.9651536345481873,0.10139337784660828,0.8387247906777138,0.43477591737372845,0.8566115434091627,0.4499578255670948,0.8683658516358098,0.45857440515023123,0.826515551860155,0.348361197872209,0.004885381398101647,0.019230769326289494
smd,./data/SMD,machine-3-11,machine-3-11,mask_noTTA,100,256,128,0.15,50,64,0.001,1,1,1,0,0.001,adam,0.1,0.99,fixed,gated,5000,none,8,0.95,"[0.5, 1.0, 2.0]",0,0,1,38,2.01569,8,0.00040818453999236226,0.00023394040181301534,36.03047180175781,0.8897285721273369,0.5411935075833232,0.024723756906077345,0.012533258647248285,0.9040404040404041,0.5898876404494382,28597,13319,0,440,0,1.0,0.0,0.47302624583244324,0.07406838286959734,0.9012666846725378,0.5463282722575963,0.9061624739216149,0.5499743381563175,0.9093579843632479,0.5527448698744615,0.895257756879625,0.22238586027482912,0.14160839095711708,0.9819351633389791
smd,./data/SMD,machine-3-1,machine-3-1,base_noTTA,100,256,128,0.15,50,64,0.001,1,0,1,0,0.001,adam,0.1,0.99,fixed,gated,5000,none,8,0.95,"[0.5, 1.0, 2.0]",0,0,2,38,2.015652,0,0.0003464532201178372,inf,32.99287700653076,0.8966389608559938,0.27634278247374966,0.057435897435897436,0.02965473416649015,0.9090909090909091,0.2940360610263523,28601,17935,0,704,36,0.997992753982544,0.05113636329770088,0.6416102051734924,0.009910930541381858,,,,,,,,,0.11003139615058899,0.48480887711048126
smd,./data/SMD,machine-3-3,machine-3-3,base_noTTA,100,256,128,0.15,50,64,0.001,1,0,1,0,0.001,adam,0.1,0.99,fixed,gated,5000,none,8,0.95,"[0.5, 1.0, 2.0]",0,0,5,38,2.015652,0,0.0007908818079158664,inf,24.75656485557556,0.8829857363811986,0.29123957825287816,0.2390284294783329,0.14476763624205952,0.685126582278481,0.3642857142857143,23604,22156,0,3206,2270,0.8975446820259094,0.7080473899841309,0.9748994708061218,0.009194680582242706,,,,,,,,,0.005523066967725754,0.05175055873890718
smd,./data/SMD,machine-3-7,machine-3-7,base_noTTA,100,256,128,0.15,50,64,0.001,1,0,1,0,0.001,adam,0.1,0.99,fixed,gated,5000,none,8,0.95,"[0.5, 1.0, 2.0]",0,0,4,38,2.015652,0,0.00014607346383854747,inf,35.65224647521973,0.8484940928052016,0.40406890485911895,0.1382950646608604,0.07809239940387482,0.6036866359447005,0.4932432432432432,28606,27272,0,929,272,0.9900264143943787,0.29278793931007385,0.9755392670631409,0.01139181740240793,,,,,,,,,0.03332168236374855,0.029207534311960142
smd,./data/SMD,machine-2-3,machine-2-3,gate_noTTA,100,256,128,0.15,50,64,0.001,1,1,1,0,0.001,adam,0.1,0.99,fixed,gated,5000,unc,8,0.95,"[0.5, 1.0, 2.0]",0,0,9,38,2.01569,8,0.0006582778878509998,0.00024242485233116895,25.132361888885498,0.9519057203356202,0.4621885827499334,0.24345146379044683,0.14123957091775924,0.8810408921933085,0.4531722054380665,23590,20573,0,1259,240,0.9883342385292053,0.19062748551368713,0.9105279445648193,0.06257322391446944,0.9557181133908361,0.4818263504630445,0.9530209619713078,0.47854605953248935,0.9480209460982416,0.4528769807846227,0.910882732961057,0.17322909956987853,0.036659096678098045,0.019523362706725795
smd,./data/SMD,machine-1-1,machine-1-1,gate_noTTA,100,256,128,0.15,50,64,0.001,1,1,1,0,0.001,adam,0.1,0.99,fixed,gated,5000,unc,8,0.95,"[0.5, 1.0, 2.0]",0,0,9,38,2.01569,8,0.0001689157506916672,0.00019227842858526856,32.08962035179138,0.8968607477255744,0.46569895578103704,0.3765296040130729,0.23673898499474338,0.9194506310319228,0.5271788642575158,28380,20683,0,3486,103,0.9950200915336609,0.02954675815999508,0.8267052173614502,0.058144284773242565,0.9230142061899272,0.5025594032095733,0.9310774350573866,0.5249144102477027,0.9371561189488948,0.5505321390418011,0.916063562561695,0.5684469799131121,0.07928118295967579,0.24068847795327505
smd,./data/SMD,machine-1-1,machine-1-1,base_noTTA,100,256,128,0.15,50,64,0.001,1,0,1,0,0.001,adam,0.1,0.99,fixed,gated,5000,none,8,0.95,"[0.5, 1.0, 2.0]",0,0,6,38,2.015652,0,0.00013489226694218814,inf,31.189758777618408,0.8954550355655002,0.4644405564837046,0.36443340395996193,0.22687164559264986,0.9257609502598366,0.5322709163346613,28380,19769,0,3486,51,0.9974201917648315,0.014629947952926159,0.79207843542099,0.009250918100046556,,,,,,,,,0.11299036691586177,0.27063346405824024
smd,./data/SMD,machine-3-10,machine-3-10,gate_noTTA,100,256,128,0.15,50,64,0.001,1,1,1,0,0.001,adam,0.1,0.99,fixed,gated,5000,unc,8,0.95,"[0.5, 1.0, 2.0]",0,0,9,38,2.01569,8,0.0011762548238039017,0.00010031072451965883,26.538087368011475,0.9666138374437302,0.8080924491921421,0.7603686635944701,0.7346393588601959,0.7879656160458453,0.7914110429447853,23594,20585,0,2334,410,0.9800825715065002,0.17566409707069397,0.9489651918411255,0.06347838585544685,0.9754719898414034,0.7827453856698282,0.9725687444164708,0.7326934540330589,0.9681480611725795,0.641818435066571,0.9528919043918433,0.44003614488909515,0.0,0.0
smd,./data/SMD,machine-2-6,machine-2-6,fixed,100,256,128,0.15,50,64,0.001,1,1,1,1,0.001,adam,0.1,0.99,fixed,gated,5000,none,8,0.95,"[0.5, 1.0, 2.0]",0,0,7,38,2.01569,8,0.00041960683302022517,0.00015518188592977822,34.01801824569702,0.8572308277594815,0.33723865188602126,0.11277006850518181,0.06092237616245967,0.7570754716981132,0.37209302325581395,28644,24368,407,1121,119,0.9951165318489075,0.10615521669387817,0.8810449242591858,0.08232673275588928,0.8938046294673822,0.35735605344570476,0.8991958695642035,0.3621372973540023,0.9022845019711415,0.3609482830729374,0.8925016673251573,0.25480793212406005,0.04474684099356333,0.14261777947346369
smd,./data/SMD,machine-1-4,machine-1-4,base_noTTA,100,256,128,0.15,50,64,0.001,1,0,1,0,0.001,adam,0.1,0.99,fixed,gated,5000,none,8,0.95,"[0.5, 1.0, 2.0]",0,0,8,38,2.015652,0,0.0009617930045351386,inf,27.191043615341187,0.8339553032390289,0.2804853265476027,0.3370955605718585,0.367816091954023,0.3111111111111111,0.3404255319148936,23608,22978,0,1908,1278,0.944381594657898,0.6698113083839417,1.0,0.009236952604903322,,,,,,,,,0.0,0.0
smd,./data/SMD,machine-1-6,machine-1-6,mask_noTTA,100,256,128,0.15,50,64,0.001,1,1,1,0,0.001,adam,0.1,0.99,fixed,gated,5000,none,8,0.95,"[0.5, 1.0, 2.0]",0,0,9,38,2.01569,8,0.0006174812442623079,0.0004154276684857905,28.090733289718628,0.8923317226877939,0.6422311028571188,0.5056516724336794,0.35366247176508553,0.8867313915857605,0.6298416078796752,23590,15475,0,6678,1038,0.9329240918159485,0.15543575584888458,0.8536542057991028,0.0666114524948036,0.9182177693944091,0.6782345321424127,0.9290717295238461,0.6993777245543873,0.9362921204486225,0.7146100317039328,0.9152960752304765,0.6047059195631956,0.12801686922709146,0.049866918474435806
smd,./data/SMD,machine-3-7,machine-3-7,mask_noTTA,100,256,128,0.15,50,64,0.001,1,1,1,0,0.001,adam,0.1,0.99,fixed,gated,5000,none,8,0.95,"[0.5, 1.0, 2.0]",0,0,5,38,2.01569,8,0.00016744709864724427,0.000263979600276798,30.786874771118164,0.826863501981399,0.42108660327276637,0.1168973851900681,0.06461015302404663,0.6129032258064516,0.5067567567567568,28606,27435,0,929,313,0.988591194152832,0.33692142367362976,0.9799472689628601,0.061784600374757484,0.8596766776852148,0.4604844107090874,0.8640484533580275,0.4968860068342114,0.8652800324443783,0.5321000867844948,0.8456524793689517,0.48286864282466807,0.028078760330875713,0.027649973596756656
smd,./data/SMD,machine-3-4,machine-3-4,mask_noTTA,100,256,128,0.15,50,64,0.001,1,1,1,0,0.001,adam,0.1,0.99,fixed,gated,5000,none,8,0.95,"[0.5, 1.0, 2.0]",0,0,5,38,2.01569,8,0.0016709516057744622,0.00027323735412210226,27.706125736236572,0.7484446541705371,0.32596561829018783,0.24738415545590434,0.1948204826368452,0.33879222108495394,0.36911764705882355,23588,22791,0,1769,1020,0.9552454948425293,0.5765969753265381,0.9978001117706299,0.0610351259271351,0.7922376707423537,0.39408686090171635,0.7953586383788834,0.4132616697712591,0.7941340393110228,0.4244150966571673,0.7854159539960708,0.40800199280181154,0.010247706746061644,0.0
smd,./data/SMD,machine-3-7,machine-3-7,noMask_fixed,100,256,128,0.15,50,64,0.001,1,0,1,1,0.001,adam,0.1,0.99,fixed,gated,5000,none,8,0.95,"[0.5, 1.0, 2.0]",0,0,9,38,2.015652,0,0.00015394421643577516,inf,32.46552634239197,0.8569200709981584,0.4160134809867803,0.14658248696129564,0.0832034901838579,0.6152073732718893,0.4957555178268251,28606,26337,438,929,273,0.9896343350410461,0.293864369392395,0.9417205452919006,0.028270595950329543,,,,,,,,,0.04124431995054086,0.08869773522019386
smd,./data/SMD,machine-3-1,machine-3-1,gate_gbuf5k,100,256,128,0.15,50,64,0.001,1,1,1,1,0.001,adam,0.1,0.99,adaptive,gated,5000,unc,8,0.95,"[0.5, 1.0, 2.0]",0,0,6,38,2.01569,8,0.00041674007661640644,0.00021657272009178996,32.37785577774048,0.8778759015709566,0.25933987858234886,0.07719496677506008,0.040354767184035474,0.8863636363636364,0.2940038684719536,28601,17030,347,704,33,0.998062252998352,0.046875,0.6092770099639893,0.08952796452945981,0.8976942242738946,0.26947490613519737,0.8980016091966642,0.2769820032877035,0.8961613020678956,0.2887311836745822,0.8514282192166808,0.2530189279584692,0.11459331214427948,0.23666642745956779
smd,./data/SMD,machine-2-3,machine-2-3,gate_noTTA,100,256,128,0.15,50,64,0.001,1,1,1,0,0.001,adam,0.1,0.99,fixed,gated,5000,unc,8,0.95,"[0.5, 1.0, 2.0]",0,0,5,38,2.01569,8,0.0006541197653859854,0.0002445161808282137,27.269888401031494,0.955410810827971,0.44842198704883046,0.24189397838394242,0.14038231780167265,0.8736059479553904,0.4737631184407796,23590,20567,0,1259,227,0.9889628887176514,0.18030183017253876,0.9108414053916931,0.06414474497007182,0.9536475512620675,0.4636168708430494,0.950753494455538,0.4564837679011771,0.9461344321728006,0.42286317783328964,0.909939396633005,0.17545641292595118,0.039493262146910034,0.02094328636303544
smd,./data/SMD,machine-2-2,machine-2-2,mask_noTTA,100,256,128,0.15,50,64,0.001,1,1,1,0,0.001,adam,0.1,0.99,fixed,gated,5000,none,8,0.95,"[0.5, 1.0, 2.0]",0,0,1,38,2.01569,8,0.0007867874810472131,0.0004185909347143024,29.77490782737732,0.5615535051798229,0.1470679581207449,0.1262895766631092,0.1272857655073503,0.12530885986586657,0.23470839260312945,23601,21562,0,3922,2831,0.8687041997909546,0.7218255996704102,0.951826810836792,0.06676927410310156,0.5791727923834631,0.14861587436987478,0.5867986278755247,0.14969970940080632,0.5929564988527429,0.15061704858553973,0.5971731341171376,0.1409816438816426,0.01158192070821921,0.048810459673404694
smd,./data/SMD,machine-3-5,machine-3-5,mask_noTTA,100,256,128,0.15,50,64,0.001,1,1,1,0,0.001,adam,0.1,0.99,fixed,gated,5000,none,8,0.95,"[0.5, 1.0, 2.0]",0,0,9,38,2.01569,8,0.0012464984320104122,0.00042937425314448774,25.31927466392517,0.8132203061480856,0.2732970169478352,0.08129469326307866,0.04294234592445328,0.7605633802816901,0.3799772468714448,23592,14855,0,1515,565,0.9619656801223755,0.37293729186058044,0.6472799777984619,0.06261540696191642,0.8252752780022784,0.28781473251059236,0.8311895299009473,0.29492557029817235,0.836188980000787,0.29279447791212343,0.8121864938466676,0.11342297555403966,0.0534124622742335,0.7577207684516907
smd,./data/SMD,machine-2-7,machine-2-7,noMask_fixed,100,256,128,0.15,50,64,0.001,1,0,1,1,0.001,adam,0.1,0.99,fixed,gated,5000,none,8,0.95,"[0.5, 1.0, 2.0]",0,0,2,38,2.015652,0,0.003504412481561303,inf,26.769713401794434,0.8812004479495573,0.2592423041025531,0.29983525535420097,0.4789473684210526,0.2182254196642686,0.3545945945945946,23597,23460,368,2397,2260,0.9036658406257629,0.9428452253341675,1.0,0.02816600729238332,,,,,,,,,0.0,0.0
smd,./data/SMD,machine-1-5,machine-1-5,base_noTTA,100,256,128,0.15,50,64,0.001,1,0,1,0,0.001,adam,0.1,0.99,fixed,gated,5000,none,8,0.95,"[0.5, 1.0, 2.0]",0,0,6,38,2.015652,0,0.0007273391238413751,inf,26.363473415374756,0.9416898246208592,0.5372021840989797,0.083,0.04368421052631579,0.83,0.5955056179775281,23607,21951,0,793,51,0.9976766705513,0.06431273370981216,0.9599368572235107,0.009212549645650159,,,,,,,,,0.0,0.08743955443302791
smd,./data/SMD,machine-2-8,machine-2-8,mask_noTTA,100,256,128,0.15,50,64,0.001,1,1,1,0,0.001,adam,0.1,0.99,fixed,gated,5000,none,8,0.95,"[0.5, 1.0, 2.0]",0,0,8,38,2.01569,8,0.00010915015445789322,8.178660937119275e-05,24.251973867416382,0.9951998041296353,0.9648948063440048,0.10223228728566806,0.05392491467576792,0.9813664596273292,0.9430379746835442,23604,21701,0,260,11,0.9994931221008301,0.042307693511247635,0.9291466474533081,0.06038934330761665,0.9943207092280164,0.9658758228377762,0.9940225768033978,0.9660930674255789,0.9937729898355312,0.9666621160662667,0.9881361763382056,0.9373133147460412,0.04122547091295322,0.0
smd,./data/SMD,machine-2-9,machine-2-9,noMask_fixed,100,256,128,0.15,50,64,0.001,1,0,1,1,0.001,adam,0.1,0.99,fixed,gated,5000,none,8,0.95,"[0.5, 1.0, 2.0]",0,0,0,38,2.015652,0,0.0006979371537454426,inf,31.47812509536743,0.9754515622502421,0.691797576305228,0.5724687933425797,0.4114129080488413,0.9407407407407408,0.7041904289610711,28623,25000,414,2745,157,0.9937199950218201,0.05719489976763725,0.9600046277046204,0.026345273814760938,,,,,,,,,0.0033764117785419026,0.062150076031684875
smd,./data/SMD,machine-1-3,machine-1-3,gate_gbuf5k,100,256,128,0.15,50,64,0.001,1,1,1,1,0.001,adam,0.1,0.99,adaptive,gated,5000,unc,8,0.95,"[0.5, 1.0, 2.0]",0,0,7,38,2.01569,8,0.0006681032828055322,0.00021686946274712682,27.34521508216858,0.805167055998167,0.26740611461330016,0.33436532507739936,0.28902765388046386,0.39657282741738065,0.31924198250728864,23604,22527,364,2005,1121,0.950237512588501,0.5591022372245789,0.9910644292831421,0.08856391648158565,0.8763195492618355,0.30398121926402116,0.8932220165064862,0.3229945222831976,0.9013339065182961,0.33159501853948936,0.8941951758976509,0.26904539660048604,0.0025252526005109153,0.009999530186178163
smd,./data/SMD,machine-3-11,machine-3-11,fixed,100,256,128,0.15,50,64,0.001,1,1,1,1,0.001,adam,0.1,0.99,fixed,gated,5000,none,8,0.95,"[0.5, 1.0, 2.0]",0,0,3,38,2.01569,8,0.0004077529883943498,0.0002286282688146457,32.905662536621094,0.8824693350800447,0.5227498701452464,0.026105013349154556,0.013247026945657082,0.8888888888888888,0.5722713864306785,28597,13587,235,440,0,1.0,0.0,0.48254430294036865,0.07740709337024466,0.8902329491844545,0.5312424814960288,0.8963400585970591,0.537031365189901,0.9012516207056175,0.5407915783868013,0.8911672695797898,0.24250826053541333,0.13822844127813974,0.9792130589485168
smd,./data/SMD,machine-3-1,machine-3-1,base_noTTA,100,256,128,0.15,50,64,0.001,1,0,1,0,0.001,adam,0.1,0.99,fixed,gated,5000,none,8,0.95,"[0.5, 1.0, 2.0]",0,0,3,38,2.015652,0,0.000353865121724084,inf,37.575679063797,0.8839337173815195,0.3099545171548886,0.054112983151635284,0.027908403189531795,0.8863636363636364,0.36673773987206826,28601,18103,0,704,38,0.9979009032249451,0.053977273404598236,0.6475606560707092,0.012677314627325196,,,,,,,,,0.10827845459183057,0.47830718755722046
smd,./data/SMD,machine-3-3,machine-3-3,gate_noTTA,100,256,128,0.15,50,64,0.001,1,1,1,0,0.001,adam,0.1,0.99,fixed,gated,5000,unc,8,0.95,"[0.5, 1.0, 2.0]",0,0,0,38,2.01569,8,0.0008698359015397727,0.0002911796618718654,26.30292510986328,0.8850636642307812,0.27613361442207335,0.2533410807669959,0.15516014234875444,0.689873417721519,0.3259557344064386,23604,21109,0,3206,1758,0.9167180061340332,0.5483468770980835,0.9486714601516724,0.06277467048566153,0.8989698284162977,0.3038047032578688,0.900799005711044,0.3142431924129949,0.8992900081696072,0.30572940055628955,0.8632379462627476,0.13226023244501242,0.006172839552164078,0.03146899677813053
smd,./data/SMD,machine-3-2,machine-3-2,fixed,100,256,128,0.15,50,64,0.001,1,1,1,1,0.001,adam,0.1,0.99,fixed,gated,5000,none,8,0.95,"[0.5, 1.0, 2.0]",0,0,3,38,2.01569,8,0.006939989980310202,0.0010106670670211315,33.0932137966156,0.4638874896205597,0.0465191538172838,0.02005012531328321,0.13636363636363635,0.010820559062218215,0.08963471618382024,23604,23604,369,2018,2018,0.9145060181617737,1.0,1.0,0.11539485490518069,0.5617248145469489,0.06245701892383676,0.570332795806766,0.06996429003019415,0.5752326339581364,0.0786777544970723,0.5788620956607853,0.08773161975465642,0.0,0.0
smd,./data/SMD,machine-2-1,machine-2-1,base_noTTA,100,256,128,0.15,50,64,0.001,1,0,1,0,0.001,adam,0.1,0.99,fixed,gated,5000,none,8,0.95,"[0.5, 1.0, 2.0]",0,0,1,38,2.015652,0,0.0013349888613447547,inf,27.14153003692627,0.7582336296174869,0.2911518680655321,0.3046272493573265,0.24407826982492276,0.40512820512820513,0.3237518910741301,23595,22825,0,2457,1688,0.9260460138320923,0.6870166659355164,0.9999526739120483,0.009299284524143588,,,,,,,,,0.00014887598808854818,0.0
smd,./data/SMD,machine-1-8,machine-1-8,noMask_fixed,100,256,128,0.15,50,64,0.001,1,0,1,1,0.001,adam,0.1,0.99,fixed,gated,5000,none,8,0.95,"[0.5, 1.0, 2.0]",0,0,9,38,2.015652,0,0.0005951371276751161,inf,26.155210733413696,0.855974925497858,0.375619381414841,0.3302107728337237,0.23513062812673707,0.5543905635648755,0.4111498257839721,23600,22548,363,2691,1686,0.9252262115478516,0.6265329122543335,0.9977521896362305,0.027484823081452968,,,,,,,,,0.008117548190057278,0.0
smd,./data/SMD,machine-1-7,machine-1-7,mask_noTTA,100,256,128,0.15,50,64,0.001,1,1,1,0,0.001,adam,0.1,0.99,fixed,gated,5000,none,8,0.95,"[0.5, 1.0, 2.0]",0,0,5,38,2.01569,8,0.0023175361566245556,0.0006737730000168085,28.83531880378723,0.6432422655607531,0.23489751213960766,0.15583482944344704,0.5607235142118863,0.09049207673060884,0.26571051141724855,23598,23343,0,3677,3422,0.8534035682678223,0.930649995803833,1.0,0.06273410332203921,0.7000504082212273,0.29410245662202356,0.705522693861079,0.3048044529002014,0.7090196785503796,0.3069175824471624,0.7122510538521369,0.2891749163339801,0.0,0.0
smd,./data/SMD,machine-1-5,machine-1-5,gate_noTTA,100,256,128,0.15,50,64,0.001,1,1,1,0,0.001,adam,0.1,0.99,fixed,gated,5000,unc,8,0.95,"[0.5, 1.0, 2.0]",0,0,8,38,2.01569,8,0.0008265702053904533,0.0003273099719081074,27.0447940826416,0.9526048462255359,0.5383630676033195,0.07288135593220339,0.03805309734513274,0.86,0.5888324873096447,23607,21561,0,793,50,0.9976810216903687,0.06305170059204102,0.9428859353065491,0.06901854788448586,0.9674176056934678,0.5469432507766517,0.96913369482335,0.5444269831013692,0.9697788697788697,0.5253724612228788,0.9427340506650852,0.0714296230968338,0.0,0.0762208563586076
smd,./data/SMD,machine-1-2,machine-1-2,gate_noTTA,100,256,128,0.15,50,64,0.001,1,1,1,0,0.001,adam,0.1,0.99,fixed,gated,5000,unc,8,0.95,"[0.5, 1.0, 2.0]",0,0,7,38,2.01569,8,0.004269423428922892,0.0008125313906930387,27.136215209960938,0.8646042390797093,0.21976198917861517,0.24155193992490614,0.18276515151515152,0.35608856088560886,0.26355296080066726,23595,22297,0,1532,796,0.9643001556396484,0.5195822715759277,0.9745274782180786,0.06431513707701951,0.8810013305298914,0.25407445513312227,0.8745023263553299,0.2680487787765043,0.8637905884933073,0.2685454386429233,0.8167661270168335,0.17285785913095464,0.0008008969792475303,0.0
smd,./data/SMD,machine-1-2,machine-1-2,gate_noTTA,100,256,128,0.15,50,64,0.001,1,1,1,0,0.001,adam,0.1,0.99,fixed,gated,5000,unc,8,0.95,"[0.5, 1.0, 2.0]",0,0,8,38,2.01569,8,0.004014172591269016,0.0007981091621331871,24.472140789031982,0.8723745623340823,0.2555919769202163,0.25888019265502704,0.19213583556747096,0.3966789667896679,0.28959276018099545,23595,22202,0,1532,805,0.9637420177459717,0.5254569053649902,0.9698137044906616,0.0661508944560522,0.8825453142014144,0.28833764754046703,0.8752304280774322,0.30162297862237614,0.8637567195903472,0.30023403816844874,0.8133303858090413,0.17423896984708231,0.0016017939584950607,0.0
smd,./data/SMD,machine-3-10,machine-3-10,base_noTTA,100,256,128,0.15,50,64,0.001,1,0,1,0,0.001,adam,0.1,0.99,fixed,gated,5000,none,8,0.95,"[0.5, 1.0, 2.0]",0,0,0,38,2.015652,0,0.0012941068271175027,inf,27.460177898406982,0.9655452329239006,0.7253496102760351,0.7185511502692119,0.7369477911646586,0.7010506208213945,0.7246516098029793,23594,22602,0,2334,1342,0.9406247138977051,0.5749785900115967,1.0,0.009680527938243907,,,,,,,,,0.0,0.0
smd,./data/SMD,machine-2-8,machine-2-8,noMask_fixed,100,256,128,0.15,50,64,0.001,1,0,1,1,0.001,adam,0.1,0.99,fixed,gated,5000,none,8,0.95,"[0.5, 1.0, 2.0]",0,0,4,38,2.015652,0,0.00010180067329201847,inf,28.657179355621338,0.9947014216959145,0.9623022565946976,0.10922917386795715,0.057833089311859445,0.9813664596273292,0.9567901234567902,23604,21119,350,260,11,0.9994791150093079,0.042307693511247635,0.9042152166366577,0.030425408597195315,,,,,,,,,0.0601440059641997,0.014406779994412014
smd,./data/SMD,machine-3-7,machine-3-7,noMask_fixed,100,256,128,0.15,50,64,0.001,1,0,1,1,0.001,adam,0.1,0.99,fixed,gated,5000,none,8,0.95,"[0.5, 1.0, 2.0]",0,0,0,38,2.015652,0,0.00015857985999900848,inf,32.32795739173889,0.8617773957681147,0.43101875172295223,0.13841524573721162,0.07765897580191333,0.6359447004608295,0.5197368421052632,28606,26839,439,929,318,0.9881515502929688,0.3423035442829132,0.9582324624061584,0.027140228846502714,,,,,,,,,0.03238960697005192,0.06674600516756375
smd,./data/SMD,machine-1-6,machine-1-6,fixed,100,256,128,0.15,50,64,0.001,1,1,1,1,0.001,adam,0.1,0.99,fixed,gated,5000,none,8,0.95,"[0.5, 1.0, 2.0]",0,0,2,38,2.01569,8,0.0006085451459512115,0.0003863985475618392,29.07002568244934,0.8858233687699106,0.637729542094232,0.5149797570850202,0.36797037722749365,0.8576051779935275,0.6284787895163468,23590,16220,296,6678,1168,0.9279901385307312,0.17490266263484955,0.8900189399719238,0.0940451434023454,0.9130995778243916,0.6761671952252075,0.9235834520140412,0.6964818182519324,0.930189781964927,0.7080249564163366,0.9104456204807728,0.5833596822953753,0.12174608185887337,0.024169343213240307
smd,./data/SMD,machine-2-5,machine-2-5,gate_gbuf5k,100,256,128,0.15,50,64,0.001,1,1,1,1,0.001,adam,0.1,0.99,adaptive,gated,5000,unc,8,0.95,"[0.5, 1.0, 2.0]",0,0,1,38,2.01569,8,0.002835979452356696,0.00063708407105878,29.339035272598267,0.9217398747776885,0.4554840150645316,0.5098666666666667,0.5340782122905028,0.48775510204081635,0.5180673974827447,23590,22329,363,3016,1823,0.9183573126792908,0.6044429540634155,0.9966948628425598,0.09661694106635223,0.9387340809766154,0.45139393106406384,0.9334674466025786,0.39407360452832535,0.9271981979634074,0.3383623304308727,0.9104105986927775,0.25315294515373843,0.007089056074619293,0.0
smd,./data/SMD,machine-1-3,machine-1-3,base_noTTA,100,256,128,0.15,50,64,0.001,1,0,1,0,0.001,adam,0.1,0.99,fixed,gated,5000,none,8,0.95,"[0.5, 1.0, 2.0]",0,0,0,38,2.015652,0,0.0006563803763128817,inf,31.141535997390747,0.8193999399503535,0.24608824885387937,0.31878787878787873,0.3157262905162065,0.3219094247246022,0.3223363980530016,23604,22907,0,2005,1375,0.9399746656417847,0.6857855319976807,0.9968979954719543,0.011156543071664728,,,,,,,,,0.0,0.010307601759753501
smd,./data/SMD,machine-1-2,machine-1-2,noMask_fixed,100,256,128,0.15,50,64,0.001,1,0,1,1,0.001,adam,0.1,0.99,fixed,gated,5000,none,8,0.95,"[0.5, 1.0, 2.0]",0,0,7,38,2.015652,0,0.005053630098700523,inf,25.97661519050598,0.8803817288345656,0.22894245391422102,0.25939050318922746,0.21058688147295743,0.3376383763837638,0.27526467757459094,23595,23341,368,1532,1278,0.9452465772628784,0.8342036604881287,1.0,0.029251044472033354,,,,,,,,,0.0,0.0
smd,./data/SMD,machine-2-5,machine-2-5,gate_noTTA,100,256,128,0.15,50,64,0.001,1,1,1,0,0.001,adam,0.1,0.99,fixed,gated,5000,unc,8,0.95,"[0.5, 1.0, 2.0]",0,0,2,38,2.01569,8,0.0028385058976709843,0.0006879806169308722,29.42737889289856,0.92193947198854,0.48576681865752525,0.2834394904458599,0.644927536231884,0.1816326530612245,0.5094798249878463,23590,23001,0,3016,2445,0.8937003016471863,0.8106763958930969,0.9991251230239868,0.07744161897718325,0.9413660052069617,0.4789107577930867,0.936474076177655,0.42429947909206983,0.9307187836163134,0.36636407494524104,0.9136384163071191,0.2489983963576517,0.0,0.0
smd,./data/SMD,machine-2-1,machine-2-1,gate_noTTA,100,256,128,0.15,50,64,0.001,1,1,1,0,0.001,adam,0.1,0.99,fixed,gated,5000,unc,8,0.95,"[0.5, 1.0, 2.0]",0,0,7,38,2.01569,8,0.0014055519131943583,0.0003111149126198143,25.294637203216553,0.7696402090381844,0.3063639450475347,0.2929496402877698,0.220824295010846,0.43504273504273505,0.340627973358706,23595,21601,0,2457,1098,0.9491690397262573,0.44688645005226135,0.9699593186378479,0.06759142971665305,0.8170611177137549,0.3761901096624468,0.8236710851255338,0.4049988002489008,0.8242425553293959,0.416350307346245,0.802034145534412,0.3398753153021885,0.00014887598808854818,0.0
smd,./data/SMD,machine-1-3,machine-1-3,noMask_fixed,100,256,128,0.15,50,64,0.001,1,0,1,1,0.001,adam,0.1,0.99,fixed,gated,5000,none,8,0.95,"[0.5, 1.0, 2.0]",0,0,5,38,2.015652,0,0.0006642802036367357,inf,28.061651706695557,0.8078272531907659,0.2568469207831924,0.3094384707287933,0.30221703617269546,0.31701346389228885,0.32653061224489793,23604,22919,366,2005,1382,0.9397006630897522,0.6892768144607544,0.997129499912262,0.029739637008017957,,,,,,,,,0.0,0.009550215676426888
smd,./data/SMD,machine-3-10,machine-3-10,noMask_fixed,100,256,128,0.15,50,64,0.001,1,0,1,1,0.001,adam,0.1,0.99,fixed,gated,5000,none,8,0.95,"[0.5, 1.0, 2.0]",0,0,5,38,2.015652,0,0.0013290545903146267,inf,23.984633684158325,0.9591710999604309,0.7199547873713562,0.6607792207792208,0.724373576309795,0.6074498567335244,0.6649616368286445,23594,22616,358,2334,1356,0.9400424361228943,0.5809768438339233,1.0,0.02893866386778973,,,,,,,,,0.0,0.0
smd,./data/SMD,machine-1-8,machine-1-8,base_noTTA,100,256,128,0.15,50,64,0.001,1,0,1,0,0.001,adam,0.1,0.99,fixed,gated,5000,none,8,0.95,"[0.5, 1.0, 2.0]",0,0,5,38,2.015652,0,0.0005930250626988709,inf,25.982099533081055,0.8353784375098571,0.36768560383473453,0.29390934844192634,0.20135856380397865,0.5439056356487549,0.4131777625257378,23600,22514,0,2691,1666,0.9260016083717346,0.6191006898880005,0.9970825910568237,0.008752012656906904,,,,,,,,,0.010807836428284645,0.0
smd,./data/SMD,machine-1-4,machine-1-4,fixed,100,256,128,0.15,50,64,0.001,1,1,1,1,0.001,adam,0.1,0.99,fixed,gated,5000,none,8,0.95,"[0.5, 1.0, 2.0]",0,0,4,38,2.01569,8,0.0009352113120257854,0.0002775649481918663,29.972233295440674,0.7906182479952436,0.25750049752949555,0.3207547169811321,0.33586626139817627,0.30694444444444446,0.33244444444444443,23608,22989,366,1908,1289,0.9439297318458557,0.6755765080451965,1.0,0.0892290318468715,0.9021687983062892,0.31718158330629476,0.9230267228336787,0.3507326726608204,0.9316147290980892,0.36316263795207027,0.9218299111091777,0.2903299794179586,0.0,0.0
smd,./data/SMD,machine-1-2,machine-1-2,mask_noTTA,100,256,128,0.15,50,64,0.001,1,1,1,0,0.001,adam,0.1,0.99,fixed,gated,5000,none,8,0.95,"[0.5, 1.0, 2.0]",0,0,6,38,2.01569,8,0.0044030253775417805,0.0008122834260575473,27.620059728622437,0.8692002890571408,0.23036622088888495,0.2592825676526117,0.19675262655205347,0.3800738007380074,0.27916666666666673,23595,23251,0,1532,1198,0.9484753608703613,0.7819843292236328,0.9995467662811279,0.06729696079390765,0.8838047193965376,0.2682347449230235,0.8764879206756823,0.28536767326552265,0.8648435527634475,0.288478221809993,0.8115333416637553,0.18365337070287394,0.0016017939584950607,0.0
smd,./data/SMD,machine-3-11,machine-3-11,gate_gbuf5k,100,256,128,0.15,50,64,0.001,1,1,1,1,0.001,adam,0.1,0.99,adaptive,gated,5000,unc,8,0.95,"[0.5, 1.0, 2.0]",0,0,3,38,2.01569,8,0.0004077529883943498,0.0002286282688146457,33.327460527420044,0.8669532719290597,0.5111377540319065,0.03966986155484557,0.020371889526934646,0.7525252525252525,0.5722543352601157,28597,19200,348,440,48,0.9975000023841858,0.1090909093618393,0.6801860928535461,0.09137984609738944,0.8650706305103104,0.518003824280878,0.867551222804223,0.5249982951136007,0.8711701193278848,0.5330125107217546,0.8622093629111665,0.2781323488812662,0.10069930056730907,0.2566862442375471
smd,./data/SMD,machine-1-2,machine-1-2,mask_noTTA,100,256,128,0.15,50,64,0.001,1,1,1,0,0.001,adam,0.1,0.99,fixed,gated,5000,none,8,0.95,"[0.5, 1.0, 2.0]",0,0,7,38,2.01569,8,0.004269423428922892,0.0008125313906930387,24.938109636306763,0.8646042390797093,0.21976198917861517,0.24155193992490614,0.18276515151515152,0.35608856088560886,0.26355296080066726,23595,23240,0,1532,1185,0.9490103125572205,0.7734987139701843,0.9996374249458313,0.06311690057074273,0.8810013305298914,0.25407445513312227,0.8745023263553299,0.2680487787765043,0.8637905884933073,0.2685454386429233,0.8167661270168335,0.17285785913095464,0.0008008969792475303,0.0
smd,./data/SMD,machine-3-6,machine-3-6,fixed,100,256,128,0.15,50,64,0.001,1,1,1,1,0.001,adam,0.1,0.99,fixed,gated,5000,none,8,0.95,"[0.5, 1.0, 2.0]",0,0,4,38,2.01569,8,0.0003899031435139477,0.0003389403864275664,35.08111047744751,0.8569842651194858,0.2985035369349631,0.2726978998384491,0.1689351481184948,0.7068676716917923,0.31945624468988953,28627,24928,412,2283,91,0.9963495135307312,0.0398598350584507,0.9427953362464905,0.09421574839145808,0.8952602374553771,0.3168149740521085,0.9068022810551376,0.32272554163297584,0.9139996619739698,0.32258828259667,0.9060777244496491,0.23725724993952757,0.011111111380159855,0.11451308925946553
smd,./data/SMD,machine-2-3,machine-2-3,gate_gbuf5k,100,256,128,0.15,50,64,0.001,1,1,1,1,0.001,adam,0.1,0.99,adaptive,gated,5000,unc,8,0.95,"[0.5, 1.0, 2.0]",0,0,5,38,2.01569,8,0.0006541197653859854,0.0002445161808282137,28.534648656845093,0.9536254083346296,0.4552735666682824,0.2678571428571429,0.15946137491141035,0.8364312267657993,0.4732824427480916,23590,20625,362,1259,217,0.9894787669181824,0.17235901951789856,0.913886547088623,0.08960564594341568,0.9523639757586534,0.46761410815430393,0.9494174584681222,0.45871828475866133,0.9448979203108581,0.4264533767997442,0.910087333610583,0.17664757852196863,0.03090369887650013,0.012717253218094507
smd,./data/SMD,machine-3-5,machine-3-5,gate_noTTA,100,256,128,0.15,50,64,0.001,1,1,1,0,0.001,adam,0.1,0.99,fixed,gated,5000,unc,8,0.95,"[0.5, 1.0, 2.0]",0,0,5,38,2.01569,8,0.0012307511642575264,0.0004481020732782781,26.486998081207275,0.7955976708448989,0.30094569052774905,0.07203201422854603,0.03780630105017503,0.7605633802816901,0.38661710037174724,23592,11974,0,1515,435,0.9636712670326233,0.2871287167072296,0.5226706266403198,0.06592730499195139,0.8066656475856356,0.31496504032865114,0.8129191222988047,0.32237794094628613,0.8191158412614811,0.3248704130109331,0.8039432886451165,0.13049761092027706,0.05991197486097614,0.7624667088190714
smd,./data/SMD,machine-1-1,machine-1-1,base_noTTA,100,256,128,0.15,50,64,0.001,1,0,1,0,0.001,adam,0.1,0.99,fixed,gated,5000,none,8,0.95,"[0.5, 1.0, 2.0]",0,0,1,38,2.015652,0,0.00013446553202811629,inf,33.605738162994385,0.9002413380937306,0.47689599502885055,0.3692376215574197,0.23076923076923078,0.923162583518931,0.5441319107662463,28380,19854,0,3486,64,0.9967764616012573,0.018359150737524033,0.794970691204071,0.01005345116710058,,,,,,,,,0.11181583131353061,0.2663351347049077
smd,./data/SMD,machine-1-3,machine-1-3,base_noTTA,100,256,128,0.15,50,64,0.001,1,0,1,0,0.001,adam,0.1,0.99,fixed,gated,5000,none,8,0.95,"[0.5, 1.0, 2.0]",0,0,7,38,2.015652,0,0.0006574628059752285,inf,24.97491693496704,0.8128267820139008,0.2595094880673194,0.32736256948733794,0.33042394014962595,0.3243574051407589,0.32958801498127344,23604,22906,0,2005,1372,0.9401030540466309,0.684289276599884,0.9969906210899353,0.009319122070741743,,,,,,,,,0.0,0.009858287250002226
smd,./data/SMD,machine-2-7,machine-2-7,fixed,100,256,128,0.15,50,64,0.001,1,1,1,1,0.001,adam,0.1,0.99,fixed,gated,5000,none,8,0.95,"[0.5, 1.0, 2.0]",0,0,5,38,2.01569,8,0.003275214694440365,0.0008197042043320835,24.72500228881836,0.8870927915084488,0.26529902514833176,0.30844155844155846,0.47738693467336685,0.2278177458033573,0.37052200614124875,23597,23443,368,2397,2243,0.9043211340904236,0.9357530474662781,1.0,0.08278218003538254,0.8838852196733957,0.25675898747183856,0.8758287411910757,0.2245583547917231,0.8655736693346471,0.1866496072152401,0.8176694693903367,0.08910952640611956,0.0,0.0
smd,./data/SMD,machine-2-2,machine-2-2,base_noTTA,100,256,128,0.15,50,64,0.001,1,0,1,0,0.001,adam,0.1,0.99,fixed,gated,5000,none,8,0.95,"[0.5, 1.0, 2.0]",0,0,1,38,2.015652,0,0.0007029258995316923,inf,26.670403718948364,0.5664690096596348,0.14920873267057067,0.11888638073739652,0.12726540475231574,0.11154253441581362,0.23522302790595473,23601,21522,0,3922,2791,0.8703187704086304,0.7116267085075378,0.951826810836792,0.008899101508501692,,,,,,,,,0.009180791055162748,0.04883249600728353
smd,./data/SMD,machine-1-7,machine-1-7,noMask_fixed,100,256,128,0.15,50,64,0.001,1,0,1,1,0.001,adam,0.1,0.99,fixed,gated,5000,none,8,0.95,"[0.5, 1.0, 2.0]",0,0,0,38,2.015652,0,0.0023097607772797346,inf,27.974496126174927,0.6440527892686132,0.23679475899828795,0.1440058479532164,0.5828402366863905,0.08215179316096748,0.2652227942481803,23598,23346,368,3677,3425,0.8532939553260803,0.9314658641815186,1.0,0.029887372290181836,,,,,,,,,0.0,0.0
smd,./data/SMD,machine-1-1,machine-1-1,gate_noTTA,100,256,128,0.15,50,64,0.001,1,1,1,0,0.001,adam,0.1,0.99,fixed,gated,5000,unc,8,0.95,"[0.5, 1.0, 2.0]",0,0,5,38,2.01569,8,0.00015284137043636292,0.00019000229076482356,37.35600018501282,0.896328269328965,0.4616354721968874,0.36312931161015705,0.22630808635199415,0.9183370452858204,0.5490007993605115,28380,19975,0,3486,82,0.9958948493003845,0.02352266199886799,0.7991082072257996,0.08416533722181904,0.9239005329174681,0.49940827868541754,0.9320309325055184,0.5218352653020125,0.9379824656491441,0.5473138578465904,0.9155260096517963,0.5680824214415934,0.10382898772756259,0.26099232335885364
smd,./data/SMD,machine-3-11,machine-3-11,mask_noTTA,100,256,128,0.15,50,64,0.001,1,1,1,0,0.001,adam,0.1,0.99,fixed,gated,5000,none,8,0.95,"[0.5, 1.0, 2.0]",0,0,5,38,2.01569,8,0.00040089047979563475,0.00022997678024694324,32.4923152923584,0.8952405662350219,0.557315249745228,0.02727826882048156,0.013848058177317036,0.9040404040404041,0.5941176470588235,28597,13261,0,440,0,1.0,0.0,0.4709663689136505,0.062439730731232976,0.9064821844666044,0.5595771358037287,0.9113809865090657,0.5604767895778463,0.9149880976939017,0.559800140978002,0.9053011694600578,0.23795294832484148,0.14417249088486037,0.9821826219558716
smd,./data/SMD,machine-1-5,machine-1-5,gate_noTTA,100,256,128,0.15,50,64,0.001,1,1,1,0,0.001,adam,0.1,0.99,fixed,gated,5000,unc,8,0.95,"[0.5, 1.0, 2.0]",0,0,0,38,2.01569,8,0.0008198069990612566,0.0002962397993542254,31.961777925491333,0.9505778191985089,0.5398230293732176,0.07069461570078094,0.036862408915559364,0.86,0.588888888888889,23607,21353,0,793,48,0.9977520704269409,0.06052963435649872,0.9338564276695251,0.06397273330730491,0.9575082606117089,0.542630408831747,0.9565199525544352,0.5343596415663905,0.953756672032534,0.5021689061337185,0.9158095399474709,0.06207279204325853,0.0,0.07798714252809684
smd,./data/SMD,machine-1-8,machine-1-8,noMask_fixed,100,256,128,0.15,50,64,0.001,1,0,1,1,0.001,adam,0.1,0.99,fixed,gated,5000,none,8,0.95,"[0.5, 1.0, 2.0]",0,0,0,38,2.015652,0,0.0005903866258449852,inf,27.41896104812622,0.8487002810487305,0.3684461367676094,0.30619136960600374,0.21451104100946372,0.5347313237221494,0.4046579330422125,23600,22490,363,2691,1649,0.9266785383224487,0.6127833724021912,0.9967477917671204,0.03123075275097863,,,,,,,,,0.007448616980885466,0.004134366909662883
smd,./data/SMD,machine-1-2,machine-1-2,gate_noTTA,100,256,128,0.15,50,64,0.001,1,1,1,0,0.001,adam,0.1,0.99,fixed,gated,5000,unc,8,0.95,"[0.5, 1.0, 2.0]",0,0,4,38,2.01569,8,0.004180619027465582,0.0008277143933810294,29.34990906715393,0.871087822941982,0.21130462785117243,0.24238733252131545,0.1809090909090909,0.3671586715867159,0.25187202178352625,23595,22381,0,1532,836,0.9626469016075134,0.5456919074058533,0.9765217900276184,0.0655533373671635,0.8911961890869772,0.24467765115245682,0.8865827663546157,0.25909240077325185,0.8769612087102212,0.2628915265769369,0.8279816747718272,0.16819627768082793,0.0012814352133621771,0.0
smd,./data/SMD,machine-3-9,machine-3-9,gate_noTTA,100,256,128,0.15,50,64,0.001,1,1,1,0,0.001,adam,0.1,0.99,fixed,gated,5000,unc,8,0.95,"[0.5, 1.0, 2.0]",0,0,1,38,2.01569,8,0.00024453605874441564,0.00012805966252926737,36.52956795692444,0.85312596201542,0.25210568073441314,0.0351148980118771,0.01790769635920732,0.8976897689768977,0.32,28614,5159,0,699,0,1.0,0.0,0.1848110407590866,0.07878486703691505,0.8678027887266022,0.2634132280686189,0.8706751562167833,0.2712782696356454,0.8727343484084417,0.28750824324217844,0.8451286733742013,0.24892851506882704,0.47587719062964123,0.9219266772270203
smd,./data/SMD,machine-1-6,machine-1-6,fixed,100,256,128,0.15,50,64,0.001,1,1,1,1,0.001,adam,0.1,0.99,fixed,gated,5000,none,8,0.95,"[0.5, 1.0, 2.0]",0,0,0,38,2.01569,8,0.0006204384844750166,0.00039610188105143607,30.877726793289185,0.8855671990332563,0.6351498414523716,0.521194128319314,0.3753860774530767,0.8522114347357066,0.6191840633101379,23590,16472,295,6678,1227,0.9255099296569824,0.183737650513649,0.9014309644699097,0.09140301276284186,0.9125411184854306,0.6741706564579126,0.9230941994679196,0.6952306975625332,0.9300292869920058,0.7076180065221116,0.9110350018601814,0.5869728443153044,0.11945253486434619,0.017935119258860748
smd,./data/SMD,machine-3-6,machine-3-6,base_noTTA,100,256,128,0.15,50,64,0.001,1,0,1,0,0.001,adam,0.1,0.99,fixed,gated,5000,none,8,0.95,"[0.5, 1.0, 2.0]",0,0,6,38,2.015652,0,0.0003411448560655117,inf,29.178872108459473,0.8674519383687775,0.2930376670104438,0.2786253660040068,0.17072710103871577,0.7571189279731994,0.3311578438481992,28627,24586,0,2283,66,0.997315526008606,0.02890932932496071,0.9307622313499451,0.009118371734901641,,,,,,,,,0.014044499645630518,0.12434724594155948
smd,./data/SMD,machine-3-4,machine-3-4,noMask_fixed,100,256,128,0.15,50,64,0.001,1,0,1,1,0.001,adam,0.1,0.99,fixed,gated,5000,none,8,0.95,"[0.5, 1.0, 2.0]",0,0,8,38,2.015652,0,0.0015768344746902585,inf,26.42436647415161,0.7456673233376916,0.3334050957144123,0.25915290739411345,0.19955776672194583,0.3694984646878199,0.3710737764791819,23588,22731,365,1769,956,0.9579429030418396,0.5404183268547058,0.9979833960533142,0.027583830838124997,,,,,,,,,0.008381303710242113,0.0
smd,./data/SMD,machine-3-3,machine-3-3,fixed,100,256,128,0.15,50,64,0.001,1,1,1,1,0.001,adam,0.1,0.99,fixed,gated,5000,none,8,0.95,"[0.5, 1.0, 2.0]",0,0,6,38,2.01569,8,0.0008429564186371863,0.00028945214580744505,28.07836890220642,0.8859118302389596,0.29205883239382824,0.2500755058894594,0.15453527435610304,0.6550632911392406,0.36658556366585565,23604,22305,360,3206,2418,0.8915938138961792,0.7542108297348022,0.974948525428772,0.09504793417936583,0.8995797027777214,0.3238231607757387,0.901651698197474,0.3335662692981163,0.9005973030968243,0.31452979787037916,0.8635033281960091,0.12775735003303684,0.004548249921451013,0.03139654422799746
smd,./data/SMD,machine-1-6,machine-1-6,base_noTTA,100,256,128,0.15,50,64,0.001,1,0,1,0,0.001,adam,0.1,0.99,fixed,gated,5000,none,8,0.95,"[0.5, 1.0, 2.0]",0,0,6,38,2.015652,0,0.000573391851503402,inf,26.346698760986328,0.889185286971922,0.6505552556906701,0.5041860465116279,0.3537859007832898,0.8770226537216829,0.6282967389892166,23590,14910,0,6678,1030,0.9309188723564148,0.1542377918958664,0.8207190036773682,0.008670189159307605,,,,,,,,,0.13798761616150537,0.0635080561041832
smd,./data/SMD,machine-1-1,machine-1-1,mask_noTTA,100,256,128,0.15,50,64,0.001,1,1,1,0,0.001,adam,0.1,0.99,fixed,gated,5000,none,8,0.95,"[0.5, 1.0, 2.0]",0,0,7,38,2.01569,8,0.0001602703850949183,0.00019531050929799676,28.877933263778687,0.8911236109689529,0.4632330069527158,0.35736540830374613,0.2220221481948321,0.9153674832962138,0.5337796713329277,28380,20535,0,3486,79,0.996152937412262,0.022662077099084854,0.8217241168022156,0.06127057569475557,0.921161123498682,0.5046931390420563,0.9298475673790995,0.5290645879923094,0.9359249556501934,0.5557130734418803,0.9122621186935136,0.5657043612908524,0.08961709961295128,0.24704451858997345
smd,./data/SMD,machine-3-11,machine-3-11,noMask_fixed,100,256,128,0.15,50,64,0.001,1,0,1,1,0.001,adam,0.1,0.99,fixed,gated,5000,none,8,0.95,"[0.5, 1.0, 2.0]",0,0,0,38,2.015652,0,0.0003717102808877826,inf,32.332783222198486,0.8808415405369577,0.5869552082077651,0.025252525252525252,0.012809251939686721,0.8838383838383839,0.6149732620320856,28597,12582,228,440,0,1.0,0.0,0.44685158133506775,0.02121024103928693,,,,,,,,,0.22016316652297974,0.9820589025815328
smd,./data/SMD,machine-2-1,machine-2-1,base_noTTA,100,256,128,0.15,50,64,0.001,1,0,1,0,0.001,adam,0.1,0.99,fixed,gated,5000,none,8,0.95,"[0.5, 1.0, 2.0]",0,0,6,38,2.015652,0,0.0013568236026912928,inf,23.50689721107483,0.756496052833293,0.2820104948445214,0.289375,0.22807881773399014,0.3957264957264957,0.3166904422253923,23595,22822,0,2457,1687,0.9260801076889038,0.68660968542099,0.9998580813407898,0.008882428407921684,,,,,,,,,0.00014887598808854818,0.0
smd,./data/SMD,machine-3-2,machine-3-2,mask_noTTA,100,256,128,0.15,50,64,0.001,1,1,1,0,0.001,adam,0.1,0.99,fixed,gated,5000,none,8,0.95,"[0.5, 1.0, 2.0]",0,0,2,38,2.01569,8,0.007789973169565201,0.0009888376807793975,29.200405597686768,0.4838214427364192,0.04795570410472456,0.023509655751469353,0.17073170731707318,0.012623985572587917,0.09149049564753953,23604,23604,0,2018,2018,0.9145060181617737,1.0,1.0,0.07433501204642738,0.5699742895585884,0.06409767008037827,0.5772150940908289,0.07164366028487719,0.5811066409022144,0.07891024151701477,0.5818533260464068,0.08666294518625908,0.0,0.0
smd,./data/SMD,machine-1-6,machine-1-6,gate_noTTA,100,256,128,0.15,50,64,0.001,1,1,1,0,0.001,adam,0.1,0.99,fixed,gated,5000,unc,8,0.95,"[0.5, 1.0, 2.0]",0,0,1,38,2.01569,8,0.0006068061920814216,0.00040842778980731964,31.925223112106323,0.8854149980777317,0.6336392814807855,0.4908347220118164,0.3412681693701285,0.8737864077669902,0.621745387936674,23590,15014,0,6678,852,0.9432529807090759,0.1275831013917923,0.837393581867218,0.06979349661095761,0.9123151284442983,0.669073379857699,0.9241014198116041,0.6901108481670841,0.9326206106696724,0.7056020973756015,0.9134542432354964,0.5924499905505275,0.1325208122531573,0.056142391016085945
smd,./data/SMD,machine-3-7,machine-3-7,mask_noTTA,100,256,128,0.15,50,64,0.001,1,1,1,0,0.001,adam,0.1,0.99,fixed,gated,5000,none,8,0.95,"[0.5, 1.0, 2.0]",0,0,1,38,2.01569,8,0.00014956938684917986,0.000253025209531188,35.328912019729614,0.8202140262929217,0.41606670776426663,0.09725814795654422,0.05256290773532153,0.6497695852534562,0.5108514190317195,28606,27087,0,929,262,0.9903274774551392,0.28202366828918457,0.9692162871360779,0.07365118796313834,0.8556460700393672,0.4497369392032809,0.8613319049808739,0.48496367734292684,0.8629546129161032,0.5272324697321629,0.8471177251378894,0.49756968591959005,0.03681696392595768,0.03885231943180164
smd,./data/SMD,machine-3-8,machine-3-8,gate_noTTA,100,256,128,0.15,50,64,0.001,1,1,1,0,0.001,adam,0.1,0.99,fixed,gated,5000,unc,8,0.95,"[0.5, 1.0, 2.0]",0,0,7,38,2.01569,8,0.0006836515385657549,0.00018535571871325374,32.25901985168457,0.8518774432404216,0.2651009677392835,0.3103375079600934,0.2188622754491018,0.5331874544128373,0.3184615384615384,28605,20810,0,1965,246,0.9881787896156311,0.1251908391714096,0.7719219326972961,0.06023050083853194,0.893317039704519,0.3141686902077149,0.892302537286106,0.3345577800144347,0.885588186844249,0.33977417325283527,0.8471847057536032,0.2875935445814409,0.0006990563124418259,0.20387272288401923
smd,./data/SMD,machine-1-1,machine-1-1,fixed,100,256,128,0.15,50,64,0.001,1,1,1,1,0.001,adam,0.1,0.99,fixed,gated,5000,none,8,0.95,"[0.5, 1.0, 2.0]",0,0,8,38,2.01569,8,0.00015920482110232115,0.00018789814203046262,29.37672710418701,0.9013535706362893,0.45240415108255855,0.3727266033429055,0.2324791035179572,0.9394951744617669,0.5263002364066194,28380,20046,354,3486,75,0.9962586164474487,0.02151462994515896,0.8022415041923523,0.07688066672069074,0.9217075730020923,0.4834733308508937,0.9288756793189759,0.5033582115845923,0.9347996733309063,0.5279250601249486,0.9187770667700861,0.5666406326145621,0.08985200772682826,0.27372202773888904
smd,./data/SMD,machine-2-3,machine-2-3,mask_noTTA,100,256,128,0.15,50,64,0.001,1,1,1,0,0.001,adam,0.1,0.99,fixed,gated,5000,none,8,0.95,"[0.5, 1.0, 2.0]",0,0,5,38,2.01569,8,0.0006541197653859854,0.0002445161808282137,28.044254779815674,0.955410810827971,0.44842198704883046,0.24189397838394242,0.14038231780167265,0.8736059479553904,0.4737631184407796,23590,22065,0,1259,440,0.9800589084625244,0.3494837284088135,0.9683847427368164,0.07165902345147158,0.9536475512620675,0.4636168708430494,0.950753494455538,0.4564837679011771,0.9461344321728006,0.42286317783328964,0.909939396633005,0.17545641292595118,0.039493262146910034,0.02094328636303544
smd,./data/SMD,machine-1-7,machine-1-7,gate_gbuf5k,100,256,128,0.15,50,64,0.001,1,1,1,1,0.001,adam,0.1,0.99,adaptive,gated,5000,unc,8,0.95,"[0.5, 1.0, 2.0]",0,0,7,38,2.01569,8,0.002454083878546953,0.0007063500233925879,25.90338706970215,0.6387825398420933,0.22659271886605659,0.18917155903457275,0.4341317365269461,0.12093411175979983,0.2571638501102131,23598,22785,366,3677,2871,0.8739960789680481,0.7807995676994324,0.9996486306190491,0.0875544897610176,0.6912887345555072,0.2847641050581291,0.6966698503506668,0.2973888784831077,0.6998851512526617,0.3014332972836582,0.7017938051182063,0.28625159478026285,0.0,0.0
smd,./data/SMD,machine-3-8,machine-3-8,base_noTTA,100,256,128,0.15,50,64,0.001,1,0,1,0,0.001,adam,0.1,0.99,fixed,gated,5000,none,8,0.95,"[0.5, 1.0, 2.0]",0,0,4,38,2.015652,0,0.0006228138227015734,inf,35.04933524131775,0.8596736903153246,0.27040363373885795,0.3168359628268857,0.22512285012285013,0.5346462436177972,0.31874203144921376,28605,25439,0,1965,505,0.9801486134529114,0.2569974660873413,0.9359609484672546,0.010972447254465627,,,,,,,,,0.0018641500112911065,0.20196038484573364
smd,./data/SMD,machine-2-6,machine-2-6,noMask_fixed,100,256,128,0.15,50,64,0.001,1,0,1,1,0.001,adam,0.1,0.99,fixed,gated,5000,none,8,0.95,"[0.5, 1.0, 2.0]",0,0,5,38,2.015652,0,0.0003984023642260581,inf,27.963886737823486,0.8764094810671148,0.3320524141586557,0.11042735042735044,0.05952819756726871,0.7617924528301887,0.35593220338983056,28644,24244,408,1121,118,0.9951328039169312,0.10526315867900848,0.8765759468078613,0.027246872084614553,,,,,,,,,0.05141594788680474,0.14613486329714456
smd,./data/SMD,machine-2-6,machine-2-6,mask_noTTA,100,256,128,0.15,50,64,0.001,1,1,1,0,0.001,adam,0.1,0.99,fixed,gated,5000,none,8,0.95,"[0.5, 1.0, 2.0]",0,0,2,38,2.01569,8,0.0004267705080565065,0.000156191541464068,35.821839332580566,0.8573988928028186,0.350901425136837,0.10450919746052417,0.05612869382759224,0.7570754716981132,0.3754385964912281,28644,24340,0,1121,118,0.9951519966125488,0.10526315867900848,0.8800639510154724,0.07597648669614288,0.8961537506987443,0.3658796654890601,0.9014963118967398,0.3696819599703186,0.9034086555662677,0.3684494623277679,0.8897826447608014,0.22982443215917464,0.04352036118507385,0.14775409797827402
smd,./data/SMD,machine-2-6,machine-2-6,mask_noTTA,100,256,128,0.15,50,64,0.001,1,1,1,0,0.001,adam,0.1,0.99,fixed,gated,5000,none,8,0.95,"[0.5, 1.0, 2.0]",0,0,3,38,2.01569,8,0.0004302948946133256,0.0001638570538489148,38.907625913619995,0.8601812937110693,0.3326644216398683,0.103708359522313,0.05555555555555555,0.7783018867924528,0.35294117647058826,28644,24361,0,1121,116,0.9952383041381836,0.10347903519868851,0.8808996081352234,0.0852070163039085,0.8963980613055971,0.3534793414845558,0.9030630312204554,0.36532278917665356,0.9067642931907173,0.36764885422754273,0.8965074951346086,0.22614661654710083,0.04327517747879028,0.14562421043713888
smd,./data/SMD,machine-3-10,machine-3-10,fixed,100,256,128,0.15,50,64,0.001,1,1,1,1,0.001,adam,0.1,0.99,fixed,gated,5000,none,8,0.95,"[0.5, 1.0, 2.0]",0,0,7,38,2.01569,8,0.0011759998742491007,9.97475945041515e-05,27.96343755722046,0.9634034689137179,0.6896938981812647,0.7034291010194624,0.6831683168316832,0.7249283667621776,0.703651019440493,23594,22594,358,2334,1334,0.94095778465271,0.5715509653091431,1.0,0.08381747932689537,0.9746293624702989,0.7050931524387374,0.9724485227176202,0.683025175768536,0.9696205819211027,0.6534304727163429,0.9615535182465791,0.5860822849933761,0.0,0.0
smd,./data/SMD,machine-3-5,machine-3-5,mask_noTTA,100,256,128,0.15,50,64,0.001,1,1,1,0,0.001,adam,0.1,0.99,fixed,gated,5000,none,8,0.95,"[0.5, 1.0, 2.0]",0,0,1,38,2.01569,8,0.00127759191673249,0.0004484606033656746,31.131495237350464,0.813110124317796,0.2717020856076337,0.08207831325301206,0.04335719968178202,0.7676056338028169,0.3792325056433408,23592,14849,0,1515,575,0.9612768292427063,0.3795379400253296,0.6465552449226379,0.07179750350015614,0.8214036277266724,0.2875255397978561,0.8261456841918334,0.2975410309133355,0.8305745498133871,0.3033964791937623,0.8146023212849705,0.12796253409806818,0.053271159529685974,0.7480010390281677
smd,./data/SMD,machine-3-6,machine-3-6,gate_gbuf5k,100,256,128,0.15,50,64,0.001,1,1,1,1,0.001,adam,0.1,0.99,adaptive,gated,5000,unc,8,0.95,"[0.5, 1.0, 2.0]",0,0,6,38,2.01569,8,0.00040533349965699017,0.00032158452086150646,33.5604305267334,0.854924183243692,0.2975763530434574,0.26052838085273344,0.1894256371243819,0.41708542713567837,0.3202261629401182,28627,24955,439,2283,622,0.9750751256942749,0.2724485397338867,0.923663854598999,0.08743242458413199,0.8888752049997676,0.31397571591401635,0.9007163827759067,0.3194535532022138,0.9092814123890799,0.3200881067324554,0.9052208716593767,0.23409897954089962,0.016424108607073624,0.015136901599665483
smd,./data/SMD,machine-2-3,machine-2-3,base_noTTA,100,256,128,0.15,50,64,0.001,1,0,1,0,0.001,adam,0.1,0.99,fixed,gated,5000,none,8,0.95,"[0.5, 1.0, 2.0]",0,0,3,38,2.015652,0,0.0006282434915192425,inf,30.934579610824585,0.9528182629151204,0.4536881799471365,0.24150177574835108,0.1398354876615746,0.8847583643122676,0.48556876061120546,23590,22017,0,1259,442,0.9799246191978455,0.3510722815990448,0.9661456942558289,0.01119269613190797,,,,,,,,,0.040538961067795753,0.028417417469124
smd,./data/SMD,machine-2-2,machine-2-2,mask_noTTA,100,256,128,0.15,50,64,0.001,1,1,1,0,0.001,adam,0.1,0.99,fixed,gated,5000,none,8,0.95,"[0.5, 1.0, 2.0]",0,0,2,38,2.01569,8,0.0008101370185613632,0.0003923302283510566,29.342051029205322,0.5628045241262163,0.14790187152513928,0.12302607418288651,0.1282051282051282,0.11824920578891635,0.23161401134648416,23601,21607,0,3922,2861,0.8675892353057861,0.7294747829437256,0.9525890350341797,0.07691690868343581,0.5865269765005745,0.15072282944971171,0.5958846550567999,0.1522078658216538,0.6031891742858825,0.15351111493491687,0.609563534104038,0.14442593440763524,0.011158191909392675,0.048436557253201805
smd,./data/SMD,machine-3-7,machine-3-7,fixed,100,256,128,0.15,50,64,0.001,1,1,1,1,0.001,adam,0.1,0.99,fixed,gated,5000,none,8,0.95,"[0.5, 1.0, 2.0]",0,0,6,38,2.01569,8,0.00014708368689753115,0.0002517576504033059,31.890833377838135,0.8583625369143641,0.4162633951987423,0.1167066346922462,0.06389496717724288,0.6728110599078341,0.49831649831649827,28606,26057,435,929,238,0.9908661842346191,0.2561894655227661,0.9328684210777283,0.0803329590724947,0.8892371838266468,0.45295040428773736,0.8898297045041513,0.48601841310511906,0.884615522542111,0.5251682147674375,0.8402214609196345,0.48885245954875445,0.05312827788293362,0.0795603593190511
smd,./data/SMD,machine-1-1,machine-1-1,noMask_fixed,100,256,128,0.15,50,64,0.001,1,0,1,1,0.001,adam,0.1,0.99,fixed,gated,5000,none,8,0.95,"[0.5, 1.0, 2.0]",0,0,9,38,2.015652,0,0.00013471014972310513,inf,31.941301345825195,0.9078365384823017,0.46362443874718356,0.3809951365506921,0.23859057257988942,0.9450631031922792,0.5420590081607031,28380,19548,342,3486,24,0.9987722635269165,0.006884681526571512,0.7842853665351868,0.025118825467561987,,,,,,,,,0.11064129695296288,0.28538371125857037
smd,./data/SMD,machine-3-3,machine-3-3,gate_gbuf5k,100,256,128,0.15,50,64,0.001,1,1,1,1,0.001,adam,0.1,0.99,adaptive,gated,5000,unc,8,0.95,"[0.5, 1.0, 2.0]",0,0,5,38,2.01569,8,0.0008628147188574076,0.000292348675429821,28.257282733917236,0.8817947239369498,0.27762326676651206,0.2558139534883721,0.1660377358490566,0.5569620253164557,0.3434343434343434,23604,21191,361,3206,1927,0.9090651869773865,0.6010605096817017,0.9444063305854797,0.08337227212556478,0.896750756744864,0.3047084934656833,0.8996033296225355,0.31045015547815724,0.8989222318116503,0.28867589224438817,0.8603737828574313,0.12307086286993635,0.006655581916371982,0.012727273007233938
smd,./data/SMD,machine-3-5,machine-3-5,gate_gbuf5k,100,256,128,0.15,50,64,0.001,1,1,1,1,0.001,adam,0.1,0.99,adaptive,gated,5000,unc,8,0.95,"[0.5, 1.0, 2.0]",0,0,2,38,2.01569,8,0.0012552404077723622,0.0004404652863740921,29.729530334472656,0.8166590487837115,0.3122961378708262,0.15989911727616643,0.08957332579824809,0.744131455399061,0.38208168642951257,23592,18615,356,1515,609,0.9672844409942627,0.4019801914691925,0.8155999183654785,0.104690919936249,0.8274902657581711,0.3275147166686303,0.8333997249490207,0.33488950153654345,0.8389498824020849,0.3352058899848029,0.8229463751489523,0.12936142222673358,0.042532145977020264,0.07016535910467307
smd,./data/SMD,machine-2-1,machine-2-1,noMask_fixed,100,256,128,0.15,50,64,0.001,1,0,1,1,0.001,adam,0.1,0.99,fixed,gated,5000,none,8,0.95,"[0.5, 1.0, 2.0]",0,0,0,38,2.015652,0,0.0013359957374632359,inf,28.311506748199463,0.7642219049917505,0.30959419130522925,0.31704949854416054,0.25507548152004167,0.4188034188034188,0.3385416666666667,23595,22797,364,2457,1660,0.9271833896636963,0.6756206750869751,0.9999526739120483,0.028602085166069432,,,,,,,,,0.00014887598808854818,0.0
smd,./data/SMD,machine-3-1,machine-3-1,mask_noTTA,100,256,128,0.15,50,64,0.001,1,1,1,0,0.001,adam,0.1,0.99,fixed,gated,5000,none,8,0.95,"[0.5, 1.0, 2.0]",0,0,1,38,2.01569,8,0.0003920056624338031,0.00020624585158657283,33.435506105422974,0.8753796569730636,0.32954707104893827,0.04958075100255195,0.025506376594148537,0.8831168831168831,0.38072289156626504,28601,16212,0,704,32,0.9980261325836182,0.04545454680919647,0.5799906849861145,0.06137696651598652,0.8921300768828242,0.33418662625875784,0.8926248888474163,0.33711850763672374,0.8902152106135622,0.3397919979242228,0.8392636438652922,0.20245730658597347,0.20952708274126053,0.5154737532138824
smd,./data/SMD,machine-3-8,machine-3-8,gate_noTTA,100,256,128,0.15,50,64,0.001,1,1,1,0,0.001,adam,0.1,0.99,fixed,gated,5000,unc,8,0.95,"[0.5, 1.0, 2.0]",0,0,3,38,2.01569,8,0.0006292931502684951,0.0001813923881854862,32.81446123123169,0.8514287266619013,0.2612877515951807,0.2966687617850408,0.20811287477954143,0.5164113785557987,0.30409937888198757,28605,20443,0,1965,241,0.9882110953330994,0.12264630943536758,0.7583333253860474,0.06281447314732642,0.8939368369838955,0.3105141300080805,0.8926158383262559,0.3340281895553863,0.8860982800585468,0.3461656674283561,0.8476031342966424,0.2891682103899634,0.0026797158643603325,0.26077231764793396
smd,./data/SMD,machine-2-8,machine-2-8,noMask_fixed,100,256,128,0.15,50,64,0.001,1,0,1,1,0.001,adam,0.1,0.99,fixed,gated,5000,none,8,0.95,"[0.5, 1.0, 2.0]",0,0,5,38,2.015652,0,0.00010388220107415691,inf,25.16671848297119,0.9938405313405775,0.966493521272389,0.10208062418725618,0.05385934819897084,0.9751552795031055,0.96,23604,21098,349,260,13,0.999383807182312,0.05000000074505806,0.9032299518585205,0.02724671642611823,,,,,,,,,0.06099110469222069,0.014424267215266203
smd,./data/SMD,machine-3-11,machine-3-11,base_noTTA,100,256,128,0.15,50,64,0.001,1,0,1,0,0.001,adam,0.1,0.99,fixed,gated,5000,none,8,0.95,"[0.5, 1.0, 2.0]",0,0,7,38,2.015652,0,0.00037258362863212824,inf,29.74125051498413,0.9006657210039903,0.5879951036968056,0.026465566306203756,0.01342185019483331,0.9393939393939394,0.6478873239436619,28597,13528,0,440,0,1.0,0.0,0.4804489016532898,0.009494148468093346,,,,,,,,,0.13076923290888467,0.9818114240964254
smd,./data/SMD,machine-2-2,machine-2-2,gate_noTTA,100,256,128,0.15,50,64,0.001,1,1,1,0,0.001,adam,0.1,0.99,fixed,gated,5000,unc,8,0.95,"[0.5, 1.0, 2.0]",0,0,0,38,2.01569,8,0.0007796758436597884,0.00041587711893953383,29.195376873016357,0.5888867860627942,0.15500912657996058,0.129985754985755,0.13115343154868847,0.1288386869043417,0.2460395752335635,23601,20882,0,3922,2598,0.8755866289138794,0.6624171137809753,0.9291122555732727,0.0686759964085591,0.5985704665679605,0.15463829486506278,0.6010838042377242,0.15424086739923482,0.6024720698016319,0.15364319949917354,0.5992095298529874,0.1413988563055637,0.011158191909392675,0.04862350970506668
smd,./data/SMD,machine-1-1,machine-1-1,base_noTTA,100,256,128,0.15,50,64,0.001,1,0,1,0,0.001,adam,0.1,0.99,fixed,gated,5000,none,8,0.95,"[0.5, 1.0, 2.0]",0,0,0,38,2.015652,0,0.0001332108658971265,inf,38.08353281021118,0.9037172717285981,0.49103269209241446,0.3727651966626937,0.2331780055917987,0.9287305122494433,0.5469348659003832,28380,19687,0,3486,38,0.9980697631835938,0.01090074609965086,0.789306640625,0.010784509066043394,,,,,,,,,0.11463471874594688,0.27321115136146545
smd,./data/SMD,machine-3-7,machine-3-7,gate_noTTA,100,256,128,0.15,50,64,0.001,1,1,1,0,0.001,adam,0.1,0.99,fixed,gated,5000,unc,8,0.95,"[0.5, 1.0, 2.0]",0,0,5,38,2.01569,8,0.00016744709864724427,0.000263979600276798,34.32899475097656,0.826863501981399,0.42108660327276637,0.1168973851900681,0.06461015302404663,0.6129032258064516,0.5067567567567568,28606,26397,0,929,285,0.9892033338546753,0.30678147077560425,0.9434548616409302,0.059970590540356444,0.8596766776852148,0.4604844107090874,0.8640484533580275,0.4968860068342114,0.8652800324443783,0.5321000867844948,0.8456524793689517,0.48286864282466807,0.028078760330875713,0.027649973596756656
smd,./data/SMD,machine-3-8,machine-3-8,gate_noTTA,100,256,128,0.15,50,64,0.001,1,1,1,0,0.001,adam,0.1,0.99,fixed,gated,5000,unc,8,0.95,"[0.5, 1.0, 2.0]",0,0,0,38,2.01569,8,0.0006635029567405581,0.00018357826047576964,36.02458930015564,0.850190880002993,0.27987041428771886,0.3004474749627104,0.21222155328115594,0.5142231947483589,0.3050213675213675,28605,20711,0,1965,242,0.9883154034614563,0.12315521389245987,0.7683558464050293,0.06527188065543373,0.8920514001038011,0.3296035995797114,0.8907461592302602,0.35342034218821916,0.8845433029911263,0.3628419137315136,0.8454405018495315,0.2956538888701777,0.00011650937570569415,0.2274456446369489
smd,./data/SMD,machine-3-6,machine-3-6,base_noTTA,100,256,128,0.15,50,64,0.001,1,0,1,0,0.001,adam,0.1,0.99,fixed,gated,5000,none,8,0.95,"[0.5, 1.0, 2.0]",0,0,3,38,2.015652,0,0.0003438511921558529,inf,31.077392101287842,0.8621497786282373,0.2993946053659299,0.2652064525677076,0.16106417400683085,0.7504187604690117,0.33169533169533166,28627,24621,0,2283,66,0.9973193407058716,0.02890932932496071,0.9320908188819885,0.009328257039402234,,,,,,,,,0.012934254482388496,0.12370911861459415
smd,./data/SMD,machine-3-2,machine-3-2,noMask_fixed,100,256,128,0.15,50,64,0.001,1,0,1,1,0.001,adam,0.1,0.99,fixed,gated,5000,none,8,0.95,"[0.5, 1.0, 2.0]",0,0,2,38,2.015652,0,0.008208573795855045,inf,27.497433185577393,0.4681778312315573,0.04678944859511091,0.018835616438356163,0.1864406779661017,0.009918845807033363,0.09116999904333685,23604,23604,369,2018,2018,0.9145060181617737,1.0,1.0,0.02879404330774801,,,,,,,,,0.0,0.0
smd,./data/SMD,machine-1-5,machine-1-5,base_noTTA,100,256,128,0.15,50,64,0.001,1,0,1,0,0.001,adam,0.1,0.99,fixed,gated,5000,none,8,0.95,"[0.5, 1.0, 2.0]",0,0,2,38,2.015652,0,0.0007152698235586286,inf,29.616984605789185,0.9360505803609251,0.542116021290782,0.07634307257304429,0.040059347181008904,0.81,0.6020408163265306,23607,21909,0,793,48,0.997809112071991,0.06052963435649872,0.9582273960113525,0.010358932265010485,,,,,,,,,0.0,0.09017936637004216
smd,./data/SMD,machine-3-11,machine-3-11,mask_noTTA,100,256,128,0.15,50,64,0.001,1,1,1,0,0.001,adam,0.1,0.99,fixed,gated,5000,none,8,0.95,"[0.5, 1.0, 2.0]",0,0,3,38,2.01569,8,0.0004077529883943498,0.0002286282688146457,35.014347314834595,0.8902657354653986,0.5183363412426479,0.024581159022246637,0.012459974940832522,0.9040404040404041,0.6102719033232629,28597,13363,0,440,0,1.0,0.0,0.47458890080451965,0.06409557973621116,0.897395422397177,0.5224048232776173,0.9024404335303345,0.5258478982369688,0.9061124969960677,0.5276743976655422,0.8930281125522898,0.2455390439699932,0.13927739361921945,0.9818114240964254
smd,./data/SMD,machine-3-9,machine-3-9,gate_gbuf5k,100,256,128,0.15,50,64,0.001,1,1,1,1,0.001,adam,0.1,0.99,adaptive,gated,5000,unc,8,0.95,"[0.5, 1.0, 2.0]",0,0,7,38,2.01569,8,0.00023759616306051612,0.00013130958541296422,33.49035167694092,0.8498869105495553,0.26781891941353525,0.06593127932040066,0.034282700421940926,0.858085808580858,0.3235955056179775,28614,11067,335,699,18,0.9983735680580139,0.02575107291340828,0.39580869674682617,0.08189631531621339,0.8664626177506874,0.2790259241574308,0.8706570340244163,0.2860289510486515,0.874179360913916,0.30223633246870063,0.8470455598886181,0.25407669759751395,0.29520251353581745,0.29450471699237823
smd,./data/SMD,machine-2-8,machine-2-8,gate_noTTA,100,256,128,0.15,50,64,0.001,1,1,1,0,0.001,adam,0.1,0.99,fixed,gated,5000,unc,8,0.95,"[0.5, 1.0, 2.0]",0,0,8,38,2.01569,8,0.00010915015445789322,8.178660937119275e-05,27.690009355545044,0.9951998041296353,0.9648948063440048,0.10223228728566806,0.05392491467576792,0.9813664596273292,0.9430379746835442,23604,20791,0,260,11,0.9994709491729736,0.042307693511247635,0.8901644945144653,0.06487451959638106,0.9943207092280164,0.9658758228377762,0.9940225768033978,0.9660930674255789,0.9937729898355312,0.9666621160662667,0.9881361763382056,0.9373133147460412,0.04122547091295322,0.0
smd,./data/SMD,machine-3-2,machine-3-2,noMask_fixed,100,256,128,0.15,50,64,0.001,1,0,1,1,0.001,adam,0.1,0.99,fixed,gated,5000,none,8,0.95,"[0.5, 1.0, 2.0]",0,0,9,38,2.015652,0,0.006360265426337719,inf,24.173646450042725,0.47795040904353664,0.04800644849318385,0.021720969089390144,0.14772727272727273,0.011722272317403066,0.09126788357178095,23604,23604,369,2018,2018,0.9145060181617737,1.0,1.0,0.02873075188186043,,,,,,,,,0.0,0.0
smd,./data/SMD,machine-2-4,machine-2-4,noMask_fixed,100,256,128,0.15,50,64,0.001,1,0,1,1,0.001,adam,0.1,0.99,fixed,gated,5000,none,8,0.95,"[0.5, 1.0, 2.0]",0,0,1,38,2.015652,0,0.0005658071604557335,inf,27.672542333602905,0.8104409663782661,0.41387049727846487,0.36693312536556827,0.2739446870451237,0.5554899645808736,0.41616290168628695,23590,21354,351,3674,2008,0.9059661030769348,0.546543300151825,0.971379816532135,0.029043142651036007,,,,,,,,,0.034761366744836174,0.03760929486209837
smd,./data/SMD,machine-3-1,machine-3-1,base_noTTA,100,256,128,0.15,50,64,0.001,1,0,1,0,0.001,adam,0.1,0.99,fixed,gated,5000,none,8,0.95,"[0.5, 1.0, 2.0]",0,0,6,38,2.015652,0,0.0003498319420032203,inf,30.048072576522827,0.878960096679877,0.3282102802611342,0.04957929973762779,0.025500232666356443,0.8896103896103896,0.38559322033898313,28601,18285,0,704,35,0.9980858564376831,0.049715910106897354,0.6541922092437744,0.00907500254258022,,,,,,,,,0.1000467079381148,0.46967026591300964
smd,./data/SMD,machine-2-1,machine-2-1,gate_noTTA,100,256,128,0.15,50,64,0.001,1,1,1,0,0.001,adam,0.1,0.99,fixed,gated,5000,unc,8,0.95,"[0.5, 1.0, 2.0]",0,0,8,38,2.01569,8,0.0013925047824159265,0.0002933959476649761,27.364384651184082,0.7784082353941172,0.30244208093466296,0.2950916617386162,0.2255877034358047,0.4264957264957265,0.33465783664459164,23595,21387,0,2457,1054,0.9507177472114563,0.42897844314575195,0.9619169235229492,0.06769894290510996,0.8224932721336555,0.37566225607601,0.8276896666347919,0.40340169996553366,0.8270072037120518,0.41217563248216926,0.8035871139160964,0.3361339224353481,0.00014887598808854818,0.0
smd,./data/SMD,machine-3-4,machine-3-4,gate_noTTA,100,256,128,0.15,50,64,0.001,1,1,1,0,0.001,adam,0.1,0.99,fixed,gated,5000,unc,8,0.95,"[0.5, 1.0, 2.0]",0,0,0,38,2.01569,8,0.0016803231555968523,0.0002761228824965656,28.294114351272583,0.7496805658277773,0.3365571439086955,0.24752837788355916,0.19270239452679588,0.345957011258956,0.38242097147262916,23588,21374,0,1769,612,0.9713670611381531,0.3459581732749939,0.9515559673309326,0.061232204333753815,0.7858833081616952,0.39841775801391915,0.7896437976587899,0.4163848582783832,0.7900187581661346,0.4266221829175045,0.7850187288705844,0.40976740299490627,0.011274137223760286,0.0
smd,./data/SMD,machine-2-6,machine-2-6,mask_noTTA,100,256,128,0.15,50,64,0.001,1,1,1,0,0.001,adam,0.1,0.99,fixed,gated,5000,none,8,0.95,"[0.5, 1.0, 2.0]",0,0,4,38,2.01569,8,0.00042423317790962756,0.00016052948194555938,40.12779092788696,0.8625029732022037,0.33214629953677843,0.10699854533699692,0.05743536352594135,0.7806603773584906,0.3520871143375681,28644,24349,0,1121,117,0.9951948523521423,0.1043711006641388,0.8804273009300232,0.08723332452101508,0.9004089277350296,0.353742042383229,0.9066971671129522,0.36399402221662713,0.9099970884271976,0.3672330344011184,0.8998710446416733,0.23816269535344514,0.04315312206745148,0.14750223979353905
smd,./data/SMD,machine-3-5,machine-3-5,noMask_fixed,100,256,128,0.15,50,64,0.001,1,0,1,1,0.001,adam,0.1,0.99,fixed,gated,5000,none,8,0.95,"[0.5, 1.0, 2.0]",0,0,0,38,2.015652,0,0.0012427730252966285,inf,26.609705448150635,0.8234028427315812,0.3292254484621334,0.08634617931399814,0.045754385964912284,0.7652582159624414,0.4253393665158371,23592,15486,275,1515,566,0.9634508490562439,0.3735973536968231,0.6758164763450623,0.023728944601225183,,,,,,,,,0.05129292110602061,0.7258354425430298
smd,./data/SMD,machine-2-9,machine-2-9,gate_gbuf5k,100,256,128,0.15,50,64,0.001,1,1,1,1,0.001,adam,0.1,0.99,adaptive,gated,5000,unc,8,0.95,"[0.5, 1.0, 2.0]",0,0,3,38,2.01569,8,0.0006982992053963244,0.0004088413552381098,38.322508573532104,0.9567714871938554,0.5310036160537649,0.45955973287163,0.40603146853146854,0.5293447293447293,0.5625284220100045,28623,25079,435,2745,393,0.9843295216560364,0.14316940307617188,0.9539377093315125,0.10996697329918435,0.9642720019625126,0.5585659581567204,0.9662290419957197,0.5715571772537996,0.9669374946713916,0.5823156270683097,0.9511742588836815,0.5435695972439948,0.01990918613349398,0.005934051393220822
smd,./data/SMD,machine-1-2,machine-1-2,gate_gbuf5k,100,256,128,0.15,50,64,0.001,1,1,1,1,0.001,adam,0.1,0.99,adaptive,gated,5000,unc,8,0.95,"[0.5, 1.0, 2.0]",0,0,0,38,2.01569,8,0.004222489893436432,0.0008267947123385966,33.31018304824829,0.8783131756248453,0.23063537817634214,0.23012385137834598,0.14686384497705252,0.5313653136531366,0.25677031093279834,23595,21884,361,1532,639,0.9708005785942078,0.41710183024406433,0.9629243612289429,0.11627037006304612,0.8896287362579914,0.2656592099463071,0.881093772712088,0.2811508505198566,0.8680219700002805,0.2882145485610005,0.812834784144317,0.18690925969634073,0.018403027943956356,0.0
smd,./data/SMD,machine-3-3,machine-3-3,mask_noTTA,100,256,128,0.15,50,64,0.001,1,1,1,0,0.001,adam,0.1,0.99,fixed,gated,5000,none,8,0.95,"[0.5, 1.0, 2.0]",0,0,1,38,2.01569,8,0.0008444491541013122,0.0002952646464109421,27.45797109603882,0.8848501653399056,0.27697145004981594,0.2591865357643759,0.1575178997613365,0.7310126582278481,0.34504391468005013,23604,22249,0,3206,2285,0.8972987532615662,0.7127261161804199,0.978723406791687,0.06386164466600623,0.9000821075721672,0.3063792872247783,0.902913419718656,0.31749756905712323,0.9028702810092566,0.3083647474083567,0.8701871191242884,0.13557973794970313,0.008447043597698212,0.03394098083178202
smd,./data/SMD,machine-3-6,machine-3-6,noMask_fixed,100,256,128,0.15,50,64,0.001,1,0,1,1,0.001,adam,0.1,0.99,fixed,gated,5000,none,8,0.95,"[0.5, 1.0, 2.0]",0,0,9,38,2.015652,0,0.0003562736383173615,inf,32.332902669906616,0.8530232431224845,0.284039874494858,0.2765992435454695,0.1720892162881113,0.7043551088777219,0.3090710382513661,28627,24694,409,2283,68,0.997246265411377,0.02978537045419216,0.9347859025001526,0.028330343553413368,,,,,,,,,0.006831934966612607,0.12489462147156398
smd,./data/SMD,machine-3-4,machine-3-4,noMask_fixed,100,256,128,0.15,50,64,0.001,1,0,1,1,0.001,adam,0.1,0.99,fixed,gated,5000,none,8,0.95,"[0.5, 1.0, 2.0]",0,0,9,38,2.015652,0,0.0015645652310922742,inf,25.44747829437256,0.7417440632567548,0.33599072983975237,0.2586027111574557,0.1957894736842105,0.38075742067553736,0.3713450292397661,23588,22691,365,1769,921,0.9594112038612366,0.5206331014633179,0.9977542757987976,0.028706504588250855,,,,,,,,,0.010286476152638594,0.0
smd,./data/SMD,machine-1-7,machine-1-7,fixed,100,256,128,0.15,50,64,0.001,1,1,1,1,0.001,adam,0.1,0.99,fixed,gated,5000,none,8,0.95,"[0.5, 1.0, 2.0]",0,0,6,38,2.01569,8,0.0024238242767751217,0.000666222651489079,24.011574029922485,0.6473827646644048,0.23695592384989336,0.14987450699175334,0.5345268542199488,0.0871559633027523,0.25403737978588276,23598,23310,368,3677,3389,0.8546117544174194,0.9216752648353577,1.0,0.08261569506718512,0.702376076265254,0.29741009863054846,0.7080932175000209,0.3099945128609552,0.7109562815092988,0.3117755053015329,0.7100028503180479,0.2902230932972708,0.0,0.0
smd,./data/SMD,machine-2-3,machine-2-3,base_noTTA,100,256,128,0.15,50,64,0.001,1,0,1,0,0.001,adam,0.1,0.99,fixed,gated,5000,none,8,0.95,"[0.5, 1.0, 2.0]",0,0,0,38,2.015652,0,0.0006294177146628499,inf,26.683778762817383,0.9547895390144097,0.49851503467146346,0.24639175257731957,0.14302812687013763,0.8884758364312267,0.5008635578583764,23590,22017,0,1259,441,0.9799700379371643,0.35027799010276794,0.9661905169487,0.009146389591335088,,,,,,,,,0.04010495605568091,0.02926523455729087
smd,./data/SMD,machine-1-4,machine-1-4,base_noTTA,100,256,128,0.15,50,64,0.001,1,0,1,0,0.001,adam,0.1,0.99,fixed,gated,5000,none,8,0.95,"[0.5, 1.0, 2.0]",0,0,2,38,2.015652,0,0.0009725139825604856,inf,27.333184003829956,0.799819765277959,0.25409644043932805,0.3118696664080683,0.3532513181019332,0.2791666666666667,0.3158783783783784,23608,23001,0,1908,1301,0.9434372186660767,0.6818658113479614,1.0,0.01016809592122589,,,,,,,,,0.0,0.0
smd,./data/SMD,machine-2-6,machine-2-6,gate_noTTA,100,256,128,0.15,50,64,0.001,1,1,1,0,0.001,adam,0.1,0.99,fixed,gated,5000,unc,8,0.95,"[0.5, 1.0, 2.0]",0,0,8,38,2.01569,8,0.0004370217502582818,0.00016023681382648647,30.009700536727905,0.8544937327895732,0.35126385842928265,0.10538448872056644,0.0566471941936626,0.7547169811320755,0.37847222222222227,28644,21561,0,1121,82,0.9961968660354614,0.07314897328615189,0.7804018259048462,0.06262790122989036,0.8962504005911092,0.368981634978804,0.9023187312738231,0.3759846808041954,0.9056945233781973,0.3745332124911894,0.897032927423218,0.2381806491564833,0.04327302177747091,0.14738523215055466
smd,./data/SMD,machine-2-3,machine-2-3,gate_gbuf5k,100,256,128,0.15,50,64,0.001,1,1,1,1,0.001,adam,0.1,0.99,adaptive,gated,5000,unc,8,0.95,"[0.5, 1.0, 2.0]",0,0,9,38,2.01569,8,0.0006582778878509998,0.00024242485233116895,27.741453409194946,0.9541006479385649,0.4457910106241868,0.2767593140153755,0.16455696202531644,0.8698884758364313,0.4556213017751479,23590,20594,361,1259,224,0.9891230463981628,0.17791898548603058,0.9121848344802856,0.08732301292403263,0.9572100228889616,0.4631998326660874,0.9538665202111752,0.45736514854541427,0.9482644389347268,0.43546583980145315,0.9104746364274172,0.17402943109631283,0.0300695455322663,0.012858555962642034
smd,./data/SMD,machine-2-4,machine-2-4,gate_noTTA,100,256,128,0.15,50,64,0.001,1,1,1,0,0.001,adam,0.1,0.99,fixed,gated,5000,unc,8,0.95,"[0.5, 1.0, 2.0]",0,0,8,38,2.01569,8,0.000577559694647789,0.0003287270956207067,24.95514178276062,0.7564133927615296,0.35896652948636965,0.26271970397779837,0.16924910607866508,0.5867768595041323,0.35946745562130183,23590,20463,0,3674,1725,0.9157015085220337,0.46951550245285034,0.9408515691757202,0.06630553083431928,0.8012953598716892,0.3837850050706714,0.8250524496685814,0.4019111639638172,0.8462862521346889,0.4221593727982286,0.8311694082024115,0.3565054085638937,0.05016911029815674,0.036206057586241513
smd,./data/SMD,machine-1-7,machine-1-7,gate_gbuf5k,100,256,128,0.15,50,64,0.001,1,1,1,1,0.001,adam,0.1,0.99,adaptive,gated,5000,unc,8,0.95,"[0.5, 1.0, 2.0]",0,0,9,38,2.01569,8,0.0024207374081015587,0.0006936908466741443,25.081437826156616,0.6535447027491061,0.22468518195562992,0.1773981603153745,0.4179566563467492,0.11259382819015847,0.2657858349976955,23598,22749,367,3677,2838,0.8752472400665283,0.771824836730957,0.9994980096817017,0.09131899364156858,0.7046135211115606,0.28420232639107945,0.709860510627097,0.2967563302672429,0.712668792455456,0.30098768063076214,0.7116475492257445,0.28651709938955394,0.0,0.0
smd,./data/SMD,machine-2-8,machine-2-8,gate_noTTA,100,256,128,0.15,50,64,0.001,1,1,1,0,0.001,adam,0.1,0.99,fixed,gated,5000,unc,8,0.95,"[0.5, 1.0, 2.0]",0,0,1,38,2.01569,8,0.00011035853822249919,7.894731243140996e-05,27.247114896774292,0.9928836054077528,0.9645411271002583,0.10186976144422952,0.0537232233934036,0.9813664596273292,0.96,23604,20860,0,260,10,0.9995205998420715,0.03846153989434242,0.8931631445884705,0.06237378101836946,0.9921245549779936,0.9645278032070237,0.9919269433089322,0.9647756586664503,0.9918251033833545,0.964669116329407,0.9900006912450907,0.9272842305963641,0.038260624200726547,0.0
smd,./data/SMD,machine-1-2,machine-1-2,mask_noTTA,100,256,128,0.15,50,64,0.001,1,1,1,0,0.001,adam,0.1,0.99,fixed,gated,5000,none,8,0.95,"[0.5, 1.0, 2.0]",0,0,8,38,2.01569,8,0.004014172591269016,0.0007981091621331871,25.646794319152832,0.8723745623340823,0.2555919769202163,0.25888019265502704,0.19213583556747096,0.3966789667896679,0.28959276018099545,23595,23206,0,1532,1156,0.9501852989196777,0.7545691728591919,0.9994107484817505,0.0636433312185085,0.8825453142014144,0.28833764754046703,0.8752304280774322,0.30162297862237614,0.8637567195903472,0.30023403816844874,0.8133303858090413,0.17423896984708231,0.0016017939584950607,0.0
smd,./data/SMD,machine-3-5,machine-3-5,base_noTTA,100,256,128,0.15,50,64,0.001,1,0,1,0,0.001,adam,0.1,0.99,fixed,gated,5000,none,8,0.95,"[0.5, 1.0, 2.0]",0,0,9,38,2.015652,0,0.0012413263320922852,inf,22.934387683868408,0.7992867441773646,0.27353457178690954,0.07797886554111502,0.041116946330216474,0.7535211267605634,0.36363636363636365,23592,14632,0,1515,557,0.9619327783584595,0.36765676736831665,0.6375413537025452,0.008878636335914278,,,,,,,,,0.051716829339663185,0.7760665814081827
smd,./data/SMD,machine-2-9,machine-2-9,gate_noTTA,100,256,128,0.15,50,64,0.001,1,1,1,0,0.001,adam,0.1,0.99,fixed,gated,5000,unc,8,0.95,"[0.5, 1.0, 2.0]",0,0,5,38,2.01569,8,0.0007034782902337611,0.00039493333315476775,34.284889698028564,0.9662297498356385,0.5883640770144462,0.5973823012307091,0.45451843043995244,0.8712250712250712,0.6469614566091274,28623,24621,0,2745,216,0.9912270307540894,0.07868852466344833,0.9430790543556213,0.06902756374620214,0.9695788679991595,0.609920400207879,0.9689843775504028,0.6169976110109974,0.9673171926815268,0.621252910543556,0.9535714063099388,0.600489178174044,0.0013971358227233093,0.05042481670777003
smd,./data/SMD,machine-2-4,machine-2-4,gate_noTTA,100,256,128,0.15,50,64,0.001,1,1,1,0,0.001,adam,0.1,0.99,fixed,gated,5000,unc,8,0.95,"[0.5, 1.0, 2.0]",0,0,0,38,2.01569,8,0.0005679897149093449,0.0003561358025763184,27.497946739196777,0.7585753094577413,0.36490496430251285,0.26386078510724403,0.17100891764294457,0.577331759149941,0.3684582743988685,23590,20408,0,3674,1686,0.9173853397369385,0.4589003920555115,0.9400482177734375,0.06445830734466385,0.7992023785592572,0.38962286224037446,0.8215135429781321,0.4079107168233268,0.8423658054731232,0.4293666516195799,0.8282744441489198,0.3573193571718056,0.050357008973757424,0.045428014476783574
smd,./data/SMD,machine-3-4,machine-3-4,mask_noTTA,100,256,128,0.15,50,64,0.001,1,1,1,0,0.001,adam,0.1,0.99,fixed,gated,5000,none,8,0.95,"[0.5, 1.0, 2.0]",0,0,7,38,2.01569,8,0.0017231543315574527,0.000279660482192412,28.010577917099,0.7488372370780709,0.3354805818960958,0.2528111671190384,0.2034956304619226,0.3336745138178096,0.38248175182481753,23588,22824,0,1769,1034,0.9546968340873718,0.5845110416412354,0.9986708760261536,0.060284624913192836,0.7873179563243908,0.402240255803127,0.7914748371505436,0.42058251486455206,0.7920946633873678,0.4304918739494948,0.7859801186875413,0.41291734654519646,0.006352432072162628,0.0
smd,./data/SMD,machine-2-5,machine-2-5,mask_noTTA,100,256,128,0.15,50,64,0.001,1,1,1,0,0.001,adam,0.1,0.99,fixed,gated,5000,none,8,0.95,"[0.5, 1.0, 2.0]",0,0,1,38,2.01569,8,0.002835979452356696,0.00063708407105878,27.641862154006958,0.9233810922757408,0.4774782111748276,0.2827640984908658,0.6379928315412187,0.1816326530612245,0.5194922937443336,23590,23451,0,3016,2877,0.8773186802864075,0.9539124965667725,1.0,0.06190553061180875,0.9398521309091692,0.4705047334217541,0.9345149050857299,0.4105159780962638,0.9281309397245181,0.34901389995349136,0.90975536984797,0.2374822386496223,0.0,0.0
smd,./data/SMD,machine-1-1,machine-1-1,fixed,100,256,128,0.15,50,64,0.001,1,1,1,1,0.001,adam,0.1,0.99,fixed,gated,5000,none,8,0.95,"[0.5, 1.0, 2.0]",0,0,0,38,2.01569,8,0.00015585284563712776,0.00017956466763280332,38.858128786087036,0.9073044343760341,0.474894779318153,0.37726059887340646,0.23569179477681051,0.9446919079435783,0.5421686746987951,28380,19865,353,3486,26,0.9986911416053772,0.00745840510353446,0.7969390153884888,0.10253708491953768,0.9261637442508645,0.5040317100832127,0.9324524770030975,0.5222112354538718,0.9374445600425769,0.5447217886717642,0.9207921308046854,0.5695378222109786,0.09114399676521619,0.2800598442554474
smd,./data/SMD,machine-3-7,machine-3-7,noMask_fixed,100,256,128,0.15,50,64,0.001,1,0,1,1,0.001,adam,0.1,0.99,fixed,gated,5000,none,8,0.95,"[0.5, 1.0, 2.0]",0,0,2,38,2.015652,0,0.00018791465845424682,inf,33.50835609436035,0.8576195632560242,0.42768650208608056,0.15613166326827846,0.08936312104034679,0.6175115207373272,0.5050847457627119,28606,27330,440,929,349,0.987230122089386,0.37567275762557983,0.9748527407646179,0.028732897626397694,,,,,,,,,0.030641967430710793,0.03374861987928549
smd,./data/SMD,machine-3-4,machine-3-4,gate_noTTA,100,256,128,0.15,50,64,0.001,1,1,1,0,0.001,adam,0.1,0.99,fixed,gated,5000,unc,8,0.95,"[0.5, 1.0, 2.0]",0,0,2,38,2.01569,8,0.0016890004044398665,0.0002897075319197029,29.25454354286194,0.7527365424129708,0.33539263107059186,0.2396925227113906,0.1819628647214854,0.3510747185261003,0.37702503681885124,23588,21538,0,1769,629,0.9707958102226257,0.3555681109428406,0.9582932591438293,0.07627860194285967,0.785935319030795,0.3956424973658341,0.7889939096804667,0.41344326244938623,0.7886763684514868,0.42285516945073254,0.7811983412408783,0.39927244375229404,0.009804640586177507,0.0
smd,./data/SMD,machine-2-1,machine-2-1,fixed,100,256,128,0.15,50,64,0.001,1,1,1,1,0.001,adam,0.1,0.99,fixed,gated,5000,none,8,0.95,"[0.5, 1.0, 2.0]",0,0,4,38,2.01569,8,0.0013828604714944959,0.00030627063824795187,29.135276794433594,0.7697967372314735,0.31272849514855977,0.32540760869565216,0.27001127395715896,0.4094017094017094,0.3421610169491526,23595,23001,365,2457,1864,0.9189600348472595,0.7586487531661987,0.9999526739120483,0.09373499948510075,0.8193426726591351,0.3832480336682721,0.8266004770599868,0.4074184851243927,0.8277182591180993,0.4132236970010909,0.8074357722133427,0.33153675558278484,0.00014887598808854818,0.0
smd,./data/SMD,machine-1-8,machine-1-8,base_noTTA,100,256,128,0.15,50,64,0.001,1,0,1,0,0.001,adam,0.1,0.99,fixed,gated,5000,none,8,0.95,"[0.5, 1.0, 2.0]",0,0,8,38,2.015652,0,0.0005839294171892107,inf,26.946123123168945,0.8336163972825861,0.35153450882288373,0.2843772498200144,0.19602977667493796,0.5176933158584535,0.3945163747143945,23600,22458,0,2691,1627,0.927553653717041,0.6046079397201538,0.9962695240974426,0.009013474997827562,,,,,,,,,0.013853402497867743,0.0
smd,./data/SMD,machine-1-4,machine-1-4,base_noTTA,100,256,128,0.15,50,64,0.001,1,0,1,0,0.001,adam,0.1,0.99,fixed,gated,5000,none,8,0.95,"[0.5, 1.0, 2.0]",0,0,7,38,2.015652,0,0.0009476492996327579,inf,23.30970788002014,0.8192989213710166,0.2550599970701246,0.3338557993730408,0.3830935251798561,0.29583333333333334,0.33437990580847726,23608,22966,0,1908,1266,0.9448750615119934,0.6635220050811768,1.0,0.008685180430733847,,,,,,,,,0.0,0.0
smd,./data/SMD,machine-2-4,machine-2-4,fixed,100,256,128,0.15,50,64,0.001,1,1,1,1,0.001,adam,0.1,0.99,fixed,gated,5000,none,8,0.95,"[0.5, 1.0, 2.0]",0,0,7,38,2.01569,8,0.0005640704766847193,0.0003506054054014385,24.68136954307556,0.7945247430657337,0.4017762061035572,0.33465722673113446,0.23651452282157676,0.5720188902007084,0.40265486725663724,23590,21428,351,3674,2043,0.9046574831008911,0.5560696721076965,0.9733380079269409,0.08647272070366833,0.8347374483789785,0.4280277259615422,0.8527713312540443,0.4439187369248713,0.8648847690778707,0.4547154703280747,0.8250089037623395,0.343768204762623,0.0353250652551651,0.03118465670074026
smd,./data/SMD,machine-1-5,machine-1-5,gate_noTTA,100,256,128,0.15,50,64,0.001,1,1,1,0,0.001,adam,0.1,0.99,fixed,gated,5000,unc,8,0.95,"[0.5, 1.0, 2.0]",0,0,9,38,2.01569,8,0.000819576031062752,0.0003524787025526166,27.33835005760193,0.941755485893417,0.5463390222253528,0.06954335986594051,0.036292085701792744,0.83,0.580952380952381,23607,21632,0,793,48,0.9977810382843018,0.06052963435649872,0.9460857510566711,0.06340170833749077,0.9634262475641785,0.5539419007943649,0.9625400321952046,0.5488958866290342,0.9597034652207066,0.5244528725459066,0.9261971532661187,0.07494541759118536,0.0,0.07778632640838623
smd,./data/SMD,machine-3-5,machine-3-5,noMask_fixed,100,256,128,0.15,50,64,0.001,1,0,1,1,0.001,adam,0.1,0.99,fixed,gated,5000,none,8,0.95,"[0.5, 1.0, 2.0]",0,0,9,38,2.015652,0,0.0012413263320922852,inf,25.42678141593933,0.8065409867327759,0.3055371924531152,0.08503311258278146,0.04505895564289725,0.7535211267605634,0.39262472885032534,23592,15438,275,1515,565,0.9634019732475281,0.37293729186058044,0.6736875772476196,0.024014163639796877,,,,,,,,,0.05129292110602061,0.7274423638979594
smd,./data/SMD,machine-2-5,machine-2-5,mask_noTTA,100,256,128,0.15,50,64,0.001,1,1,1,0,0.001,adam,0.1,0.99,fixed,gated,5000,none,8,0.95,"[0.5, 1.0, 2.0]",0,0,0,38,2.01569,8,0.002692374400794506,0.0006882042507641017,27.661527395248413,0.9251684803561654,0.4787320247132966,0.29070691024622713,0.6559139784946236,0.186734693877551,0.5168435625288417,23590,23462,0,3016,2888,0.8769073486328125,0.9575597047805786,1.0,0.06307972442704574,0.940133598025057,0.46977606065958694,0.9347460235580428,0.41474875956324087,0.9288855178338895,0.3578584369854963,0.9102010485818356,0.23762257843066,0.0,0.0
smd,./data/SMD,machine-2-9,machine-2-9,fixed,100,256,128,0.15,50,64,0.001,1,1,1,1,0.001,adam,0.1,0.99,fixed,gated,5000,none,8,0.95,"[0.5, 1.0, 2.0]",0,0,0,38,2.01569,8,0.000688432133756578,0.00040510439430363476,35.26055407524109,0.9649475770586758,0.5885221726033498,0.5540099605014597,0.3965093411996067,0.9190883190883191,0.6187219995284132,28623,25079,416,2745,138,0.9944973587989807,0.05027322471141815,0.9637916088104248,0.08795778902056033,0.9691473603328834,0.6100791530640465,0.9699183459112263,0.6202111325047127,0.9696228491570947,0.6282476309327106,0.9584519942438882,0.6065010064323099,0.015019210909182826,0.04935533429185549
smd,./data/SMD,machine-1-3,machine-1-3,fixed,100,256,128,0.15,50,64,0.001,1,1,1,1,0.001,adam,0.1,0.99,fixed,gated,5000,none,8,0.95,"[0.5, 1.0, 2.0]",0,0,9,38,2.01569,8,0.0006648455746471882,0.00020818295888602734,25.488030195236206,0.8159675421713992,0.2566004915829182,0.3071470761961016,0.2968036529680365,0.3182374541003672,0.3272727272727273,23604,22927,366,2005,1385,0.9395908713340759,0.690773069858551,0.9973610043525696,0.08750790116181315,0.8812153229069719,0.3010799245794193,0.8961337397826553,0.32172793779820646,0.9035763019322742,0.3322180611133479,0.9033451525099501,0.27756593671677354,0.0,0.008780036742488543
smd,./data/SMD,machine-3-8,machine-3-8,gate_gbuf5k,100,256,128,0.15,50,64,0.001,1,1,1,1,0.001,adam,0.1,0.99,adaptive,gated,5000,unc,8,0.95,"[0.5, 1.0, 2.0]",0,0,3,38,2.01569,8,0.0006292931502684951,0.0001813923881854862,35.68303418159485,0.8623745958582033,0.25548293057352645,0.27515757444033906,0.19597523219814242,0.4617067833698031,0.3128849470312885,28605,20485,437,1965,294,0.9856480360031128,0.14961832761764526,0.7579204440116882,0.08963642577111482,0.8973772909596511,0.2987233009359737,0.8951377509193619,0.3169550601167433,0.8874098720796164,0.3254320586575116,0.8455502192573572,0.28127737129432107,0.01409763532380263,0.06008065724745393
smd,./data/SMD,machine-3-6,machine-3-6,gate_noTTA,100,256,128,0.15,50,64,0.001,1,1,1,0,0.001,adam,0.1,0.99,fixed,gated,5000,unc,8,0.95,"[0.5, 1.0, 2.0]",0,0,9,38,2.01569,8,0.00043053264380432665,0.00031711641349829733,33.54150128364563,0.86050377255545,0.2980841074296636,0.27037152669372466,0.1661550268610898,0.7252931323283082,0.32199428719813034,28627,23945,0,2283,103,0.9956984519958496,0.04511607438325882,0.905025839805603,0.060810704483947424,0.8946326595201782,0.3158092829280221,0.905178603195648,0.3203899744686813,0.91194082731445,0.318352986663653,0.9032075299739533,0.22574765231162577,0.0017094017724351336,0.10796767100691795
smd,./data/SMD,machine-3-8,machine-3-8,fixed,100,256,128,0.15,50,64,0.001,1,1,1,1,0.001,adam,0.1,0.99,fixed,gated,5000,none,8,0.95,"[0.5, 1.0, 2.0]",0,0,0,38,2.01569,8,0.0006635029567405581,0.00018357826047576964,33.00405740737915,0.861480404988661,0.2819090656725698,0.30905861456483125,0.22215129269071177,0.5076586433260394,0.31587386424371994,28605,25828,434,1965,534,0.9793247580528259,0.27175572514533997,0.9494744539260864,0.08609942092988858,0.8944744029140772,0.32854536952175306,0.8920169357885377,0.35018427535042773,0.8845419954019291,0.35652264737593575,0.8419342147605311,0.29649904507639263,0.0,0.1598113849759102
smd,./data/SMD,machine-2-8,machine-2-8,gate_gbuf5k,100,256,128,0.15,50,64,0.001,1,1,1,1,0.001,adam,0.1,0.99,adaptive,gated,5000,unc,8,0.95,"[0.5, 1.0, 2.0]",0,0,8,38,2.01569,8,0.00010915015445789322,8.178660937119275e-05,28.44818091392517,0.9949159187412374,0.9673378993792237,0.15399705738106917,0.08359957401490947,0.9751552795031055,0.9517684887459806,23604,21788,365,260,14,0.9993574619293213,0.05384615436196327,0.9327450394630432,0.09064581652371242,0.9939993594110381,0.9675253459697928,0.9937117803465829,0.9676449509608465,0.9934584997026592,0.9678711125055052,0.9881002949136497,0.9395169897068791,0.031060284934937954,0.00014124293617593744
smd,./data/SMD,machine-3-6,machine-3-6,gate_gbuf5k,100,256,128,0.15,50,64,0.001,1,1,1,1,0.001,adam,0.1,0.99,adaptive,gated,5000,unc,8,0.95,"[0.5, 1.0, 2.0]",0,0,9,38,2.01569,8,0.00043053264380432665,0.00031711641349829733,34.25089764595032,0.8588027520770106,0.28757006779598093,0.2779487179487179,0.20029563932002956,0.4539363484087102,0.3199311975919157,28627,24894,438,2283,639,0.9743311405181885,0.2798948884010315,0.9207029938697815,0.08436274894122436,0.8902045398185658,0.30291309381215087,0.9010176311359697,0.3078188441973035,0.9082948643162541,0.30757119295748653,0.9016118688507675,0.2283791829793238,0.021197655859092873,0.022446842243274052
smd,./data/SMD,machine-3-8,machine-3-8,base_noTTA,100,256,128,0.15,50,64,0.001,1,0,1,0,0.001,adam,0.1,0.99,fixed,gated,5000,none,8,0.95,"[0.5, 1.0, 2.0]",0,0,0,38,2.015652,0,0.0006019564461894333,inf,33.59188270568848,0.8577241281935899,0.2751401246210812,0.304954954954955,0.22059302704463996,0.4938001458789205,0.3076208178438662,28605,25264,0,1965,481,0.9809610247612,0.24478371441364288,0.9302927851676941,0.010364936211167089,,,,,,,,,0.003611790637175242,0.22066104412078857
smd,./data/SMD,machine-3-7,machine-3-7,base_noTTA,100,256,128,0.15,50,64,0.001,1,0,1,0,0.001,adam,0.1,0.99,fixed,gated,5000,none,8,0.95,"[0.5, 1.0, 2.0]",0,0,3,38,2.015652,0,0.00015145323413889855,inf,33.248730421066284,0.8601607189924638,0.4128510361321506,0.1541125541125541,0.08808973935994721,0.6152073732718893,0.48965517241379314,28606,27322,0,929,278,0.9898250699043274,0.29924649000167847,0.9771290421485901,0.009128699509037181,,,,,,,,,0.03413724775115649,0.03015991471086939
smd,./data/SMD,machine-2-9,machine-2-9,mask_noTTA,100,256,128,0.15,50,64,0.001,1,1,1,0,0.001,adam,0.1,0.99,fixed,gated,5000,none,8,0.95,"[0.5, 1.0, 2.0]",0,0,9,38,2.01569,8,0.0007340654847212136,0.000389501394238323,30.45047950744629,0.964784837266018,0.6154962541658263,0.5949166004765687,0.4565681194757696,0.8535612535612536,0.6273653566229985,28623,25611,0,2745,283,0.9889500737190247,0.10309653729200363,0.9787464141845703,0.06431476735753866,0.9702569892060752,0.644907156295821,0.9701264508473317,0.6541872021580563,0.9683842983357205,0.6594122192431836,0.9531691630701531,0.6225894679552149,0.0009314239335556825,0.0445592167476813
smd,./data/SMD,machine-2-6,machine-2-6,base_noTTA,100,256,128,0.15,50,64,0.001,1,0,1,0,0.001,adam,0.1,0.99,fixed,gated,5000,none,8,0.95,"[0.5, 1.0, 2.0]",0,0,7,38,2.015652,0,0.0004015913582406938,inf,32.209882736206055,0.8750405588087738,0.3372304625708604,0.11972485592117493,0.06498486377396569,0.7594339622641509,0.34527687296416937,28644,24380,0,1121,118,0.9951599836349487,0.10526315867900848,0.8815172910690308,0.009076378229293322,,,,,,,,,0.04486943781375885,0.14675955474376678
smd,./data/SMD,machine-2-2,machine-2-2,fixed,100,256,128,0.15,50,64,0.001,1,1,1,1,0.001,adam,0.1,0.99,fixed,gated,5000,none,8,0.95,"[0.5, 1.0, 2.0]",0,0,9,38,2.01569,8,0.0007349593215622008,0.00039532448863610625,25.83402371406555,0.5860177506978584,0.14805247240116515,0.11783216783216784,0.11673016972635954,0.11895517119661136,0.2451196740791037,23601,21647,361,3922,2929,0.8646925687789917,0.7468128800392151,0.9511662125587463,0.08349173968386121,0.5865347493262043,0.14657649862931155,0.5833300530712294,0.14517059414867683,0.5791548023942198,0.1433856399556309,0.5684837192965564,0.13103377757014048,0.011158191909392675,0.048601473371187844
smd,./data/SMD,machine-3-9,machine-3-9,mask_noTTA,100,256,128,0.15,50,64,0.001,1,1,1,0,0.001,adam,0.1,0.99,fixed,gated,5000,none,8,0.95,"[0.5, 1.0, 2.0]",0,0,9,38,2.01569,8,0.00023831124417483807,0.0001263797312276438,33.05502486228943,0.8565645318491723,0.2880365559687653,0.03570725303577289,0.018215912135012054,0.8976897689768977,0.3241895261845386,28614,5631,0,699,2,0.9996448159217834,0.0028612304013222456,0.20164786279201508,0.060120560116860206,0.8729130146383172,0.2991869905878217,0.8758073959455079,0.30813011341147395,0.877209135908311,0.3237829460893638,0.8489919530495815,0.2351191854204856,0.47726180652777356,0.9223287502924601
smd,./data/SMD,machine-2-4,machine-2-4,gate_gbuf5k,100,256,128,0.15,50,64,0.001,1,1,1,1,0.001,adam,0.1,0.99,adaptive,gated,5000,unc,8,0.95,"[0.5, 1.0, 2.0]",0,0,0,38,2.01569,8,0.0005679897149093449,0.0003561358025763184,29.29965567588806,0.7923622359165561,0.4033339408353771,0.325,0.26732673267326734,0.41440377804014167,0.4076154806491885,23590,22117,364,3674,2844,0.871411144733429,0.7740882039070129,0.9677144289016724,0.09200335458559018,0.8330676876493074,0.4306334639193358,0.851050134019404,0.447331172950117,0.8630045521239801,0.45927464510241317,0.8231681398020857,0.3496547584659581,0.005261180301507314,0.019743590305248897
smd,./data/SMD,machine-3-1,machine-3-1,gate_noTTA,100,256,128,0.15,50,64,0.001,1,1,1,0,0.001,adam,0.1,0.99,fixed,gated,5000,unc,8,0.95,"[0.5, 1.0, 2.0]",0,0,6,38,2.01569,8,0.00041674007661640644,0.00021657272009178996,30.487175941467285,0.8715859461051768,0.2971824847297597,0.050060707948071353,0.025771708818155593,0.8701298701298701,0.33410672853828305,28601,14964,0,704,31,0.9979283809661865,0.044034089893102646,0.535290539264679,0.06368481934910442,0.893373567824117,0.3052832714350675,0.8954151388904138,0.31118929458488415,0.8946587981615454,0.31872789771997356,0.8500089653935806,0.25240551325776883,0.1785181760787964,0.47160739699999493
smd,./data/SMD,machine-2-7,machine-2-7,mask_noTTA,100,256,128,0.15,50,64,0.001,1,1,1,0,0.001,adam,0.1,0.99,fixed,gated,5000,none,8,0.95,"[0.5, 1.0, 2.0]",0,0,3,38,2.01569,8,0.0034031190443784,0.0008348831324838102,32.50335359573364,0.8698509983627857,0.31463990281806625,0.31932773109243695,0.5337078651685393,0.2278177458033573,0.3514538558786346,23597,23464,0,2397,2264,0.9035117626190186,0.9445139765739441,1.0,0.08491004337298343,0.8677605190215284,0.2925724720134168,0.8608017662505589,0.26261310191953946,0.8518041445532522,0.22268792394207457,0.8108829573653676,0.08817379623019177,0.0,0.0
smd,./data/SMD,machine-1-1,machine-1-1,gate_gbuf5k,100,256,128,0.15,50,64,0.001,1,1,1,1,0.001,adam,0.1,0.99,adaptive,gated,5000,unc,8,0.95,"[0.5, 1.0, 2.0]",0,0,5,38,2.01569,8,0.00015284137043636292,0.00019000229076482356,37.45885109901428,0.9074203348199856,0.4641078635519345,0.348506628334132,0.3058592654892066,0.40497401633259095,0.5528479593362237,28380,23880,430,3486,787,0.9670435786247253,0.22576017677783966,0.9276532530784607,0.11316915899200117,0.9293241943148464,0.49414484611389925,0.9372966577743921,0.5135978824660821,0.9443170561661526,0.5386955802166015,0.9356375942401898,0.5821034866140247,0.05179704229036967,0.007121674056785802
smd,./data/SMD,machine-3-2,machine-3-2,gate_noTTA,100,256,128,0.15,50,64,0.001,1,1,1,0,0.001,adam,0.1,0.99,fixed,gated,5000,unc,8,0.95,"[0.5, 1.0, 2.0]",0,0,3,38,2.01569,8,0.006939989980310202,0.0010106670670211315,33.298632860183716,0.4619534994687658,0.04603495402124823,0.02642444260941371,0.1568627450980392,0.014427412082957619,0.09066737569795268,23604,23585,0,2018,2013,0.9146491289138794,0.9975222945213318,0.999351441860199,0.08898126010348525,0.5568411796168584,0.06099305407262867,0.5664125740828438,0.06779975419570836,0.5720300233717499,0.07537932056151768,0.576295301871999,0.08355093077954362,0.0,0.0
smd,./data/SMD,machine-3-3,machine-3-3,mask_noTTA,100,256,128,0.15,50,64,0.001,1,1,1,0,0.001,adam,0.1,0.99,fixed,gated,5000,none,8,0.95,"[0.5, 1.0, 2.0]",0,0,8,38,2.01569,8,0.0008288226672448218,0.0002912127529270947,25.410197019577026,0.8745676527439512,0.28407657187879026,0.24080830760595004,0.14636642784032752,0.6787974683544303,0.3632218844984803,23604,22180,0,3206,2281,0.8971595764160156,0.7114784717559814,0.9755368232727051,0.060923815460411944,0.8919489177327664,0.3126860009409055,0.8955970534546905,0.3224799045400824,0.895804311292219,0.30755388454543975,0.8590055519313249,0.12953439716001142,0.007634827867150307,0.04336125900348028
smd,./data/SMD,machine-1-5,machine-1-5,gate_noTTA,100,256,128,0.15,50,64,0.001,1,1,1,0,0.001,adam,0.1,0.99,fixed,gated,5000,unc,8,0.95,"[0.5, 1.0, 2.0]",0,0,7,38,2.01569,8,0.0008238714653998613,0.0003143138310406357,26.156902551651,0.9434893671100567,0.5452152503031721,0.07326646314871348,0.038303693570451436,0.84,0.59375,23607,21521,0,793,49,0.9977231621742249,0.06179066747426987,0.9411764740943909,0.060745260587928104,0.9622045242734898,0.5518186149514108,0.9632847581123443,0.5491651773017612,0.9627831907142252,0.5190229756890716,0.933495721426756,0.07105198249860466,0.0,0.07279305718839169
smd,./data/SMD,machine-3-6,machine-3-6,gate_gbuf5k,100,256,128,0.15,50,64,0.001,1,1,1,1,0.001,adam,0.1,0.99,adaptive,gated,5000,unc,8,0.95,"[0.5, 1.0, 2.0]",0,0,4,38,2.01569,8,0.0003899031435139477,0.0003389403864275664,36.321224212646484,0.8690253016985747,0.3135126468761627,0.2669480348193089,0.19484020023103582,0.423785594639866,0.3507362784471218,28627,25062,439,2283,709,0.9717101454734802,0.3105562925338745,0.9244230389595032,0.10455711157667477,0.899802447026162,0.3292269486718623,0.909769560670805,0.33337265403284677,0.9161926940625933,0.33128817485310885,0.9063392291984402,0.23882047809697354,0.019828881447513897,0.017238723424573738
smd,./data/SMD,machine-3-7,machine-3-7,gate_noTTA,100,256,128,0.15,50,64,0.001,1,1,1,0,0.001,adam,0.1,0.99,fixed,gated,5000,unc,8,0.95,"[0.5, 1.0, 2.0]",0,0,1,38,2.01569,8,0.00014956938684917986,0.000253025209531188,35.28731346130371,0.8202140262929217,0.41606670776426663,0.09725814795654422,0.05256290773532153,0.6497695852534562,0.5108514190317195,28606,25958,0,929,243,0.9906387329101562,0.26157158613204956,0.9291108250617981,0.0747701033740446,0.8556460700393672,0.4497369392032809,0.8613319049808739,0.48496367734292684,0.8629546129161032,0.5272324697321629,0.8471177251378894,0.49756968591959005,0.03681696392595768,0.03885231943180164
smd,./data/SMD,machine-3-2,machine-3-2,fixed,100,256,128,0.15,50,64,0.001,1,1,1,1,0.001,adam,0.1,0.99,fixed,gated,5000,none,8,0.95,"[0.5, 1.0, 2.0]",0,0,1,38,2.01569,8,0.008476784452795982,0.0009988476522266865,28.294448137283325,0.4691309079000122,0.04693349759534683,0.017152658662092625,0.17543859649122806,0.009017132551848512,0.09081772498857926,23604,23604,369,2018,2018,0.9145060181617737,1.0,1.0,0.09062624123112223,0.5716598236658503,0.0667712655853211,0.5790651148397322,0.07620644306645125,0.5829433917716211,0.086211275353189,0.5857683994561784,0.0959145174027907,0.0,0.0
smd,./data/SMD,machine-2-3,machine-2-3,base_noTTA,100,256,128,0.15,50,64,0.001,1,0,1,0,0.001,adam,0.1,0.99,fixed,gated,5000,none,8,0.95,"[0.5, 1.0, 2.0]",0,0,1,38,2.015652,0,0.0005875963834114373,inf,27.020300149917603,0.9508687329166124,0.48847564284688566,0.2198515769944341,0.12559618441971382,0.8810408921933085,0.5145067698259187,23590,21928,0,1259,421,0.9808008074760437,0.33439236879348755,0.9631006121635437,0.009555208223156123,,,,,,,,,0.042737606912851334,0.0354854433486859
smd,./data/SMD,machine-1-6,machine-1-6,gate_gbuf5k,100,256,128,0.15,50,64,0.001,1,1,1,1,0.001,adam,0.1,0.99,adaptive,gated,5000,unc,8,0.95,"[0.5, 1.0, 2.0]",0,0,5,38,2.01569,8,0.0006028891657479107,0.0004111104644834995,28.754420280456543,0.8878302037960873,0.6403754187037665,0.44957861086893347,0.48739760554505357,0.41720604099244873,0.6329984863079676,23590,19710,353,6678,3357,0.8296803832054138,0.5026954412460327,0.966946542263031,0.0912368979783521,0.914473388338123,0.6765649715211515,0.9254656405786145,0.6973077034977535,0.9330273009628836,0.7117205691513936,0.9126719736500484,0.5861664493294343,0.05600403745969137,0.00019888624471301833
smd,./data/SMD,machine-2-1,machine-2-1,mask_noTTA,100,256,128,0.15,50,64,0.001,1,1,1,0,0.001,adam,0.1,0.99,fixed,gated,5000,none,8,0.95,"[0.5, 1.0, 2.0]",0,0,3,38,2.01569,8,0.0013785883784294128,0.0003107080701738596,31.52634835243225,0.7447999626609109,0.29401562724972663,0.2857962697274032,0.21511879049676025,0.4256410256410256,0.3347847121432027,23595,22824,0,2457,1690,0.9259551167488098,0.6878306865692139,0.9998107552528381,0.08502137890860398,0.8001588429132382,0.36711219994196115,0.8110295267194575,0.3976395437361884,0.8154857041378085,0.41105844447429496,0.7987109286656436,0.33972600049110585,0.0,0.0
smd,./data/SMD,machine-3-1,machine-3-1,noMask_fixed,100,256,128,0.15,50,64,0.001,1,0,1,1,0.001,adam,0.1,0.99,fixed,gated,5000,none,8,0.95,"[0.5, 1.0, 2.0]",0,0,2,38,2.015652,0,0.0003464532201178372,inf,33.44003367424011,0.8901510577334752,0.2770829413674787,0.056051990251827784,0.028930817610062894,0.8961038961038961,0.3105590062111801,28601,19357,340,704,55,0.9971586465835571,0.078125,0.6919023394584656,0.02469557498094148,,,,,,,,,0.07003875076770782,0.40941668053468067
smd,./data/SMD,machine-3-3,machine-3-3,noMask_fixed,100,256,128,0.15,50,64,0.001,1,0,1,1,0.001,adam,0.1,0.99,fixed,gated,5000,none,8,0.95,"[0.5, 1.0, 2.0]",0,0,5,38,2.015652,0,0.0007908818079158664,inf,27.255433320999146,0.8933654996765625,0.3192433764199608,0.25168918918918914,0.1530821917808219,0.7072784810126582,0.38028169014084506,23604,22156,360,3206,2369,0.8930763602256775,0.7389270067214966,0.9700461030006409,0.02815148281335952,,,,,,,,,0.004385964944958687,0.056554545958836876
smd,./data/SMD,machine-2-2,machine-2-2,base_noTTA,100,256,128,0.15,50,64,0.001,1,0,1,0,0.001,adam,0.1,0.99,fixed,gated,5000,none,8,0.95,"[0.5, 1.0, 2.0]",0,0,9,38,2.015652,0,0.0007155744824558496,inf,24.155797243118286,0.5768331718688805,0.15229969351275863,0.11800884105323851,0.12953586497890296,0.10836569008118602,0.2379644009078963,23601,21538,0,3922,2803,0.869857907295227,0.714686393737793,0.9520300626754761,0.008793161267027259,,,,,,,,,0.009604519853989283,0.04862350970506668
smd,./data/SMD,machine-3-4,machine-3-4,noMask_fixed,100,256,128,0.15,50,64,0.001,1,0,1,1,0.001,adam,0.1,0.99,fixed,gated,5000,none,8,0.95,"[0.5, 1.0, 2.0]",0,0,6,38,2.015652,0,0.001594954519532621,inf,26.472479343414307,0.7542739278166658,0.3301495304986495,0.2582757366315024,0.20033860045146726,0.3633572159672467,0.36472346786248133,23588,22753,365,1769,969,0.9574121832847595,0.5477671027183533,0.9983959197998047,0.027368710326889683,,,,,,,,,0.006802887966235478,0.0
smd,./data/SMD,machine-2-8,machine-2-8,gate_noTTA,100,256,128,0.15,50,64,0.001,1,1,1,0,0.001,adam,0.1,0.99,fixed,gated,5000,unc,8,0.95,"[0.5, 1.0, 2.0]",0,0,2,38,2.01569,8,0.0001118963336921297,7.632860797457397e-05,29.636882781982422,0.994113863368812,0.9626077796587177,0.11091487107029319,0.058801498127340826,0.9751552795031055,0.9418960244648319,23604,20904,0,260,11,0.9994738101959229,0.042307693511247635,0.8950051665306091,0.07463303527030433,0.9929471894027377,0.963249212689658,0.9924572496571477,0.9636592109531343,0.9919211389608423,0.9637512475843304,0.9873544361840949,0.9317765943915637,0.038825355314960085,0.0
smd,./data/SMD,machine-3-1,machine-3-1,fixed,100,256,128,0.15,50,64,0.001,1,1,1,1,0.001,adam,0.1,0.99,fixed,gated,5000,none,8,0.95,"[0.5, 1.0, 2.0]",0,0,6,38,2.01569,8,0.00041674007661640644,0.00021657272009178996,32.90939283370972,0.879973163283603,0.2666627317405227,0.0598233995584989,0.03096435100548446,0.8798701298701299,0.3088512241054614,28601,19064,343,704,47,0.9975346326828003,0.06676136702299118,0.6816862225532532,0.08076977252143275,0.8994848443680862,0.2766887895756602,0.8994103424048481,0.28387855546993374,0.897336980784783,0.29493321143320317,0.8530278101019859,0.2562798349230973,0.11106047034263611,0.36783092965682346
smd,./data/SMD,machine-3-10,machine-3-10,gate_gbuf5k,100,256,128,0.15,50,64,0.001,1,1,1,1,0.001,adam,0.1,0.99,adaptive,gated,5000,unc,8,0.95,"[0.5, 1.0, 2.0]",0,0,9,38,2.01569,8,0.0011762548238039017,0.00010031072451965883,27.882187604904175,0.9667275430041937,0.7807020193529661,0.49019066040342635,0.3448678071539658,0.8471824259789876,0.7532219570405728,23594,20512,351,2334,357,0.9825955629348755,0.1529562920331955,0.9480244517326355,0.09309944383388881,0.9751726270564743,0.7528182202635896,0.9722721230489859,0.7026059676245803,0.9679903242303933,0.6184997075284827,0.9540656106389267,0.43730389458017443,0.01126426582535108,0.010238046670565382
smd,./data/SMD,machine-2-1,machine-2-1,noMask_fixed,100,256,128,0.15,50,64,0.001,1,0,1,1,0.001,adam,0.1,0.99,fixed,gated,5000,none,8,0.95,"[0.5, 1.0, 2.0]",0,0,5,38,2.015652,0,0.0013421167386695743,inf,27.541534423828125,0.7638348155130255,0.29560409923476805,0.3105590062111801,0.25145579671784013,0.405982905982906,0.3279932546374367,23595,22788,364,2457,1651,0.9275496006011963,0.6719576716423035,0.9999526739120483,0.030259869820638642,,,,,,,,,0.00014887598808854818,0.0
smd,./data/SMD,machine-3-3,machine-3-3,fixed,100,256,128,0.15,50,64,0.001,1,1,1,1,0.001,adam,0.1,0.99,fixed,gated,5000,none,8,0.95,"[0.5, 1.0, 2.0]",0,0,8,38,2.01569,8,0.0008288226672448218,0.0002912127529270947,29.608649969100952,0.8806329964353298,0.2879887192007597,0.25806451612903225,0.15871860211139424,0.689873417721519,0.3505696757230499,23604,22299,360,3206,2421,0.8914300799369812,0.7551466226577759,0.9745073318481445,0.08369687047576,0.895096397526842,0.31908729555516024,0.8976005687451342,0.3266088210007575,0.8969224885864164,0.3053081850890195,0.859993833016297,0.12614383699092288,0.006172523212929566,0.03509545512497425
smd,./data/SMD,machine-2-1,machine-2-1,mask_noTTA,100,256,128,0.15,50,64,0.001,1,1,1,0,0.001,adam,0.1,0.99,fixed,gated,5000,none,8,0.95,"[0.5, 1.0, 2.0]",0,0,8,38,2.01569,8,0.0013925047824159265,0.0002933959476649761,27.183730125427246,0.7784082353941172,0.30244208093466296,0.2950916617386162,0.2255877034358047,0.4264957264957265,0.33465783664459164,23595,22821,0,2457,1686,0.9261206984519958,0.6862027049064636,0.9998580813407898,0.06155095683439578,0.8224932721336555,0.37566225607601,0.8276896666347919,0.40340169996553366,0.8270072037120518,0.41217563248216926,0.8035871139160964,0.3361339224353481,0.00014887598808854818,0.0
smd,./data/SMD,machine-3-3,machine-3-3,gate_gbuf5k,100,256,128,0.15,50,64,0.001,1,1,1,1,0.001,adam,0.1,0.99,adaptive,gated,5000,unc,8,0.95,"[0.5, 1.0, 2.0]",0,0,1,38,2.01569,8,0.0008444491541013122,0.0002952646464109421,27.225706815719604,0.8806480846961691,0.2957762375798717,0.2553495007132668,0.16482504604051565,0.5664556962025317,0.3615316117542297,23604,21238,362,3206,1973,0.9071004986763,0.6154085993766785,0.9444553256034851,0.09141257608811586,0.8968611067980021,0.32601341530038336,0.9005191184724753,0.33823455251100815,0.9013006560924477,0.32517034290126184,0.8713084512366612,0.13328604141977676,0.013637473806738853,0.013484848042329153
smd,./data/SMD,machine-1-5,machine-1-5,fixed,100,256,128,0.15,50,64,0.001,1,1,1,1,0.001,adam,0.1,0.99,fixed,gated,5000,none,8,0.95,"[0.5, 1.0, 2.0]",0,0,2,38,2.01569,8,0.0008343053050339222,0.0002934804651886225,29.008636236190796,0.9479712784885198,0.5741686634000212,0.08387418871692462,0.0441408302679979,0.84,0.6145833333333333,23607,22359,364,793,48,0.9978532195091248,0.06052963435649872,0.9779521226882935,0.09680049828533277,0.9524311615690926,0.5775521865106182,0.9518270778615605,0.5675548702306802,0.9504943658391933,0.529398976267185,0.9259446750826061,0.06404624539377222,0.0,0.04300952185682642
smd,./data/SMD,machine-1-8,machine-1-8,gate_gbuf5k,100,256,128,0.15,50,64,0.001,1,1,1,1,0.001,adam,0.1,0.99,adaptive,gated,5000,unc,8,0.95,"[0.5, 1.0, 2.0]",0,0,6,38,2.01569,8,0.0006212334847077727,0.00017130539345089346,26.81309747695923,0.8429159651495918,0.37242118859579915,0.26271693596648715,0.17022101589763475,0.5753604193971167,0.40697674418604657,23600,21414,361,2691,978,0.9543289542198181,0.3634336590766907,0.9773781895637512,0.08607720924636066,0.900323471180391,0.41462510768826843,0.9149992160075264,0.4134851078855063,0.9237723317856148,0.3970991689152084,0.9142908799504097,0.2539223521697088,0.009234695074458918,0.011220970191061497
smd,./data/SMD,machine-3-7,machine-3-7,noMask_fixed,100,256,128,0.15,50,64,0.001,1,0,1,1,0.001,adam,0.1,0.99,fixed,gated,5000,none,8,0.95,"[0.5, 1.0, 2.0]",0,0,3,38,2.015652,0,0.00015145323413889855,inf,33.061495304107666,0.868926520426804,0.41542810725306106,0.1501580611169652,0.08477096966091612,0.6566820276497696,0.48965517241379314,28606,26608,440,929,272,0.9897775053977966,0.29278793931007385,0.9515482187271118,0.029281720426343815,,,,,,,,,0.03844809532165527,0.06939081723491351
smd,./data/SMD,machine-1-3,machine-1-3,fixed,100,256,128,0.15,50,64,0.001,1,1,1,1,0.001,adam,0.1,0.99,fixed,gated,5000,none,8,0.95,"[0.5, 1.0, 2.0]",0,0,1,38,2.01569,8,0.0006622082437388599,0.0001969602017197758,32.19579005241394,0.8200508967281928,0.2624438432545683,0.3217592592592592,0.305159165751921,0.3402692778457772,0.3340891912320484,23604,22931,366,2005,1393,0.9392525553703308,0.6947630643844604,0.9971758127212524,0.10285003167898892,0.8857560292187416,0.3067378492866209,0.8981884131993274,0.32527003965760304,0.902835308122394,0.33187332080585774,0.8938210154722502,0.2734297011743426,0.0,0.009383387039027488
smd,./data/SMD,machine-1-1,machine-1-1,noMask_fixed,100,256,128,0.15,50,64,0.001,1,0,1,1,0.001,adam,0.1,0.99,fixed,gated,5000,none,8,0.95,"[0.5, 1.0, 2.0]",0,0,0,38,2.015652,0,0.0001332108658971265,inf,36.79903292655945,0.9054538781445967,0.4719349979073561,0.3710111216108163,0.23067883937449155,0.947290274684484,0.5305528612997089,28380,19503,343,3486,32,0.998359203338623,0.009179575368762016,0.7821563482284546,0.028986314218425683,,,,,,,,,0.11381254717707634,0.2853740106026332
smd,./data/SMD,machine-2-6,machine-2-6,fixed,100,256,128,0.15,50,64,0.001,1,1,1,1,0.001,adam,0.1,0.99,fixed,gated,5000,none,8,0.95,"[0.5, 1.0, 2.0]",0,0,4,38,2.01569,8,0.00042423317790962756,0.00016052948194555938,41.673990964889526,0.8548163710343145,0.31973620364177957,0.11061490896599106,0.05965172286031863,0.7594339622641509,0.3633276740237691,28644,24386,408,1121,122,0.9949971437454224,0.10883139818906784,0.881589949131012,0.11086208396509963,0.8979793551499194,0.33970899368859875,0.9049098311887411,0.3490749575408804,0.9086289989986054,0.3519563045921209,0.9004652686675458,0.24710963220746812,0.043398305773735046,0.14349692687392235
smd,./data/SMD,machine-2-8,machine-2-8,fixed,100,256,128,0.15,50,64,0.001,1,1,1,1,0.001,adam,0.1,0.99,fixed,gated,5000,none,8,0.95,"[0.5, 1.0, 2.0]",0,0,5,38,2.01569,8,0.00011294935393380001,7.82887073000893e-05,25.19947910308838,0.9920725796791884,0.9675236802168529,0.11862485833018512,0.06315366049879324,0.9751552795031055,0.9595015576323987,23604,21837,359,260,11,0.9994962811470032,0.042307693511247635,0.9349725842475891,0.07901048684520169,0.9912747456508284,0.9673317349317464,0.9911736972272629,0.9674078568395672,0.9911085302282534,0.9670508455735389,0.9893585192791422,0.9316878803644368,0.03783707553520799,0.0
smd,./data/SMD,machine-3-11,machine-3-11,gate_noTTA,100,256,128,0.15,50,64,0.001,1,1,1,0,0.001,adam,0.1,0.99,fixed,gated,5000,unc,8,0.95,"[0.5, 1.0, 2.0]",0,0,9,38,2.01569,8,0.0004038751940242946,0.0002339517668588087,32.053200244903564,0.8902836350025627,0.5659069629310821,0.025989026855327748,0.013182950051267028,0.9090909090909091,0.6112759643916914,28597,13205,0,440,0,1.0,0.0,0.46897751092910767,0.06682628409222306,0.8983779474866568,0.5737721346441385,0.9034222497272536,0.579702290195392,0.9072268761018849,0.5864554788181202,0.901540139977925,0.2514383021499372,0.13601398468017578,0.9815639654795328
smd,./data/SMD,machine-3-8,machine-3-8,mask_noTTA,100,256,128,0.15,50,64,0.001,1,1,1,0,0.001,adam,0.1,0.99,fixed,gated,5000,none,8,0.95,"[0.5, 1.0, 2.0]",0,0,7,38,2.01569,8,0.0006836515385657549,0.00018535571871325374,35.74188804626465,0.8518774432404216,0.2651009677392835,0.3103375079600934,0.2188622754491018,0.5331874544128373,0.3184615384615384,28605,25428,0,1965,494,0.9805725812911987,0.2513994872570038,0.9359609484672546,0.06482629087541804,0.893317039704519,0.3141686902077149,0.892302537286106,0.3345577800144347,0.885588186844249,0.33977417325283527,0.8471847057536032,0.2875935445814409,0.0006990563124418259,0.20387272288401923
smd,./data/SMD,machine-3-9,machine-3-9,gate_noTTA,100,256,128,0.15,50,64,0.001,1,1,1,0,0.001,adam,0.1,0.99,fixed,gated,5000,unc,8,0.95,"[0.5, 1.0, 2.0]",0,0,0,38,2.01569,8,0.00023589178454130888,0.0001245651947101578,35.87337374687195,0.8408671701383443,0.2741111519125075,0.03086997193638915,0.015713350395809775,0.8712871287128713,0.33079847908745247,28614,5011,0,699,0,1.0,0.0,0.1795092225074768,0.0688631662726194,0.8623787933175577,0.2838093807309177,0.8686569712937503,0.29227253250282553,0.8745768874669938,0.307095712493763,0.8505308292180855,0.23734172717719834,0.48358794550100964,0.9242892066637675
smd,./data/SMD,machine-2-2,machine-2-2,fixed,100,256,128,0.15,50,64,0.001,1,1,1,1,0.001,adam,0.1,0.99,fixed,gated,5000,none,8,0.95,"[0.5, 1.0, 2.0]",0,0,3,38,2.01569,8,0.0007739875582046807,0.00042551258229650557,31.32094097137451,0.5805216778862908,0.14538334560733018,0.11668153434433542,0.11796536796536797,0.11542534415813625,0.243978243978244,23601,21781,361,3922,3043,0.860291063785553,0.7758796811103821,0.9521825313568115,0.10762935543225977,0.5841623374678057,0.144978272222823,0.581259749546533,0.14399058360110448,0.5770467427284878,0.1427356786808721,0.5654735551302501,0.13196299681646662,0.011158191909392675,0.04804062098264694
smd,./data/SMD,machine-3-1,machine-3-1,gate_gbuf5k,100,256,128,0.15,50,64,0.001,1,1,1,1,0.001,adam,0.1,0.99,adaptive,gated,5000,unc,8,0.95,"[0.5, 1.0, 2.0]",0,0,4,38,2.01569,8,0.0003969859972130507,0.0002033631899394095,38.645209550857544,0.8795742947528663,0.1901337048254523,0.06585365853658537,0.03421186011150532,0.8766233766233766,0.25577812018489987,28601,16557,347,704,33,0.9980068802833557,0.046875,0.5923217535018921,0.11262454034931939,0.9001075618520674,0.19970803349087313,0.8993077664094147,0.2082912393253972,0.8957552292030314,0.2249843204974422,0.8415024764612677,0.23872653810733102,0.12578319758176804,0.24526832221696773
smd,./data/SMD,machine-1-4,machine-1-4,base_noTTA,100,256,128,0.15,50,64,0.001,1,0,1,0,0.001,adam,0.1,0.99,fixed,gated,5000,none,8,0.95,"[0.5, 1.0, 2.0]",0,0,1,38,2.015652,0,0.000955606228671968,inf,29.379277229309082,0.8287016091220641,0.2732780979184989,0.32392273402674593,0.34824281150159747,0.30277777777777776,0.32805071315372425,23608,22981,0,1908,1281,0.9442582726478577,0.6713836193084717,1.0,0.008556185153248914,,,,,,,,,0.0,0.0
smd,./data/SMD,machine-1-4,machine-1-4,gate_noTTA,100,256,128,0.15,50,64,0.001,1,1,1,0,0.001,adam,0.1,0.99,fixed,gated,5000,unc,8,0.95,"[0.5, 1.0, 2.0]",0,0,3,38,2.01569,8,0.000978787080384791,0.00027919409330934286,31.951969146728516,0.8195829285151511,0.26495901332810035,0.31342234715390016,0.31721194879089615,0.30972222222222223,0.3219954648526077,23608,22699,0,1908,1025,0.9548438191413879,0.5372117161750793,0.9988018274307251,0.08247436728973544,0.9112987775699308,0.3259265869714284,0.9269016183059992,0.3541825598449995,0.9323484771585872,0.362769937216824,0.9178446875770363,0.2919840370135847,0.0,0.0
smd,./data/SMD,machine-3-8,machine-3-8,gate_noTTA,100,256,128,0.15,50,64,0.001,1,1,1,0,0.001,adam,0.1,0.99,fixed,gated,5000,unc,8,0.95,"[0.5, 1.0, 2.0]",0,0,6,38,2.01569,8,0.0006481048767454922,0.00018169271061196923,32.32376432418823,0.8476545572432261,0.27117640213847866,0.29940366029200083,0.20847651775486828,0.5309992706053975,0.3061938061938062,28605,20676,0,1965,252,0.9878119826316833,0.1282442808151245,0.7666666507720947,0.06214073333180132,0.8902143039957551,0.3205833794763415,0.8894300707034827,0.34372104877161375,0.8835986231672837,0.3542626038735533,0.8450990742988994,0.2915542263771517,0.0019806593966980777,0.2453795224428177
smd,./data/SMD,machine-3-5,machine-3-5,base_noTTA,100,256,128,0.15,50,64,0.001,1,0,1,0,0.001,adam,0.1,0.99,fixed,gated,5000,none,8,0.95,"[0.5, 1.0, 2.0]",0,0,0,38,2.015652,0,0.0012427730252966285,inf,27.092999696731567,0.8133566208483798,0.29603314769511385,0.07975609756097561,0.042063287882685874,0.7676056338028169,0.39647577092511016,23592,14706,0,1515,561,0.9618523120880127,0.37029704451560974,0.6407120823860168,0.009177882374646746,,,,,,,,,0.05256464580694834,0.7729011376698812
smd,./data/SMD,machine-2-1,machine-2-1,fixed,100,256,128,0.15,50,64,0.001,1,1,1,1,0.001,adam,0.1,0.99,fixed,gated,5000,none,8,0.95,"[0.5, 1.0, 2.0]",0,0,2,38,2.01569,8,0.0013885118532925844,0.00029952594195492566,29.0827476978302,0.758904310236223,0.3021913675047728,0.3125406107862248,0.2520964360587002,0.4111111111111111,0.33237822349570195,23595,23018,365,2457,1880,0.9183247685432434,0.7651607394218445,1.0,0.09610133040731907,0.8092434546550156,0.37586500092873437,0.8167635623615912,0.4016718506782224,0.8190207178819325,0.4085514562588852,0.8049086103028564,0.33114299189670326,0.0,0.0
smd,./data/SMD,machine-1-2,machine-1-2,fixed,100,256,128,0.15,50,64,0.001,1,1,1,1,0.001,adam,0.1,0.99,fixed,gated,5000,none,8,0.95,"[0.5, 1.0, 2.0]",0,0,5,38,2.01569,8,0.0044484976679086685,0.0008250322425737977,32.14747214317322,0.8637688327038765,0.1974236531250614,0.23423423423423423,0.17984189723320157,0.33579335793357934,0.24529991047448524,23595,23309,367,1532,1248,0.9464584589004517,0.8146213889122009,0.9999093413352966,0.10800743588049247,0.8842371655186834,0.23084541381347184,0.8790412375011795,0.2458126703241246,0.869326361067688,0.24907951104231424,0.8228649999872494,0.17201194371570788,0.0003203588033405443,0.0
smd,./data/SMD,machine-2-6,machine-2-6,base_noTTA,100,256,128,0.15,50,64,0.001,1,0,1,0,0.001,adam,0.1,0.99,fixed,gated,5000,none,8,0.95,"[0.5, 1.0, 2.0]",0,0,9,38,2.015652,0,0.000400471588363871,inf,30.898114681243896,0.8688385589513539,0.3356411942624542,0.11317449194113524,0.061127933383800154,0.7617924528301887,0.3542435424354244,28644,24391,0,1121,121,0.995039165019989,0.10793934017419815,0.8818079233169556,0.00899120376623138,,,,,,,,,0.04523668189843496,0.14641039073467255
smd,./data/SMD,machine-2-7,machine-2-7,noMask_fixed,100,256,128,0.15,50,64,0.001,1,0,1,1,0.001,adam,0.1,0.99,fixed,gated,5000,none,8,0.95,"[0.5, 1.0, 2.0]",0,0,8,38,2.015652,0,0.003490678034722805,inf,26.745700359344482,0.8749779419558987,0.27812102560853047,0.32289950576606263,0.5157894736842106,0.23501199040767387,0.3778677462887989,23597,23461,368,2397,2261,0.9036272764205933,0.9432623982429504,1.0,0.02911885309993309,,,,,,,,,0.0,0.0
smd,./data/SMD,machine-1-8,machine-1-8,noMask_fixed,100,256,128,0.15,50,64,0.001,1,0,1,1,0.001,adam,0.1,0.99,fixed,gated,5000,none,8,0.95,"[0.5, 1.0, 2.0]",0,0,4,38,2.015652,0,0.0005978973349556327,inf,27.240978717803955,0.8473945507265987,0.3632457614962553,0.30285079600148096,0.21104231166150672,0.5360419397116645,0.39943542695836276,23600,22516,364,2691,1668,0.9259193539619446,0.6198439002037048,0.9970825910568237,0.028470370729090803,,,,,,,,,0.007584940021236737,0.0029285099978248277
smd,./data/SMD,machine-3-11,machine-3-11,gate_gbuf5k,100,256,128,0.15,50,64,0.001,1,1,1,1,0.001,adam,0.1,0.99,adaptive,gated,5000,unc,8,0.95,"[0.5, 1.0, 2.0]",0,0,7,38,2.01569,8,0.00041180613334290683,0.00022690059267915785,30.47386860847473,0.8767265964437696,0.5238394560946177,0.04133804732118575,0.021240916713247623,0.7676767676767676,0.6101694915254238,28597,18992,350,440,44,0.9976832270622253,0.10000000149011612,0.6729410290718079,0.08724743525298337,0.8760228433538841,0.5290717256449783,0.8792071887376821,0.5313244330937961,0.8837205304501256,0.5315704809303016,0.8768713877493441,0.2470071034512697,0.09965035133063793,0.2687955636841555
smd,./data/SMD,machine-1-4,machine-1-4,fixed,100,256,128,0.15,50,64,0.001,1,1,1,1,0.001,adam,0.1,0.99,fixed,gated,5000,none,8,0.95,"[0.5, 1.0, 2.0]",0,0,2,38,2.01569,8,0.0009402090799994767,0.00027194421272724867,29.363398551940918,0.811598222183553,0.26037609436700704,0.3133574007220217,0.3263157894736842,0.3013888888888889,0.3243683781581092,23608,23003,367,1908,1303,0.9433552026748657,0.6829140186309814,1.0,0.09817917118311656,0.9131347186574055,0.3194719815857893,0.9292850910901331,0.34551408433643904,0.9345135595964869,0.3531278503890536,0.9194983094309345,0.28484604044756184,0.0,0.0
smd,./data/SMD,machine-3-4,machine-3-4,gate_gbuf5k,100,256,128,0.15,50,64,0.001,1,1,1,1,0.001,adam,0.1,0.99,adaptive,gated,5000,unc,8,0.95,"[0.5, 1.0, 2.0]",0,0,1,38,2.01569,8,0.0016675631050020456,0.0002813141036313027,33.31620931625366,0.7426472450689956,0.3238636001389606,0.21408128219805378,0.14858959078267778,0.3828045035823951,0.35652853792025024,23588,21329,362,1769,621,0.9708847403526306,0.35104578733444214,0.9490810632705688,0.09462804901048008,0.7766161115610608,0.3839840842152002,0.7810487987246971,0.40305544783115904,0.7816739657656708,0.41519394668184,0.7744304381667836,0.40186433136456073,0.014624816986421743,0.010036754344279567
smd,./data/SMD,machine-1-2,machine-1-2,fixed,100,256,128,0.15,50,64,0.001,1,1,1,1,0.001,adam,0.1,0.99,fixed,gated,5000,none,8,0.95,"[0.5, 1.0, 2.0]",0,0,3,38,2.01569,8,0.004383048973977566,0.0008435866911895573,32.016841411590576,0.8831269428796569,0.21640173835290466,0.25330812854442347,0.1923444976076555,0.37084870848708484,0.26332288401253917,23595,23270,367,1532,1212,0.94791579246521,0.7911227345466614,0.999773383140564,0.11591658700343586,0.8961797391600386,0.2467357288102857,0.8884423285101889,0.2590417191123637,0.8760130388104157,0.2601488371747243,0.8224427942275276,0.16770416174141828,0.0006407176066810886,0.0
smd,./data/SMD,machine-1-3,machine-1-3,mask_noTTA,100,256,128,0.15,50,64,0.001,1,1,1,0,0.001,adam,0.1,0.99,fixed,gated,5000,none,8,0.95,"[0.5, 1.0, 2.0]",0,0,1,38,2.01569,8,0.0006622082437388599,0.0001969602017197758,32.40223526954651,0.7989629242102654,0.2381271532236153,0.28831908831908837,0.2697228144989339,0.30966952264381886,0.31561996779388085,23604,22862,0,2005,1328,0.9419123530387878,0.6623441576957703,0.9969906210899353,0.07818172875349248,0.8794939763701325,0.2875374760258977,0.894871830800762,0.3110028120988833,0.9010172392971987,0.3223531956313378,0.8932277658269164,0.2712048871722576,0.0,0.009986737335566431
smd,./data/SMD,machine-2-2,machine-2-2,noMask_fixed,100,256,128,0.15,50,64,0.001,1,0,1,1,0.001,adam,0.1,0.99,fixed,gated,5000,none,8,0.95,"[0.5, 1.0, 2.0]",0,0,6,38,2.015652,0,0.0007406160584650934,inf,26.987807989120483,0.5818322574834844,0.14541251716292675,0.10442073170731707,0.1134575569358178,0.09671726085421814,0.24425799685369692,23601,21765,360,3922,3012,0.8616126775741577,0.7679755091667175,0.9529447555541992,0.026776565242069242,,,,,,,,,0.008615819116433462,0.048227570950984955
smd,./data/SMD,machine-2-7,machine-2-7,base_noTTA,100,256,128,0.15,50,64,0.001,1,0,1,0,0.001,adam,0.1,0.99,fixed,gated,5000,none,8,0.95,"[0.5, 1.0, 2.0]",0,0,6,38,2.015652,0,0.003134686267003417,inf,26.00340986251831,0.8695773910533501,0.3119583982453762,0.34754098360655733,0.5492227979274611,0.2541966426858513,0.3692307692307692,23597,23461,0,2397,2261,0.9036272764205933,0.9432623982429504,1.0,0.009175998283431819,,,,,,,,,0.0,0.0
smd,./data/SMD,machine-3-9,machine-3-9,base_noTTA,100,256,128,0.15,50,64,0.001,1,0,1,0,0.001,adam,0.1,0.99,fixed,gated,5000,none,8,0.95,"[0.5, 1.0, 2.0]",0,0,3,38,2.015652,0,0.00017856036720331758,inf,31.74903631210327,0.8582242807174064,0.2961566717880231,0.0316448359800626,0.01610524452834641,0.900990099009901,0.35775862068965514,28614,6031,0,699,0,1.0,0.0,0.2160487174987793,0.009105541658258175,,,,,,,,,0.4583474397659302,0.9247902830441793
smd,./data/SMD,machine-2-2,machine-2-2,gate_noTTA,100,256,128,0.15,50,64,0.001,1,1,1,0,0.001,adam,0.1,0.99,fixed,gated,5000,unc,8,0.95,"[0.5, 1.0, 2.0]",0,0,8,38,2.01569,8,0.0007699255947954953,0.00040438424912281334,26.506057739257812,0.5604571477018376,0.14809470074259184,0.12962310672772104,0.12934973637961336,0.12989763501588422,0.23103776578863852,23601,20795,0,3922,2566,0.8766049742698669,0.6542580127716064,0.9263173937797546,0.06351996860202705,0.5795221043513767,0.14979270531017322,0.5872320030794936,0.15081197374743227,0.5934729477164901,0.1516736490874543,0.5981799476289168,0.141762121164413,0.011158191909392675,0.048436557253201805
smd,./data/SMD,machine-2-7,machine-2-7,gate_noTTA,100,256,128,0.15,50,64,0.001,1,1,1,0,0.001,adam,0.1,0.99,fixed,gated,5000,unc,8,0.95,"[0.5, 1.0, 2.0]",0,0,4,38,2.01569,8,0.0033671001438051462,0.0008528704638592899,31.738384008407593,0.8700326134556077,0.2888509797606163,0.31051752921535897,0.510989010989011,0.22302158273381295,0.3356009070294785,23597,23403,0,2397,2203,0.9058667421340942,0.9190654754638672,1.0,0.08592734110730732,0.8626020528995421,0.25889843157372194,0.8552462810884502,0.22160352035663994,0.8465787703185104,0.18078022761745594,0.8079616636601797,0.08450861226461534,0.0,0.0
smd,./data/SMD,machine-1-3,machine-1-3,gate_gbuf5k,100,256,128,0.15,50,64,0.001,1,1,1,1,0.001,adam,0.1,0.99,adaptive,gated,5000,unc,8,0.95,"[0.5, 1.0, 2.0]",0,0,9,38,2.01569,8,0.0006648455746471882,0.00020818295888602734,26.247108697891235,0.8037060600832331,0.24822391162972338,0.3368532206969377,0.29619312906220985,0.390452876376989,0.3145275035260931,23604,22477,364,2005,1068,0.9524847865104675,0.5326683521270752,0.9912033081054688,0.08990610682182526,0.8785436003324872,0.295380269201801,0.8951381179302746,0.31823184631356327,0.9032676570187544,0.3302493532904397,0.9035664879760049,0.27723645126285207,0.0007891414376596609,0.012297795775036017
smd,./data/SMD,machine-2-7,machine-2-7,gate_gbuf5k,100,256,128,0.15,50,64,0.001,1,1,1,1,0.001,adam,0.1,0.99,adaptive,gated,5000,unc,8,0.95,"[0.5, 1.0, 2.0]",0,0,9,38,2.01569,8,0.003288512583822012,0.0007951598381623626,26.932963132858276,0.8884200341947327,0.3048196606029698,0.2662968099861304,0.1873170731707317,0.460431654676259,0.41273584905660377,23597,22878,366,2397,1888,0.9174752831459045,0.7876512408256531,0.9900943636894226,0.08966882648056593,0.8809538305177843,0.27812236852224115,0.872196233305035,0.2366018155493826,0.8614053299651615,0.19763782152376702,0.8139885445481838,0.09286223189362844,0.013393026776611805,0.021265283226966858
smd,./data/SMD,machine-1-8,machine-1-8,mask_noTTA,100,256,128,0.15,50,64,0.001,1,1,1,0,0.001,adam,0.1,0.99,fixed,gated,5000,none,8,0.95,"[0.5, 1.0, 2.0]",0,0,9,38,2.01569,8,0.000606205256190151,0.00015917459677439183,27.281885623931885,0.8284029901884371,0.34429112208685636,0.2415985467756585,0.15708661417322833,0.5229357798165137,0.38088235294117645,23600,22350,0,2691,1592,0.928769588470459,0.5916016101837158,0.9927782416343689,0.06075490329225185,0.8988762850733775,0.39251432728004515,0.9160837198820033,0.3973761359605662,0.9260801382021019,0.3859473809202947,0.9165548582162182,0.2551833900468039,0.026315977796912193,0.0
smd,./data/SMD,machine-3-2,machine-3-2,mask_noTTA,100,256,128,0.15,50,64,0.001,1,1,1,0,0.001,adam,0.1,0.99,fixed,gated,5000,none,8,0.95,"[0.5, 1.0, 2.0]",0,0,6,38,2.01569,8,0.006780791562050581,0.0010373026598244905,27.09721803665161,0.47314545551924425,0.046899380278400425,0.024038461538461536,0.1079136690647482,0.013525698827772768,0.0906955736224029,23604,23604,0,2018,2018,0.9145060181617737,1.0,1.0,0.07709124960589865,0.5614498586528354,0.05977636015247047,0.5712908411970173,0.06537546073583486,0.5772756566235695,0.07183853087461652,0.5817775380729804,0.07967046413883608,0.0,0.0
smd,./data/SMD,machine-3-11,machine-3-11,gate_noTTA,100,256,128,0.15,50,64,0.001,1,1,1,0,0.001,adam,0.1,0.99,fixed,gated,5000,unc,8,0.95,"[0.5, 1.0, 2.0]",0,0,3,38,2.01569,8,0.0004077529883943498,0.0002286282688146457,35.12217307090759,0.8902657354653986,0.5183363412426479,0.024581159022246637,0.012459974940832522,0.9040404040404041,0.6102719033232629,28597,13034,0,440,0,1.0,0.0,0.4629044234752655,0.06421728601371317,0.897395422397177,0.5224048232776173,0.9024404335303345,0.5258478982369688,0.9061124969960677,0.5276743976655422,0.8930281125522898,0.2455390439699932,0.13927739361921945,0.9818114240964254
smd,./data/SMD,machine-2-3,machine-2-3,fixed,100,256,128,0.15,50,64,0.001,1,1,1,1,0.001,adam,0.1,0.99,fixed,gated,5000,none,8,0.95,"[0.5, 1.0, 2.0]",0,0,0,38,2.01569,8,0.0006586731760762632,0.00023393162700813264,29.41131091117859,0.9551023971504671,0.4532358496228506,0.24500525762355416,0.14268218003674218,0.8661710037174721,0.4731494920174165,23590,22131,361,1259,463,0.9790791273117065,0.36775219440460205,0.9703103303909302,0.08829845721158702,0.9562558928758504,0.46955137380683193,0.9533174708491138,0.46000723347837646,0.9489072981184068,0.42413031149722397,0.9108695583160582,0.15887512192707534,0.03776198749740919,0.018096541985869408
smd,./data/SMD,machine-2-2,machine-2-2,noMask_fixed,100,256,128,0.15,50,64,0.001,1,0,1,1,0.001,adam,0.1,0.99,fixed,gated,5000,none,8,0.95,"[0.5, 1.0, 2.0]",0,0,7,38,2.015652,0,0.0007109983707778156,inf,26.095661640167236,0.5898500582183794,0.1490638812791773,0.10893747602608361,0.11927761444771104,0.10024708789269325,0.24787038583597795,23601,21681,360,3922,2949,0.8639822602272034,0.7519122958183289,0.9518776535987854,0.026723670886737865,,,,,,,,,0.009322034195065498,0.048227570950984955
smd,./data/SMD,machine-1-5,machine-1-5,mask_noTTA,100,256,128,0.15,50,64,0.001,1,1,1,0,0.001,adam,0.1,0.99,fixed,gated,5000,none,8,0.95,"[0.5, 1.0, 2.0]",0,0,7,38,2.01569,8,0.0008238714653998613,0.0003143138310406357,28.27990460395813,0.9434893671100567,0.5452152503031721,0.07326646314871348,0.038303693570451436,0.84,0.59375,23607,22076,0,793,51,0.9976897835731506,0.06431273370981216,0.9654159545898438,0.061637691617865434,0.9622045242734898,0.5518186149514108,0.9632847581123443,0.5491651773017612,0.9627831907142252,0.5190229756890716,0.933495721426756,0.07105198249860466,0.0,0.07279305718839169
smd,./data/SMD,machine-1-5,machine-1-5,fixed,100,256,128,0.15,50,64,0.001,1,1,1,1,0.001,adam,0.1,0.99,fixed,gated,5000,none,8,0.95,"[0.5, 1.0, 2.0]",0,0,3,38,2.01569,8,0.0008147303597070277,0.0002932272618636489,32.01576280593872,0.9534808946877913,0.57025379028681,0.08146067415730338,0.04273084479371316,0.87,0.6288659793814433,23607,22257,364,793,49,0.9977984428405762,0.06179066747426987,0.9734373688697815,0.11028999869622577,0.9543823604168431,0.5737066596213357,0.9525442684063372,0.5662229961134508,0.9496623739727187,0.5261719497838794,0.9241392018978226,0.06459239648154343,0.0,0.04880853765644133
smd,./data/SMD,machine-2-5,machine-2-5,base_noTTA,100,256,128,0.15,50,64,0.001,1,0,1,0,0.001,adam,0.1,0.99,fixed,gated,5000,none,8,0.95,"[0.5, 1.0, 2.0]",0,0,0,38,2.015652,0,0.002449042396619916,inf,26.230230808258057,0.9147160030950598,0.4355953108955275,0.29057187017001546,0.5987261146496815,0.19183673469387755,0.47854477611940294,23590,23462,0,3016,2888,0.8769073486328125,0.9575597047805786,1.0,0.008925101978387707,,,,,,,,,0.0,0.0
smd,./data/SMD,machine-1-7,machine-1-7,noMask_fixed,100,256,128,0.15,50,64,0.001,1,0,1,1,0.001,adam,0.1,0.99,fixed,gated,5000,none,8,0.95,"[0.5, 1.0, 2.0]",0,0,6,38,2.015652,0,0.0022965276148170233,inf,23.853012800216675,0.6670344232194059,0.25758738588883634,0.1500910746812386,0.5936599423631124,0.08590492076730609,0.2853333333333333,23598,23336,368,3677,3415,0.8536595702171326,0.9287462830543518,1.0,0.028292701773567113,,,,,,,,,0.0,0.0
smd,./data/SMD,machine-2-2,machine-2-2,gate_gbuf5k,100,256,128,0.15,50,64,0.001,1,1,1,1,0.001,adam,0.1,0.99,adaptive,gated,5000,unc,8,0.95,"[0.5, 1.0, 2.0]",0,0,4,38,2.01569,8,0.0007763131288811564,0.0004015885933768004,29.37748646736145,0.574749437172149,0.14496696411388335,0.10266570605187321,0.10481794777491725,0.10060007059654077,0.24016563146997927,23601,20729,360,3922,2654,0.8719668388366699,0.6766955852508545,0.918491780757904,0.09277462833013875,0.5738732223552014,0.1428131087802339,0.5716458299399466,0.14119782203190376,0.5687683789476967,0.13911128354887192,0.5620504247134512,0.1295316479780446,0.015536723037560781,0.04668789481123289
smd,./data/SMD,machine-3-2,machine-3-2,gate_noTTA,100,256,128,0.15,50,64,0.001,1,1,1,0,0.001,adam,0.1,0.99,fixed,gated,5000,unc,8,0.95,"[0.5, 1.0, 2.0]",0,0,8,38,2.01569,8,0.0073011876083910465,0.001035031396895647,27.788050413131714,0.46751533499202164,0.04550762676758148,0.023178807947019864,0.1414141414141414,0.012623985572587917,0.09017663464518129,23604,23585,0,2018,2012,0.9146915674209595,0.9970267415046692,0.9993977546691895,0.06275916580344999,0.5675733393314519,0.061203391021320296,0.5777202075640628,0.0681388330784578,0.5835714262338774,0.07554918872502345,0.5872217406043068,0.08580131931537235,0.0,0.0
smd,./data/SMD,machine-1-8,machine-1-8,gate_noTTA,100,256,128,0.15,50,64,0.001,1,1,1,0,0.001,adam,0.1,0.99,fixed,gated,5000,unc,8,0.95,"[0.5, 1.0, 2.0]",0,0,0,38,2.01569,8,0.0006104807835072279,0.00016616348875686526,29.387314558029175,0.8252023923427478,0.35722548952068023,0.2542423340279846,0.1644838212634823,0.5596330275229358,0.3901135604542418,23600,21376,0,2691,884,0.958645224571228,0.3285024166107178,0.9800564646720886,0.07055288654262737,0.8957237439092013,0.4032303169904984,0.9126259245054104,0.40730823394206567,0.9221446331258079,0.3951881712460423,0.9124779830685052,0.25640241438068007,0.02249746521313985,0.00034453056287020445
smd,./data/SMD,machine-2-5,machine-2-5,fixed,100,256,128,0.15,50,64,0.001,1,1,1,1,0.001,adam,0.1,0.99,fixed,gated,5000,none,8,0.95,"[0.5, 1.0, 2.0]",0,0,4,38,2.01569,8,0.002820385852828622,0.0006824890151619911,29.414499521255493,0.9254513853628112,0.4587690327081133,0.2804027885360186,0.5819935691318328,0.1846938775510204,0.5108910891089108,23590,23451,368,3016,2877,0.8773186802864075,0.9539124965667725,1.0,0.08646615130661807,0.94149442682529,0.4658341831660022,0.9365445552918426,0.4157709166723484,0.9307660992090702,0.36375823751676617,0.9123079854161928,0.2603837083178098,0.0,0.0
smd,./data/SMD,machine-2-2,machine-2-2,gate_gbuf5k,100,256,128,0.15,50,64,0.001,1,1,1,1,0.001,adam,0.1,0.99,adaptive,gated,5000,unc,8,0.95,"[0.5, 1.0, 2.0]",0,0,1,38,2.01569,8,0.0007867874810472131,0.0004185909347143024,29.852269649505615,0.5907551314477851,0.15022940539818047,0.10424286759326994,0.10815939278937381,0.10060007059654077,0.24660885034467422,23601,20948,360,3922,2687,0.8717299699783325,0.6851096153259277,0.9279434680938721,0.09932390113366034,0.5912891558628477,0.14855741078442655,0.5885821403540223,0.14708150307951287,0.584660255035628,0.14522860608144006,0.5700467761710911,0.13218355814157917,0.012570621523385247,0.04526905839641889
smd,./data/SMD,machine-3-10,machine-3-10,noMask_fixed,100,256,128,0.15,50,64,0.001,1,0,1,1,0.001,adam,0.1,0.99,fixed,gated,5000,none,8,0.95,"[0.5, 1.0, 2.0]",0,0,8,38,2.015652,0,0.0011564699234440923,inf,25.850563287734985,0.9617643121602277,0.7170569490514748,0.6666666666666667,0.6744868035190615,0.6590257879656161,0.6679389312977099,23594,22599,358,2334,1340,0.9407053589820862,0.5741216540336609,0.9999529719352722,0.027746459816718208,,,,,,,,,0.0,0.00020424837324147424
smd,./data/SMD,machine-2-8,machine-2-8,mask_noTTA,100,256,128,0.15,50,64,0.001,1,1,1,0,0.001,adam,0.1,0.99,fixed,gated,5000,none,8,0.95,"[0.5, 1.0, 2.0]",0,0,5,38,2.01569,8,0.00011294935393380001,7.82887073000893e-05,25.037940979003906,0.9924052743583425,0.966857907245735,0.11279826464208242,0.059884836852207295,0.968944099378882,0.9526813880126183,23604,22029,0,260,11,0.9995006322860718,0.042307693511247635,0.9431973695755005,0.06467425162621301,0.9914694551458448,0.9667963846285349,0.9911623523650871,0.9669240013136084,0.9908832159887627,0.9667587703755579,0.987496642712298,0.9326156248470894,0.03134265148158496,0.0
smd,./data/SMD,machine-1-1,machine-1-1,noMask_fixed,100,256,128,0.15,50,64,0.001,1,0,1,1,0.001,adam,0.1,0.99,fixed,gated,5000,none,8,0.95,"[0.5, 1.0, 2.0]",0,0,8,38,2.015652,0,0.00013491079153027385,inf,31.416266918182373,0.9036365977641335,0.46690119481889303,0.37203860778005265,0.23165179384447276,0.9443207126948775,0.53693749040086,28380,19661,344,3486,46,0.9976603388786316,0.013195639476180077,0.7879408597946167,0.024837528508342935,,,,,,,,,0.1085271326204141,0.27760377029577893
smd,./data/SMD,machine-3-6,machine-3-6,gate_gbuf5k,100,256,128,0.15,50,64,0.001,1,1,1,1,0.001,adam,0.1,0.99,adaptive,gated,5000,unc,8,0.95,"[0.5, 1.0, 2.0]",0,0,2,38,2.01569,8,0.00038121192483231425,0.0003124845679849386,40.63970351219177,0.8634678885005687,0.2983221705768071,0.2651383005232993,0.18871940404398724,0.4455611390284757,0.3288331726133076,28627,24841,440,2283,657,0.9735518097877502,0.2877792418003082,0.9180079102516174,0.11072492118102813,0.8952237031445183,0.3143242436203493,0.9053216528183071,0.3196566762626863,0.9117930321859674,0.3207894199911712,0.9046558522672932,0.23817256952177634,0.02145887290438016,0.02698075460890929
smd,./data/SMD,machine-3-4,machine-3-4,noMask_fixed,100,256,128,0.15,50,64,0.001,1,0,1,1,0.001,adam,0.1,0.99,fixed,gated,5000,none,8,0.95,"[0.5, 1.0, 2.0]",0,0,2,38,2.015652,0,0.00157496880274266,inf,27.552643060684204,0.751226514546142,0.3370755005970134,0.2621696801112656,0.19852553975776724,0.3858751279426817,0.3728323699421965,23588,22700,365,1769,931,0.958986759185791,0.5262860655784607,0.9977084398269653,0.02906748818728567,,,,,,,,,0.008490222506225109,0.0
smd,./data/SMD,machine-2-6,machine-2-6,fixed,100,256,128,0.15,50,64,0.001,1,1,1,1,0.001,adam,0.1,0.99,fixed,gated,5000,none,8,0.95,"[0.5, 1.0, 2.0]",0,0,9,38,2.01569,8,0.00042286230018362403,0.00016459249309264123,33.26283931732178,0.8671751480937859,0.3228364019200991,0.11703088314972007,0.06336788578134168,0.7641509433962265,0.35752212389380533,28644,24366,408,1121,119,0.9951161742210388,0.10615521669387817,0.8809722661972046,0.08822214069054823,0.9018986103069677,0.3401468454614747,0.9074485461124504,0.34549527782723083,0.9101932198330743,0.3464874702209534,0.8970142720368416,0.24180598710923745,0.04658575356006622,0.14325002705057463
smd,./data/SMD,machine-1-4,machine-1-4,gate_noTTA,100,256,128,0.15,50,64,0.001,1,1,1,0,0.001,adam,0.1,0.99,fixed,gated,5000,unc,8,0.95,"[0.5, 1.0, 2.0]",0,0,5,38,2.01569,8,0.0009263224783353508,0.00028320890851318836,28.613154649734497,0.824146256579806,0.2599618539859541,0.31818181818181823,0.30670103092783507,0.33055555555555555,0.3218197135636057,23608,22686,0,1908,998,0.9560081362724304,0.5230607986450195,0.9994469881057739,0.06373959329321359,0.9121032781813875,0.32316700987018204,0.9276052768956367,0.35456534746792207,0.9330684493167635,0.36640936138333335,0.916849197372428,0.2987363396012287,0.0,0.0
smd,./data/SMD,machine-2-7,machine-2-7,gate_gbuf5k,100,256,128,0.15,50,64,0.001,1,1,1,1,0.001,adam,0.1,0.99,adaptive,gated,5000,unc,8,0.95,"[0.5, 1.0, 2.0]",0,0,1,38,2.01569,8,0.0032813369762152433,0.000807326752692461,28.955111026763916,0.8670504380034784,0.3017870188676463,0.23424759080800595,0.16952789699570817,0.37889688249400477,0.3608490566037736,23597,22865,366,2397,1900,0.916903555393219,0.7926574945449829,0.9889150857925415,0.09616133509669592,0.8602497614434763,0.27972287732711876,0.854341965664549,0.2490447243174922,0.8468215246952746,0.21502939586628814,0.8146334687050821,0.09543544418547198,0.012036741788809499,0.02321460098028183
smd,./data/SMD,machine-3-9,machine-3-9,gate_noTTA,100,256,128,0.15,50,64,0.001,1,1,1,0,0.001,adam,0.1,0.99,fixed,gated,5000,unc,8,0.95,"[0.5, 1.0, 2.0]",0,0,5,38,2.01569,8,0.0002380234218435362,0.00012822718417737633,29.93470048904419,0.8621197389010286,0.2901536196864543,0.03547988823185392,0.018096248177117857,0.900990099009901,0.3218390804597701,28614,5059,0,699,0,1.0,0.0,0.18122872710227966,0.059851712214669284,0.8753150183022527,0.30106219661864153,0.8780422920855973,0.31002011822716585,0.8795815167578003,0.3266790110564078,0.85064932047587,0.256026469280119,0.4859439929326375,0.9261594414710999
smd,./data/SMD,machine-3-1,machine-3-1,mask_noTTA,100,256,128,0.15,50,64,0.001,1,1,1,0,0.001,adam,0.1,0.99,fixed,gated,5000,none,8,0.95,"[0.5, 1.0, 2.0]",0,0,3,38,2.01569,8,0.0004022846114821732,0.00019910273840650916,39.94053411483765,0.8749347035748134,0.32083312244442247,0.04907186179011211,0.02525061471533951,0.8668831168831169,0.3839285714285714,28601,16516,0,704,32,0.9980624914169312,0.04545454680919647,0.5908879041671753,0.08608124430440263,0.8960237335924149,0.32746834352142096,0.8964057920101876,0.33116581568402775,0.8932460625455131,0.3356315046401793,0.8408898221741627,0.24204306724376817,0.2021141511698564,0.5014580339193344
smd,./data/SMD,machine-1-7,machine-1-7,mask_noTTA,100,256,128,0.15,50,64,0.001,1,1,1,0,0.001,adam,0.1,0.99,fixed,gated,5000,none,8,0.95,"[0.5, 1.0, 2.0]",0,0,8,38,2.01569,8,0.002518935827538371,0.0006769538158550858,24.743727922439575,0.6486778992196613,0.2343344486863326,0.1407942238267148,0.5241935483870968,0.08131776480400334,0.26321117635148816,23598,23342,0,3677,3421,0.8534401655197144,0.9303780198097229,1.0,0.0703579309138416,0.7049049454760667,0.2940717974622289,0.7098960270231609,0.30404971746818266,0.7123662276116994,0.3053301274296131,0.712518973567539,0.28731006110202434,0.0,0.0
smd,./data/SMD,machine-2-1,machine-2-1,gate_gbuf5k,100,256,128,0.15,50,64,0.001,1,1,1,1,0.001,adam,0.1,0.99,adaptive,gated,5000,unc,8,0.95,"[0.5, 1.0, 2.0]",0,0,4,38,2.01569,8,0.0013828604714944959,0.00030627063824795187,29.44273543357849,0.7702435351010204,0.3142476109920125,0.2913770913770914,0.20847145488029467,0.48376068376068376,0.34778554778554777,23595,21185,361,2457,890,0.9579891562461853,0.3622303605079651,0.9601191878318787,0.09642542608462797,0.8202164794399743,0.38594324321532514,0.8274338711072861,0.4103572872086241,0.828615440775803,0.41596726756019986,0.8083907459773203,0.33338989337000513,0.005061783517400424,0.009105516597628593
smd,./data/SMD,machine-3-8,machine-3-8,gate_gbuf5k,100,256,128,0.15,50,64,0.001,1,1,1,1,0.001,adam,0.1,0.99,adaptive,gated,5000,unc,8,0.95,"[0.5, 1.0, 2.0]",0,0,8,38,2.01569,8,0.0006570877158083022,0.00018822841229848564,30.591504096984863,0.8511930136950222,0.2668556869085666,0.26308784383318545,0.18903410902135798,0.4325309992706054,0.30439385918475387,28605,21233,434,1965,388,0.9817265868186951,0.19745546579360962,0.7824699878692627,0.09427417347719153,0.8887312576769161,0.3121087014548403,0.8877549555429014,0.33405180712589344,0.881830308919549,0.34411056839605003,0.8425485548564222,0.2883556714078601,0.010718862836559614,0.07187545827279489
smd,./data/SMD,machine-3-4,machine-3-4,noMask_fixed,100,256,128,0.15,50,64,0.001,1,0,1,1,0.001,adam,0.1,0.99,fixed,gated,5000,none,8,0.95,"[0.5, 1.0, 2.0]",0,0,7,38,2.015652,0,0.0015774085186421871,inf,26.68237042427063,0.7504335290726787,0.3405491220888506,0.2656852436032247,0.20202558635394458,0.38792221084953943,0.3754461099214847,23588,22694,365,1769,931,0.9589759111404419,0.5262860655784607,0.9974334239959717,0.02873926338996648,,,,,,,,,0.011203987834354242,0.0
smd,./data/SMD,machine-2-1,machine-2-1,base_noTTA,100,256,128,0.15,50,64,0.001,1,0,1,0,0.001,adam,0.1,0.99,fixed,gated,5000,none,8,0.95,"[0.5, 1.0, 2.0]",0,0,8,38,2.015652,0,0.0013200833927839994,inf,23.754862308502197,0.7520930950006602,0.29047408573551514,0.30100755667506296,0.2382851445663011,0.40854700854700854,0.33083956774729845,23595,22801,0,2457,1664,0.9270207285881042,0.6772486567497253,0.9999526739120483,0.00813604032723018,,,,,,,,,0.00014887598808854818,0.0
smd,./data/SMD,machine-1-6,machine-1-6,base_noTTA,100,256,128,0.15,50,64,0.001,1,0,1,0,0.001,adam,0.1,0.99,fixed,gated,5000,none,8,0.95,"[0.5, 1.0, 2.0]",0,0,2,38,2.015652,0,0.0005728784599341452,inf,27.45507264137268,0.8872238362150623,0.6445789090829576,0.5087538619979403,0.360179472798654,0.86596548004315,0.6255530231934575,23590,14907,0,6678,1046,0.9298316240310669,0.15663371980190277,0.8195955753326416,0.01038571139825204,,,,,,,,,0.13749046623706818,0.06409784282247226
smd,./data/SMD,machine-3-3,machine-3-3,fixed,100,256,128,0.15,50,64,0.001,1,1,1,1,0.001,adam,0.1,0.99,fixed,gated,5000,none,8,0.95,"[0.5, 1.0, 2.0]",0,0,5,38,2.01569,8,0.0008628147188574076,0.000292348675429821,25.011271715164185,0.8895343845004606,0.28792543266045917,0.2679658952496955,0.16591251885369532,0.6962025316455697,0.3569192235441453,23604,22411,359,3206,2443,0.8909910321235657,0.7620087265968323,0.978919506072998,0.0913563046974967,0.9024327900279215,0.31535758729413516,0.9042254811646382,0.31970905238990305,0.90246673861481,0.29456862517746146,0.8614212853661977,0.1229691270731544,0.001949317753314972,0.03111492283642292
smd,./data/SMD,machine-3-6,machine-3-6,gate_noTTA,100,256,128,0.15,50,64,0.001,1,1,1,0,0.001,adam,0.1,0.99,fixed,gated,5000,unc,8,0.95,"[0.5, 1.0, 2.0]",0,0,3,38,2.01569,8,0.00038514798507094383,0.000328199501382187,35.362401723861694,0.8625399139627626,0.3010965522791853,0.2636637498206857,0.15907910680283885,0.7696817420435511,0.3412368614030799,28627,23890,0,2283,74,0.9969024658203125,0.03241349011659622,0.9040388464927673,0.06239671647521608,0.8936265058159216,0.31690975335762106,0.9045541889309981,0.32223960477779473,0.9121402146088085,0.32113663142286664,0.9052762206840294,0.23101355392709558,0.003535231555967281,0.11764644334713618
smd,./data/SMD,machine-3-4,machine-3-4,noMask_fixed,100,256,128,0.15,50,64,0.001,1,0,1,1,0.001,adam,0.1,0.99,fixed,gated,5000,none,8,0.95,"[0.5, 1.0, 2.0]",0,0,1,38,2.015652,0,0.0015715342015028,inf,26.718265295028687,0.7410388066885797,0.33017359366713955,0.2578125,0.19738988580750408,0.37154554759467756,0.36791147994467494,23588,22718,365,1769,959,0.9577867984771729,0.5421141982078552,0.9972500801086426,0.02809390185626054,,,,,,,,,0.011608283966779709,0.0
smd,./data/SMD,machine-2-7,machine-2-7,mask_noTTA,100,256,128,0.15,50,64,0.001,1,1,1,0,0.001,adam,0.1,0.99,fixed,gated,5000,none,8,0.95,"[0.5, 1.0, 2.0]",0,0,6,38,2.01569,8,0.0034429326187819242,0.0008097105310298502,25.117165088653564,0.8962587393893467,0.3246241970791769,0.3211920529801324,0.5187165775401069,0.23261390887290168,0.3594994311717861,23597,23458,0,2397,2258,0.9037428498268127,0.9420108199119568,1.0,0.06289986698800347,0.8820484657851279,0.2935436895223597,0.8726414117642696,0.2596173668779107,0.8613644845968664,0.21878115040307516,0.8116006614786353,0.09318487136557968,0.0,0.0
smd,./data/SMD,machine-2-7,machine-2-7,noMask_fixed,100,256,128,0.15,50,64,0.001,1,0,1,1,0.001,adam,0.1,0.99,fixed,gated,5000,none,8,0.95,"[0.5, 1.0, 2.0]",0,0,9,38,2.015652,0,0.0031027942895889282,inf,25.614367961883545,0.8773548539492217,0.2658817158773895,0.31321370309951063,0.4897959183673469,0.2302158273381295,0.374845869297164,23597,23442,368,2397,2242,0.9043596982955933,0.9353358149528503,1.0,0.029470221685212402,,,,,,,,,0.0,0.0
smd,./data/SMD,machine-2-5,machine-2-5,gate_gbuf5k,100,256,128,0.15,50,64,0.001,1,1,1,1,0.001,adam,0.1,0.99,adaptive,gated,5000,unc,8,0.95,"[0.5, 1.0, 2.0]",0,0,3,38,2.01569,8,0.002646320965141058,0.0006963153136894107,32.90093517303467,0.917998707695681,0.45233003596671745,0.47910295616717635,0.4786150712830957,0.47959183673469385,0.5057034220532319,23590,22527,364,3016,1973,0.9124162197113037,0.654177725315094,0.9990279078483582,0.11404979628190594,0.9401433037876739,0.4698318555496331,0.9361707710958795,0.4249803814467156,0.9306193894176633,0.3693365239365701,0.9115939827866502,0.26151457279069,0.0005907546728849411,0.0
smd,./data/SMD,machine-2-7,machine-2-7,noMask_fixed,100,256,128,0.15,50,64,0.001,1,0,1,1,0.001,adam,0.1,0.99,fixed,gated,5000,none,8,0.95,"[0.5, 1.0, 2.0]",0,0,1,38,2.015652,0,0.0030111544765532017,inf,26.700562000274658,0.8850076689368036,0.2401969707121643,0.31442463533225284,0.485,0.23261390887290168,0.3533834586466166,23597,23445,368,2397,2245,0.9042439460754395,0.936587393283844,1.0,0.028078609711791356,,,,,,,,,0.0,0.0
smd,./data/SMD,machine-2-3,machine-2-3,fixed,100,256,128,0.15,50,64,0.001,1,1,1,1,0.001,adam,0.1,0.99,fixed,gated,5000,none,8,0.95,"[0.5, 1.0, 2.0]",0,0,4,38,2.01569,8,0.0006393729127012193,0.00023731612600386143,29.14363956451416,0.9510904796523163,0.4825014446406912,0.25458468176914784,0.14889589905362777,0.8773234200743495,0.49284578696343406,23590,22097,361,1259,452,0.9795447587966919,0.3590150773525238,0.9692803621292114,0.09030030409427657,0.9542809659713203,0.49607462519737694,0.9526376274210394,0.48831675782256867,0.9493426963260201,0.4519969893889615,0.9164064012901628,0.17638235348160528,0.038772190610567726,0.020371179562062025
smd,./data/SMD,machine-1-6,machine-1-6,base_noTTA,100,256,128,0.15,50,64,0.001,1,0,1,0,0.001,adam,0.1,0.99,fixed,gated,5000,none,8,0.95,"[0.5, 1.0, 2.0]",0,0,3,38,2.015652,0,0.0006001163274049759,inf,32.876567125320435,0.8916385614877823,0.6555711623724186,0.5115652724968315,0.36215791834903543,0.8708198489751888,0.6396870362876028,23590,15671,0,6678,1115,0.928849458694458,0.16696615517139435,0.8606906533241272,0.014640416771539847,,,,,,,,,0.12630361691117287,0.04490851238369942
smd,./data/SMD,machine-2-7,machine-2-7,mask_noTTA,100,256,128,0.15,50,64,0.001,1,1,1,0,0.001,adam,0.1,0.99,fixed,gated,5000,none,8,0.95,"[0.5, 1.0, 2.0]",0,0,9,38,2.01569,8,0.003288512583822012,0.0007951598381623626,27.0450222492218,0.8922906092841265,0.3302596959549339,0.3112582781456954,0.5026737967914439,0.22541966426858512,0.36384976525821594,23597,23455,0,2397,2255,0.9038584232330322,0.9407593011856079,1.0,0.0670211125305256,0.8843372486168461,0.3000433603531865,0.8747431712261534,0.25966610585341343,0.8631556544360285,0.2126340440008811,0.8129409870445498,0.0846096507961591,0.0,0.0
smd,./data/SMD,machine-2-7,machine-2-7,noMask_fixed,100,256,128,0.15,50,64,0.001,1,0,1,1,0.001,adam,0.1,0.99,fixed,gated,5000,none,8,0.95,"[0.5, 1.0, 2.0]",0,0,4,38,2.015652,0,0.0038140679243952036,inf,29.335267782211304,0.8719445681480503,0.2488224379097924,0.29850746268656714,0.4838709677419355,0.2158273381294964,0.32524964336661916,23597,23470,368,2397,2270,0.9032807946205139,0.9470171332359314,1.0,0.030800584625853278,,,,,,,,,0.0,0.0
smd,./data/SMD,machine-1-7,machine-1-7,base_noTTA,100,256,128,0.15,50,64,0.001,1,0,1,0,0.001,adam,0.1,0.99,fixed,gated,5000,none,8,0.95,"[0.5, 1.0, 2.0]",0,0,5,38,2.015652,0,0.0023176572285592556,inf,24.350494146347046,0.6555281485843113,0.24617171498029636,0.1482019614965492,0.5746478873239437,0.08507089241034195,0.2735283750440606,23598,23317,0,3677,3396,0.8543552160263062,0.9235789775848389,1.0,0.009599626342142342,,,,,,,,,0.0,0.0
smd,./data/SMD,machine-1-7,machine-1-7,base_noTTA,100,256,128,0.15,50,64,0.001,1,0,1,0,0.001,adam,0.1,0.99,fixed,gated,5000,none,8,0.95,"[0.5, 1.0, 2.0]",0,0,8,38,2.015652,0,0.0022497326135635376,inf,26.6333327293396,0.6604691469224026,0.24418982910949308,0.13422321097515758,0.6053511705685619,0.07547956630525438,0.2789799072642968,23598,23333,0,3677,3412,0.8537693619728088,0.9279303550720215,1.0,0.008938413361834615,,,,,,,,,0.0,0.0
smd,./data/SMD,machine-3-3,machine-3-3,gate_gbuf5k,100,256,128,0.15,50,64,0.001,1,1,1,1,0.001,adam,0.1,0.99,adaptive,gated,5000,unc,8,0.95,"[0.5, 1.0, 2.0]",0,0,3,38,2.01569,8,0.0008393939351662993,0.00029042037203907967,32.17470741271973,0.8865927223008335,0.2882775639299998,0.2515012363122572,0.16189176898590268,0.5632911392405063,0.3494475138121547,23604,21203,361,3206,1913,0.9097769260406494,0.5966936945915222,0.9456809759140015,0.1158910956428811,0.899385750042933,0.31754745866332,0.9015204989111761,0.32635131312710475,0.9005539586384135,0.3092487024068015,0.865889776688253,0.12939841757293616,0.007629924453794956,0.013939394305149714
smd,./data/SMD,machine-3-10,machine-3-10,gate_gbuf5k,100,256,128,0.15,50,64,0.001,1,1,1,1,0.001,adam,0.1,0.99,adaptive,gated,5000,unc,8,0.95,"[0.5, 1.0, 2.0]",0,0,4,38,2.01569,8,0.0012489227810874581,0.00010603833652567118,31.68522000312805,0.9658260384215136,0.7214555418195197,0.4955106621773288,0.3508144616607072,0.8433619866284623,0.7344684767602393,23594,20652,351,2334,395,0.9808735251426697,0.16923736035823822,0.952822208404541,0.11615594726624585,0.9743919978952663,0.6908506559089839,0.9712090013640449,0.6402052815480936,0.9671275158093328,0.5785893320197101,0.9551888748050325,0.45884830273729166,0.010078553731242815,0.010238046670565382
smd,./data/SMD,machine-3-3,machine-3-3,base_noTTA,100,256,128,0.15,50,64,0.001,1,0,1,0,0.001,adam,0.1,0.99,fixed,gated,5000,none,8,0.95,"[0.5, 1.0, 2.0]",0,0,2,38,2.015652,0,0.0007852111593820155,inf,27.598814725875854,0.8765517247528133,0.2580430535337284,0.2356828193832599,0.14266666666666666,0.6772151898734177,0.339105339105339,23604,22090,0,3206,2253,0.8980081677436829,0.7027448415756226,0.972497284412384,0.010211999851492497,,,,,,,,,0.006010396406054497,0.057081567123532295
smd,./data/SMD,machine-2-9,machine-2-9,gate_noTTA,100,256,128,0.15,50,64,0.001,1,1,1,0,0.001,adam,0.1,0.99,fixed,gated,5000,unc,8,0.95,"[0.5, 1.0, 2.0]",0,0,9,38,2.01569,8,0.0007340654847212136,0.000389501394238323,31.4974045753479,0.964784837266018,0.6154962541658263,0.5949166004765687,0.4565681194757696,0.8535612535612536,0.6273653566229985,28623,24679,0,2745,208,0.9915717840194702,0.07577413320541382,0.9456294775009155,0.06193170606459028,0.9702569892060752,0.644907156295821,0.9701264508473317,0.6541872021580563,0.9683842983357205,0.6594122192431836,0.9531691630701531,0.6225894679552149,0.0009314239335556825,0.0445592167476813
smd,./data/SMD,machine-3-10,machine-3-10,mask_noTTA,100,256,128,0.15,50,64,0.001,1,1,1,0,0.001,adam,0.1,0.99,fixed,gated,5000,none,8,0.95,"[0.5, 1.0, 2.0]",0,0,9,38,2.01569,8,0.0011762548238039017,0.00010031072451965883,28.050949573516846,0.9666138374437302,0.8080924491921421,0.7603686635944701,0.7346393588601959,0.7879656160458453,0.7914110429447853,23594,22594,0,2334,1334,0.94095778465271,0.5715509653091431,1.0,0.06301153248787492,0.9754719898414034,0.7827453856698282,0.9725687444164708,0.7326934540330589,0.9681480611725795,0.641818435066571,0.9528919043918433,0.44003614488909515,0.0,0.0
smd,./data/SMD,machine-3-9,machine-3-9,mask_noTTA,100,256,128,0.15,50,64,0.001,1,1,1,0,0.001,adam,0.1,0.99,fixed,gated,5000,none,8,0.95,"[0.5, 1.0, 2.0]",0,0,5,38,2.01569,8,0.0002380234218435362,0.00012822718417737633,30.364005088806152,0.8621197389010286,0.2901536196864543,0.03547988823185392,0.018096248177117857,0.900990099009901,0.3218390804597701,28614,5495,0,699,0,1.0,0.0,0.1968475729227066,0.06118017880431826,0.8753150183022527,0.30106219661864153,0.8780422920855973,0.31002011822716585,0.8795815167578003,0.3266790110564078,0.85064932047587,0.256026469280119,0.4859439929326375,0.9261594414710999
smd,./data/SMD,machine-1-4,machine-1-4,noMask_fixed,100,256,128,0.15,50,64,0.001,1,0,1,1,0.001,adam,0.1,0.99,fixed,gated,5000,none,8,0.95,"[0.5, 1.0, 2.0]",0,0,9,38,2.015652,0,0.0009727817960083485,inf,27.07498073577881,0.8092653818825133,0.2745593699138163,0.3443113772455089,0.37337662337662336,0.3194444444444444,0.3487858719646799,23608,23022,367,1908,1322,0.9425766468048096,0.6928721070289612,1.0,0.028554876551148207,,,,,,,,,0.0,0.0
smd,./data/SMD,machine-1-7,machine-1-7,gate_gbuf5k,100,256,128,0.15,50,64,0.001,1,1,1,1,0.001,adam,0.1,0.99,adaptive,gated,5000,unc,8,0.95,"[0.5, 1.0, 2.0]",0,0,0,38,2.01569,8,0.0024933419190347195,0.0006812465726397932,29.603805541992188,0.6492343553897462,0.2289712376579784,0.18169891767792717,0.4254992319508449,0.11551292743953294,0.2598160852430302,23598,22779,367,3677,2875,0.8737872838973999,0.781887412071228,0.9991466403007507,0.09745841855184033,0.7088941670526024,0.2960928463600382,0.7140131585310558,0.31165572421041293,0.7165149205476291,0.3171380073708167,0.7143109362971733,0.29637608537646226,0.00016700067014123002,0.0
smd,./data/SMD,machine-3-7,machine-3-7,gate_gbuf5k,100,256,128,0.15,50,64,0.001,1,1,1,1,0.001,adam,0.1,0.99,adaptive,gated,5000,unc,8,0.95,"[0.5, 1.0, 2.0]",0,0,6,38,2.01569,8,0.00014708368689753115,0.0002517576504033059,29.205523252487183,0.8503880399171481,0.4139657311474596,0.12855772305724336,0.0746379502413665,0.4631336405529954,0.49831649831649827,28606,26199,442,929,306,0.9883201718330383,0.329386442899704,0.9355421662330627,0.09300209863664453,0.8831272931650498,0.4501443083140244,0.8840863290401801,0.4844108407365626,0.8794070457310229,0.5247651165642324,0.840090242447725,0.4886527681800848,0.030292438964049023,0.003525064317121481
smd,./data/SMD,machine-1-1,machine-1-1,base_noTTA,100,256,128,0.15,50,64,0.001,1,0,1,0,0.001,adam,0.1,0.99,fixed,gated,5000,none,8,0.95,"[0.5, 1.0, 2.0]",0,0,3,38,2.015652,0,0.00013535268954001367,inf,37.04277729988098,0.9004292102516973,0.4804135630419754,0.37195030684029334,0.23293963254593175,0.9224201930215293,0.5432733504712939,28380,19796,0,3486,60,0.9969691038131714,0.017211703583598137,0.7928014993667603,0.011377774803801437,,,,,,,,,0.11287291472156842,0.2675275653600693
smd,./data/SMD,machine-1-7,machine-1-7,gate_gbuf5k,100,256,128,0.15,50,64,0.001,1,1,1,1,0.001,adam,0.1,0.99,adaptive,gated,5000,unc,8,0.95,"[0.5, 1.0, 2.0]",0,0,2,38,2.01569,8,0.002461969153955579,0.0006689847796224058,29.110681772232056,0.6631337576844344,0.24216162399114943,0.1976284584980237,0.4702194357366771,0.12510425354462051,0.27568852229833635,23598,22783,365,3677,2877,0.8737216591835022,0.7824313044548035,0.9992470145225525,0.10240011290378799,0.7126311223639306,0.30192376781004415,0.7161876958908391,0.3126035322725353,0.7175777300997463,0.31410035807927666,0.7138963107627484,0.2928379751024161,0.0,0.0
smd,./data/SMD,machine-3-3,machine-3-3,noMask_fixed,100,256,128,0.15,50,64,0.001,1,0,1,1,0.001,adam,0.1,0.99,fixed,gated,5000,none,8,0.95,"[0.5, 1.0, 2.0]",0,0,7,38,2.015652,0,0.0007859930628910661,inf,26.90531826019287,0.8798074628184103,0.2840555493205223,0.24661399548532728,0.1500686813186813,0.6914556962025317,0.34421364985163205,23604,22157,359,3206,2375,0.8928104043006897,0.7407984733581543,0.9698009490966797,0.029451280221194052,,,,,,,,,0.009421702474355698,0.0503243375569582
smd,./data/SMD,machine-2-2,machine-2-2,gate_noTTA,100,256,128,0.15,50,64,0.001,1,1,1,0,0.001,adam,0.1,0.99,fixed,gated,5000,unc,8,0.95,"[0.5, 1.0, 2.0]",0,0,7,38,2.01569,8,0.0007799901650287211,0.0004147815052419901,27.725393533706665,0.5852882722811853,0.1555476378373034,0.1384155981029334,0.13776223776223775,0.13907518531591953,0.23944875107665803,23601,20862,0,3922,2592,0.8757549524307251,0.6608873009681702,0.9284008145332336,0.06113348964472796,0.597284491051025,0.155248728604282,0.6019970901044385,0.15514329688719114,0.6052248849304634,0.15512354688675917,0.6028053709328562,0.14280194588039025,0.011158191909392675,0.04862350970506668
smd,./data/SMD,machine-1-7,machine-1-7,noMask_fixed,100,256,128,0.15,50,64,0.001,1,0,1,1,0.001,adam,0.1,0.99,fixed,gated,5000,none,8,0.95,"[0.5, 1.0, 2.0]",0,0,4,38,2.015652,0,0.00234741298481822,inf,26.898494005203247,0.6589879037107037,0.23803051088331129,0.13931436907366884,0.5552325581395349,0.07964970809007506,0.26499143346659054,23598,23377,368,3677,3456,0.8521623611450195,0.9398966431617737,1.0,0.029155031807675827,,,,,,,,,0.0,0.0
smd,./data/SMD,machine-1-7,machine-1-7,gate_noTTA,100,256,128,0.15,50,64,0.001,1,1,1,0,0.001,adam,0.1,0.99,fixed,gated,5000,unc,8,0.95,"[0.5, 1.0, 2.0]",0,0,0,38,2.01569,8,0.0024933419190347195,0.0006812465726397932,29.811917304992676,0.6388660249097984,0.23119802859112754,0.14456089627755692,0.5420054200542005,0.08340283569641367,0.25646084040244627,23598,23017,0,3677,3110,0.8648824691772461,0.8457981944084167,0.9992972016334534,0.06247917588802402,0.7050145587855288,0.29998759269463054,0.7104211958719062,0.3136221220752994,0.713230554547996,0.31743772186240177,0.7134757625658048,0.29428420529748384,0.0,0.0
smd,./data/SMD,machine-3-8,machine-3-8,noMask_fixed,100,256,128,0.15,50,64,0.001,1,0,1,1,0.001,adam,0.1,0.99,fixed,gated,5000,none,8,0.95,"[0.5, 1.0, 2.0]",0,0,4,38,2.015652,0,0.0006228138227015734,inf,34.749743700027466,0.8915377043478383,0.33378914599860476,0.3699211643420255,0.2558724832214765,0.6673960612691466,0.379016393442623,28605,24716,424,1965,320,0.9870529174804688,0.16284987330436707,0.9157657623291016,0.030353931546357103,,,,,,,,,0.025166025385260582,0.18737762173016867
smd,./data/SMD,machine-2-5,machine-2-5,fixed,100,256,128,0.15,50,64,0.001,1,1,1,1,0.001,adam,0.1,0.99,fixed,gated,5000,none,8,0.95,"[0.5, 1.0, 2.0]",0,0,1,38,2.01569,8,0.002835979452356696,0.00063708407105878,28.506222009658813,0.9183318490106861,0.4516883409038911,0.2751572327044025,0.5993150684931506,0.17857142857142858,0.5140813589628966,23590,23436,368,3016,2862,0.8778801560401917,0.9489389657974243,1.0,0.08875444411422904,0.9384563883239675,0.45520381409051885,0.9337125620427394,0.3990387226161999,0.9277533585982722,0.3432175527731646,0.911194945634249,0.2546329281306054,0.0,0.0
smd,./data/SMD,machine-3-4,machine-3-4,mask_noTTA,100,256,128,0.15,50,64,0.001,1,1,1,0,0.001,adam,0.1,0.99,fixed,gated,5000,none,8,0.95,"[0.5, 1.0, 2.0]",0,0,9,38,2.01569,8,0.0016986370319500566,0.0002855105558410287,27.98434019088745,0.7429638398263541,0.3342944702826577,0.24702916816708675,0.19055555555555556,0.3510747185261003,0.3814358230601886,23588,22797,0,1769,1027,0.954950213432312,0.5805540084838867,0.9977542757987976,0.06339011079925025,0.7843390495712258,0.3958011305796243,0.7892484429415076,0.4138447328347085,0.7903601189309197,0.42293607874322137,0.7841609326260937,0.3998821945475027,0.010395395259062449,0.0
smd,./data/SMD,machine-2-6,machine-2-6,fixed,100,256,128,0.15,50,64,0.001,1,1,1,1,0.001,adam,0.1,0.99,fixed,gated,5000,none,8,0.95,"[0.5, 1.0, 2.0]",0,0,5,38,2.01569,8,0.00042657970334403217,0.00017207826022058725,30.908166646957397,0.8674887084942638,0.3284830724346202,0.11122518822724162,0.05996309963099631,0.7665094339622641,0.35793357933579334,28644,24358,408,1121,118,0.9951555728912354,0.10526315867900848,0.880717933177948,0.07622858079980328,0.8976761218383285,0.3489835530206425,0.9025284378046073,0.35879806719649204,0.9045591265814603,0.3634014050558635,0.891041383643357,0.24828148059551283,0.04376609126726786,0.14412855605284372
smd,./data/SMD,machine-2-3,machine-2-3,fixed,100,256,128,0.15,50,64,0.001,1,1,1,1,0.001,adam,0.1,0.99,fixed,gated,5000,none,8,0.95,"[0.5, 1.0, 2.0]",0,0,3,38,2.01569,8,0.0006876767729409039,0.0002329065027879551,32.110738039016724,0.95238905520335,0.4780336798594609,0.26042841037204056,0.15348837209302327,0.8587360594795539,0.4860088365243005,23590,22179,361,1259,468,0.9788989424705505,0.37172359228134155,0.972235918045044,0.10903763942872129,0.953909060028762,0.4930440439012902,0.9508577805008905,0.48251032574502456,0.946290781875498,0.45040064035883676,0.9109338442344261,0.18775445014290476,0.034905990585684776,0.014334775895501176
smd,./data/SMD,machine-1-5,machine-1-5,noMask_fixed,100,256,128,0.15,50,64,0.001,1,0,1,1,0.001,adam,0.1,0.99,fixed,gated,5000,none,8,0.95,"[0.5, 1.0, 2.0]",0,0,7,38,2.015652,0,0.0006970097310841084,inf,26.70420789718628,0.9590718461408116,0.546270365257218,0.0841300191204589,0.04417670682730924,0.88,0.576923076923077,23607,21945,362,793,47,0.9978582859039307,0.05926860123872757,0.9598492383956909,0.028442153836940827,,,,,,,,,0.0,0.07825807047386964
smd,./data/SMD,machine-3-5,machine-3-5,base_noTTA,100,256,128,0.15,50,64,0.001,1,0,1,0,0.001,adam,0.1,0.99,fixed,gated,5000,none,8,0.95,"[0.5, 1.0, 2.0]",0,0,5,38,2.015652,0,0.0012513396795839071,inf,23.812495946884155,0.8052685480315088,0.27784489320665773,0.07872655478775914,0.04154727793696275,0.7488262910798122,0.3759398496240602,23592,14702,0,1515,559,0.9619779586791992,0.368976891040802,0.6406214833259583,0.008393552756867356,,,,,,,,,0.052140737573305763,0.7725943326950073
smd,./data/SMD,machine-3-1,machine-3-1,noMask_fixed,100,256,128,0.15,50,64,0.001,1,0,1,1,0.001,adam,0.1,0.99,fixed,gated,5000,none,8,0.95,"[0.5, 1.0, 2.0]",0,0,8,38,2.015652,0,0.00035107138683088124,inf,32.92273926734924,0.8924239679734185,0.3006408278349552,0.055460665126092636,0.028615863141524107,0.8961038961038961,0.338235294117647,28601,19583,341,704,54,0.9972425103187561,0.07670454680919647,0.7000394463539124,0.024650168666464144,,,,,,,,,0.07046525490780671,0.37875091284513474
smd,./data/SMD,machine-1-4,machine-1-4,fixed,100,256,128,0.15,50,64,0.001,1,1,1,1,0.001,adam,0.1,0.99,fixed,gated,5000,none,8,0.95,"[0.5, 1.0, 2.0]",0,0,0,38,2.01569,8,0.0009657125920057297,0.00028482702327892184,33.04671311378479,0.808353513821822,0.24792013078964845,0.3069164265129683,0.3188622754491018,0.29583333333333334,0.3170933113129645,23608,23024,367,1908,1324,0.942494809627533,0.6939203143119812,1.0,0.10281305359969985,0.9089662393720123,0.3162218752342488,0.9271134530145059,0.3497747218639485,0.934546367995437,0.3642972876031328,0.9249174050066946,0.2977471817318293,0.0,0.0
smd,./data/SMD,machine-3-1,machine-3-1,gate_noTTA,100,256,128,0.15,50,64,0.001,1,1,1,0,0.001,adam,0.1,0.99,fixed,gated,5000,unc,8,0.95,"[0.5, 1.0, 2.0]",0,0,0,38,2.01569,8,0.00039924803422763944,0.0001951724843820557,33.275346994400024,0.877668691198911,0.2814654246803619,0.05011473152822396,0.025786341739869652,0.8863636363636364,0.3413566739606127,28601,14075,0,704,34,0.997584342956543,0.04829545319080353,0.5033157467842102,0.06270446976074526,0.8936992494684801,0.2885484069061405,0.8922379131857153,0.29253758366462373,0.886912309302419,0.29669339989006627,0.8299045277067256,0.20012676723386608,0.20402909939487776,0.5067896296580633
smd,./data/SMD,machine-1-8,machine-1-8,gate_noTTA,100,256,128,0.15,50,64,0.001,1,1,1,0,0.001,adam,0.1,0.99,fixed,gated,5000,unc,8,0.95,"[0.5, 1.0, 2.0]",0,0,2,38,2.01569,8,0.0006130127003416419,0.00017415391630493104,28.987161874771118,0.8237652918531981,0.33546269072683915,0.24607329842931938,0.15813084112149534,0.5543905635648755,0.3639143730886851,23600,21485,0,2691,930,0.9567139744758606,0.34559643268585205,0.9830694794654846,0.07739951044826185,0.8968176762645936,0.3845976056582153,0.9148840742557444,0.3948879010541472,0.9259649393080113,0.38830597441088177,0.9194758587460417,0.2598254030800081,0.025393332665165264,0.0
smd,./data/SMD,machine-3-10,machine-3-10,mask_noTTA,100,256,128,0.15,50,64,0.001,1,1,1,0,0.001,adam,0.1,0.99,fixed,gated,5000,none,8,0.95,"[0.5, 1.0, 2.0]",0,0,6,38,2.01569,8,0.0012528535444289446,0.0001008472972898744,24.81207513809204,0.9554660531964885,0.648793727039684,0.6332007952286283,0.6601036269430052,0.6084049665711557,0.6347482724580453,23594,22620,0,2334,1360,0.9398761987686157,0.5826906561851501,1.0,0.07723435169662006,0.967539213446003,0.6307073724147216,0.9651775034054731,0.5841526737607134,0.9620748093175464,0.5321237660934666,0.9538478155668816,0.43935189595554236,0.0,0.0
smd,./data/SMD,machine-1-2,machine-1-2,gate_noTTA,100,256,128,0.15,50,64,0.001,1,1,1,0,0.001,adam,0.1,0.99,fixed,gated,5000,unc,8,0.95,"[0.5, 1.0, 2.0]",0,0,2,38,2.01569,8,0.004306463059037924,0.0008025694987736642,29.285665035247803,0.8842519482986814,0.2428785379834157,0.270935960591133,0.2033271719038817,0.4059040590405904,0.28129602356406475,23595,22260,0,1532,807,0.9637466073036194,0.5267624258995056,0.9723519086837769,0.075613146339541,0.8992904584367197,0.271766439516605,0.8893574662681665,0.2825326233636127,0.8737578878682706,0.2781823335015986,0.8102976447007041,0.1684037976861132,0.0009610763906190792,0.0
smd,./data/SMD,machine-3-6,machine-3-6,fixed,100,256,128,0.15,50,64,0.001,1,1,1,1,0.001,adam,0.1,0.99,fixed,gated,5000,none,8,0.95,"[0.5, 1.0, 2.0]",0,0,1,38,2.01569,8,0.0003749963652808219,0.0003246828855480999,39.20610594749451,0.8549126236782246,0.28594125317664326,0.267808009782941,0.1637995512341062,0.7336683417085427,0.31108114182962465,28627,24772,411,2283,72,0.9970934987068176,0.03153745085000992,0.9375948905944824,0.12160739218413728,0.8921774534447626,0.30477985314104855,0.904269397741772,0.3118864409047578,0.9120525444307108,0.31465073347709205,0.9058344108065146,0.23698045809879015,0.012454212953646978,0.12373352299133937
smd,./data/SMD,machine-3-3,machine-3-3,noMask_fixed,100,256,128,0.15,50,64,0.001,1,0,1,1,0.001,adam,0.1,0.99,fixed,gated,5000,none,8,0.95,"[0.5, 1.0, 2.0]",0,0,6,38,2.015652,0,0.000792978797107935,inf,25.36144208908081,0.8794507626155692,0.3023938473834668,0.24811399832355405,0.1506616898540889,0.7025316455696202,0.3660130718954248,23604,22201,360,3206,2394,0.8921670317649841,0.7467249035835266,0.971026599407196,0.028238359537594925,,,,,,,,,0.004061078652739525,0.053912938882907234
smd,./data/SMD,machine-2-1,machine-2-1,gate_gbuf5k,100,256,128,0.15,50,64,0.001,1,1,1,1,0.001,adam,0.1,0.99,adaptive,gated,5000,unc,8,0.95,"[0.5, 1.0, 2.0]",0,0,6,38,2.01569,8,0.0014044013805687428,0.00031006301287561655,26.50194501876831,0.7622445270154381,0.30412386024484345,0.2768837803320562,0.19744990892531877,0.46324786324786327,0.33502070869765305,23595,21223,362,2457,873,0.9588654041290283,0.3553113639354706,0.9627211689949036,0.09200940270574448,0.8163368001007851,0.3802761923945029,0.8244987303191885,0.4080505756243107,0.8268979375465789,0.41697271549322656,0.8113659200366712,0.3423582260308227,0.00446627972026666,0.0033922515188654265
smd,./data/SMD,machine-3-6,machine-3-6,noMask_fixed,100,256,128,0.15,50,64,0.001,1,0,1,1,0.001,adam,0.1,0.99,fixed,gated,5000,none,8,0.95,"[0.5, 1.0, 2.0]",0,0,4,38,2.015652,0,0.00033445883309468627,inf,34.39951276779175,0.8544258442924098,0.2889101655468488,0.2697703098504702,0.16531267712072548,0.7328308207705193,0.31161886242100145,28627,24581,408,2283,66,0.997314989566803,0.02890932932496071,0.9305724501609802,0.03036324359154099,,,,,,,,,0.013306226736555496,0.1283140443265438
smd,./data/SMD,machine-3-3,machine-3-3,mask_noTTA,100,256,128,0.15,50,64,0.001,1,1,1,0,0.001,adam,0.1,0.99,fixed,gated,5000,none,8,0.95,"[0.5, 1.0, 2.0]",0,0,7,38,2.01569,8,0.000842744717374444,0.00029859025380574167,27.366880178451538,0.8875775056526112,0.2837545159485937,0.24817518248175185,0.15085324232081912,0.6993670886075949,0.3542857142857143,23604,22333,0,3206,2313,0.8964312672615051,0.7214597463607788,0.9814687967300415,0.06507980764932379,0.900132996160998,0.3104304817018073,0.9019822682758617,0.3190781485466857,0.9004855128006062,0.30549056713222544,0.8633577607704122,0.12862693357304789,0.00324886292219162,0.030069121314833563
smd,./data/SMD,machine-2-3,machine-2-3,noMask_fixed,100,256,128,0.15,50,64,0.001,1,0,1,1,0.001,adam,0.1,0.99,fixed,gated,5000,none,8,0.95,"[0.5, 1.0, 2.0]",0,0,7,38,2.015652,0,0.0006551737315021455,inf,24.823498010635376,0.954366521798482,0.45737645676583205,0.24283480979676916,0.1412121212121212,0.8661710037174721,0.47883211678832116,23590,22096,361,1259,463,0.9790459871292114,0.36775219440460205,0.9687430262565613,0.02981633036355944,,,,,,,,,0.03762528548638026,0.02297782152891159
smd,./data/SMD,machine-3-6,machine-3-6,gate_noTTA,100,256,128,0.15,50,64,0.001,1,1,1,0,0.001,adam,0.1,0.99,fixed,gated,5000,unc,8,0.95,"[0.5, 1.0, 2.0]",0,0,2,38,2.01569,8,0.00038121192483231425,0.0003124845679849386,38.054561376571655,0.8516437610834939,0.29329194500240025,0.24402376675417992,0.14611947708092007,0.7395309882747069,0.315002988643156,28627,23775,0,2283,70,0.99705570936203,0.030661409720778465,0.899825394153595,0.07160336146682983,0.8907058903408513,0.31302665756812986,0.9032802943965796,0.32035440353055145,0.9118116491703516,0.32211256610733896,0.9074634577799648,0.23560746205080785,0.004739216373612483,0.1184300606449445
smd,./data/SMD,machine-2-3,machine-2-3,mask_noTTA,100,256,128,0.15,50,64,0.001,1,1,1,0,0.001,adam,0.1,0.99,fixed,gated,5000,none,8,0.95,"[0.5, 1.0, 2.0]",0,0,6,38,2.01569,8,0.0006217530462890863,0.00022552045993506908,28.564416885375977,0.9496831735973765,0.42655690909704397,0.2272508425613866,0.13053097345132744,0.8773234200743495,0.4539170506912443,23590,22014,0,1259,431,0.9804215431213379,0.34233519434928894,0.9665039777755737,0.06405146963872259,0.9537928691837116,0.44305617876694203,0.9508912726707069,0.43499282727101146,0.946356337639167,0.40436757942635504,0.9095146333797884,0.17049675046958557,0.0390475175033013,0.027944109713037808
smd,./data/SMD,machine-2-7,machine-2-7,base_noTTA,100,256,128,0.15,50,64,0.001,1,0,1,0,0.001,adam,0.1,0.99,fixed,gated,5000,none,8,0.95,"[0.5, 1.0, 2.0]",0,0,9,38,2.015652,0,0.0031027942895889282,inf,26.43116068840027,0.8917532840860778,0.29319070069386677,0.3156146179401993,0.5135135135135135,0.2278177458033573,0.37837837837837834,23597,23462,0,2397,2262,0.9035887718200684,0.9436795711517334,1.0,0.00862484792230917,,,,,,,,,0.0,0.0
smd,./data/SMD,machine-1-4,machine-1-4,gate_noTTA,100,256,128,0.15,50,64,0.001,1,1,1,0,0.001,adam,0.1,0.99,fixed,gated,5000,unc,8,0.95,"[0.5, 1.0, 2.0]",0,0,8,38,2.01569,8,0.0009481185115873814,0.0002813536557368934,29.891536712646484,0.8176411909146715,0.2811574905766966,0.33120113717128635,0.33915574963609896,0.3236111111111111,0.3316725978647687,23608,22679,0,1908,1002,0.9558181762695312,0.5251572132110596,0.998940110206604,0.07288541199190662,0.9121684418246062,0.3389802645272226,0.9294707636683536,0.36478216358847493,0.9360922296660431,0.37169348961842463,0.9243410526722833,0.29794158921367997,0.0,0.0
smd,./data/SMD,machine-1-6,machine-1-6,fixed,100,256,128,0.15,50,64,0.001,1,1,1,1,0.001,adam,0.1,0.99,fixed,gated,5000,none,8,0.95,"[0.5, 1.0, 2.0]",0,0,8,38,2.01569,8,0.0006029137875884771,0.00035587220918387175,28.858959674835205,0.8848171269718099,0.634164964221073,0.5133370940446451,0.3660498793242156,0.8589536138079827,0.6222341424165214,23590,16132,295,6678,1175,0.9271634221076965,0.17595088481903076,0.8844016194343567,0.08388821883644275,0.9139524646580379,0.67447876342387,0.9244477642109519,0.6951798734449233,0.9306105768117252,0.7058006861973004,0.9103261839308293,0.5814473961881503,0.12264796967307727,0.023579560220241547
smd,./data/SMD,machine-3-8,machine-3-8,mask_noTTA,100,256,128,0.15,50,64,0.001,1,1,1,0,0.001,adam,0.1,0.99,fixed,gated,5000,none,8,0.95,"[0.5, 1.0, 2.0]",0,0,3,38,2.01569,8,0.0006292931502684951,0.0001813923881854862,35.182077407836914,0.8514287266619013,0.2612877515951807,0.2966687617850408,0.20811287477954143,0.5164113785557987,0.30409937888198757,28605,24920,0,1965,456,0.9817014336585999,0.23206107318401337,0.9183183312416077,0.06604946445197706,0.8939368369838955,0.3105141300080805,0.8926158383262559,0.3340281895553863,0.8860982800585468,0.3461656674283561,0.8476031342966424,0.2891682103899634,0.0026797158643603325,0.26077231764793396
smd,./data/SMD,machine-3-7,machine-3-7,gate_noTTA,100,256,128,0.15,50,64,0.001,1,1,1,0,0.001,adam,0.1,0.99,fixed,gated,5000,unc,8,0.95,"[0.5, 1.0, 2.0]",0,0,7,38,2.01569,8,0.00015267368871718645,0.0002530195633880794,29.957438468933105,0.8256959020878732,0.3812950924007906,0.1044576238760283,0.05695806384310453,0.6290322580645161,0.47796610169491527,28606,26073,0,929,249,0.9904499053955078,0.2680301368236542,0.9330490827560425,0.07454378658396826,0.8528401137965709,0.41694946407972666,0.8552780063007688,0.45419680203308643,0.8540884823271538,0.499651710315308,0.8336887370702941,0.49361401681270634,0.036234416688481964,0.03664343738152335
smd,./data/SMD,machine-3-6,machine-3-6,mask_noTTA,100,256,128,0.15,50,64,0.001,1,1,1,0,0.001,adam,0.1,0.99,fixed,gated,5000,none,8,0.95,"[0.5, 1.0, 2.0]",0,0,6,38,2.01569,8,0.00040533349965699017,0.00032158452086150646,31.808473348617554,0.8346011895157905,0.27965777506393624,0.2452356330329443,0.14887892376681613,0.695142378559464,0.29804784162771514,28627,25019,0,2283,83,0.9966825246810913,0.03635567054152489,0.9465532898902893,0.060358852680035865,0.881539094085372,0.3015841906495907,0.8971159279617614,0.3103524305580671,0.9081141396361437,0.3135977229428461,0.9064202069965305,0.23095711046620176,0.0010989011110117037,0.11210501690705617
smd,./data/SMD,machine-3-9,machine-3-9,mask_noTTA,100,256,128,0.15,50,64,0.001,1,1,1,0,0.001,adam,0.1,0.99,fixed,gated,5000,none,8,0.95,"[0.5, 1.0, 2.0]",0,0,8,38,2.01569,8,0.00023526951554231346,0.00012922019232064486,31.53613543510437,0.852319698706935,0.266112414852774,0.03291526460691343,0.016768482732826332,0.8877887788778878,0.3114355231143552,28614,5421,0,699,0,1.0,0.0,0.1941966712474823,0.06555154437396214,0.8662337089041533,0.2796794792309057,0.8692766108712244,0.28931572030240743,0.8714637039205504,0.30948124086509626,0.8441106940683508,0.25155760160659235,0.4872833440701167,0.9257311224937439
smd,./data/SMD,machine-3-5,machine-3-5,mask_noTTA,100,256,128,0.15,50,64,0.001,1,1,1,0,0.001,adam,0.1,0.99,fixed,gated,5000,none,8,0.95,"[0.5, 1.0, 2.0]",0,0,5,38,2.01569,8,0.0012307511642575264,0.0004481020732782781,24.339606285095215,0.7955976708448989,0.30094569052774905,0.07203201422854603,0.03780630105017503,0.7605633802816901,0.38661710037174724,23592,12938,0,1515,523,0.959576427936554,0.34521451592445374,0.5623499751091003,0.06264021696580309,0.8066656475856356,0.31496504032865114,0.8129191222988047,0.32237794094628613,0.8191158412614811,0.3248704130109331,0.8039432886451165,0.13049761092027706,0.05991197486097614,0.7624667088190714
smd,./data/SMD,machine-2-8,machine-2-8,noMask_fixed,100,256,128,0.15,50,64,0.001,1,0,1,1,0.001,adam,0.1,0.99,fixed,gated,5000,none,8,0.95,"[0.5, 1.0, 2.0]",0,0,6,38,2.015652,0,0.00010360091255279258,inf,26.741957187652588,0.9951151134143232,0.9630147146149913,0.10550918196994993,0.05575158786167961,0.9813664596273292,0.9285714285714286,23604,20799,348,260,11,0.999471127986908,0.042307693511247635,0.8905072212219238,0.02743403520892786,,,,,,,,,0.05435549902419249,0.01412429412206014
smd,./data/SMD,machine-2-5,machine-2-5,gate_noTTA,100,256,128,0.15,50,64,0.001,1,1,1,0,0.001,adam,0.1,0.99,fixed,gated,5000,unc,8,0.95,"[0.5, 1.0, 2.0]",0,0,7,38,2.01569,8,0.002656007884070277,0.0005732861463911831,25.86424970626831,0.924260946617407,0.4769611660289899,0.28297362110311747,0.6531365313653137,0.18061224489795918,0.5070764253942579,23590,22685,0,3016,2158,0.9048710465431213,0.7155172228813171,0.9977155923843384,0.08133712993329134,0.9390195472261739,0.4656973165210377,0.9337150783515661,0.4092107637163255,0.9279483725323322,0.35315242289683235,0.9114301755754485,0.23897299404709116,0.0,0.0
smd,./data/SMD,machine-3-11,machine-3-11,noMask_fixed,100,256,128,0.15,50,64,0.001,1,0,1,1,0.001,adam,0.1,0.99,fixed,gated,5000,none,8,0.95,"[0.5, 1.0, 2.0]",0,0,5,38,2.015652,0,0.0003754221834242344,inf,31.665743112564087,0.8910582773485434,0.6086823675028821,0.024073700490888306,0.012199277584679343,0.9040404040404041,0.6524064171122995,28597,12833,263,440,2,0.9998441338539124,0.004545454401522875,0.45569485425949097,0.02186535229886183,,,,,,,,,0.20745920886596045,0.9644279479980469
smd,./data/SMD,machine-1-8,machine-1-8,fixed,100,256,128,0.15,50,64,0.001,1,1,1,1,0.001,adam,0.1,0.99,fixed,gated,5000,none,8,0.95,"[0.5, 1.0, 2.0]",0,0,1,38,2.01569,8,0.0006168573163449764,0.00018300751980859786,29.18709659576416,0.8299520896027971,0.3587145171719172,0.26212073819205506,0.1721446179129006,0.5491480996068152,0.38492381716118684,23600,22253,364,2691,1623,0.9270660281181335,0.6031215190887451,0.9866564869880676,0.09210752228559074,0.8933333097145126,0.3997643603590546,0.9094687548142393,0.4043600351061162,0.9192510037617926,0.3948325573681614,0.9097208095373713,0.26041755763197033,0.0258024949580431,0.01068044826388359
smd,./data/SMD,machine-3-11,machine-3-11,fixed,100,256,128,0.15,50,64,0.001,1,1,1,1,0.001,adam,0.1,0.99,fixed,gated,5000,none,8,0.95,"[0.5, 1.0, 2.0]",0,0,6,38,2.01569,8,0.00040543501381762326,0.0002245288051199168,31.48450756072998,0.8919004417109548,0.45581779573930564,0.028222913178665394,0.014337788578371811,0.8939393939393939,0.5048543689320388,28597,13537,234,440,0,1.0,0.0,0.4807685613632202,0.07956215654731935,0.8947707476902508,0.46221571329992406,0.8992241879812936,0.4677586040995235,0.9037476314127307,0.47632393663221106,0.897225110959408,0.2152184249481393,0.13986013953884444,0.9785944024721781
smd,./data/SMD,machine-3-2,machine-3-2,noMask_fixed,100,256,128,0.15,50,64,0.001,1,0,1,1,0.001,adam,0.1,0.99,fixed,gated,5000,none,8,0.95,"[0.5, 1.0, 2.0]",0,0,8,38,2.015652,0,0.008109365589916706,inf,24.92386484146118,0.4675637251540963,0.04689870683823935,0.018771331058020476,0.1746031746031746,0.009918845807033363,0.09013642505339318,23604,23604,369,2018,2018,0.9145060181617737,1.0,1.0,0.03113037164969639,,,,,,,,,0.0,0.0
smd,./data/SMD,machine-2-2,machine-2-2,gate_noTTA,100,256,128,0.15,50,64,0.001,1,1,1,0,0.001,adam,0.1,0.99,fixed,gated,5000,unc,8,0.95,"[0.5, 1.0, 2.0]",0,0,3,38,2.01569,8,0.0007739875582046807,0.00042551258229650557,31.409976959228516,0.5728514552463452,0.15181830434697102,0.1349886343766393,0.13374913374913375,0.13625132368513942,0.23626712751512158,23601,20928,0,3922,2580,0.8767201900482178,0.657827615737915,0.9323644638061523,0.08462096749662894,0.5897226058686339,0.15285669918947953,0.5960168692137593,0.15352321686939235,0.60072328552992,0.1541591078623996,0.6004560661034247,0.1431114725181338,0.011158191909392675,0.048810459673404694
smd,./data/SMD,machine-1-2,machine-1-2,gate_noTTA,100,256,128,0.15,50,64,0.001,1,1,1,0,0.001,adam,0.1,0.99,fixed,gated,5000,unc,8,0.95,"[0.5, 1.0, 2.0]",0,0,1,38,2.01569,8,0.004631801508367062,0.0008335208985954523,32.28067064285278,0.879194882783313,0.22219903376620256,0.2512953367875647,0.1936127744510978,0.35793357933579334,0.27040816326530615,23595,22363,0,1532,815,0.9635558724403381,0.5319843292236328,0.9766577482223511,0.06941590023182236,0.8922484361332902,0.2593202290676696,0.8840988210115343,0.27518874380797237,0.8709947830732626,0.2769725414566024,0.8176970835447817,0.17945939593218624,0.0012814352133621771,0.0
smd,./data/SMD,machine-1-6,machine-1-6,gate_gbuf5k,100,256,128,0.15,50,64,0.001,1,1,1,1,0.001,adam,0.1,0.99,adaptive,gated,5000,unc,8,0.95,"[0.5, 1.0, 2.0]",0,0,1,38,2.01569,8,0.0006068061920814216,0.00040842778980731964,31.20156455039978,0.891360377849788,0.6357560662148654,0.4375743162901309,0.48741721854304637,0.3969795037756203,0.631166373834302,23590,19811,353,6678,3464,0.8251476287841797,0.5187181830406189,0.9665917754173279,0.1042283051293904,0.9169407404132092,0.6723737153231998,0.9272656920514618,0.6925538472003828,0.9340533296275475,0.7055375782806539,0.9121232997669253,0.5861284499844758,0.05499495565891266,0.00039777248942603666
smd,./data/SMD,machine-2-5,machine-2-5,gate_noTTA,100,256,128,0.15,50,64,0.001,1,1,1,0,0.001,adam,0.1,0.99,fixed,gated,5000,unc,8,0.95,"[0.5, 1.0, 2.0]",0,0,8,38,2.01569,8,0.002676789416000247,0.0006791680934838951,24.01603937149048,0.9268236049538932,0.5124838150108638,0.32398753894081,0.6842105263157895,0.21224489795918366,0.5300320953690968,23590,22977,0,3016,2423,0.8945467472076416,0.8033819794654846,0.9990279078483582,0.0645052532666616,0.9420203353700457,0.5008283845140554,0.9368430748934388,0.4428122667241165,0.9303201284036445,0.375796881340126,0.9095652087952183,0.24122964722840307,0.0,0.0
smd,./data/SMD,machine-1-5,machine-1-5,gate_noTTA,100,256,128,0.15,50,64,0.001,1,1,1,0,0.001,adam,0.1,0.99,fixed,gated,5000,unc,8,0.95,"[0.5, 1.0, 2.0]",0,0,5,38,2.01569,8,0.0008388505084440112,0.00026314755086787045,28.43518042564392,0.951772430737948,0.5368768232603661,0.07407407407407408,0.0387243735763098,0.85,0.6043956043956045,23607,21137,0,793,50,0.9976344704627991,0.06305170059204102,0.9243008494377136,0.06544208740720443,0.9641421672456154,0.5441414672000757,0.9638316529695838,0.5348549645296035,0.9617349402694231,0.4967218042191918,0.9254647123612642,0.06584283582715947,0.0,0.07023070380091667
smd,./data/SMD,machine-3-5,machine-3-5,gate_gbuf5k,100,256,128,0.15,50,64,0.001,1,1,1,1,0.001,adam,0.1,0.99,adaptive,gated,5000,unc,8,0.95,"[0.5, 1.0, 2.0]",0,0,6,38,2.01569,8,0.0014701617183163762,0.0004215830995235592,27.90908408164978,0.8302229164081127,0.3108289480764011,0.1511818394570559,0.08396152846373797,0.7582159624413145,0.3754693366708385,23592,17852,356,1515,569,0.9681268334388733,0.37557756900787354,0.7828509211540222,0.10019814656847167,0.8411506938327435,0.3299637602874792,0.845829486554689,0.3375488800136848,0.8488844089683167,0.3309852388475894,0.8193862508816061,0.13738136375718946,0.047477747003237404,0.08779300997654597
smd,./data/SMD,machine-3-7,machine-3-7,noMask_fixed,100,256,128,0.15,50,64,0.001,1,0,1,1,0.001,adam,0.1,0.99,fixed,gated,5000,none,8,0.95,"[0.5, 1.0, 2.0]",0,0,4,38,2.015652,0,0.00014607346383854747,inf,34.79071068763733,0.8573890751575396,0.4019749983394118,0.1410057024364956,0.0794392523364486,0.6267281105990783,0.4914089347079038,28606,26408,438,929,257,0.9902681112289429,0.2766415476799011,0.9448639750480652,0.028913024254781355,,,,,,,,,0.03739950992166996,0.08657048021753629
smd,./data/SMD,machine-2-4,machine-2-4,base_noTTA,100,256,128,0.15,50,64,0.001,1,0,1,0,0.001,adam,0.1,0.99,fixed,gated,5000,none,8,0.95,"[0.5, 1.0, 2.0]",0,0,6,38,2.015652,0,0.0005715513834729791,inf,26.7904314994812,0.7720670792143647,0.37115678705527944,0.2886998059411853,0.1932067932067932,0.5708382526564345,0.3715029277813923,23590,20784,0,3674,1728,0.9168591499328613,0.4703320562839508,0.9568186402320862,0.010154913319728799,,,,,,,,,0.04208944241205851,0.04936189856380224
smd,./data/SMD,machine-1-6,machine-1-6,gate_noTTA,100,256,128,0.15,50,64,0.001,1,1,1,0,0.001,adam,0.1,0.99,fixed,gated,5000,unc,8,0.95,"[0.5, 1.0, 2.0]",0,0,5,38,2.01569,8,0.0006028891657479107,0.0004111104644834995,28.70267128944397,0.8841464993145862,0.635689615894944,0.49490850623995103,0.3455575751095905,0.8716289104638619,0.6232895089884625,23590,15139,0,6678,896,0.9408150911331177,0.13417190313339233,0.8421830534934998,0.06114984781573313,0.9120528849764343,0.6724601956122586,0.9239908509092268,0.6945662959492539,0.9324278574354374,0.7109537585380565,0.91394470377927,0.5958338827947203,0.13075396418571472,0.051945156107346215
smd,./data/SMD,machine-3-1,machine-3-1,gate_gbuf5k,100,256,128,0.15,50,64,0.001,1,1,1,1,0.001,adam,0.1,0.99,adaptive,gated,5000,unc,8,0.95,"[0.5, 1.0, 2.0]",0,0,5,38,2.01569,8,0.00040275754872709513,0.00021047820337116718,30.634207010269165,0.88184560402967,0.34587877325661975,0.0752540510848668,0.039288786922856325,0.8896103896103896,0.3982102908277405,28601,16781,344,704,33,0.9980334639549255,0.046875,0.6003512740135193,0.0810271722237333,0.9006351935610176,0.3536867452002719,0.8989727076952352,0.35813898641898295,0.894412249838074,0.3657040854114205,0.8362882538706714,0.26043501986494527,0.12146147216359775,0.23573402342541763
smd,./data/SMD,machine-2-1,machine-2-1,gate_gbuf5k,100,256,128,0.15,50,64,0.001,1,1,1,1,0.001,adam,0.1,0.99,adaptive,gated,5000,unc,8,0.95,"[0.5, 1.0, 2.0]",0,0,3,38,2.01569,8,0.0013785883784294128,0.0003107080701738596,31.682413339614868,0.7688181988594881,0.30923309199736865,0.2880700850296315,0.20619697528587236,0.4777777777777778,0.3386613386613387,23595,21256,361,2457,918,0.9568122029304504,0.37362638115882874,0.9621534943580627,0.11574887047129229,0.8166101267859392,0.3809318103559452,0.8237199978142972,0.40701906531479937,0.8249905893352882,0.4149696749324726,0.8046277702644247,0.3368758026614979,0.003870775612692038,0.006963042542338371
smd,./data/SMD,machine-3-6,machine-3-6,gate_gbuf5k,100,256,128,0.15,50,64,0.001,1,1,1,1,0.001,adam,0.1,0.99,adaptive,gated,5000,unc,8,0.95,"[0.5, 1.0, 2.0]",0,0,3,38,2.01569,8,0.00038514798507094383,0.000328199501382187,34.95130133628845,0.8672519883061003,0.3025799427314818,0.2793380140421264,0.19935576234788832,0.466499162479062,0.3384180790960452,28627,24976,437,2283,689,0.9724135398864746,0.3017958700656891,0.9219176769256592,0.09931849896997337,0.8947673436678283,0.31664496132913794,0.9045326972652015,0.3216118019247075,0.9113890253728812,0.32145545954896515,0.9038760378968795,0.23656769250767817,0.02275659702718258,0.03365186353524526
smd,./data/SMD,machine-1-1,machine-1-1,gate_gbuf5k,100,256,128,0.15,50,64,0.001,1,1,1,1,0.001,adam,0.1,0.99,adaptive,gated,5000,unc,8,0.95,"[0.5, 1.0, 2.0]",0,0,4,38,2.01569,8,0.00015781492402311414,0.0001802831538952887,33.124425411224365,0.9124241936094529,0.4695862559972961,0.3513126491646778,0.30743525480367584,0.40979955456570155,0.5530429503718318,28380,23873,426,3486,820,0.9656515717506409,0.2352266162633896,0.9260464310646057,0.09296950191742438,0.9314254315027801,0.49862707990629834,0.9379463898184967,0.5163280030661924,0.9433901837175354,0.5379748551035993,0.9317369202440545,0.5641322208296167,0.05109231794873873,0.007548015875120957
smd,./data/SMD,machine-2-8,machine-2-8,fixed,100,256,128,0.15,50,64,0.001,1,1,1,1,0.001,adam,0.1,0.99,fixed,gated,5000,none,8,0.95,"[0.5, 1.0, 2.0]",0,0,0,38,2.01569,8,0.00010781346645671874,8.162380254361778e-05,27.190582990646362,0.9958921045563606,0.9669466588101698,0.11268603827072998,0.05975197294250282,0.9875776397515528,0.949367088607595,23604,21520,355,260,11,0.9994888305664062,0.042307693511247635,0.921393096446991,0.08914745817586862,0.9950135373227498,0.9669667872993382,0.9945660748518177,0.9666255925327274,0.9940874799684033,0.96655249867965,0.9867874569093114,0.9344459902081528,0.038401806727051735,0.0
smd,./data/SMD,machine-1-5,machine-1-5,noMask_fixed,100,256,128,0.15,50,64,0.001,1,0,1,1,0.001,adam,0.1,0.99,fixed,gated,5000,none,8,0.95,"[0.5, 1.0, 2.0]",0,0,9,38,2.015652,0,0.000746812904253602,inf,26.81657314300537,0.9429119715326612,0.5430735792009062,0.08834897846493649,0.046756282875511396,0.8,0.5918367346938774,23607,22114,363,793,50,0.9977390170097351,0.06305170059204102,0.9671254754066467,0.02929534836161236,,,,,,,,,0.0,0.06338260291765134
smd,./data/SMD,machine-2-3,machine-2-3,gate_noTTA,100,256,128,0.15,50,64,0.001,1,1,1,0,0.001,adam,0.1,0.99,fixed,gated,5000,unc,8,0.95,"[0.5, 1.0, 2.0]",0,0,2,38,2.01569,8,0.0006620982312597334,0.0002216320572188124,29.21774911880493,0.9503392074260554,0.4670123386800325,0.25889967637540456,0.15141955835962145,0.8921933085501859,0.4925619834710744,23590,20439,0,1259,229,0.9887959361076355,0.18189038336277008,0.9050199389457703,0.07612426284007372,0.9578609773364358,0.48288843096698914,0.954826523258804,0.46863087334390363,0.9498215867351959,0.42747074951318653,0.910556541449338,0.19089581243516274,0.036062847512463726,0.019989773475875456
smd,./data/SMD,machine-3-2,machine-3-2,gate_gbuf5k,100,256,128,0.15,50,64,0.001,1,1,1,1,0.001,adam,0.1,0.99,adaptive,gated,5000,unc,8,0.95,"[0.5, 1.0, 2.0]",0,0,5,38,2.01569,8,0.006678337696939707,0.0010436497395858169,27.860405206680298,0.4646354119565246,0.04643380083391459,0.02306014334683702,0.017619047619047618,0.033363390441839495,0.0904174412709143,23604,22886,365,2018,1946,0.9149698615074158,0.9643211364746094,0.9700732231140137,0.08518629974277317,0.5719101155433352,0.06373827595224327,0.5820024874738324,0.07190046505587602,0.5881943928393576,0.0817823789162479,0.5928229667172266,0.09736894024428275,0.0,0.08019131390998761
smd,./data/SMD,machine-2-3,machine-2-3,gate_gbuf5k,100,256,128,0.15,50,64,0.001,1,1,1,1,0.001,adam,0.1,0.99,adaptive,gated,5000,unc,8,0.95,"[0.5, 1.0, 2.0]",0,0,1,38,2.01569,8,0.0006326418952085078,0.0002312073193024844,30.303266525268555,0.9516092114578142,0.43803502267944927,0.27184466019417475,0.16059379217273953,0.8847583643122676,0.46491228070175433,23590,20468,360,1259,224,0.9890561103820801,0.17791898548603058,0.9065424799919128,0.09926031483791298,0.9549071584354236,0.4499383841538057,0.9525622303562868,0.4405939494430275,0.9482271372290071,0.4055743528972449,0.9096895545700145,0.15817102840779618,0.03306416980922222,0.013706372565745065
smd,./data/SMD,machine-2-4,machine-2-4,gate_gbuf5k,100,256,128,0.15,50,64,0.001,1,1,1,1,0.001,adam,0.1,0.99,adaptive,gated,5000,unc,8,0.95,"[0.5, 1.0, 2.0]",0,0,6,38,2.01569,8,0.0005582899320870638,0.0003354091022629291,28.404877424240112,0.7957831727882774,0.40750418502386254,0.3289112534309241,0.2684839432412248,0.4244391971664699,0.4015771913861086,23590,21884,363,3674,2695,0.8768506646156311,0.7335329055786133,0.9634966850280762,0.09864958326106053,0.8369061016067567,0.4359035338560961,0.8548977134172115,0.45119986710184856,0.8666022491427025,0.4601344692486443,0.825403903377203,0.3497482953795601,0.006200676163037618,0.021025640269120533
smd,./data/SMD,machine-3-10,machine-3-10,gate_noTTA,100,256,128,0.15,50,64,0.001,1,1,1,0,0.001,adam,0.1,0.99,fixed,gated,5000,unc,8,0.95,"[0.5, 1.0, 2.0]",0,0,6,38,2.01569,8,0.0012528535444289446,0.0001008472972898744,24.478410959243774,0.9554660531964885,0.648793727039684,0.6332007952286283,0.6601036269430052,0.6084049665711557,0.6347482724580453,23594,20643,0,2334,436,0.9788790345191956,0.18680377304553986,0.9504703879356384,0.07219553862808821,0.967539213446003,0.6307073724147216,0.9651775034054731,0.5841526737607134,0.9620748093175464,0.5321237660934666,0.9538478155668816,0.43935189595554236,0.0,0.0
smd,./data/SMD,machine-3-6,machine-3-6,mask_noTTA,100,256,128,0.15,50,64,0.001,1,1,1,0,0.001,adam,0.1,0.99,fixed,gated,5000,none,8,0.95,"[0.5, 1.0, 2.0]",0,0,7,38,2.01569,8,0.0004114459443371743,0.00032733698026277125,32.49956250190735,0.8569387873553442,0.2972297863980731,0.2695877072873878,0.16471463097229969,0.7420435510887772,0.33809123985446404,28627,25042,0,2283,87,0.9965258240699768,0.03810775279998779,0.9472745060920715,0.07811079699206844,0.896203087328745,0.31593575734224705,0.9084913769292002,0.3217355004385753,0.91592588103966,0.32046010301362643,0.9076264476530554,0.22953441264467234,0.0020757021072010198,0.10951546455423038
smd,./data/SMD,machine-2-8,machine-2-8,fixed,100,256,128,0.15,50,64,0.001,1,1,1,1,0.001,adam,0.1,0.99,fixed,gated,5000,none,8,0.95,"[0.5, 1.0, 2.0]",0,0,6,38,2.01569,8,0.00011293332499917597,7.379231101367623e-05,26.66224956512451,0.9942858831394769,0.9593545517740087,0.11518708730741013,0.061208576998050684,0.9751552795031055,0.9258160237388724,23604,21601,358,260,12,0.9994444847106934,0.04615384712815285,0.924820065498352,0.0803435056861266,0.9929622279409708,0.9590114257332367,0.9923920826581382,0.9591417114822981,0.9915847506056309,0.9595667152979703,0.9873000863792529,0.9290314355075604,0.04560214653611183,0.0
smd,./data/SMD,machine-2-4,machine-2-4,fixed,100,256,128,0.15,50,64,0.001,1,1,1,1,0.001,adam,0.1,0.99,fixed,gated,5000,none,8,0.95,"[0.5, 1.0, 2.0]",0,0,8,38,2.01569,8,0.000577559694647789,0.0003287270956207067,24.430923461914062,0.7972122568373783,0.4025971541012567,0.3443413729128014,0.2510822510822511,0.5478158205430933,0.401760452687834,23590,21513,353,3674,2095,0.9026170372962952,0.5702232122421265,0.974994957447052,0.08387885997233728,0.8422143274485749,0.43414643812958853,0.8608410653596544,0.45148447242931805,0.872283547323329,0.4616462652421952,0.830780635182462,0.35259838105031915,0.03494926790396372,0.02808308566454798
smd,./data/SMD,machine-1-6,machine-1-6,noMask_fixed,100,256,128,0.15,50,64,0.001,1,0,1,1,0.001,adam,0.1,0.99,fixed,gated,5000,none,8,0.95,"[0.5, 1.0, 2.0]",0,0,7,38,2.015652,0,0.0005682926857843995,inf,26.53831148147583,0.8886442052528111,0.6437145815205026,0.5082768406116979,0.3591000222766763,0.8694714131607335,0.6375510204081632,23590,15483,291,6678,1108,0.9284376502037048,0.16591793298721313,0.8499881625175476,0.025582465139068047,,,,,,,,,0.1319533810019493,0.0438183198372523
smd,./data/SMD,machine-1-1,machine-1-1,gate_gbuf5k,100,256,128,0.15,50,64,0.001,1,1,1,1,0.001,adam,0.1,0.99,adaptive,gated,5000,unc,8,0.95,"[0.5, 1.0, 2.0]",0,0,8,38,2.01569,8,0.00015920482110232115,0.00018789814203046262,32.52229452133179,0.9147953517170353,0.47404792516525635,0.3220753793441018,0.2873362445414847,0.366369710467706,0.5528237222470571,28380,23929,432,3486,845,0.9646872282028198,0.24239815771579742,0.9272916913032532,0.08740023545096506,0.9322350143144461,0.5007778805917549,0.9384526462974982,0.5174015487866773,0.9438228993422424,0.5375469529462178,0.9353440210500888,0.562138575718464,0.05144468074043592,0.008016577766587337
smd,./data/SMD,machine-1-7,machine-1-7,gate_gbuf5k,100,256,128,0.15,50,64,0.001,1,1,1,1,0.001,adam,0.1,0.99,adaptive,gated,5000,unc,8,0.95,"[0.5, 1.0, 2.0]",0,0,6,38,2.01569,8,0.0024238242767751217,0.000666222651489079,24.88685417175293,0.6454002096759585,0.23673245336446258,0.1974501471068977,0.4568835098335855,0.12593828190158465,0.2549691569568197,23598,22745,366,3677,2834,0.8754011988639832,0.7707369923591614,0.9994980096817017,0.08980766556325409,0.7013629485516223,0.2951457315060836,0.7072388954580952,0.30702222133256907,0.7102356647974287,0.30865763957452597,0.7098243383328698,0.2886864084221426,0.0,0.0
smd,./data/SMD,machine-3-2,machine-3-2,fixed,100,256,128,0.15,50,64,0.001,1,1,1,1,0.001,adam,0.1,0.99,fixed,gated,5000,none,8,0.95,"[0.5, 1.0, 2.0]",0,0,7,38,2.01569,8,0.008310867473483086,0.0009978003799915314,25.468584299087524,0.4646664415243703,0.046260273018989606,0.017152658662092625,0.17543859649122806,0.009017132551848512,0.0901054789255669,23604,23604,369,2018,2018,0.9145060181617737,1.0,1.0,0.08412152705526295,0.5707628995401078,0.06502462285457727,0.5799158837304732,0.07308402933503182,0.5850741752340867,0.08125357419229653,0.5886443714598855,0.09014500826321038,0.0,0.0
smd,./data/SMD,machine-3-5,machine-3-5,gate_gbuf5k,100,256,128,0.15,50,64,0.001,1,1,1,1,0.001,adam,0.1,0.99,adaptive,gated,5000,unc,8,0.95,"[0.5, 1.0, 2.0]",0,0,9,38,2.01569,8,0.0012464984320104122,0.00042937425314448774,25.968461275100708,0.8190534856102732,0.29513397851984297,0.1598014888337469,0.08934517203107659,0.755868544600939,0.3843843843843844,23592,18435,357,1515,596,0.967670202255249,0.39339932799339294,0.8080354928970337,0.09582776585123264,0.8322753052450386,0.3090871352783765,0.8384594118187165,0.3151150822893561,0.8437016251819968,0.3123877542404649,0.8209109373628403,0.11959609232876639,0.03405397882064184,0.0873571007202069
smd,./data/SMD,machine-3-6,machine-3-6,mask_noTTA,100,256,128,0.15,50,64,0.001,1,1,1,0,0.001,adam,0.1,0.99,fixed,gated,5000,none,8,0.95,"[0.5, 1.0, 2.0]",0,0,1,38,2.01569,8,0.0003749963652808219,0.0003246828855480999,36.38326811790466,0.8598375613356628,0.2945636262687957,0.24806821209698907,0.14749683143219264,0.7797319932998324,0.32975551580202744,28627,24845,0,2283,67,0.997303307056427,0.02934735082089901,0.9405557513237,0.0746071507304706,0.893473006954478,0.31254493192177235,0.9056618386620496,0.3192524716109839,0.9141286423886589,0.3209005377702062,0.907309898078703,0.23734315478500612,0.0058551337763977545,0.11868008350332578
smd,./data/SMD,machine-1-8,machine-1-8,noMask_fixed,100,256,128,0.15,50,64,0.001,1,0,1,1,0.001,adam,0.1,0.99,fixed,gated,5000,none,8,0.95,"[0.5, 1.0, 2.0]",0,0,2,38,2.015652,0,0.0005979577545076609,inf,27.41222620010376,0.8364968839156287,0.3579448125712288,0.2970822281167109,0.208955223880597,0.5137614678899083,0.37782640408460977,23600,22509,365,2691,1664,0.9260740280151367,0.6183574795722961,0.9969391226768494,0.03015502024505098,,,,,,,,,0.005913415671481441,0.004651162773370743
smd,./data/SMD,machine-2-4,machine-2-4,fixed,100,256,128,0.15,50,64,0.001,1,1,1,1,0.001,adam,0.1,0.99,fixed,gated,5000,none,8,0.95,"[0.5, 1.0, 2.0]",0,0,6,38,2.01569,8,0.0005582899320870638,0.0003354091022629291,24.84270143508911,0.797263840955589,0.40922784058103334,0.3444108761329306,0.2463768115942029,0.5720188902007084,0.4082806210465785,23590,21385,350,3674,2044,0.9044190049171448,0.5563418865203857,0.9711287617683411,0.07999679101327052,0.8384323956850772,0.43956531955370104,0.8563264485622875,0.45572633712521704,0.8680190410346025,0.4646656619070486,0.8267885021630708,0.3523781800525416,0.0353250652551651,0.034873851448840774
smd,./data/SMD,machine-3-4,machine-3-4,gate_gbuf5k,100,256,128,0.15,50,64,0.001,1,1,1,1,0.001,adam,0.1,0.99,adaptive,gated,5000,unc,8,0.95,"[0.5, 1.0, 2.0]",0,0,2,38,2.01569,8,0.0016890004044398665,0.0002897075319197029,29.672620058059692,0.752519462386091,0.3360148577160555,0.21998817267888826,0.1546777546777547,0.38075742067553736,0.36611629576453697,23588,21423,362,1769,620,0.9710591435432434,0.35048049688339233,0.9534350633621216,0.09914353800685159,0.778235299154891,0.39025930198807135,0.7815549807618375,0.40737942588874726,0.7820864471122926,0.4179696355849264,0.7774663134975417,0.4041566506698031,0.01190366130322218,0.008905852446332574
smd,./data/SMD,machine-3-4,machine-3-4,fixed,100,256,128,0.15,50,64,0.001,1,1,1,1,0.001,adam,0.1,0.99,fixed,gated,5000,none,8,0.95,"[0.5, 1.0, 2.0]",0,0,8,38,2.01569,8,0.0017065571155399084,0.00027730921283364296,24.85510015487671,0.7491008068895924,0.3332162758995134,0.25954764553207266,0.20348837209302326,0.35823950870010235,0.3675595238095237,23588,22800,365,1769,992,0.956491231918335,0.5607687830924988,0.9994958639144897,0.0864748168804291,0.7794719544684052,0.388391646814393,0.7834056482722159,0.4039857600981113,0.7843290665491239,0.4141187572192967,0.7819923858611563,0.40086355565374215,0.0018424132916455467,0.0
smd,./data/SMD,machine-2-3,machine-2-3,gate_noTTA,100,256,128,0.15,50,64,0.001,1,1,1,0,0.001,adam,0.1,0.99,fixed,gated,5000,unc,8,0.95,"[0.5, 1.0, 2.0]",0,0,8,38,2.01569,8,0.0007021236815489829,0.00021833684877492487,24.592377424240112,0.9501276194527603,0.47595945603568324,0.2537634408602151,0.14833438089252043,0.8773234200743495,0.4959742351046699,23590,20383,0,1259,227,0.9888632893562317,0.18030183017253876,0.9026017785072327,0.05936421495011521,0.9513317502595248,0.4913841012545815,0.9487739643617916,0.4803903014294109,0.9445099825713734,0.44395877947076495,0.905908431455338,0.1736653321796842,0.03652418032288551,0.01571219724913438
smd,./data/SMD,machine-3-5,machine-3-5,base_noTTA,100,256,128,0.15,50,64,0.001,1,0,1,0,0.001,adam,0.1,0.99,fixed,gated,5000,none,8,0.95,"[0.5, 1.0, 2.0]",0,0,6,38,2.015652,0,0.0012743084225803614,inf,27.04211139678955,0.8119527106041939,0.2916828535124038,0.08286110061705075,0.04377910844976713,0.7723004694835681,0.37082066869300906,23592,14884,0,1515,559,0.9624428749084473,0.368976891040802,0.6488653421401978,0.009220498988247597,,,,,,,,,0.051716829339663185,0.763914426167806
smd,./data/SMD,machine-2-8,machine-2-8,gate_noTTA,100,256,128,0.15,50,64,0.001,1,1,1,0,0.001,adam,0.1,0.99,fixed,gated,5000,unc,8,0.95,"[0.5, 1.0, 2.0]",0,0,6,38,2.01569,8,0.00011293332499917597,7.379231101367623e-05,24.800590753555298,0.9917470085181447,0.9620540738307537,0.10244698205546493,0.0540633608815427,0.9751552795031055,0.9290322580645162,23604,20889,0,260,11,0.9994733929634094,0.042307693511247635,0.8943625688552856,0.06350728944688909,0.9907726695410501,0.9621738329577924,0.9904331151777898,0.9621031679405757,0.9900648029080839,0.9622156330094561,0.987835141739542,0.9311748773705406,0.0400960030965507,0.0
smd,./data/SMD,machine-2-5,machine-2-5,base_noTTA,100,256,128,0.15,50,64,0.001,1,0,1,0,0.001,adam,0.1,0.99,fixed,gated,5000,none,8,0.95,"[0.5, 1.0, 2.0]",0,0,7,38,2.015652,0,0.0029033957980573177,inf,25.292508840560913,0.9294559111239722,0.5141681048222395,0.29991980753809144,0.700374531835206,0.19081632653061226,0.5263157894736842,23590,23464,0,3016,2890,0.8768326044082642,0.9582228064537048,1.0,0.008585514684711892,,,,,,,,,0.0,0.0
smd,./data/SMD,machine-2-2,machine-2-2,mask_noTTA,100,256,128,0.15,50,64,0.001,1,1,1,0,0.001,adam,0.1,0.99,fixed,gated,5000,none,8,0.95,"[0.5, 1.0, 2.0]",0,0,9,38,2.01569,8,0.0007349593215622008,0.00039532448863610625,28.478436708450317,0.5742458612579213,0.1518812312935191,0.1391941391941392,0.1317365269461078,0.1475467702082598,0.2360655737704918,23601,21399,0,3922,2718,0.8729847073554993,0.6930137872695923,0.9492860436439514,0.06286025395823112,0.5870982580395756,0.15185252174351754,0.5927912142407098,0.15203128370869895,0.5976893377012948,0.15241603300041542,0.6027759120082984,0.14200633074803676,0.013276836213966211,0.04939334839582443
smd,./data/SMD,machine-1-5,machine-1-5,mask_noTTA,100,256,128,0.15,50,64,0.001,1,1,1,0,0.001,adam,0.1,0.99,fixed,gated,5000,none,8,0.95,"[0.5, 1.0, 2.0]",0,0,9,38,2.01569,8,0.000819576031062752,0.0003524787025526166,25.543040990829468,0.941755485893417,0.5463390222253528,0.06954335986594051,0.036292085701792744,0.83,0.580952380952381,23607,22069,0,793,51,0.9976890683174133,0.06431273370981216,0.9651091694831848,0.059575144175163755,0.9634262475641785,0.5539419007943649,0.9625400321952046,0.5488958866290342,0.9597034652207066,0.5244528725459066,0.9261971532661187,0.07494541759118536,0.0,0.07778632640838623
smd,./data/SMD,machine-1-6,machine-1-6,fixed,100,256,128,0.15,50,64,0.001,1,1,1,1,0.001,adam,0.1,0.99,fixed,gated,5000,none,8,0.95,"[0.5, 1.0, 2.0]",0,0,5,38,2.01569,8,0.0006028891657479107,0.0004111104644834995,26.441704511642456,0.8836337414286831,0.6352464365971027,0.5128826427590664,0.366078634843768,0.8562567421790723,0.62478184991274,23590,16157,295,6678,1152,0.9286996126174927,0.17250673472881317,0.8872398138046265,0.0820688394835158,0.9112957201466527,0.6719487299808874,0.9226463022827458,0.6929805577308527,0.9303882377579089,0.7071984794756259,0.9102192120270461,0.5813477119289885,0.12264796967307727,0.024553365384538967
smd,./data/SMD,machine-2-6,machine-2-6,base_noTTA,100,256,128,0.15,50,64,0.001,1,0,1,0,0.001,adam,0.1,0.99,fixed,gated,5000,none,8,0.95,"[0.5, 1.0, 2.0]",0,0,4,38,2.015652,0,0.0003989027754869312,inf,37.019559144973755,0.8723200371508695,0.33022262086517196,0.12020606754436175,0.0653933983807349,0.7429245283018868,0.3525179856115108,28644,24361,0,1121,121,0.9950330257415771,0.10793934017419815,0.880717933177948,0.012742084691751239,,,,,,,,,0.046339487036069237,0.14689204593499502
smd,./data/SMD,machine-1-6,machine-1-6,noMask_fixed,100,256,128,0.15,50,64,0.001,1,0,1,1,0.001,adam,0.1,0.99,fixed,gated,5000,none,8,0.95,"[0.5, 1.0, 2.0]",0,0,5,38,2.015652,0,0.0005747104296460748,inf,25.18238067626953,0.8875252147576876,0.6388019748973085,0.5094625888365407,0.3618831537152581,0.860302049622438,0.6317222600408442,23590,15752,290,6678,1138,0.9277551770210266,0.17041030526161194,0.8641201257705688,0.025605912833155185,,,,,,,,,0.1296672262251377,0.03621251881122589
smd,./data/SMD,machine-1-2,machine-1-2,gate_noTTA,100,256,128,0.15,50,64,0.001,1,1,1,0,0.001,adam,0.1,0.99,fixed,gated,5000,unc,8,0.95,"[0.5, 1.0, 2.0]",0,0,0,38,2.01569,8,0.004222489893436432,0.0008267947123385966,32.791688203811646,0.8555812844108055,0.21294931318942706,0.23674475955610355,0.17777777777777778,0.35424354243542433,0.243048403707518,23595,22308,0,1532,816,0.9634211659431458,0.5326370596885681,0.9741195440292358,0.07197989778868297,0.8766164631238573,0.25134449589480967,0.8725464569780459,0.2707716592756765,0.8636773468201164,0.2827179355006128,0.8169392967253791,0.19054504339587955,0.0019221527812381585,0.0
smd,./data/SMD,machine-1-7,machine-1-7,gate_noTTA,100,256,128,0.15,50,64,0.001,1,1,1,0,0.001,adam,0.1,0.99,fixed,gated,5000,unc,8,0.95,"[0.5, 1.0, 2.0]",0,0,1,38,2.01569,8,0.002437320537865162,0.0007249242626130581,28.503379583358765,0.6489636260807194,0.2320251375532275,0.1262848751835536,0.5276073619631901,0.07172643869891576,0.26221441124780315,23598,23097,0,3677,3181,0.8622764945030212,0.8651074171066284,0.9997490048408508,0.06884570363841125,0.7074055719077603,0.2925520671707919,0.7129937459424867,0.3041532192663519,0.7159714746560363,0.3070599352200346,0.7137860709236976,0.28708494927875156,0.0,0.0
smd,./data/SMD,machine-2-4,machine-2-4,fixed,100,256,128,0.15,50,64,0.001,1,1,1,1,0.001,adam,0.1,0.99,fixed,gated,5000,none,8,0.95,"[0.5, 1.0, 2.0]",0,0,1,38,2.01569,8,0.0005676366272382438,0.00032319597085006535,29.898123502731323,0.7949955487897996,0.4087053820628131,0.3426108816663674,0.24619354838709678,0.5631641086186541,0.41113346747149565,23590,21415,353,3674,2042,0.9046462774276733,0.5557975172996521,0.9727354645729065,0.09205864869522412,0.8367324010796701,0.4351632667248761,0.8542487921881998,0.4489925812377803,0.8649758464478752,0.4544284143417367,0.8221923089206975,0.33732252446849287,0.035137166579564415,0.03311389731243253
smd,./data/SMD,machine-2-9,machine-2-9,fixed,100,256,128,0.15,50,64,0.001,1,1,1,1,0.001,adam,0.1,0.99,fixed,gated,5000,none,8,0.95,"[0.5, 1.0, 2.0]",0,0,9,38,2.01569,8,0.0007340654847212136,0.000389501394238323,29.46671485900879,0.9596279170796174,0.5437659534561999,0.5460251046025104,0.3933685003767898,0.8923076923076924,0.5763589301121657,28623,25197,418,2745,170,0.9932531714439392,0.061930783092975616,0.9671149253845215,0.08082067475430359,0.9662074898549108,0.5759074914286161,0.9675226352943562,0.5912891678981812,0.9672114815438138,0.6052574808155491,0.9498559440117641,0.5847356214055577,0.011642798781394958,0.04071745276451111
smd,./data/SMD,machine-3-7,machine-3-7,gate_noTTA,100,256,128,0.15,50,64,0.001,1,1,1,0,0.001,adam,0.1,0.99,fixed,gated,5000,unc,8,0.95,"[0.5, 1.0, 2.0]",0,0,8,38,2.01569,8,0.00016692728968337178,0.00025919266045093536,34.551772356033325,0.8070644276176904,0.38079922550254147,0.10959497509205113,0.060482907004542195,0.5829493087557603,0.47796610169491527,28606,26310,0,929,277,0.9894716739654541,0.2981700897216797,0.9406005144119263,0.060018997696457334,0.8511317470948965,0.4152729408156186,0.8575162185216256,0.4558366465117092,0.8588442146590758,0.49953410747544297,0.8415019412998649,0.4906889951713297,0.029010835724572342,0.034378688083961606
smd,./data/SMD,machine-2-3,machine-2-3,gate_gbuf5k,100,256,128,0.15,50,64,0.001,1,1,1,1,0.001,adam,0.1,0.99,adaptive,gated,5000,unc,8,0.95,"[0.5, 1.0, 2.0]",0,0,3,38,2.01569,8,0.0006876767729409039,0.0002329065027879551,32.53397083282471,0.9517040530287397,0.4738700634409538,0.2729935559461043,0.1620305980528512,0.8661710037174721,0.4820031298904538,23590,20497,360,1259,215,0.9895106554031372,0.17077045142650604,0.9082441329956055,0.11839612958389806,0.9535620748002375,0.48764785531251253,0.9504893666329101,0.47934318544029114,0.9459933206137163,0.45044199896672005,0.9112620992447595,0.18917588265050025,0.03038854089876016,0.013706372497836128
smd,./data/SMD,machine-1-2,machine-1-2,gate_gbuf5k,100,256,128,0.15,50,64,0.001,1,1,1,1,0.001,adam,0.1,0.99,adaptive,gated,5000,unc,8,0.95,"[0.5, 1.0, 2.0]",0,0,3,38,2.01569,8,0.004383048973977566,0.0008435866911895573,31.409336805343628,0.8855747481109919,0.24603616310701973,0.24055829228243022,0.15469904963041184,0.540590405904059,0.29908443540183116,23595,21975,363,1532,661,0.9699203372001648,0.4314621388912201,0.9660517573356628,0.11217869497704591,0.8993173941760151,0.2746232259920802,0.8910760142501218,0.28491455495171225,0.8780238953477993,0.2834275234688624,0.8233086427702563,0.16835423182024556,0.016970215113057446,0.0
smd,./data/SMD,machine-3-5,machine-3-5,mask_noTTA,100,256,128,0.15,50,64,0.001,1,1,1,0,0.001,adam,0.1,0.99,fixed,gated,5000,none,8,0.95,"[0.5, 1.0, 2.0]",0,0,0,38,2.01569,8,0.0015995223075151443,0.00045077019603922963,28.923009157180786,0.8085861108336385,0.29038718820387704,0.09618930547019051,0.05146333442946399,0.7347417840375586,0.3653585926928282,23592,16638,0,1515,656,0.9605721831321716,0.433003306388855,0.7239208221435547,0.06342742676733307,0.8218716987071797,0.3044123962436624,0.8284080440808039,0.3106951391614028,0.8339478089253336,0.30912436492584877,0.8171667731152297,0.1296114662522176,0.04874947170416514,0.6083836456139883
smd,./data/SMD,machine-1-3,machine-1-3,gate_gbuf5k,100,256,128,0.15,50,64,0.001,1,1,1,1,0.001,adam,0.1,0.99,adaptive,gated,5000,unc,8,0.95,"[0.5, 1.0, 2.0]",0,0,3,38,2.01569,8,0.0006597439642064273,0.0002067770401481539,31.612245798110962,0.8131010379689398,0.2511569206320165,0.3316831683168317,0.27847049044056527,0.41003671970624234,0.3184079601990049,23604,22458,364,2005,1057,0.9529343843460083,0.5271820425987244,0.9908329248428345,0.11383772017571547,0.8849897383989677,0.30110118490550686,0.899981505906932,0.3230902426142371,0.9073141089606929,0.33315015958169725,0.9045225331110047,0.277499972188772,0.002367424312978983,0.010962645057588816
smd,./data/SMD,machine-1-2,machine-1-2,gate_gbuf5k,100,256,128,0.15,50,64,0.001,1,1,1,1,0.001,adam,0.1,0.99,adaptive,gated,5000,unc,8,0.95,"[0.5, 1.0, 2.0]",0,0,1,38,2.01569,8,0.004631801508367062,0.0008335208985954523,33.74957323074341,0.8785519713135969,0.22235081852520774,0.24269122947537045,0.15498721227621484,0.559040590405904,0.26656511805026656,23595,21919,362,1532,623,0.9715771675109863,0.40665796399116516,0.9652358889579773,0.11177235777334127,0.8919988422413596,0.259293117126493,0.8833856216067344,0.2743248872415946,0.8703713960299589,0.2769686055966236,0.8214190767512375,0.18073274492967487,0.017299375186363857,0.0
smd,./data/SMD,machine-2-2,machine-2-2,fixed,100,256,128,0.15,50,64,0.001,1,1,1,1,0.001,adam,0.1,0.99,fixed,gated,5000,none,8,0.95,"[0.5, 1.0, 2.0]",0,0,2,38,2.01569,8,0.0008101370185613632,0.0003923302283510566,29.102450370788574,0.5780996095977802,0.1442797993517394,0.11009509875640089,0.11423149905123339,0.10624779385810096,0.24428832870889663,23601,21935,362,3922,3158,0.8560291528701782,0.8052014112472534,0.9541643261909485,0.09522827584522972,0.5820573480259078,0.14317439915899255,0.5798157209365127,0.14161832997979673,0.5764983060230299,0.1396827747676478,0.5670752308533441,0.13076599939605388,0.010451977451642355,0.04780959834655126
smd,./data/SMD,machine-2-4,machine-2-4,mask_noTTA,100,256,128,0.15,50,64,0.001,1,1,1,0,0.001,adam,0.1,0.99,fixed,gated,5000,none,8,0.95,"[0.5, 1.0, 2.0]",0,0,1,38,2.01569,8,0.0005676366272382438,0.00032319597085006535,28.28634262084961,0.75245786782603,0.35345545385097027,0.2568173089233133,0.1639692659800556,0.5920897284533648,0.36100815418828763,23590,20305,0,3674,1626,0.9199212193489075,0.44256940484046936,0.9378891587257385,0.06318940303749127,0.7940874052893313,0.3762465461391321,0.816827466691072,0.39209352035757167,0.8376506627968737,0.4084784710775338,0.8236050749969204,0.3414158560233627,0.05186020334561666,0.050890945519010224
smd,./data/SMD,machine-1-4,machine-1-4,fixed,100,256,128,0.15,50,64,0.001,1,1,1,1,0.001,adam,0.1,0.99,fixed,gated,5000,none,8,0.95,"[0.5, 1.0, 2.0]",0,0,6,38,2.01569,8,0.0009373695938847959,0.0002713470021262765,27.75385332107544,0.7941627030737178,0.25598827754145626,0.32158590308370044,0.3411214953271028,0.30416666666666664,0.33359809372517873,23608,22996,367,1908,1296,0.9436423778533936,0.6792452931404114,1.0,0.08967024962484373,0.9098007992440171,0.3199696830351887,0.9290917450926369,0.35290943752110066,0.9363268127395676,0.36463427190069686,0.9246130663225108,0.29901075442989267,0.0,0.0
smd,./data/SMD,machine-1-2,machine-1-2,mask_noTTA,100,256,128,0.15,50,64,0.001,1,1,1,0,0.001,adam,0.1,0.99,fixed,gated,5000,none,8,0.95,"[0.5, 1.0, 2.0]",0,0,3,38,2.01569,8,0.004383048973977566,0.0008435866911895573,31.328092098236084,0.8696691542114108,0.22594881044562914,0.2517219787100814,0.190521327014218,0.37084870848708484,0.28007889546351084,23595,23246,0,1532,1191,0.9487653970718384,0.7774151563644409,0.9996374249458313,0.08237814089837128,0.8830671742273745,0.25630622476146503,0.8753309589505709,0.27043360519068277,0.8631748119917273,0.2728024681867831,0.8125258200577858,0.16651383086111624,0.0011212558019906282,0.0
smd,./data/SMD,machine-2-1,machine-2-1,noMask_fixed,100,256,128,0.15,50,64,0.001,1,0,1,1,0.001,adam,0.1,0.99,fixed,gated,5000,none,8,0.95,"[0.5, 1.0, 2.0]",0,0,1,38,2.015652,0,0.0013349888613447547,inf,27.36363673210144,0.7630004917831237,0.303185111710838,0.29913964262078097,0.24406047516198703,0.38632478632478634,0.33565737051792827,23595,22897,364,2457,1760,0.9231340289115906,0.7163206934928894,0.9999526739120483,0.02897088369542094,,,,,,,,,0.00014887598808854818,0.0
smd,./data/SMD,machine-3-2,machine-3-2,gate_gbuf5k,100,256,128,0.15,50,64,0.001,1,1,1,1,0.001,adam,0.1,0.99,adaptive,gated,5000,unc,8,0.95,"[0.5, 1.0, 2.0]",0,0,0,38,2.01569,8,0.007416234351694584,0.0010278199333697557,28.99258852005005,0.46576159569961717,0.0452856554897252,0.023096129837702872,0.01766109785202864,0.033363390441839495,0.08966750670677182,23604,22856,366,2018,1947,0.9148144721984863,0.9648166298866272,0.9686371088027954,0.09321952306543482,0.5730833125737875,0.06303404084796257,0.5822498061001217,0.07104982605925828,0.5874918075954475,0.07956433858069567,0.5910146313491783,0.0898276468438429,0.0,0.08519254097094138
smd,./data/SMD,machine-3-7,machine-3-7,gate_noTTA,100,256,128,0.15,50,64,0.001,1,1,1,0,0.001,adam,0.1,0.99,fixed,gated,5000,unc,8,0.95,"[0.5, 1.0, 2.0]",0,0,0,38,2.01569,8,0.0001507573906565085,0.00026332109700888395,33.58171057701111,0.8427441564176346,0.3992091919306164,0.11136712749615975,0.06074570590699623,0.6682027649769585,0.4897959183673469,28606,26104,0,929,250,0.9904229044914246,0.26910656690597534,0.9341330528259277,0.06339938909134181,0.8690662966251423,0.4319939920343342,0.872793838502173,0.4668823494731006,0.8722692498720823,0.5090504539273191,0.8434120258387917,0.4898827551038405,0.03541885130107403,0.039802664114783205
smd,./data/SMD,machine-1-3,machine-1-3,fixed,100,256,128,0.15,50,64,0.001,1,1,1,1,0.001,adam,0.1,0.99,fixed,gated,5000,none,8,0.95,"[0.5, 1.0, 2.0]",0,0,4,38,2.01569,8,0.0006630768184550107,0.00020554961520247161,27.43333101272583,0.8337966126822415,0.281823430548453,0.3392754456584244,0.3199566160520607,0.36107711138310894,0.3491484184914842,23604,22937,366,2005,1394,0.9392248392105103,0.6952618360519409,0.9974073171615601,0.08940220970033569,0.8876785217475667,0.3193565333088056,0.9002903647486542,0.33387179561978547,0.9066730731032244,0.3376542645052087,0.9025123567603611,0.27222103267045045,0.0,0.008626000955700874
smd,./data/SMD,machine-1-8,machine-1-8,gate_noTTA,100,256,128,0.15,50,64,0.001,1,1,1,0,0.001,adam,0.1,0.99,fixed,gated,5000,unc,8,0.95,"[0.5, 1.0, 2.0]",0,0,3,38,2.01569,8,0.0006072886753827333,0.00016855282592587173,31.5661780834198,0.8356012067998432,0.3539440007151564,0.25224702812409394,0.16195085629188385,0.5701179554390564,0.39154267815191857,23600,21419,0,2691,877,0.9590550661087036,0.3259011507034302,0.9824477434158325,0.08559218907760362,0.9024806504714697,0.401091146010861,0.9176978186723693,0.4067801538005684,0.9262301939044244,0.39491813069503895,0.913699971337418,0.26152192651740674,0.024748315413792927,0.0
smd,./data/SMD,machine-2-9,machine-2-9,mask_noTTA,100,256,128,0.15,50,64,0.001,1,1,1,0,0.001,adam,0.1,0.99,fixed,gated,5000,none,8,0.95,"[0.5, 1.0, 2.0]",0,0,3,38,2.01569,8,0.0006982992053963244,0.0004088413552381098,40.194798707962036,0.9631278579697018,0.6086924857366282,0.5809859154929577,0.44235924932975873,0.8461538461538461,0.604515984797675,28623,25550,0,2745,275,0.9892367720603943,0.10018214583396912,0.9766983389854431,0.08695408703458471,0.9691217618832852,0.6392452455121059,0.9694493755531318,0.6498043511766208,0.9682512138662248,0.6556609650014154,0.9529794725367091,0.603075679271221,0.0016299919225275517,0.047774756948153176
smd,./data/SMD,machine-1-1,machine-1-1,fixed,100,256,128,0.15,50,64,0.001,1,1,1,1,0.001,adam,0.1,0.99,fixed,gated,5000,none,8,0.95,"[0.5, 1.0, 2.0]",0,0,1,38,2.01569,8,0.00015968586376402527,0.00016941608919296414,34.80090022087097,0.899652471417534,0.4550944033383167,0.3736559139784946,0.2338754907459338,0.9287305122494433,0.5360792815113038,28380,19999,354,3486,56,0.9971998333930969,0.01606425642967224,0.8011167645454407,0.0877210588166208,0.9228814482848073,0.48759965343140416,0.9296488192075438,0.5063991740095845,0.9346574861883266,0.5287409082692043,0.9154915461487756,0.5579405902598711,0.08902983367443085,0.2745741506417592
smd,./data/SMD,machine-1-8,machine-1-8,mask_noTTA,100,256,128,0.15,50,64,0.001,1,1,1,0,0.001,adam,0.1,0.99,fixed,gated,5000,none,8,0.95,"[0.5, 1.0, 2.0]",0,0,6,38,2.01569,8,0.0006212334847077727,0.00017130539345089346,27.655030727386475,0.8318300144318613,0.35344658114863786,0.2579060485108996,0.16840417000801924,0.5504587155963303,0.38733431516936667,23600,22395,0,2691,1619,0.9277070760726929,0.6016350984573364,0.9936391115188599,0.06847924095089153,0.8961322542732161,0.4011459931806777,0.9129252359177351,0.40619053814850464,0.9234928487543662,0.39460267820080325,0.9171819950528475,0.2549697103938173,0.02035009240110715,0.0
smd,./data/SMD,machine-3-3,machine-3-3,gate_gbuf5k,100,256,128,0.15,50,64,0.001,1,1,1,1,0.001,adam,0.1,0.99,adaptive,gated,5000,unc,8,0.95,"[0.5, 1.0, 2.0]",0,0,2,38,2.01569,8,0.0008422932005487382,0.0002902231353800744,29.349834203720093,0.8928889163830531,0.2806972622217087,0.24901327592393255,0.16102088167053363,0.5490506329113924,0.3396481732070365,23604,21252,361,3206,1942,0.9086203575134277,0.6057392358779907,0.9466614127159119,0.10078123233577313,0.9047750367742066,0.31056653897640274,0.9058768913134962,0.3214528611369464,0.9038431995013744,0.3050593045971698,0.8674541550052698,0.12771643436290067,0.009904286824166775,0.0142424243191878
smd,./data/SMD,machine-2-5,machine-2-5,noMask_fixed,100,256,128,0.15,50,64,0.001,1,0,1,1,0.001,adam,0.1,0.99,fixed,gated,5000,none,8,0.95,"[0.5, 1.0, 2.0]",0,0,6,38,2.015652,0,0.0027601169422268867,inf,26.685887813568115,0.9310419046300981,0.4790580567726053,0.2944400939702428,0.632996632996633,0.19183673469387755,0.5211581291759465,23590,23445,368,3016,2871,0.8775432109832764,0.9519230723381042,1.0,0.02819713569890144,,,,,,,,,0.0,0.0
smd,./data/SMD,machine-3-3,machine-3-3,fixed,100,256,128,0.15,50,64,0.001,1,1,1,1,0.001,adam,0.1,0.99,fixed,gated,5000,none,8,0.95,"[0.5, 1.0, 2.0]",0,0,4,38,2.01569,8,0.0008416348719038069,0.0002965376479551196,31.696877479553223,0.8925116412790676,0.2882078690747078,0.26773596545342376,0.16628352490421455,0.6867088607594937,0.3474006116207951,23604,22434,358,3206,2436,0.8914148211479187,0.7598253488540649,0.9803902506828308,0.11139741450563323,0.9065714999761331,0.32030454995524393,0.9082543211407383,0.3294052996059641,0.9065520224030497,0.3129978980553195,0.8711163502429757,0.13421061973310475,0.001299545168876648,0.025256875281532604
smd,./data/SMD,machine-2-5,machine-2-5,base_noTTA,100,256,128,0.15,50,64,0.001,1,0,1,0,0.001,adam,0.1,0.99,fixed,gated,5000,none,8,0.95,"[0.5, 1.0, 2.0]",0,0,8,38,2.015652,0,0.0027094499673694372,inf,26.009819984436035,0.9304009648246987,0.5206325390475077,0.3288958496476116,0.7070707070707071,0.21428571428571427,0.5310790651417205,23590,23459,0,3016,2885,0.877019464969635,0.9565649628639221,1.0,0.009093783881109414,,,,,,,,,0.0,0.0
smd,./data/SMD,machine-2-4,machine-2-4,gate_gbuf5k,100,256,128,0.15,50,64,0.001,1,1,1,1,0.001,adam,0.1,0.99,adaptive,gated,5000,unc,8,0.95,"[0.5, 1.0, 2.0]",0,0,7,38,2.01569,8,0.0005640704766847193,0.0003506054054014385,24.999274492263794,0.7914669884456408,0.40114815819914784,0.3273381294964029,0.2643427741466957,0.4297520661157025,0.40039906883937476,23590,22092,364,3674,2802,0.8731667399406433,0.7626565098762512,0.968567967414856,0.0849987703544096,0.8323440741200976,0.42673657391778824,0.8508151739970954,0.44247622215434496,0.8632139884748948,0.4531669148942754,0.823768872017441,0.34702044287385425,0.00676437405248483,0.018974358836809795
smd,./data/SMD,machine-2-9,machine-2-9,gate_gbuf5k,100,256,128,0.15,50,64,0.001,1,1,1,1,0.001,adam,0.1,0.99,adaptive,gated,5000,unc,8,0.95,"[0.5, 1.0, 2.0]",0,0,9,38,2.01569,8,0.0007340654847212136,0.000389501394238323,32.01137089729309,0.9619181595485967,0.5533627601240275,0.5016032982134678,0.41937954806587513,0.6239316239316239,0.5995370370370371,28623,24824,432,2745,314,0.9873509407043457,0.1143897995352745,0.9471365809440613,0.09173367860844245,0.9687001428463216,0.5819198556111098,0.9702041442019933,0.595186876272822,0.9703333619638733,0.605585781181479,0.9534243129489169,0.573745975567334,0.017929910604531567,0.012481683865189552
smd,./data/SMD,machine-2-6,machine-2-6,base_noTTA,100,256,128,0.15,50,64,0.001,1,0,1,0,0.001,adam,0.1,0.99,fixed,gated,5000,none,8,0.95,"[0.5, 1.0, 2.0]",0,0,3,38,2.015652,0,0.0004033440782222897,inf,36.67735767364502,0.8728403475365228,0.3425199917778438,0.11863478736995801,0.06429277942631058,0.7665094339622641,0.35602094240837695,28644,24377,0,1121,117,0.9952003955841064,0.1043711006641388,0.8814446330070496,0.011871578872844736,,,,,,,,,0.04511462648709615,0.14689204593499502
smd,./data/SMD,machine-2-5,machine-2-5,fixed,100,256,128,0.15,50,64,0.001,1,1,1,1,0.001,adam,0.1,0.99,fixed,gated,5000,none,8,0.95,"[0.5, 1.0, 2.0]",0,0,0,38,2.01569,8,0.002692374400794506,0.0006882042507641017,27.950897693634033,0.9269216286629145,0.45709365782091904,0.2899921197793538,0.6366782006920415,0.18775510204081633,0.5123893805309735,23590,23441,368,3016,2867,0.8776929378509521,0.950596809387207,1.0,0.08729791782730058,0.9411562079585457,0.4608983565412009,0.9360661645432315,0.40897790248582555,0.9303283513414173,0.35713445153239737,0.912358176790466,0.2541506826076106,0.0,0.0
smd,./data/SMD,machine-2-2,machine-2-2,fixed,100,256,128,0.15,50,64,0.001,1,1,1,1,0.001,adam,0.1,0.99,fixed,gated,5000,none,8,0.95,"[0.5, 1.0, 2.0]",0,0,8,38,2.01569,8,0.0007699255947954953,0.00040438424912281334,28.48795175552368,0.5776996347076438,0.14373805303689421,0.11195212110543919,0.11165730337078651,0.11224849982350865,0.2401460270378187,23601,21760,362,3922,3020,0.861213207244873,0.770015299320221,0.9522841572761536,0.09146136129555534,0.5814794016483904,0.14351098815707078,0.5797747930766401,0.14275305580803918,0.5767519674087367,0.141771148756197,0.5663886509911807,0.13116756639012211,0.011016948769489924,0.04804062098264694
smd,./data/SMD,machine-3-5,machine-3-5,mask_noTTA,100,256,128,0.15,50,64,0.001,1,1,1,0,0.001,adam,0.1,0.99,fixed,gated,5000,none,8,0.95,"[0.5, 1.0, 2.0]",0,0,8,38,2.01569,8,0.001222877181135118,0.00042738529737107456,24.636351585388184,0.8072541416562993,0.27500725900239287,0.07370675081708553,0.03871196874630046,0.7676056338028169,0.36406067677946324,23592,13149,0,1515,529,0.9597688317298889,0.3491749167442322,0.5716356635093689,0.06196135260283482,0.8197610910826374,0.29196709839895263,0.8267987032446129,0.3040096269319961,0.833636434265742,0.3133520689737685,0.8216473999812328,0.14151778389886094,0.059347003077467285,0.7667134006818136
smd,./data/SMD,machine-1-8,machine-1-8,fixed,100,256,128,0.15,50,64,0.001,1,1,1,1,0.001,adam,0.1,0.99,fixed,gated,5000,none,8,0.95,"[0.5, 1.0, 2.0]",0,0,0,38,2.01569,8,0.0006104807835072279,0.00016616348875686526,28.7217960357666,0.8371086780424051,0.3727019618548415,0.2682544656847384,0.17627677100494235,0.5609436435124509,0.3949329359165424,23600,22283,363,2691,1611,0.9277027249336243,0.5986621975898743,0.9886651635169983,0.09069581153029102,0.9003794135004877,0.4151183752888496,0.914833903308814,0.4167190715650411,0.9226860564995719,0.4043152373311107,0.9114769926780132,0.2646938117732822,0.020168776934345562,0.014051827136427164
smd,./data/SMD,machine-3-4,machine-3-4,base_noTTA,100,256,128,0.15,50,64,0.001,1,0,1,0,0.001,adam,0.1,0.99,fixed,gated,5000,none,8,0.95,"[0.5, 1.0, 2.0]",0,0,8,38,2.015652,0,0.0015768344746902585,inf,26.799563884735107,0.7484022432278828,0.33469794835594235,0.2511970534069981,0.1962025316455696,0.3490276356192426,0.376311844077961,23588,22770,0,1769,1016,0.9553799033164978,0.5743357539176941,0.997020959854126,0.008797795161647838,,,,,,,,,0.014501117790738741,0.0
smd,./data/SMD,machine-2-8,machine-2-8,noMask_fixed,100,256,128,0.15,50,64,0.001,1,0,1,1,0.001,adam,0.1,0.99,fixed,gated,5000,none,8,0.95,"[0.5, 1.0, 2.0]",0,0,2,38,2.015652,0,9.972075349651277e-05,inf,27.098987579345703,0.9929901943454041,0.9610062185663873,0.10505185680829711,0.05551626591230552,0.9751552795031055,0.9361702127659574,23604,21001,349,260,11,0.9994761943817139,0.042307693511247635,0.8991603851318359,0.027840288185180397,,,,,,,,,0.06268530463178952,0.01412429412206014
smd,./data/SMD,machine-2-2,machine-2-2,mask_noTTA,100,256,128,0.15,50,64,0.001,1,1,1,0,0.001,adam,0.1,0.99,fixed,gated,5000,none,8,0.95,"[0.5, 1.0, 2.0]",0,0,8,38,2.01569,8,0.0007699255947954953,0.00040438424912281334,27.698442459106445,0.5604571477018376,0.14809470074259184,0.12962310672772104,0.12934973637961336,0.12989763501588422,0.23103776578863852,23601,21509,0,3922,2779,0.8707982897758484,0.7085670828819275,0.9517760276794434,0.07578035688143676,0.5795221043513767,0.14979270531017322,0.5872320030794936,0.15081197374743227,0.5934729477164901,0.1516736490874543,0.5981799476289168,0.141762121164413,0.011158191909392675,0.048436557253201805
smd,./data/SMD,machine-3-6,machine-3-6,fixed,100,256,128,0.15,50,64,0.001,1,1,1,1,0.001,adam,0.1,0.99,fixed,gated,5000,none,8,0.95,"[0.5, 1.0, 2.0]",0,0,5,38,2.01569,8,0.00037478868034668267,0.0003259548684582114,33.827510356903076,0.852448276420117,0.2886657275822553,0.2665625,0.16384940453323088,0.7144053601340034,0.3197940503432494,28627,24857,412,2283,75,0.996982753276825,0.032851509749889374,0.9407075643539429,0.0828151560964047,0.8925475724790839,0.30929418517091584,0.9046886145094206,0.3163461708609141,0.9125320382482902,0.3172156426426304,0.9067714352672852,0.23651750179218456,0.012698413183291754,0.11827577153841655
smd,./data/SMD,machine-3-1,machine-3-1,gate_noTTA,100,256,128,0.15,50,64,0.001,1,1,1,0,0.001,adam,0.1,0.99,fixed,gated,5000,unc,8,0.95,"[0.5, 1.0, 2.0]",0,0,8,38,2.01569,8,0.0004085224645677954,0.00020492251496762037,33.32882285118103,0.8721887087271704,0.28585502881927316,0.05219568567026194,0.026895593489479952,0.8798701298701299,0.35175879396984927,28601,14443,0,704,31,0.9978536367416382,0.044034089893102646,0.5166146755218506,0.06364493981753483,0.8960110402418096,0.2950058453505894,0.89659401953358,0.3018538612780562,0.8930686987005668,0.311164157957665,0.8370977694466707,0.20199132016028248,0.19048864021897316,0.48815450568993884
smd,./data/SMD,machine-3-3,machine-3-3,base_noTTA,100,256,128,0.15,50,64,0.001,1,0,1,0,0.001,adam,0.1,0.99,fixed,gated,5000,none,8,0.95,"[0.5, 1.0, 2.0]",0,0,8,38,2.015652,0,0.000785415933933109,inf,25.34412956237793,0.8848774613754239,0.26980544476714813,0.2453086755507207,0.14811165845648605,0.7136075949367089,0.34613040828762953,23604,22177,0,3206,2305,0.896063506603241,0.7189644575119019,0.974213182926178,0.00883562850499634,,,,,,,,,0.007959714159369469,0.05094358200828234
smd,./data/SMD,machine-3-4,machine-3-4,gate_gbuf5k,100,256,128,0.15,50,64,0.001,1,1,1,1,0.001,adam,0.1,0.99,adaptive,gated,5000,unc,8,0.95,"[0.5, 1.0, 2.0]",0,0,4,38,2.01569,8,0.0016986681148409843,0.000290451745968312,30.439418077468872,0.7617370142966792,0.3564353964997889,0.22241992882562275,0.15657620041753653,0.38382804503582396,0.39816933638443935,23588,21429,362,1769,622,0.9709739089012146,0.35161107778549194,0.9536184072494507,0.10256115735658694,0.7920846127601501,0.40987345049291884,0.7946006047502959,0.4243273888044349,0.7932116801809292,0.4314796079495407,0.7822272460334951,0.4081800659962027,0.014866643895705542,0.01017811723674337
smd,./data/SMD,machine-2-4,machine-2-4,gate_noTTA,100,256,128,0.15,50,64,0.001,1,1,1,0,0.001,adam,0.1,0.99,fixed,gated,5000,unc,8,0.95,"[0.5, 1.0, 2.0]",0,0,6,38,2.01569,8,0.0005582899320870638,0.0003354091022629291,25.280567169189453,0.7580137081707686,0.36130578938829594,0.25543683218101826,0.16227439706117233,0.5997638724911453,0.3525179856115108,23590,19968,0,3674,1484,0.9256811141967773,0.40391942858695984,0.9280980229377747,0.0577021979234541,0.7979847437689096,0.38397584327052886,0.8200428454143143,0.4007213708852346,0.8406322624037394,0.41998390205073155,0.8263125031367814,0.3530790083786806,0.0552423894405365,0.05637263009945551
smd,./data/SMD,machine-1-5,machine-1-5,fixed,100,256,128,0.15,50,64,0.001,1,1,1,1,0.001,adam,0.1,0.99,fixed,gated,5000,none,8,0.95,"[0.5, 1.0, 2.0]",0,0,4,38,2.01569,8,0.0008110709022730589,0.0002872488694265485,27.899627923965454,0.9526112005422349,0.563411663228673,0.08127721335268505,0.042704626334519574,0.84,0.6041666666666666,23607,22275,363,793,49,0.9978002309799194,0.06179066747426987,0.9742263555526733,0.09455049427268557,0.9623460137253241,0.5724682258288344,0.961254342116411,0.5689196090170715,0.9585444378547827,0.5476810602729008,0.9263513513513513,0.08103109891928559,0.0,0.04778724396601319
smd,./data/SMD,machine-1-5,machine-1-5,mask_noTTA,100,256,128,0.15,50,64,0.001,1,1,1,0,0.001,adam,0.1,0.99,fixed,gated,5000,none,8,0.95,"[0.5, 1.0, 2.0]",0,0,2,38,2.01569,8,0.0008343053050339222,0.0002934804651886225,30.631008625030518,0.9449885622299415,0.5460480195241465,0.07010309278350516,0.03655913978494624,0.85,0.6122448979591836,23607,22075,0,793,50,0.9977350234985352,0.06305170059204102,0.9654159545898438,0.07481746097509272,0.9573862577310854,0.5542920632044654,0.9575713801575869,0.5472957149779427,0.9558934169278996,0.5156800022314263,0.9259662797593833,0.06580943094535872,0.0,0.07624164782464504
smd,./data/SMD,machine-2-8,machine-2-8,mask_noTTA,100,256,128,0.15,50,64,0.001,1,1,1,0,0.001,adam,0.1,0.99,fixed,gated,5000,none,8,0.95,"[0.5, 1.0, 2.0]",0,0,4,38,2.01569,8,0.00010495087917661294,7.058833580231294e-05,30.073683738708496,0.9925063227819079,0.962940282981358,0.09801488833746899,0.05158341495266079,0.9813664596273292,0.937888198757764,23604,21580,0,260,10,0.9995366334915161,0.03846153989434242,0.9240061640739441,0.07622366415365452,0.9919240411348873,0.9639977723269064,0.9917710174125165,0.9645232558957592,0.9916317130583585,0.9656669470116194,0.9868119934716915,0.9412856912492487,0.05110828826824824,0.0
smd,./data/SMD,machine-1-4,machine-1-4,gate_gbuf5k,100,256,128,0.15,50,64,0.001,1,1,1,1,0.001,adam,0.1,0.99,adaptive,gated,5000,unc,8,0.95,"[0.5, 1.0, 2.0]",0,0,9,38,2.01569,8,0.0009173704893328249,0.0002697443123906851,25.58507776260376,0.8008843766766723,0.2651873340311447,0.30621526023244067,0.24066719618745036,0.42083333333333334,0.330173775671406,23608,22500,363,1908,838,0.962755560874939,0.4392033517360687,0.9982488751411438,0.08882316077454379,0.9083966541475134,0.32846605555561,0.9259642225315758,0.35790685809877537,0.9331098978649769,0.3660283478313151,0.9243896308541542,0.2954223441331311,0.0009053870259473721,0.0
smd,./data/SMD,machine-3-10,machine-3-10,fixed,100,256,128,0.15,50,64,0.001,1,1,1,1,0.001,adam,0.1,0.99,fixed,gated,5000,none,8,0.95,"[0.5, 1.0, 2.0]",0,0,8,38,2.01569,8,0.0012082670582458377,0.00010380287130828947,27.50436305999756,0.9655505048805244,0.7691998107214973,0.711565257779842,0.6925858951175407,0.731614135625597,0.7283359914938862,23594,22584,358,2334,1324,0.9413744211196899,0.5672665238380432,1.0,0.08374194406883044,0.9751250950955537,0.7558385974491322,0.9727836293684593,0.7247350150162175,0.9699770505401815,0.6887353267950141,0.9621475201433028,0.5914401449072462,0.0,0.0
smd,./data/SMD,machine-3-1,machine-3-1,gate_noTTA,100,256,128,0.15,50,64,0.001,1,1,1,0,0.001,adam,0.1,0.99,fixed,gated,5000,unc,8,0.95,"[0.5, 1.0, 2.0]",0,0,5,38,2.01569,8,0.00040275754872709513,0.00021047820337116718,32.75154185295105,0.8825855920636142,0.3690709161303602,0.05376766091051805,0.02772157021448806,0.8896103896103896,0.4081632653061224,28601,14446,0,704,31,0.9978540539741516,0.044034089893102646,0.5167222023010254,0.06993636939580705,0.9006109504049066,0.3735059752878898,0.8986368484994859,0.37620495147438204,0.8943588462819232,0.37866864527636157,0.8348511035667628,0.2375183316799342,0.19466874500115713,0.5021527210871378
smd,./data/SMD,machine-1-1,machine-1-1,base_noTTA,100,256,128,0.15,50,64,0.001,1,0,1,0,0.001,adam,0.1,0.99,fixed,gated,5000,none,8,0.95,"[0.5, 1.0, 2.0]",0,0,8,38,2.015652,0,0.00013491079153027385,inf,30.60788893699646,0.9019982929481252,0.48983468422557025,0.3672126352734718,0.22864687670733927,0.9320712694877505,0.549060856498873,28380,19707,0,3486,52,0.9973613619804382,0.01491681020706892,0.7895476818084717,0.008810095756804968,,,,,,,,,0.11533944308757782,0.2732083648443222
smd,./data/SMD,machine-1-7,machine-1-7,mask_noTTA,100,256,128,0.15,50,64,0.001,1,1,1,0,0.001,adam,0.1,0.99,fixed,gated,5000,none,8,0.95,"[0.5, 1.0, 2.0]",0,0,9,38,2.01569,8,0.0024207374081015587,0.0006936908466741443,28.275274753570557,0.6522204639365456,0.23941479079651037,0.1372336583604189,0.5121293800539084,0.07923269391159299,0.2800397219463754,23598,23362,0,3677,3441,0.8527095317840576,0.9358172416687012,1.0,0.06886895142002462,0.7038500850181072,0.2944548984176161,0.708414960022909,0.3025666976100573,0.7108163206728803,0.3033748228665957,0.7100079702395312,0.28491675424792773,0.0,0.0
smd,./data/SMD,machine-3-4,machine-3-4,gate_noTTA,100,256,128,0.15,50,64,0.001,1,1,1,0,0.001,adam,0.1,0.99,fixed,gated,5000,unc,8,0.95,"[0.5, 1.0, 2.0]",0,0,5,38,2.01569,8,0.0016709516057744622,0.00027323735412210226,28.350964307785034,0.7484446541705371,0.32596561829018783,0.24738415545590434,0.1948204826368452,0.33879222108495394,0.36911764705882355,23588,21362,0,1769,612,0.9713509678840637,0.3459581732749939,0.9510059952735901,0.060731624372332545,0.7922376707423537,0.39408686090171635,0.7953586383788834,0.4132616697712591,0.7941340393110228,0.4244150966571673,0.7854159539960708,0.40800199280181154,0.010247706746061644,0.0
smd,./data/SMD,machine-2-9,machine-2-9,base_noTTA,100,256,128,0.15,50,64,0.001,1,0,1,0,0.001,adam,0.1,0.99,fixed,gated,5000,none,8,0.95,"[0.5, 1.0, 2.0]",0,0,6,38,2.015652,0,0.0006799473194405437,inf,33.21981477737427,0.9716940310183904,0.6757400405839821,0.6005623242736645,0.4474860335195531,0.9128205128205128,0.7075046406788651,28623,25287,0,2745,268,0.9894016981124878,0.09763205796480179,0.9668057560920715,0.010384389807150656,,,,,,,,,0.0013971358227233093,0.06260418395201366
smd,./data/SMD,machine-1-4,machine-1-4,noMask_fixed,100,256,128,0.15,50,64,0.001,1,0,1,1,0.001,adam,0.1,0.99,fixed,gated,5000,none,8,0.95,"[0.5, 1.0, 2.0]",0,0,2,38,2.015652,0,0.0009725139825604856,inf,27.361522674560547,0.7930528668377779,0.2600439951321065,0.3193403298350825,0.3469055374592834,0.29583333333333334,0.3238255033557047,23608,23016,367,1908,1316,0.9428223967552185,0.6897274851799011,1.0,0.028280848690874494,,,,,,,,,0.0,0.0
smd,./data/SMD,machine-1-4,machine-1-4,mask_noTTA,100,256,128,0.15,50,64,0.001,1,1,1,0,0.001,adam,0.1,0.99,fixed,gated,5000,none,8,0.95,"[0.5, 1.0, 2.0]",0,0,5,38,2.01569,8,0.0009263224783353508,0.00028320890851318836,26.900519847869873,0.824146256579806,0.2599618539859541,0.31818181818181823,0.30670103092783507,0.33055555555555555,0.3218197135636057,23608,22947,0,1908,1247,0.9456573724746704,0.653563916683197,1.0,0.06668339822705177,0.9121032781813875,0.32316700987018204,0.9276052768956367,0.35456534746792207,0.9330684493167635,0.36640936138333335,0.916849197372428,0.2987363396012287,0.0,0.0
smd,./data/SMD,machine-2-9,machine-2-9,fixed,100,256,128,0.15,50,64,0.001,1,1,1,1,0.001,adam,0.1,0.99,fixed,gated,5000,none,8,0.95,"[0.5, 1.0, 2.0]",0,0,4,38,2.01569,8,0.0007201341213658452,0.00040644887485541403,36.62520217895508,0.960095704182922,0.5287320176646865,0.5643405318579332,0.41086278586278585,0.9008547008547009,0.5928837401737691,28623,25105,416,2745,153,0.9939056038856506,0.055737704038619995,0.9642167091369629,0.09965890775714593,0.9656047271874024,0.5503592572008273,0.9666451462201824,0.5611665025514546,0.9663773291763057,0.570994493920492,0.9516720393829454,0.5650409063532424,0.013854931050445884,0.051472039272387825
smd,./data/SMD,machine-1-6,machine-1-6,noMask_fixed,100,256,128,0.15,50,64,0.001,1,0,1,1,0.001,adam,0.1,0.99,fixed,gated,5000,none,8,0.95,"[0.5, 1.0, 2.0]",0,0,6,38,2.015652,0,0.000573391851503402,inf,23.57977843284607,0.8892333706773323,0.6486469290887463,0.511883873026001,0.3634201585503964,0.8654261057173679,0.6321395286912529,23590,15496,291,6678,1090,0.9296592473983765,0.1632225215435028,0.8518211841583252,0.02501189784510452,,,,,,,,,0.13173160205284754,0.039202687640984855
smd,./data/SMD,machine-1-1,machine-1-1,mask_noTTA,100,256,128,0.15,50,64,0.001,1,1,1,0,0.001,adam,0.1,0.99,fixed,gated,5000,none,8,0.95,"[0.5, 1.0, 2.0]",0,0,1,38,2.01569,8,0.00015968586376402527,0.00016941608919296414,36.15454053878784,0.8996328499661482,0.4696817785362893,0.3766679374761723,0.23702139909797523,0.9168522642910171,0.5490452097274359,28380,20382,0,3486,88,0.9956824779510498,0.025243831798434258,0.8152165412902832,0.06512690800188964,0.9265165848770291,0.5091841872085546,0.9335747506038671,0.5304235399185937,0.9382295116705888,0.5531115983123891,0.9114968029126699,0.555606678589969,0.09290579954783122,0.253625084956487
smd,./data/SMD,machine-2-7,machine-2-7,gate_gbuf5k,100,256,128,0.15,50,64,0.001,1,1,1,1,0.001,adam,0.1,0.99,adaptive,gated,5000,unc,8,0.95,"[0.5, 1.0, 2.0]",0,0,3,38,2.01569,8,0.0034031190443784,0.0008348831324838102,31.686092376708984,0.8637146127421272,0.294893022696243,0.21945866861741037,0.15789473684210525,0.3597122302158273,0.3553299492385787,23597,22861,366,2397,1892,0.9172389507293701,0.7893199920654297,0.9891037940979004,0.11660139626474983,0.8650736870016853,0.2747293924256993,0.8588628216804535,0.2447721425617355,0.8503324236096325,0.2056560680749771,0.8120616527097063,0.09179953973188139,0.012345552134017149,0.026227183640003204
smd,./data/SMD,machine-3-10,machine-3-10,fixed,100,256,128,0.15,50,64,0.001,1,1,1,1,0.001,adam,0.1,0.99,fixed,gated,5000,none,8,0.95,"[0.5, 1.0, 2.0]",0,0,1,38,2.01569,8,0.0014203498139977455,9.936682909028605e-05,29.098175287246704,0.9616442802518157,0.733996162069724,0.7135291285507944,0.7194174757281553,0.7077363896848138,0.7172413793103448,23594,22613,358,2334,1353,0.9401671886444092,0.5796915292739868,1.0,0.09475047784184282,0.973586000078784,0.7196824928296872,0.9711578001213141,0.6896030148904219,0.9683284042647684,0.6560742712428883,0.9607778236367711,0.5675261146489308,0.0,0.0
smd,./data/SMD,machine-1-8,machine-1-8,base_noTTA,100,256,128,0.15,50,64,0.001,1,0,1,0,0.001,adam,0.1,0.99,fixed,gated,5000,none,8,0.95,"[0.5, 1.0, 2.0]",0,0,2,38,2.015652,0,0.0005979577545076609,inf,27.026830434799194,0.8396530821875539,0.37270094202344556,0.3080789946140036,0.21216617210682492,0.562254259501966,0.4089887640449438,23600,22484,0,2691,1637,0.9271926879882812,0.6083240509033203,0.9970347881317139,0.010505732843431375,,,,,,,,,0.01084869122132659,0.0
smd,./data/SMD,machine-2-2,machine-2-2,noMask_fixed,100,256,128,0.15,50,64,0.001,1,0,1,1,0.001,adam,0.1,0.99,fixed,gated,5000,none,8,0.95,"[0.5, 1.0, 2.0]",0,0,9,38,2.015652,0,0.0007155744824558496,inf,25.97774600982666,0.5840595737774872,0.14575711655041038,0.10602949411984319,0.11251980982567353,0.10024708789269325,0.24471353696005785,23601,21697,360,3922,2956,0.8637599945068359,0.7536970973014832,0.952335000038147,0.029788098695505364,,,,,,,,,0.009322034195065498,0.048436557253201805
smd,./data/SMD,machine-3-7,machine-3-7,gate_noTTA,100,256,128,0.15,50,64,0.001,1,1,1,0,0.001,adam,0.1,0.99,fixed,gated,5000,unc,8,0.95,"[0.5, 1.0, 2.0]",0,0,2,38,2.01569,8,0.00016588221478741616,0.0002598377177491784,35.58885359764099,0.8099170845961413,0.3857957520395387,0.1015921152388173,0.055349029326724496,0.6175115207373272,0.48986486486486486,28606,26131,0,929,263,0.9899353384971619,0.28310009837150574,0.9346388578414917,0.06532671567752446,0.8452542190813827,0.42047660769304396,0.852762238486068,0.46437773247847924,0.8559719971630729,0.5186713073489437,0.8453692186241555,0.5046417406499386,0.03378771928449472,0.03956663670639197
smd,./data/SMD,machine-1-3,machine-1-3,mask_noTTA,100,256,128,0.15,50,64,0.001,1,1,1,0,0.001,adam,0.1,0.99,fixed,gated,5000,none,8,0.95,"[0.5, 1.0, 2.0]",0,0,2,38,2.01569,8,0.0006582366186194122,0.0002069120528176427,28.525530338287354,0.8073735916972753,0.2613038926959725,0.30236393622869706,0.2744510978043912,0.33659730722154224,0.3263234227701232,23604,22851,0,2005,1319,0.942278265953064,0.6578553318977356,0.9968979954719543,0.07456064305049326,0.8790370257305355,0.300062946319784,0.895697540178658,0.31890353126006826,0.9038742504356916,0.3280980898229821,0.8977425066031613,0.2664887770752219,0.0,0.010153565972965831
smd,./data/SMD,machine-3-11,machine-3-11,noMask_fixed,100,256,128,0.15,50,64,0.001,1,0,1,1,0.001,adam,0.1,0.99,fixed,gated,5000,none,8,0.95,"[0.5, 1.0, 2.0]",0,0,8,38,2.015652,0,0.0003760888648685068,inf,30.30038356781006,0.8869183447925815,0.5770295224735904,0.026530765195233456,0.013465195891974134,0.8939393939393939,0.6267806267806268,28597,12578,228,440,0,1.0,0.0,0.4467095136642456,0.020948561704312606,,,,,,,,,0.21258741865555444,0.9823063611984253
smd,./data/SMD,machine-1-8,machine-1-8,gate_gbuf5k,100,256,128,0.15,50,64,0.001,1,1,1,1,0.001,adam,0.1,0.99,adaptive,gated,5000,unc,8,0.95,"[0.5, 1.0, 2.0]",0,0,2,38,2.01569,8,0.0006130127003416419,0.00017415391630493104,29.383122444152832,0.839996221750557,0.3532958274918148,0.26219694702184976,0.16989914662529093,0.5740498034076016,0.37928286852589643,23600,21333,361,2691,934,0.9562180638313293,0.34708288311958313,0.9756085872650146,0.10006938950490143,0.9039750361253676,0.3976488939012959,0.9192344896346136,0.40181227954457704,0.927971605758299,0.39117316063858254,0.9175625913991226,0.257303447944686,0.012361318649103245,0.012304074751834074
smd,./data/SMD,machine-1-6,machine-1-6,fixed,100,256,128,0.15,50,64,0.001,1,1,1,1,0.001,adam,0.1,0.99,fixed,gated,5000,none,8,0.95,"[0.5, 1.0, 2.0]",0,0,7,38,2.01569,8,0.0006061056046746671,0.0003793272189795971,26.10245633125305,0.885434015605008,0.636821038148958,0.5128951410785028,0.3662394642650964,0.8554476806903991,0.6210440898025426,23590,16255,294,6678,1180,0.9274069666862488,0.17669960856437683,0.8913788795471191,0.0845698796879088,0.9122592973573008,0.6750167511588208,0.9225942436576884,0.6947359029619736,0.9291578482838091,0.7051700720383354,0.9088846108225683,0.575604048754204,0.1206907828648885,0.020561890676617622
smd,./data/SMD,machine-1-3,machine-1-3,gate_gbuf5k,100,256,128,0.15,50,64,0.001,1,1,1,1,0.001,adam,0.1,0.99,adaptive,gated,5000,unc,8,0.95,"[0.5, 1.0, 2.0]",0,0,2,38,2.01569,8,0.0006582366186194122,0.0002069120528176427,29.316054344177246,0.8028911540795413,0.26650272224543686,0.33447098976109213,0.2779578606158833,0.41982864137086906,0.33194444444444443,23604,22438,364,2005,1043,0.9535163640975952,0.5201994776725769,0.9905551075935364,0.10081657493059927,0.8787681714625982,0.3043817158862399,0.8962753067703676,0.323442026188374,0.9047471309821411,0.3330849118321793,0.8999685899917328,0.26897381389761726,0.0004734848625957966,0.011026609300946196
smd,./data/SMD,machine-3-9,machine-3-9,base_noTTA,100,256,128,0.15,50,64,0.001,1,0,1,0,0.001,adam,0.1,0.99,fixed,gated,5000,none,8,0.95,"[0.5, 1.0, 2.0]",0,0,9,38,2.015652,0,0.00017709862731862813,inf,31.615519285202026,0.8518026353849747,0.28956369710891755,0.03101659159587206,0.015780923648178232,0.8976897689768977,0.3339960238568589,28614,6082,0,699,1,0.9998355507850647,0.0014306152006611228,0.21783986687660217,0.009699730017553997,,,,,,,,,0.4551575779914856,0.9224890271822611
smd,./data/SMD,machine-2-9,machine-2-9,noMask_fixed,100,256,128,0.15,50,64,0.001,1,0,1,1,0.001,adam,0.1,0.99,fixed,gated,5000,none,8,0.95,"[0.5, 1.0, 2.0]",0,0,5,38,2.015652,0,0.0007173664635047317,inf,32.650887966156006,0.974028381422604,0.6593669419696351,0.5705361790733993,0.4101796407185629,0.9367521367521368,0.7048176736758051,28623,25054,414,2745,164,0.9934541583061218,0.05974499136209488,0.9618208408355713,0.027472345733136137,,,,,,,,,0.0019792758588058255,0.058500306059916816
smd,./data/SMD,machine-3-10,machine-3-10,gate_noTTA,100,256,128,0.15,50,64,0.001,1,1,1,0,0.001,adam,0.1,0.99,fixed,gated,5000,unc,8,0.95,"[0.5, 1.0, 2.0]",0,0,7,38,2.01569,8,0.0011759998742491007,9.97475945041515e-05,25.18915581703186,0.96470576872677,0.7284633318549685,0.6978021978021978,0.6701846965699209,0.7277936962750716,0.7121137812653261,23594,20615,0,2334,429,0.979189932346344,0.18380463123321533,0.9494826197624207,0.05841015698273747,0.9736128448819128,0.7202854816056194,0.9709523625155955,0.6827005083880241,0.9674413237554111,0.6240068817930057,0.956479745016124,0.4640514588757538,0.0,0.0
smd,./data/SMD,machine-1-6,machine-1-6,gate_noTTA,100,256,128,0.15,50,64,0.001,1,1,1,0,0.001,adam,0.1,0.99,fixed,gated,5000,unc,8,0.95,"[0.5, 1.0, 2.0]",0,0,3,38,2.01569,8,0.0006092569674365222,0.00039383445982821286,35.257025480270386,0.889314866652986,0.6424477118777175,0.5048619214313497,0.3547611238657483,0.8751348435814456,0.6362229102167183,23590,15113,0,6678,884,0.9415073394775391,0.13237495720386505,0.8413552641868591,0.09434914477753811,0.9161022010823983,0.6795469784749253,0.9271034896852116,0.7008518527948269,0.93436360956069,0.7153781180875332,0.9150574855713792,0.6044522264348796,0.12941590944925943,0.05394089470307032
smd,./data/SMD,machine-3-6,machine-3-6,mask_noTTA,100,256,128,0.15,50,64,0.001,1,1,1,0,0.001,adam,0.1,0.99,fixed,gated,5000,none,8,0.95,"[0.5, 1.0, 2.0]",0,0,5,38,2.01569,8,0.00037478868034668267,0.0003259548684582114,32.44871544837952,0.8516102991834567,0.2908168172951868,0.2581597991434057,0.15671507979200286,0.7319932998324958,0.32588235294117646,28627,24879,0,2283,69,0.9972265958786011,0.030223390087485313,0.9417704343795776,0.06068935894660471,0.8917252006558046,0.310810778825566,0.9045586302377304,0.3173876760414984,0.913146201003565,0.31797151071394897,0.907629550483786,0.2345688739119149,0.00462846050504595,0.11712061986327171
smd,./data/SMD,machine-3-3,machine-3-3,gate_noTTA,100,256,128,0.15,50,64,0.001,1,1,1,0,0.001,adam,0.1,0.99,fixed,gated,5000,unc,8,0.95,"[0.5, 1.0, 2.0]",0,0,4,38,2.01569,8,0.0008416348719038069,0.0002965376479551196,31.743736743927002,0.883981287264575,0.2649107132082023,0.2469135802469136,0.15006821282401092,0.6962025316455697,0.33222148098732485,23604,21110,0,3206,1781,0.915632426738739,0.5555208921432495,0.9475929141044617,0.08571478213885743,0.8995226760100493,0.2948297967582311,0.9021008482894576,0.30542956089529455,0.9015156295179054,0.29644899876624725,0.869704569109447,0.1360821786569071,0.004385964944958687,0.032819452695548534
smd,./data/SMD,machine-2-4,machine-2-4,noMask_fixed,100,256,128,0.15,50,64,0.001,1,0,1,1,0.001,adam,0.1,0.99,fixed,gated,5000,none,8,0.95,"[0.5, 1.0, 2.0]",0,0,9,38,2.015652,0,0.0005656147841364145,inf,25.024197816848755,0.8035159863798603,0.4063948860882415,0.35868062413588786,0.2695161769070941,0.5360094451003542,0.40135010739490645,23590,21335,351,3674,2010,0.9057886004447937,0.5470876693725586,0.9703253507614136,0.027363287184692227,,,,,,,,,0.0353250652551651,0.036949782816615574
smd,./data/SMD,machine-3-10,machine-3-10,mask_noTTA,100,256,128,0.15,50,64,0.001,1,1,1,0,0.001,adam,0.1,0.99,fixed,gated,5000,none,8,0.95,"[0.5, 1.0, 2.0]",0,0,2,38,2.01569,8,0.0012886007316410542,0.00010034134174929932,32.20264267921448,0.958398652875903,0.6441208543397523,0.6438775510204082,0.6911281489594743,0.6026743075453678,0.6460309535696455,23594,22622,0,2334,1362,0.9397931098937988,0.5835475325584412,1.0,0.08462894525711462,0.9687833530335808,0.6115356662939774,0.9661188639802294,0.5660026648498929,0.9628573785587922,0.502903115384969,0.955532648552561,0.4215152634137108,0.0,0.0
smd,./data/SMD,machine-2-1,machine-2-1,fixed,100,256,128,0.15,50,64,0.001,1,1,1,1,0.001,adam,0.1,0.99,fixed,gated,5000,none,8,0.95,"[0.5, 1.0, 2.0]",0,0,6,38,2.01569,8,0.0014044013805687428,0.00031006301287561655,25.43854331970215,0.7605064379571572,0.30219444569957066,0.3066485753052917,0.2542182227221597,0.38632478632478634,0.3328684332868434,23595,23042,365,2457,1904,0.9173682928085327,0.7749287486076355,1.0,0.07938347420568156,0.8149683452560385,0.37748332970173853,0.8231139206498823,0.404720090085925,0.8255200151177775,0.41408359373642006,0.8107648517744415,0.34072787662553605,0.0,0.0
smd,./data/SMD,machine-2-6,machine-2-6,mask_noTTA,100,256,128,0.15,50,64,0.001,1,1,1,0,0.001,adam,0.1,0.99,fixed,gated,5000,none,8,0.95,"[0.5, 1.0, 2.0]",0,0,5,38,2.01569,8,0.00042657970334403217,0.00017207826022058725,33.791802167892456,0.8611582030065821,0.33561409536953046,0.10694489729377242,0.0574430823117338,0.7735849056603774,0.35250463821892397,28644,24329,0,1121,116,0.9952320456504822,0.10347903519868851,0.8797369599342346,0.06478798487652215,0.8936250297320222,0.3529915613240958,0.8990533723941588,0.3632265116218344,0.9014101140177241,0.37083046659710334,0.8875810593194648,0.24066907645439342,0.044256468613942467,0.14763114104668298
smd,./data/SMD,machine-3-8,machine-3-8,base_noTTA,100,256,128,0.15,50,64,0.001,1,0,1,0,0.001,adam,0.1,0.99,fixed,gated,5000,none,8,0.95,"[0.5, 1.0, 2.0]",0,0,2,38,2.015652,0,0.0006208593840710819,inf,32.49634623527527,0.8696347046768436,0.2837162713225879,0.32825270598630435,0.23542458808618505,0.5419401896425966,0.3300794551645857,28605,25372,0,1965,488,0.9807661771774292,0.24834606051445007,0.9340840578079224,0.009422872350299677,,,,,,,,,0.003728300022582213,0.2063708578546842
smd,./data/SMD,machine-3-10,machine-3-10,gate_noTTA,100,256,128,0.15,50,64,0.001,1,1,1,0,0.001,adam,0.1,0.99,fixed,gated,5000,unc,8,0.95,"[0.5, 1.0, 2.0]",0,0,2,38,2.01569,8,0.0012886007316410542,0.00010034134174929932,31.896353721618652,0.958398652875903,0.6441208543397523,0.6438775510204082,0.6911281489594743,0.6026743075453678,0.6460309535696455,23594,20665,0,2334,418,0.9797725677490234,0.1790916919708252,0.9523518085479736,0.08724040375570731,0.9687833530335808,0.6115356662939774,0.9661188639802294,0.5660026648498929,0.9628573785587922,0.502903115384969,0.955532648552561,0.4215152634137108,0.0,0.0
smd,./data/SMD,machine-2-7,machine-2-7,fixed,100,256,128,0.15,50,64,0.001,1,1,1,1,0.001,adam,0.1,0.99,fixed,gated,5000,none,8,0.95,"[0.5, 1.0, 2.0]",0,0,6,38,2.01569,8,0.0034429326187819242,0.0008097105310298502,24.0422043800354,0.8918537235163113,0.2568402702618874,0.3188405797101449,0.4852941176470588,0.23741007194244604,0.3610188261351052,23597,23442,368,2397,2242,0.9043596982955933,0.9353358149528503,1.0,0.08502560015092912,0.8780849713459182,0.23780340438596662,0.8690673647773648,0.21029788923865372,0.8584052299377906,0.18220686216213494,0.8116706600353981,0.08781566514909392,0.0,0.0
smd,./data/SMD,machine-2-3,machine-2-3,base_noTTA,100,256,128,0.15,50,64,0.001,1,0,1,0,0.001,adam,0.1,0.99,fixed,gated,5000,none,8,0.95,"[0.5, 1.0, 2.0]",0,0,7,38,2.015652,0,0.0006551737315021455,inf,24.13925552368164,0.9557712881628195,0.4677726856482288,0.23782675550999488,0.13793103448275862,0.862453531598513,0.49275362318840576,23590,22038,0,1259,446,0.9797622561454773,0.35424941778182983,0.9669069647789001,0.0094121368621658,,,,,,,,,0.03786422312259674,0.02844211769600709
smd,./data/SMD,machine-3-8,machine-3-8,mask_noTTA,100,256,128,0.15,50,64,0.001,1,1,1,0,0.001,adam,0.1,0.99,fixed,gated,5000,none,8,0.95,"[0.5, 1.0, 2.0]",0,0,4,38,2.01569,8,0.0006340171094052494,0.0001817675365600735,37.10056400299072,0.8532429666444936,0.2706113399717214,0.30263953254080195,0.20907572383073497,0.5477753464624362,0.3171764705882353,28605,25011,0,1965,464,0.9814481735229492,0.23613230884075165,0.9214339256286621,0.08190002834811491,0.8922581859953835,0.3183887486310373,0.8905824303829505,0.3391770521787407,0.8835854672188322,0.3469125768900239,0.8431040534384485,0.2850525760521981,0.0012816031618664663,0.2518036713202794
smd,./data/SMD,machine-3-2,machine-3-2,noMask_fixed,100,256,128,0.15,50,64,0.001,1,0,1,1,0.001,adam,0.1,0.99,fixed,gated,5000,none,8,0.95,"[0.5, 1.0, 2.0]",0,0,5,38,2.015652,0,0.007761992979794741,inf,27.99650287628174,0.463807271702399,0.04597078687502748,0.015424164524421595,0.15517241379310345,0.008115419296663661,0.08976613328644277,23604,23604,369,2018,2018,0.9145060181617737,1.0,1.0,0.02883977959507947,,,,,,,,,0.0,0.0
smd,./data/SMD,machine-3-1,machine-3-1,noMask_fixed,100,256,128,0.15,50,64,0.001,1,0,1,1,0.001,adam,0.1,0.99,fixed,gated,5000,none,8,0.95,"[0.5, 1.0, 2.0]",0,0,9,38,2.015652,0,0.0003560571640264243,inf,32.028881549835205,0.8818413729128014,0.26755811205478175,0.05585567220466822,0.028833000105229926,0.8896103896103896,0.33333333333333337,28601,19913,341,704,63,0.996836245059967,0.08948863297700882,0.7115460634231567,0.025228280161840966,,,,,,,,,0.06341470560679834,0.36217108741402626
smd,./data/SMD,machine-3-9,machine-3-9,fixed,100,256,128,0.15,50,64,0.001,1,1,1,1,0.001,adam,0.1,0.99,fixed,gated,5000,none,8,0.95,"[0.5, 1.0, 2.0]",0,0,2,38,2.01569,8,0.00023958292149472982,0.00012862717267125845,33.44470810890198,0.841089166994841,0.29015715337083176,0.03265404849730906,0.016631760502648762,0.8910891089108911,0.31678486997635935,28614,5181,129,699,5,0.9990349411964417,0.0071530756540596485,0.18542002141475677,0.07512010001216352,0.8592992984620531,0.30289098994358055,0.8640956387085382,0.3135065220818279,0.8677692162035634,0.3347654761121046,0.8420150251561587,0.2921663934673775,0.46132203936576843,0.963776707649231
smd,./data/SMD,machine-3-3,machine-3-3,base_noTTA,100,256,128,0.15,50,64,0.001,1,0,1,0,0.001,adam,0.1,0.99,fixed,gated,5000,none,8,0.95,"[0.5, 1.0, 2.0]",0,0,0,38,2.015652,0,0.0007805148488841951,inf,25.78936243057251,0.8801836405943348,0.2730235949179443,0.2468108707709373,0.1496301277740417,0.7041139240506329,0.3448275862068965,23604,22091,0,3206,2245,0.8983749151229858,0.7002495527267456,0.9729385375976562,0.008941100747115408,,,,,,,,,0.007959714159369469,0.05563394290705522
smd,./data/SMD,machine-3-2,machine-3-2,noMask_fixed,100,256,128,0.15,50,64,0.001,1,0,1,1,0.001,adam,0.1,0.99,fixed,gated,5000,none,8,0.95,"[0.5, 1.0, 2.0]",0,0,3,38,2.015652,0,0.008185351267457008,inf,33.440794706344604,0.46913904942006435,0.04618390052574089,0.020512820512820513,0.19672131147540983,0.010820559062218215,0.09020939932063464,23604,23604,369,2018,2018,0.9145060181617737,1.0,1.0,0.031633491011882835,,,,,,,,,0.0,0.0
smd,./data/SMD,machine-2-9,machine-2-9,base_noTTA,100,256,128,0.15,50,64,0.001,1,0,1,0,0.001,adam,0.1,0.99,fixed,gated,5000,none,8,0.95,"[0.5, 1.0, 2.0]",0,0,3,38,2.015652,0,0.0007042334182187915,inf,36.70611333847046,0.9721372021961632,0.6459904683329717,0.6027958993476235,0.44792243767313017,0.9213675213675213,0.6903951845066736,28623,25310,0,2745,269,0.9893717765808105,0.09799635410308838,0.9676558971405029,0.011986308105669193,,,,,,,,,0.0015135638726254304,0.06148195763429006
smd,./data/SMD,machine-3-11,machine-3-11,fixed,100,256,128,0.15,50,64,0.001,1,1,1,1,0.001,adam,0.1,0.99,fixed,gated,5000,none,8,0.95,"[0.5, 1.0, 2.0]",0,0,1,38,2.01569,8,0.00040818453999236226,0.00023394040181301534,35.700685262680054,0.8833201833763278,0.5115120663743893,0.025358643674829734,0.012863863569538371,0.8838383838383839,0.5771428571428571,28597,13617,234,440,0,1.0,0.0,0.48360976576805115,0.08710766228803468,0.8974914773391859,0.5169681167854716,0.9032737367357341,0.5212242849745472,0.907116820531797,0.5217464222573769,0.8940117009806111,0.21696490575572877,0.1340326319138209,0.9788418610890707
smd,./data/SMD,machine-3-1,machine-3-1,mask_noTTA,100,256,128,0.15,50,64,0.001,1,1,1,0,0.001,adam,0.1,0.99,fixed,gated,5000,none,8,0.95,"[0.5, 1.0, 2.0]",0,0,4,38,2.01569,8,0.0003969859972130507,0.0002033631899394095,38.821155071258545,0.8802998741185555,0.22664522660925568,0.048745900912877775,0.025056947608200455,0.8928571428571429,0.2990033222591362,28601,16255,0,704,33,0.9979698657989502,0.046875,0.5814962387084961,0.08941056832479959,0.900038663259817,0.23739340016200447,0.899721615380956,0.24690399935662555,0.8958307031796042,0.2625657585533039,0.8408841616259197,0.22950571847867043,0.20429720357060432,0.519056369860967
smd,./data/SMD,machine-3-9,machine-3-9,base_noTTA,100,256,128,0.15,50,64,0.001,1,0,1,0,0.001,adam,0.1,0.99,fixed,gated,5000,none,8,0.95,"[0.5, 1.0, 2.0]",0,0,1,38,2.015652,0,0.00017268543888349086,inf,34.111833810806274,0.8373950277815533,0.34372335102333995,0.03156602560355409,0.01606760295167817,0.8910891089108911,0.38016528925619836,28614,5965,0,699,1,0.9998323321342468,0.0014306152006611228,0.21364857256412506,0.010031827917436955,,,,,,,,,0.4598635385433833,0.9280235966046652
smd,./data/SMD,machine-2-6,machine-2-6,mask_noTTA,100,256,128,0.15,50,64,0.001,1,1,1,0,0.001,adam,0.1,0.99,fixed,gated,5000,none,8,0.95,"[0.5, 1.0, 2.0]",0,0,6,38,2.01569,8,0.0004260974528733641,0.0001611298939678818,33.23695111274719,0.8541887505355095,0.34607686230285656,0.10041711725629537,0.053727888907257396,0.7665094339622641,0.3713355048859935,28644,24360,0,1121,116,0.9952380657196045,0.10347903519868851,0.8808632493019104,0.06234480205685579,0.8894164495201901,0.3603949821800558,0.8942870877409458,0.3669192645751111,0.8964602736878433,0.368267636921404,0.8816546428259713,0.22652533059852173,0.04462209343910217,0.14649778231978416
smd,./data/SMD,machine-3-8,machine-3-8,base_noTTA,100,256,128,0.15,50,64,0.001,1,0,1,0,0.001,adam,0.1,0.99,fixed,gated,5000,none,8,0.95,"[0.5, 1.0, 2.0]",0,0,8,38,2.015652,0,0.0006104132044129074,inf,32.900848150253296,0.8678393580238728,0.2737385102150945,0.31095406360424027,0.2229965156794425,0.513493800145879,0.31486204498029213,28605,25321,0,1965,492,0.9805694818496704,0.2503816783428192,0.9320195317268372,0.009915137328461445,,,,,,,,,0.002912734324733416,0.2148167515794436
smd,./data/SMD,machine-3-6,machine-3-6,gate_noTTA,100,256,128,0.15,50,64,0.001,1,1,1,0,0.001,adam,0.1,0.99,fixed,gated,5000,unc,8,0.95,"[0.5, 1.0, 2.0]",0,0,1,38,2.01569,8,0.0003749963652808219,0.0003246828855480999,37.61753511428833,0.8598375613356628,0.2945636262687957,0.24806821209698907,0.14749683143219264,0.7797319932998324,0.32975551580202744,28627,23835,0,2283,67,0.9971889853477478,0.02934735082089901,0.9022168517112732,0.08107378517215108,0.893473006954478,0.31254493192177235,0.9056618386620496,0.3192524716109839,0.9141286423886589,0.3209005377702062,0.907309898078703,0.23734315478500612,0.0058551337763977545,0.11868008350332578
smd,./data/SMD,machine-2-7,machine-2-7,noMask_fixed,100,256,128,0.15,50,64,0.001,1,0,1,1,0.001,adam,0.1,0.99,fixed,gated,5000,none,8,0.95,"[0.5, 1.0, 2.0]",0,0,5,38,2.015652,0,0.0036510315258055925,inf,24.65928816795349,0.8869166362000396,0.24238466538227457,0.31527093596059114,0.5,0.2302158273381295,0.36338028169014086,23597,23460,368,2397,2260,0.9036658406257629,0.9428452253341675,1.0,0.029112619075976412,,,,,,,,,0.0,0.0
smd,./data/SMD,machine-2-6,machine-2-6,base_noTTA,100,256,128,0.15,50,64,0.001,1,0,1,0,0.001,adam,0.1,0.99,fixed,gated,5000,none,8,0.95,"[0.5, 1.0, 2.0]",0,0,1,38,2.015652,0,0.00039783469401299953,inf,31.466984748840332,0.8626173207267339,0.3368120384711843,0.11624117327539382,0.06295352029809767,0.7570754716981132,0.35517241379310344,28644,24390,0,1121,119,0.9951209425926208,0.10615521669387817,0.8818442821502686,0.00939229699656744,,,,,,,,,0.04474684099356333,0.14689204593499502
smd,./data/SMD,machine-3-7,machine-3-7,noMask_fixed,100,256,128,0.15,50,64,0.001,1,0,1,1,0.001,adam,0.1,0.99,fixed,gated,5000,none,8,0.95,"[0.5, 1.0, 2.0]",0,0,6,38,2.015652,0,0.00017363231745548546,inf,31.590381860733032,0.8631073887083978,0.4095784612741039,0.14705090223538916,0.08325709057639524,0.6290322580645161,0.4914089347079038,28606,26998,440,929,339,0.9874435067176819,0.36490851640701294,0.9632185697555542,0.02805358886985456,,,,,,,,,0.03192357035974661,0.04255462562044462
smd,./data/SMD,machine-1-3,machine-1-3,noMask_fixed,100,256,128,0.15,50,64,0.001,1,0,1,1,0.001,adam,0.1,0.99,fixed,gated,5000,none,8,0.95,"[0.5, 1.0, 2.0]",0,0,3,38,2.015652,0,0.000668466032948345,inf,29.56773614883423,0.8313340851483446,0.28586325807884333,0.3335270191748983,0.3174778761061947,0.35128518971848227,0.34913793103448276,23604,22889,366,2005,1351,0.9409760236740112,0.6738154888153076,0.9971758127212524,0.03144229353332778,,,,,,,,,0.0,0.00939617988963922
smd,./data/SMD,machine-3-4,machine-3-4,fixed,100,256,128,0.15,50,64,0.001,1,1,1,1,0.001,adam,0.1,0.99,fixed,gated,5000,none,8,0.95,"[0.5, 1.0, 2.0]",0,0,7,38,2.01569,8,0.0017231543315574527,0.000279660482192412,26.234543800354004,0.7538045680326054,0.32630443789229396,0.2640213658908813,0.21046228710462286,0.3541453428863869,0.3597518952446589,23588,22799,365,1769,987,0.9567086100578308,0.5579423308372498,0.9996792078018188,0.08763484840011403,0.7853535770092128,0.38659128207857224,0.7892224825770349,0.4034007747755224,0.7900633324724948,0.4141915756651353,0.785027472465563,0.4029091783414216,0.0012516586187606056,0.0
smd,./data/SMD,machine-3-4,machine-3-4,base_noTTA,100,256,128,0.15,50,64,0.001,1,0,1,0,0.001,adam,0.1,0.99,fixed,gated,5000,none,8,0.95,"[0.5, 1.0, 2.0]",0,0,3,38,2.015652,0,0.001558506628498435,inf,25.9213604927063,0.7542586941305689,0.3304144968831674,0.24232197097536282,0.18076535750251763,0.36745138178096215,0.36968290796597064,23588,22740,0,1769,1018,0.955233097076416,0.5754663944244385,0.9955543279647827,0.009624831086602356,,,,,,,,,0.0219501294195652,0.0
smd,./data/SMD,machine-3-5,machine-3-5,fixed,100,256,128,0.15,50,64,0.001,1,1,1,1,0.001,adam,0.1,0.99,fixed,gated,5000,none,8,0.95,"[0.5, 1.0, 2.0]",0,0,7,38,2.01569,8,0.0015578684397041798,0.0004480683128349483,25.683083534240723,0.8148608248098809,0.3178531825801428,0.09924859110832812,0.053170077155317005,0.744131455399061,0.3882783882783883,23592,17132,309,1515,671,0.9608335494995117,0.4429042935371399,0.7456176280975342,0.09207440134063338,0.8238138552642598,0.3383077340535188,0.8279975864932412,0.34847555052676443,0.8312065314013172,0.34852451770375137,0.8151886460247262,0.14902854701135262,0.04945598542690277,0.5662024716536204
smd,./data/SMD,machine-3-9,machine-3-9,gate_gbuf5k,100,256,128,0.15,50,64,0.001,1,1,1,1,0.001,adam,0.1,0.99,adaptive,gated,5000,unc,8,0.95,"[0.5, 1.0, 2.0]",0,0,0,38,2.01569,8,0.00023589178454130888,0.0001245651947101578,36.43310070037842,0.8330763699390002,0.2901087384935967,0.050726079172468665,0.02615116398318121,0.8415841584158416,0.33259423503325947,28614,10389,321,699,13,0.9987486600875854,0.018597997725009918,0.37169981002807617,0.09162090872371773,0.857174471407014,0.3011935056616468,0.8651737929864793,0.3102485678120205,0.8731038784976701,0.3271713801629755,0.8564575412134666,0.24053047167637792,0.3251471072435379,0.3270750989516576
smd,./data/SMD,machine-1-6,machine-1-6,base_noTTA,100,256,128,0.15,50,64,0.001,1,0,1,0,0.001,adam,0.1,0.99,fixed,gated,5000,none,8,0.95,"[0.5, 1.0, 2.0]",0,0,4,38,2.015652,0,0.000578245148062706,inf,27.62011170387268,0.8932303447174491,0.6486473864397497,0.5012666001381746,0.350359480630969,0.8805285868392665,0.6390780513357778,23590,14961,0,6678,1052,0.9296838641166687,0.157532200217247,0.8224337697029114,0.00990090000270635,,,,,,,,,0.13541869819164276,0.06390583266814549
smd,./data/SMD,machine-1-5,machine-1-5,base_noTTA,100,256,128,0.15,50,64,0.001,1,0,1,0,0.001,adam,0.1,0.99,fixed,gated,5000,none,8,0.95,"[0.5, 1.0, 2.0]",0,0,5,38,2.015652,0,0.000731474778149277,inf,26.076647520065308,0.9506676268745234,0.5439418417836204,0.08108108108108107,0.04259634888438134,0.84,0.6101694915254237,23607,21956,0,793,49,0.9977682828903198,0.06179066747426987,0.9602437019348145,0.009957932151348117,,,,,,,,,0.0,0.08686640361944835
smd,./data/SMD,machine-2-4,machine-2-4,fixed,100,256,128,0.15,50,64,0.001,1,1,1,1,0.001,adam,0.1,0.99,fixed,gated,5000,none,8,0.95,"[0.5, 1.0, 2.0]",0,0,4,38,2.01569,8,0.0005665752105414867,0.00034136930480599403,27.92755103111267,0.8015743623175065,0.4069266477195113,0.3527001862197393,0.2576169749727965,0.5590318772136954,0.4125920964501004,23590,21459,351,3674,2058,0.9040961861610413,0.5601524114608765,0.9741414189338684,0.0893533305628616,0.842328499581181,0.43648000017879385,0.8596407415767189,0.4525540822907977,0.8706491064165329,0.4609230407559235,0.8274300695687787,0.347903881486882,0.035137166579564415,0.03020771259131531
smd,./data/SMD,machine-2-6,machine-2-6,fixed,100,256,128,0.15,50,64,0.001,1,1,1,1,0.001,adam,0.1,0.99,fixed,gated,5000,none,8,0.95,"[0.5, 1.0, 2.0]",0,0,2,38,2.01569,8,0.0004267705080565065,0.000156191541464068,35.56322622299194,0.854225395044463,0.32612195215211415,0.11008861622358555,0.05933137398971344,0.7617924528301887,0.3672014260249554,28644,24395,408,1121,119,0.995121955871582,0.10615521669387817,0.882025957107544,0.09309249189941764,0.8955410794939328,0.3407339808324832,0.9008181386321737,0.34593119483268786,0.9026589422262672,0.34756611699174106,0.8899721968116612,0.23246621779150298,0.04290739198525747,0.14399866263071695
smd,./data/SMD,machine-2-4,machine-2-4,mask_noTTA,100,256,128,0.15,50,64,0.001,1,1,1,0,0.001,adam,0.1,0.99,fixed,gated,5000,none,8,0.95,"[0.5, 1.0, 2.0]",0,0,6,38,2.01569,8,0.0005582899320870638,0.0003354091022629291,27.64764904975891,0.7580137081707686,0.36130578938829594,0.25543683218101826,0.16227439706117233,0.5997638724911453,0.3525179856115108,23590,20139,0,3674,1533,0.9238790273666382,0.4172563850879669,0.9342237114906311,0.06373088306266911,0.7979847437689096,0.38397584327052886,0.8200428454143143,0.4007213708852346,0.8406322624037394,0.41998390205073155,0.8263125031367814,0.3530790083786806,0.0552423894405365,0.05637263009945551
smd,./data/SMD,machine-3-7,machine-3-7,fixed,100,256,128,0.15,50,64,0.001,1,1,1,1,0.001,adam,0.1,0.99,fixed,gated,5000,none,8,0.95,"[0.5, 1.0, 2.0]",0,0,3,38,2.01569,8,0.00016679010877851397,0.00025798380374908447,32.795605182647705,0.8381930352495196,0.406463865980184,0.1294176207068193,0.07254464285714286,0.5990783410138248,0.5,28606,27254,441,929,332,0.9878183007240295,0.35737350583076477,0.9727210402488708,0.09023666481850723,0.8742783595311149,0.4434785968528435,0.8784901872218637,0.4804831544174294,0.8779065095283357,0.5226474013784249,0.8509343488719368,0.49523417258508207,0.031457532197237015,0.027232798631303012
smd,./data/SMD,machine-3-11,machine-3-11,fixed,100,256,128,0.15,50,64,0.001,1,1,1,1,0.001,adam,0.1,0.99,fixed,gated,5000,none,8,0.95,"[0.5, 1.0, 2.0]",0,0,0,38,2.01569,8,0.00041290989611297846,0.00022892079141456634,34.36268138885498,0.8849439017871892,0.5406362014704386,0.027010435850214856,0.013713573320866448,0.8888888888888888,0.5649717514124294,28597,13797,235,440,0,1.0,0.0,0.49000248312950134,0.07986440464146101,0.9011704525073886,0.5508859692702124,0.9071811525317034,0.5589437266694652,0.9110339836004795,0.567502594214943,0.9054900893275515,0.2267341876365486,0.1237762247522672,0.9773570895195007
smd,./data/SMD,machine-3-10,machine-3-10,noMask_fixed,100,256,128,0.15,50,64,0.001,1,0,1,1,0.001,adam,0.1,0.99,fixed,gated,5000,none,8,0.95,"[0.5, 1.0, 2.0]",0,0,7,38,2.015652,0,0.0012255944311618805,inf,25.926451444625854,0.965991366981238,0.7268853898195855,0.6961113778204513,0.6998069498069498,0.6924546322827125,0.7025160335471141,23594,22609,358,2334,1349,0.9403334856033325,0.57797771692276,1.0,0.02768602150521501,,,,,,,,,0.0,0.0
smd,./data/SMD,machine-1-4,machine-1-4,base_noTTA,100,256,128,0.15,50,64,0.001,1,0,1,0,0.001,adam,0.1,0.99,fixed,gated,5000,none,8,0.95,"[0.5, 1.0, 2.0]",0,0,3,38,2.015652,0,0.0009603641810826957,inf,30.01001739501953,0.8023994540392396,0.2627457886679315,0.30804248861911987,0.3394648829431438,0.28194444444444444,0.32014388489208634,23608,22957,0,1908,1257,0.9452454447746277,0.6588050127029419,1.0,0.010867566829695616,,,,,,,,,0.0,0.0
smd,./data/SMD,machine-3-11,machine-3-11,gate_gbuf5k,100,256,128,0.15,50,64,0.001,1,1,1,1,0.001,adam,0.1,0.99,adaptive,gated,5000,unc,8,0.95,"[0.5, 1.0, 2.0]",0,0,1,38,2.01569,8,0.00040818453999236226,0.00023394040181301534,35.60873031616211,0.8626596869105115,0.5301784788289987,0.03659849300322928,0.018743109151047408,0.7727272727272727,0.5846994535519126,28597,19104,349,440,39,0.9979585409164429,0.0886363610625267,0.6770963072776794,0.09765010382464896,0.8741102512244346,0.5391620084661467,0.8808422494295187,0.5459040432150262,0.8882881024434818,0.5476593651221592,0.885292322480897,0.2148880756085691,0.10233100255330403,0.26302747304240864
smd,./data/SMD,machine-3-9,machine-3-9,base_noTTA,100,256,128,0.15,50,64,0.001,1,0,1,0,0.001,adam,0.1,0.99,fixed,gated,5000,none,8,0.95,"[0.5, 1.0, 2.0]",0,0,7,38,2.015652,0,0.00016901374328881502,inf,31.312907218933105,0.8587558650268405,0.32729752666182893,0.03234599309467564,0.01647537948907812,0.8811881188118812,0.38074398249452956,28614,5968,0,699,0,1.0,0.0,0.2137918621301651,0.009455070594259134,,,,,,,,,0.4604129095872243,0.9272167881329855
smd,./data/SMD,machine-2-6,machine-2-6,noMask_fixed,100,256,128,0.15,50,64,0.001,1,0,1,1,0.001,adam,0.1,0.99,fixed,gated,5000,none,8,0.95,"[0.5, 1.0, 2.0]",0,0,3,38,2.015652,0,0.0004033440782222897,inf,36.856762409210205,0.873644403017642,0.31910063698353397,0.1166077738515901,0.06302521008403361,0.7783018867924528,0.34200743494423796,28644,24307,408,1121,120,0.9950631260871887,0.10704728215932846,0.8787922859191895,0.030360080696087845,,,,,,,,,0.04866392910480499,0.1457610403498014
smd,./data/SMD,machine-1-3,machine-1-3,noMask_fixed,100,256,128,0.15,50,64,0.001,1,0,1,1,0.001,adam,0.1,0.99,fixed,gated,5000,none,8,0.95,"[0.5, 1.0, 2.0]",0,0,2,38,2.015652,0,0.0006769168539904058,inf,27.167968273162842,0.8220016010386643,0.2765660005369077,0.32588235294117646,0.31370328425821065,0.3390452876376989,0.33151750972762645,23604,22941,365,2005,1399,0.9390174746513367,0.6977556347846985,0.9973610043525696,0.02853503935903922,,,,,,,,,0.0,0.008780036742488543
smd,./data/SMD,machine-3-5,machine-3-5,gate_noTTA,100,256,128,0.15,50,64,0.001,1,1,1,0,0.001,adam,0.1,0.99,fixed,gated,5000,unc,8,0.95,"[0.5, 1.0, 2.0]",0,0,6,38,2.01569,8,0.0014701617183163762,0.0004215830995235592,26.809488773345947,0.8227093631348951,0.2974578330331435,0.08928086838534599,0.047379032258064516,0.7723004694835681,0.38284518828451886,23592,14096,0,1515,467,0.9668700098991394,0.3082508146762848,0.6173393130302429,0.06420267117391323,0.8329562733518383,0.31663607300208557,0.8374406334849848,0.32384362862385735,0.840354095343607,0.3205717814018971,0.8115657120601684,0.13493070638951485,0.051716829339663185,0.6679886976877848
smd,./data/SMD,machine-2-7,machine-2-7,fixed,100,256,128,0.15,50,64,0.001,1,1,1,1,0.001,adam,0.1,0.99,fixed,gated,5000,none,8,0.95,"[0.5, 1.0, 2.0]",0,0,3,38,2.01569,8,0.0034031190443784,0.0008348831324838102,32.101649045944214,0.8826386375756992,0.2685490512372399,0.3157894736842105,0.5026178010471204,0.2302158273381295,0.3710618436406068,23597,23431,368,2397,2231,0.9047842621803284,0.9307467937469482,1.0,0.10808102128848932,0.8803118422826925,0.24751581115948454,0.8713937480111704,0.21710825823494825,0.8598458919191381,0.18717895946652374,0.8079540405649619,0.09377131081134998,0.0,0.0
smd,./data/SMD,machine-3-10,machine-3-10,noMask_fixed,100,256,128,0.15,50,64,0.001,1,0,1,1,0.001,adam,0.1,0.99,fixed,gated,5000,none,8,0.95,"[0.5, 1.0, 2.0]",0,0,0,38,2.015652,0,0.0012941068271175027,inf,27.32127594947815,0.9669818621917288,0.7181590729919977,0.704724409448819,0.7269035532994924,0.6838586437440306,0.7095535285645704,23594,22603,358,2334,1343,0.9405831098556519,0.5754070281982422,1.0,0.029984284045484658,,,,,,,,,0.0,0.0
smd,./data/SMD,machine-3-5,machine-3-5,mask_noTTA,100,256,128,0.15,50,64,0.001,1,1,1,0,0.001,adam,0.1,0.99,fixed,gated,5000,none,8,0.95,"[0.5, 1.0, 2.0]",0,0,2,38,2.01569,8,0.0012552404077723622,0.0004404652863740921,29.439985513687134,0.8148783812553666,0.2850684587933228,0.0829411016410126,0.043846671149966376,0.7652582159624414,0.3631778058007566,23592,14871,0,1515,571,0.9616031050682068,0.3768976926803589,0.6477329134941101,0.07448089490627265,0.8243215291462219,0.2997778704401781,0.8295279233247469,0.30774338313371674,0.8343478739043617,0.31147312054293447,0.8156783094151987,0.12249260319034613,0.05355376501878103,0.7552080353101095
smd,./data/SMD,machine-1-3,machine-1-3,mask_noTTA,100,256,128,0.15,50,64,0.001,1,1,1,0,0.001,adam,0.1,0.99,fixed,gated,5000,none,8,0.95,"[0.5, 1.0, 2.0]",0,0,0,38,2.01569,8,0.000657468568533659,0.00021704897517338395,33.173460483551025,0.8141690210356671,0.26011660230701394,0.3052294557097118,0.27057710501419113,0.35006119951040393,0.32046613255644574,23604,22879,0,2005,1346,0.9411687850952148,0.67132169008255,0.9969443082809448,0.07897137666310199,0.8788391421436312,0.29779083001223483,0.8953079769227094,0.3142860744159049,0.9038188430313583,0.3208085826019259,0.9014354154501729,0.2667360795430809,0.0,0.010166358823577562
smd,./data/SMD,machine-3-3,machine-3-3,mask_noTTA,100,256,128,0.15,50,64,0.001,1,1,1,0,0.001,adam,0.1,0.99,fixed,gated,5000,none,8,0.95,"[0.5, 1.0, 2.0]",0,0,2,38,2.01569,8,0.0008422932005487382,0.0002902231353800744,29.38989806175232,0.8815763556528032,0.26487847306403733,0.23718964606444792,0.1423589093214965,0.7104430379746836,0.32846207376478775,23604,22200,0,3206,2287,0.896981954574585,0.7133499979972839,0.9762231707572937,0.07287725879466851,0.8972665695165556,0.2944700364429993,0.9003130265460118,0.30753349437721855,0.900142186283509,0.2988237381710414,0.8673784393690585,0.13230586178203058,0.013482780506213507,0.02936426332841317
smd,./data/SMD,machine-1-4,machine-1-4,gate_gbuf5k,100,256,128,0.15,50,64,0.001,1,1,1,1,0.001,adam,0.1,0.99,adaptive,gated,5000,unc,8,0.95,"[0.5, 1.0, 2.0]",0,0,0,38,2.01569,8,0.0009657125920057297,0.00028482702327892184,33.19039440155029,0.809254506170154,0.2481889187243018,0.30094668659691076,0.23465423465423466,0.41944444444444445,0.3174354964816263,23608,22533,363,1908,854,0.9621000289916992,0.44758909940719604,0.9990322589874268,0.1152006802579905,0.9098596187216929,0.3167258019869744,0.9273846207759942,0.3503666385978351,0.9344546192775627,0.36498239077140354,0.9247920926320674,0.2979124880693243,0.0009053870259473721,0.0
smd,./data/SMD,machine-3-6,machine-3-6,gate_noTTA,100,256,128,0.15,50,64,0.001,1,1,1,0,0.001,adam,0.1,0.99,fixed,gated,5000,unc,8,0.95,"[0.5, 1.0, 2.0]",0,0,0,38,2.01569,8,0.0003718996304087341,0.0003277758660260588,34.70873427391052,0.8531582466791803,0.29474259818296045,0.2401486002388218,0.14267696673498345,0.7579564489112228,0.3247045582442319,28627,23803,0,2283,65,0.9972692728042603,0.028471309691667557,0.9010780453681946,0.06299807231075695,0.8923755783128924,0.3148264677370335,0.9052297846927504,0.3229257014039447,0.913810510979032,0.32541058475745327,0.9066575735474312,0.23801690530505143,0.008013231214135885,0.11908830205599467
smd,./data/SMD,machine-3-10,machine-3-10,gate_gbuf5k,100,256,128,0.15,50,64,0.001,1,1,1,1,0.001,adam,0.1,0.99,adaptive,gated,5000,unc,8,0.95,"[0.5, 1.0, 2.0]",0,0,5,38,2.01569,8,0.0011757668107748032,0.00010721902071963996,25.29098892211914,0.9657726018691744,0.7571476770243409,0.49901436215150663,0.3538338658146965,0.8462273161413563,0.7389162561576353,23594,20707,351,2334,406,0.98039311170578,0.17395029962062836,0.9548918008804321,0.10512240349139926,0.9729383718392828,0.6839687403404356,0.9693986536350646,0.5991329713050507,0.9657967263426852,0.5220620752214713,0.9560371537136378,0.4061602081633327,0.010523195068041483,0.008903375807373473
smd,./data/SMD,machine-3-1,machine-3-1,noMask_fixed,100,256,128,0.15,50,64,0.001,1,0,1,1,0.001,adam,0.1,0.99,fixed,gated,5000,none,8,0.95,"[0.5, 1.0, 2.0]",0,0,3,38,2.015652,0,0.000353865121724084,inf,38.37220478057861,0.8890681205241646,0.2986762719342642,0.05822784810126582,0.03009158307893589,0.8961038961038961,0.35877862595419846,28601,19672,343,704,57,0.9971024990081787,0.08096590638160706,0.7031221985816956,0.028883767734019558,,,,,,,,,0.06767248300214608,0.3877572789788246
smd,./data/SMD,machine-2-3,machine-2-3,noMask_fixed,100,256,128,0.15,50,64,0.001,1,0,1,1,0.001,adam,0.1,0.99,fixed,gated,5000,none,8,0.95,"[0.5, 1.0, 2.0]",0,0,0,38,2.015652,0,0.0006294177146628499,inf,25.984793424606323,0.9561928768027835,0.509245747801748,0.248557944415312,0.1446886446886447,0.8810408921933085,0.5197568389057752,23590,22074,361,1259,458,0.9792516231536865,0.36378076672554016,0.96798175573349,0.028165713767471734,,,,,,,,,0.03882402926683426,0.024390850060929854
smd,./data/SMD,machine-1-7,machine-1-7,gate_noTTA,100,256,128,0.15,50,64,0.001,1,1,1,0,0.001,adam,0.1,0.99,fixed,gated,5000,unc,8,0.95,"[0.5, 1.0, 2.0]",0,0,7,38,2.01569,8,0.002454083878546953,0.0007063500233925879,24.92205238342285,0.6482584866075972,0.24055349931245945,0.14374315943086466,0.5743440233236151,0.08215179316096748,0.27577459684725497,23598,23092,0,3677,3178,0.8623765707015991,0.8642915487289429,0.9996486306190491,0.060848951723648535,0.7040596004284053,0.296645850063391,0.7086123168433748,0.30490693460587814,0.7106220279736847,0.30510867110107714,0.7081739419217252,0.28605722363691644,0.0,0.0
smd,./data/SMD,machine-1-3,machine-1-3,noMask_fixed,100,256,128,0.15,50,64,0.001,1,0,1,1,0.001,adam,0.1,0.99,fixed,gated,5000,none,8,0.95,"[0.5, 1.0, 2.0]",0,0,6,38,2.015652,0,0.0006656607729382813,inf,23.071772575378418,0.8317973466699026,0.2631743938395015,0.32648267762771577,0.31376975169300225,0.3402692778457772,0.33193529059316956,23604,22943,366,2005,1406,0.9387176632881165,0.7012468576431274,0.997129499912262,0.02935534310611582,,,,,,,,,0.0,0.009550215676426888
smd,./data/SMD,machine-1-6,machine-1-6,base_noTTA,100,256,128,0.15,50,64,0.001,1,0,1,0,0.001,adam,0.1,0.99,fixed,gated,5000,none,8,0.95,"[0.5, 1.0, 2.0]",0,0,7,38,2.015652,0,0.0005682926857843995,inf,23.19013023376465,0.8909517372139995,0.6473725692373749,0.5008070094535394,0.35020960980328925,0.8786407766990292,0.6383409205867475,23590,14757,0,6678,1043,0.9293217062950134,0.15618447959423065,0.8109034895896912,0.008839568428793111,,,,,,,,,0.13976923873027167,0.06728689620892207
smd,./data/SMD,machine-3-9,machine-3-9,fixed,100,256,128,0.15,50,64,0.001,1,1,1,1,0.001,adam,0.1,0.99,fixed,gated,5000,none,8,0.95,"[0.5, 1.0, 2.0]",0,0,1,38,2.01569,8,0.00024453605874441564,0.00012805966252926737,37.628785848617554,0.8473797749363109,0.20484773605111992,0.03182273557663976,0.016200648025921038,0.8910891089108911,0.2954898911353033,28614,5314,174,699,5,0.9990590810775757,0.0071530756540596485,0.19018448889255524,0.08630743398017801,0.863263063370751,0.21590956028672184,0.8665969659267935,0.2239424689167385,0.8693901069093182,0.23915258824388422,0.844056675994949,0.2545722042303894,0.4560458759466807,0.955606202284495
smd,./data/SMD,machine-1-4,machine-1-4,mask_noTTA,100,256,128,0.15,50,64,0.001,1,1,1,0,0.001,adam,0.1,0.99,fixed,gated,5000,none,8,0.95,"[0.5, 1.0, 2.0]",0,0,6,38,2.01569,8,0.0009373695938847959,0.0002713470021262765,27.607704639434814,0.7818705802313384,0.24031423643159303,0.28627195836044245,0.2692778457772338,0.3055555555555556,0.3154981549815498,23608,22966,0,1908,1266,0.9448750615119934,0.6635220050811768,1.0,0.06659565760458336,0.9035775051599212,0.3014734403728244,0.9268657284552139,0.33938456888026275,0.9365233006095233,0.3606964574569845,0.9237142491166507,0.29872242410849276,0.0,0.0
smd,./data/SMD,machine-3-1,machine-3-1,gate_noTTA,100,256,128,0.15,50,64,0.001,1,1,1,0,0.001,adam,0.1,0.99,fixed,gated,5000,unc,8,0.95,"[0.5, 1.0, 2.0]",0,0,9,38,2.01569,8,0.00039897908573038876,0.00020911928731948137,31.261603116989136,0.8628159843819185,0.26272674285044145,0.045510964004964835,0.023350598624437464,0.8928571428571429,0.2978723404255319,28601,14232,0,704,31,0.9978218078613281,0.044034089893102646,0.5090511441230774,0.06097343633951897,0.8902970884426928,0.27398298379264907,0.8927686324664346,0.2844285118142835,0.8925148798088359,0.3013870699919877,0.8422540143007177,0.2710328140963752,0.20439336945613226,0.517303541302681
smd,./data/SMD,machine-2-8,machine-2-8,mask_noTTA,100,256,128,0.15,50,64,0.001,1,1,1,0,0.001,adam,0.1,0.99,fixed,gated,5000,none,8,0.95,"[0.5, 1.0, 2.0]",0,0,7,38,2.01569,8,0.0001065009055309929,8.181609882740304e-05,27.999111652374268,0.9945117250469757,0.9604741084356383,0.09823911028730306,0.05169050715214565,0.9875776397515528,0.9263803680981596,23604,21658,0,260,11,0.9994921088218689,0.042307693511247635,0.9273046851158142,0.06752313344968697,0.9937666578194331,0.9614395279336322,0.9933009908022189,0.9620703256269686,0.9928770095576507,0.9628865840400637,0.9856798817601526,0.9408103580420412,0.0426373016089201,0.0
smd,./data/SMD,machine-1-7,machine-1-7,gate_noTTA,100,256,128,0.15,50,64,0.001,1,1,1,0,0.001,adam,0.1,0.99,fixed,gated,5000,unc,8,0.95,"[0.5, 1.0, 2.0]",0,0,3,38,2.01569,8,0.0024281791411340237,0.0006619528867304325,33.13154077529907,0.6332947769634939,0.22831646247491688,0.13813158851326787,0.5382436260623229,0.07923269391159299,0.2535612535612536,23598,23036,0,3677,3129,0.8641691207885742,0.8509654402732849,0.9992972016334534,0.09065492141649918,0.7007818717266032,0.29221518138962116,0.7071254544444266,0.30439523516400513,0.710662047551168,0.30759718226217336,0.7110397763665285,0.286877264798587,0.0,0.0
smd,./data/SMD,machine-3-1,machine-3-1,gate_noTTA,100,256,128,0.15,50,64,0.001,1,1,1,0,0.001,adam,0.1,0.99,fixed,gated,5000,unc,8,0.95,"[0.5, 1.0, 2.0]",0,0,3,38,2.01569,8,0.0004022846114821732,0.00019910273840650916,42.267306327819824,0.8749347035748134,0.32083312244442247,0.04907186179011211,0.02525061471533951,0.8668831168831169,0.3839285714285714,28601,14245,0,704,31,0.9978237748146057,0.044034089893102646,0.5095171332359314,0.0883204083122418,0.8960237335924149,0.32746834352142096,0.8964057920101876,0.33116581568402775,0.8932460625455131,0.3356315046401793,0.8408898221741627,0.24204306724376817,0.2021141511698564,0.5014580339193344
smd,./data/SMD,machine-2-7,machine-2-7,gate_noTTA,100,256,128,0.15,50,64,0.001,1,1,1,0,0.001,adam,0.1,0.99,fixed,gated,5000,unc,8,0.95,"[0.5, 1.0, 2.0]",0,0,0,38,2.01569,8,0.003330853534862399,0.0008358260965906084,28.047311067581177,0.8877682595536183,0.2998900802911068,0.3295269168026101,0.5153061224489796,0.2422062350119904,0.3716129032258065,23597,23386,0,2397,2186,0.9065252542495728,0.9119732975959778,1.0,0.06866284324470433,0.8697033781540427,0.2737903802370291,0.8602790691541445,0.24210162458721327,0.8495703716248617,0.20393500341434972,0.8050582945302334,0.09486674109392022,0.0,0.0
smd,./data/SMD,machine-2-6,machine-2-6,gate_gbuf5k,100,256,128,0.15,50,64,0.001,1,1,1,1,0.001,adam,0.1,0.99,adaptive,gated,5000,unc,8,0.95,"[0.5, 1.0, 2.0]",0,0,2,38,2.01569,8,0.0004267705080565065,0.000156191541464068,35.72593426704407,0.8567173882192568,0.32790856175309,0.10699722720600228,0.05747327842999825,0.7735849056603774,0.3645833333333333,28644,21211,406,1121,82,0.9961341023445129,0.07314897328615189,0.7676852345466614,0.09879495258222094,0.8973289983989681,0.3414510926599225,0.9021934736795818,0.3468889533322946,0.9036180289651523,0.34796314081856755,0.8895826406965921,0.23744964312974653,0.06169028114527464,0.1473604515194893
smd,./data/SMD,machine-1-3,machine-1-3,noMask_fixed,100,256,128,0.15,50,64,0.001,1,0,1,1,0.001,adam,0.1,0.99,fixed,gated,5000,none,8,0.95,"[0.5, 1.0, 2.0]",0,0,1,38,2.015652,0,0.0006719745579175651,inf,30.13979697227478,0.8012435325493364,0.25328059869964364,0.306480920654149,0.30335731414868106,0.30966952264381886,0.32242990654205606,23604,22940,366,2005,1402,0.9388840198516846,0.6992518901824951,0.9971758127212524,0.030860630582296492,,,,,,,,,0.0,0.00939617988963922
smd,./data/SMD,machine-2-8,machine-2-8,base_noTTA,100,256,128,0.15,50,64,0.001,1,0,1,0,0.001,adam,0.1,0.99,fixed,gated,5000,none,8,0.95,"[0.5, 1.0, 2.0]",0,0,6,38,2.015652,0,0.00010360091255279258,inf,25.40813636779785,0.9940238959734182,0.9638029281415602,0.1218944099378882,0.0650103519668737,0.9751552795031055,0.9302325581395349,23604,21784,0,260,7,0.9996786713600159,0.026923077180981636,0.932873547077179,0.008770731056651672,,,,,,,,,0.041931385174393654,0.00042372880852781236
smd,./data/SMD,machine-2-6,machine-2-6,noMask_fixed,100,256,128,0.15,50,64,0.001,1,0,1,1,0.001,adam,0.1,0.99,fixed,gated,5000,none,8,0.95,"[0.5, 1.0, 2.0]",0,0,0,38,2.015652,0,0.0004008596879430115,inf,31.1867356300354,0.8818589359633875,0.3114405874926167,0.11513271285763531,0.06210487169951655,0.7877358490566038,0.3350604490500864,28644,24291,407,1121,119,0.9951010942459106,0.10615521669387817,0.8782472610473633,0.027489169418703593,,,,,,,,,0.05048162117600441,0.14600893358389536
smd,./data/SMD,machine-2-5,machine-2-5,base_noTTA,100,256,128,0.15,50,64,0.001,1,0,1,0,0.001,adam,0.1,0.99,fixed,gated,5000,none,8,0.95,"[0.5, 1.0, 2.0]",0,0,6,38,2.015652,0,0.0027601169422268867,inf,26.67058038711548,0.9308644149896518,0.4984474400918022,0.2994483845547675,0.657439446366782,0.19387755102040816,0.5268336314847942,23590,23464,0,3016,2890,0.8768326044082642,0.9582228064537048,1.0,0.00926301154912453,,,,,,,,,0.0,0.0
smd,./data/SMD,machine-1-5,machine-1-5,noMask_fixed,100,256,128,0.15,50,64,0.001,1,0,1,1,0.001,adam,0.1,0.99,fixed,gated,5000,none,8,0.95,"[0.5, 1.0, 2.0]",0,0,4,38,2.015652,0,0.0007291369256563485,inf,27.70737862586975,0.9598263153435568,0.556645290264392,0.0868278243709916,0.04566683964711987,0.88,0.6000000000000001,23607,22062,362,793,46,0.9979149699211121,0.05800756439566612,0.9650214910507202,0.02982436956684466,,,,,,,,,0.0,0.06306764452407758
smd,./data/SMD,machine-2-5,machine-2-5,gate_gbuf5k,100,256,128,0.15,50,64,0.001,1,1,1,1,0.001,adam,0.1,0.99,adaptive,gated,5000,unc,8,0.95,"[0.5, 1.0, 2.0]",0,0,5,38,2.01569,8,0.002939517144113779,0.0006498931907117367,27.111579418182373,0.9289507621270359,0.46290804190278856,0.49610793980280227,0.5047518479408659,0.48775510204081635,0.520714865962632,23590,22340,363,3016,1821,0.918487012386322,0.6037798523902893,0.9973267316818237,0.0864241071654963,0.9430073125731864,0.4596423058848732,0.9375573021934123,0.4064972487635532,0.9314100046641582,0.3517083620979719,0.9125343633424131,0.2585939033371864,0.003987594197193782,0.0
smd,./data/SMD,machine-3-2,machine-3-2,gate_gbuf5k,100,256,128,0.15,50,64,0.001,1,1,1,1,0.001,adam,0.1,0.99,adaptive,gated,5000,unc,8,0.95,"[0.5, 1.0, 2.0]",0,0,2,38,2.01569,8,0.007789973169565201,0.0009888376807793975,29.4823055267334,0.47348506466083023,0.047019167174205435,0.023521932612841707,0.018163966617574866,0.033363390441839495,0.09108026448307571,23604,22862,366,2018,1931,0.9155367016792297,0.9568880200386047,0.969656229019165,0.10166052458064473,0.5742452351953442,0.0652160493188608,0.5813209943541752,0.07327041072333508,0.5850743149170288,0.08193145087371352,0.585674512564401,0.0915183538579521,0.0,0.08229210165639718
smd,./data/SMD,machine-2-9,machine-2-9,noMask_fixed,100,256,128,0.15,50,64,0.001,1,0,1,1,0.001,adam,0.1,0.99,fixed,gated,5000,none,8,0.95,"[0.5, 1.0, 2.0]",0,0,4,38,2.015652,0,0.0007064590463414788,inf,34.92260551452637,0.9729862931553888,0.6529082774274884,0.574659833892914,0.41649590163934425,0.9264957264957265,0.7084188911704311,28623,25002,413,2745,155,0.9938005208969116,0.05646630376577377,0.960159182548523,0.02940365033958858,,,,,,,,,0.0029106996953487396,0.06069063891967138
smd,./data/SMD,machine-1-7,machine-1-7,mask_noTTA,100,256,128,0.15,50,64,0.001,1,1,1,0,0.001,adam,0.1,0.99,fixed,gated,5000,none,8,0.95,"[0.5, 1.0, 2.0]",0,0,4,38,2.01569,8,0.002375692129135132,0.0006557992892339826,28.998395442962646,0.6525473068018676,0.23574942113720943,0.13887884267631104,0.5231607629427792,0.08006672226855713,0.26549623790756,23598,23345,0,3677,3424,0.8533304929733276,0.9311938881874084,1.0,0.07613335274894295,0.70392839142718,0.2973995501068183,0.7086153222274959,0.3072812628872457,0.7114103979868663,0.30967169622481966,0.7118736285120459,0.2922554434491138,0.0,0.0
smd,./data/SMD,machine-1-1,machine-1-1,gate_gbuf5k,100,256,128,0.15,50,64,0.001,1,1,1,1,0.001,adam,0.1,0.99,adaptive,gated,5000,unc,8,0.95,"[0.5, 1.0, 2.0]",0,0,1,38,2.01569,8,0.00015968586376402527,0.00016941608919296414,35.01994848251343,0.9222551525744194,0.49521444715955193,0.403951367781155,0.3419969119917653,0.4933184855233853,0.5627431205878115,28380,23818,420,3486,834,0.9649844765663147,0.23924268782138824,0.9232746958732605,0.09899879526806347,0.9363383017497066,0.5197865159459765,0.9410981880172674,0.5342841564271996,0.9448156684847099,0.551140490600109,0.9268975764556404,0.5628140180822098,0.052501762906710304,0.037227087343732514
smd,./data/SMD,machine-3-7,machine-3-7,gate_noTTA,100,256,128,0.15,50,64,0.001,1,1,1,0,0.001,adam,0.1,0.99,fixed,gated,5000,unc,8,0.95,"[0.5, 1.0, 2.0]",0,0,9,38,2.01569,8,0.0001726494956528768,0.00025398912839591503,34.534067153930664,0.8243993657828192,0.42026070798901183,0.11318327974276528,0.06239659654927913,0.6082949308755761,0.5168918918918919,28606,26277,0,929,281,0.9893062114715576,0.30247578024864197,0.939263641834259,0.06404575131068337,0.8807639751340182,0.4541897334758086,0.8871827589686195,0.48587104659248553,0.888117507201123,0.5248570089140839,0.8609913889711608,0.49699792659172626,0.024933006924887497,0.027468864107504487
smd,./data/SMD,machine-3-1,machine-3-1,fixed,100,256,128,0.15,50,64,0.001,1,1,1,1,0.001,adam,0.1,0.99,fixed,gated,5000,none,8,0.95,"[0.5, 1.0, 2.0]",0,0,7,38,2.01569,8,0.0004014355654362589,0.00020436284830793738,33.98186635971069,0.8715773695169299,0.29954637517135474,0.05011600928074246,0.025795356835769563,0.8766233766233766,0.34216867469879514,28601,18420,342,704,45,0.9975569844245911,0.06392045319080353,0.6586729884147644,0.07778231711917973,0.8970546394996946,0.30641693741233156,0.8978958312749521,0.31007272483651543,0.8957394482806571,0.31507149021898634,0.8485133227578282,0.23657586090055935,0.13065766294797262,0.40541348854700726
smd,./data/SMD,machine-1-8,machine-1-8,fixed,100,256,128,0.15,50,64,0.001,1,1,1,1,0.001,adam,0.1,0.99,fixed,gated,5000,none,8,0.95,"[0.5, 1.0, 2.0]",0,0,3,38,2.01569,8,0.0006072886753827333,0.00016855282592587173,33.10932779312134,0.8436743007267131,0.3770046539368882,0.26658400495970236,0.17458384084449857,0.563564875491481,0.4072778166550035,23600,22307,364,2691,1626,0.927108108997345,0.604236364364624,0.9890956282615662,0.11999550512281515,0.9062514142721372,0.4192788054525542,0.9199938537732895,0.421531509497752,0.92719129896353,0.4089668512802306,0.9120506728849689,0.26461174585321795,0.02357280006011327,0.013436692456404368
smd,./data/SMD,machine-1-7,machine-1-7,gate_gbuf5k,100,256,128,0.15,50,64,0.001,1,1,1,1,0.001,adam,0.1,0.99,adaptive,gated,5000,unc,8,0.95,"[0.5, 1.0, 2.0]",0,0,5,38,2.01569,8,0.0023175361566245556,0.0006737730000168085,27.421608924865723,0.6487148155177752,0.2304730806241871,0.20188863562357537,0.4606240713224368,0.1292743953294412,0.25921521997621877,23598,22742,366,3677,2832,0.8754726648330688,0.7701930999755859,0.9994478225708008,0.10353796097553122,0.703423702264368,0.29107848863302155,0.7092581709541588,0.30341346771415395,0.7127221649448002,0.3072831286221367,0.7142688804985264,0.29162098532100517,0.0,0.0
smd,./data/SMD,machine-1-3,machine-1-3,base_noTTA,100,256,128,0.15,50,64,0.001,1,0,1,0,0.001,adam,0.1,0.99,fixed,gated,5000,none,8,0.95,"[0.5, 1.0, 2.0]",0,0,6,38,2.015652,0,0.0006656607729382813,inf,26.254178285598755,0.8079021013204611,0.23475308520923766,0.291398478642481,0.27914798206278024,0.3047735618115055,0.30579150579150577,23604,22947,0,2005,1413,0.9384233355522156,0.7047381401062012,0.9969906210899353,0.009152792688346156,,,,,,,,,0.0,0.010012323036789894
smd,./data/SMD,machine-3-1,machine-3-1,base_noTTA,100,256,128,0.15,50,64,0.001,1,0,1,0,0.001,adam,0.1,0.99,fixed,gated,5000,none,8,0.95,"[0.5, 1.0, 2.0]",0,0,5,38,2.015652,0,0.00035328365629538894,inf,32.7358238697052,0.8778638943474109,0.3058681136034407,0.047503886681637596,0.024401064773735583,0.8928571428571429,0.3587921847246892,28601,17965,0,704,36,0.9979960918426514,0.05113636329770088,0.64268559217453,0.009864232143419305,,,,,,,,,0.10722292400896549,0.4892796923716863
smd,./data/SMD,machine-3-8,machine-3-8,gate_noTTA,100,256,128,0.15,50,64,0.001,1,1,1,0,0.001,adam,0.1,0.99,fixed,gated,5000,unc,8,0.95,"[0.5, 1.0, 2.0]",0,0,9,38,2.01569,8,0.0006538305897265673,0.00018298104987479746,34.142213106155396,0.8497622175730755,0.2795042037649056,0.3037703513281919,0.21504397937518957,0.5171407731582787,0.31150442477876106,28605,20737,0,1965,261,0.9874138236045837,0.13282442092895508,0.768618643283844,0.06746911560816066,0.8914493620205592,0.3313322034836806,0.8903520812003284,0.35459147171474115,0.8838254098364812,0.36232146815236144,0.8436591784235614,0.29711002753759147,0.0008155656202385823,0.2279297336935997
smd,./data/SMD,machine-3-7,machine-3-7,fixed,100,256,128,0.15,50,64,0.001,1,1,1,1,0.001,adam,0.1,0.99,fixed,gated,5000,none,8,0.95,"[0.5, 1.0, 2.0]",0,0,1,38,2.01569,8,0.00014956938684917986,0.000253025209531188,35.89575242996216,0.8273824262116152,0.41762045667475406,0.10818534394774443,0.0593505039193729,0.6105990783410138,0.5109983079526227,28606,26350,438,929,272,0.9896774291992188,0.29278793931007385,0.9422264099121094,0.09614571336181998,0.8664649107950747,0.4535155482261967,0.8707717292491843,0.48830964622573814,0.8706152451087704,0.5302232577378057,0.8470034183634464,0.4981409886587743,0.04730280737082163,0.07346438368161519
smd,./data/SMD,machine-2-9,machine-2-9,base_noTTA,100,256,128,0.15,50,64,0.001,1,0,1,0,0.001,adam,0.1,0.99,fixed,gated,5000,none,8,0.95,"[0.5, 1.0, 2.0]",0,0,8,38,2.015652,0,0.0006981876213103533,inf,30.606142044067383,0.97127429251136,0.6672375259589404,0.6019157088122605,0.4533910533910534,0.8951566951566952,0.7020042194092827,28623,25312,0,2745,279,0.9889775514602661,0.10163934528827667,0.9673467874526978,0.009434588761864912,,,,,,,,,0.0017464198560143511,0.061220510552326836
smd,./data/SMD,machine-2-2,machine-2-2,gate_gbuf5k,100,256,128,0.15,50,64,0.001,1,1,1,1,0.001,adam,0.1,0.99,adaptive,gated,5000,unc,8,0.95,"[0.5, 1.0, 2.0]",0,0,8,38,2.01569,8,0.0007699255947954953,0.00040438424912281334,28.060633897781372,0.5751577008208458,0.1462852448300413,0.09549945115257957,0.09912647170527915,0.0921284857042005,0.23845478489903424,23601,20752,359,3922,2638,0.8728797435760498,0.6726160049438477,0.920473575592041,0.09628899152700864,0.5795925165095577,0.14545052940937764,0.5783719883535838,0.14442100056687535,0.5761340827476239,0.14315991411729356,0.5682397929731999,0.13167576941052933,0.015112994238734245,0.0449392298857371
smd,./data/SMD,machine-2-3,machine-2-3,base_noTTA,100,256,128,0.15,50,64,0.001,1,0,1,0,0.001,adam,0.1,0.99,fixed,gated,5000,none,8,0.95,"[0.5, 1.0, 2.0]",0,0,5,38,2.015652,0,0.0006413108203560114,inf,23.47729516029358,0.9485298366026559,0.4728874879141342,0.23535353535353534,0.13617767387492694,0.8661710037174721,0.5116279069767442,23590,22080,0,1259,448,0.9797101616859436,0.35583797097206116,0.9686982035636902,0.009030545854426987,,,,,,,,,0.03608468299110731,0.024606252554804087
smd,./data/SMD,machine-1-6,machine-1-6,base_noTTA,100,256,128,0.15,50,64,0.001,1,0,1,0,0.001,adam,0.1,0.99,fixed,gated,5000,none,8,0.95,"[0.5, 1.0, 2.0]",0,0,9,38,2.015652,0,0.0005847921129316092,inf,23.66998291015625,0.8856246970220415,0.6431607100409398,0.5076923076923077,0.3595821163783419,0.8632686084142395,0.6276973504506965,23590,15152,0,6678,1071,0.9293162822723389,0.1603773534297943,0.8326040506362915,0.009173637428946696,,,,,,,,,0.13365186005830765,0.05588163062930107
smd,./data/SMD,machine-3-9,machine-3-9,gate_noTTA,100,256,128,0.15,50,64,0.001,1,1,1,0,0.001,adam,0.1,0.99,fixed,gated,5000,unc,8,0.95,"[0.5, 1.0, 2.0]",0,0,2,38,2.01569,8,0.00023958292149472982,0.00012862717267125845,38.697540521621704,0.8517969431578849,0.2782376485904325,0.03439522782078944,0.017534778388870915,0.8943894389438944,0.32057416267942584,28614,5118,0,699,0,1.0,0.0,0.18334229290485382,0.08151549050465831,0.8682367920002139,0.2884318647986157,0.872002200220022,0.29681387469192877,0.8745797916644884,0.3126970032854004,0.845481010614261,0.30239068415299947,0.477607786655426,0.9245511889457703
smd,./data/SMD,machine-3-3,machine-3-3,gate_noTTA,100,256,128,0.15,50,64,0.001,1,1,1,0,0.001,adam,0.1,0.99,fixed,gated,5000,unc,8,0.95,"[0.5, 1.0, 2.0]",0,0,2,38,2.01569,8,0.0008422932005487382,0.0002902231353800744,29.74663496017456,0.8815763556528032,0.26487847306403733,0.23718964606444792,0.1423589093214965,0.7104430379746836,0.32846207376478775,23604,20993,0,3206,1749,0.9166865348815918,0.5455396175384521,0.9434258341789246,0.07408690682873244,0.8972665695165556,0.2944700364429993,0.9003130265460118,0.30753349437721855,0.900142186283509,0.2988237381710414,0.8673784393690585,0.13230586178203058,0.013482780506213507,0.02936426332841317
smd,./data/SMD,machine-3-8,machine-3-8,fixed,100,256,128,0.15,50,64,0.001,1,1,1,1,0.001,adam,0.1,0.99,fixed,gated,5000,none,8,0.95,"[0.5, 1.0, 2.0]",0,0,8,38,2.01569,8,0.0006570877158083022,0.00018822841229848564,30.031010150909424,0.8547544863852345,0.26572024628601787,0.29269375971574507,0.21040868454661557,0.48067104303428154,0.29798097006265956,28605,25740,432,1965,541,0.978982150554657,0.27531805634498596,0.9459084272384644,0.08654342708711002,0.8907599156023225,0.311660070583871,0.8889168552864084,0.33426609009171254,0.8822648821863468,0.3432115454912663,0.843328505126937,0.2868032213767686,0.0004660375028227766,0.1724553977449735
smd,./data/SMD,machine-3-6,machine-3-6,noMask_fixed,100,256,128,0.15,50,64,0.001,1,0,1,1,0.001,adam,0.1,0.99,fixed,gated,5000,none,8,0.95,"[0.5, 1.0, 2.0]",0,0,1,38,2.015652,0,0.00032116807415150106,inf,36.343546867370605,0.8668255772299436,0.30188686792008695,0.2691277165823162,0.16364952932657495,0.7571189279731994,0.34519303557910674,28627,24412,403,2283,65,0.9973374009132385,0.028471309691667557,0.9241952896118164,0.031620898056709874,,,,,,,,,0.022787644838293392,0.12915699680646262
smd,./data/SMD,machine-1-5,machine-1-5,base_noTTA,100,256,128,0.15,50,64,0.001,1,0,1,0,0.001,adam,0.1,0.99,fixed,gated,5000,none,8,0.95,"[0.5, 1.0, 2.0]",0,0,4,38,2.015652,0,0.0007291369256563485,inf,26.032883405685425,0.9454253155977294,0.5443695463183004,0.07501129688206055,0.03928064363464269,0.83,0.6033519553072625,23607,21943,0,793,49,0.99776691198349,0.06179066747426987,0.9596738815307617,0.009235859260618871,,,,,,,,,0.0,0.08801270773013432
smd,./data/SMD,machine-3-5,machine-3-5,noMask_fixed,100,256,128,0.15,50,64,0.001,1,0,1,1,0.001,adam,0.1,0.99,fixed,gated,5000,none,8,0.95,"[0.5, 1.0, 2.0]",0,0,7,38,2.015652,0,0.0012362818233668804,inf,26.830846309661865,0.8281672987996033,0.31631504215352335,0.08711576193590582,0.04612827261393545,0.7816901408450704,0.38895859473023836,23592,15453,276,1515,561,0.9636963605880737,0.37029704451560974,0.6745481491088867,0.026347627879078406,,,,,,,,,0.05143422385056814,0.7258438666661581
smd,./data/SMD,machine-1-2,machine-1-2,mask_noTTA,100,256,128,0.15,50,64,0.001,1,1,1,0,0.001,adam,0.1,0.99,fixed,gated,5000,none,8,0.95,"[0.5, 1.0, 2.0]",0,0,2,38,2.01569,8,0.004306463059037924,0.0008025694987736642,29.041956186294556,0.8842519482986814,0.2428785379834157,0.270935960591133,0.2033271719038817,0.4059040590405904,0.28129602356406475,23595,23263,0,1532,1206,0.9481580257415771,0.7872062921524048,0.9997280240058899,0.07739322724597993,0.8992904584367197,0.271766439516605,0.8893574662681665,0.2825326233636127,0.8737578878682706,0.2781823335015986,0.8102976447007041,0.1684037976861132,0.0009610763906190792,0.0
smd,./data/SMD,machine-1-6,machine-1-6,base_noTTA,100,256,128,0.15,50,64,0.001,1,0,1,0,0.001,adam,0.1,0.99,fixed,gated,5000,none,8,0.95,"[0.5, 1.0, 2.0]",0,0,5,38,2.015652,0,0.0005747104296460748,inf,23.30302333831787,0.8970379600642185,0.6582650549389589,0.5031638331935656,0.3507280263577426,0.889967637540453,0.6467521487952655,23590,15056,0,6678,1050,0.9302603602409363,0.15723270177841187,0.8281693458557129,0.009536460174651103,,,,,,,,,0.1345851868391037,0.06090191503365835
smd,./data/SMD,machine-2-9,machine-2-9,base_noTTA,100,256,128,0.15,50,64,0.001,1,0,1,0,0.001,adam,0.1,0.99,fixed,gated,5000,none,8,0.95,"[0.5, 1.0, 2.0]",0,0,0,38,2.015652,0,0.0006979371537454426,inf,31.29488253593445,0.9733253907355587,0.700440541603123,0.5939416465341014,0.44070601213458355,0.9105413105413105,0.7129174216929848,28623,25305,0,2745,275,0.9891325831413269,0.10018214583396912,0.9672308564186096,0.009740427247309207,,,,,,,,,0.0010478519446526964,0.060944064209858574
smd,./data/SMD,machine-1-3,machine-1-3,gate_gbuf5k,100,256,128,0.15,50,64,0.001,1,1,1,1,0.001,adam,0.1,0.99,adaptive,gated,5000,unc,8,0.95,"[0.5, 1.0, 2.0]",0,0,0,38,2.01569,8,0.000657468568533659,0.00021704897517338395,33.154218673706055,0.8112324018649832,0.2655866391595258,0.3561786085150571,0.30928764652840396,0.41982864137086906,0.33311979500320305,23604,22492,364,2005,1092,0.9514493942260742,0.5446383953094482,0.990786612033844,0.11191302852052043,0.8802356654466698,0.3064503393222606,0.8963136534005866,0.32293623713227304,0.9038908833534015,0.3272585893132065,0.9005462763603667,0.26795599446144247,0.0007891414376596609,0.010756915648623059
smd,./data/SMD,machine-2-9,machine-2-9,gate_gbuf5k,100,256,128,0.15,50,64,0.001,1,1,1,1,0.001,adam,0.1,0.99,adaptive,gated,5000,unc,8,0.95,"[0.5, 1.0, 2.0]",0,0,2,38,2.01569,8,0.0006990582915022969,0.0004081728111486882,35.25003981590271,0.963045790798229,0.5861582843666054,0.498837749883775,0.42127993718099727,0.6113960113960114,0.5925579218347765,28623,25007,431,2745,348,0.9860839247703552,0.12677595019340515,0.9528943300247192,0.10216859586208125,0.9674040140017076,0.6089772919587608,0.9680318785743934,0.6200600711596642,0.9674785273591221,0.6294743824718922,0.9529855050231808,0.5838779638050409,0.019559902449448902,0.011264873513331016
smd,./data/SMD,machine-3-8,machine-3-8,gate_gbuf5k,100,256,128,0.15,50,64,0.001,1,1,1,1,0.001,adam,0.1,0.99,adaptive,gated,5000,unc,8,0.95,"[0.5, 1.0, 2.0]",0,0,7,38,2.01569,8,0.0006836515385657549,0.00018535571871325374,29.945988416671753,0.8585512317316781,0.28547731268737553,0.2799356469777063,0.20436241610738254,0.4442013129102845,0.3214119832791454,28605,20991,429,1965,366,0.9825639724731445,0.18625953793525696,0.7742117047309875,0.08385382713793958,0.8962430774159784,0.33169308498073846,0.8937338270896883,0.349795531821303,0.8856188084484031,0.3516919400274408,0.8427979841671229,0.2854628856453564,0.008971222365895907,0.07295235384178038
smd,./data/SMD,machine-3-4,machine-3-4,gate_noTTA,100,256,128,0.15,50,64,0.001,1,1,1,0,0.001,adam,0.1,0.99,fixed,gated,5000,unc,8,0.95,"[0.5, 1.0, 2.0]",0,0,3,38,2.01569,8,0.0016659904504194856,0.0002830441517289728,28.529765605926514,0.755258506188347,0.329631640866081,0.2467866323907455,0.19243986254295534,0.34390992835209827,0.3657307415406767,23588,21467,0,1769,622,0.971025288105011,0.35161107778549194,0.9553599953651428,0.06395304467853134,0.7924941645517534,0.39745232039022543,0.7947753865097147,0.4171028541202735,0.7930858219903216,0.42813042397361645,0.7854338918868002,0.4088620785216916,0.012782403578360876,0.0
smd,./data/SMD,machine-3-2,machine-3-2,base_noTTA,100,256,128,0.15,50,64,0.001,1,0,1,0,0.001,adam,0.1,0.99,fixed,gated,5000,none,8,0.95,"[0.5, 1.0, 2.0]",0,0,5,38,2.015652,0,0.007761992979794741,inf,24.231326580047607,0.46650955794499416,0.04545312328493109,0.017094017094017092,0.16393442622950818,0.009017132551848512,0.09022765130483065,23604,23604,0,2018,2018,0.9145060181617737,1.0,1.0,0.009062572609184354,,,,,,,,,0.0,0.0
smd,./data/SMD,machine-2-6,machine-2-6,gate_noTTA,100,256,128,0.15,50,64,0.001,1,1,1,0,0.001,adam,0.1,0.99,fixed,gated,5000,unc,8,0.95,"[0.5, 1.0, 2.0]",0,0,9,38,2.01569,8,0.00042286230018362403,0.00016459249309264123,33.853432178497314,0.872040955901998,0.3260310638578933,0.10870268521514073,0.058353594998263286,0.7924528301886793,0.3443223443223443,28644,21781,0,1121,82,0.9962352514266968,0.07314897328615189,0.7883951663970947,0.06936827013569494,0.9046796370461329,0.34325228204970915,0.9095249572425208,0.352930654179578,0.9110362933879314,0.3588729754575983,0.8938282818322522,0.22877392124715465,0.044255927205085754,0.1468805248538653
smd,./data/SMD,machine-3-10,machine-3-10,fixed,100,256,128,0.15,50,64,0.001,1,1,1,1,0.001,adam,0.1,0.99,fixed,gated,5000,none,8,0.95,"[0.5, 1.0, 2.0]",0,0,9,38,2.01569,8,0.0011762548238039017,0.00010031072451965883,28.554462671279907,0.9641260222007576,0.7149285817090463,0.6956115779645191,0.680365296803653,0.711556829035339,0.6981651376146789,23594,22585,358,2334,1325,0.9413327574729919,0.5676949620246887,1.0,0.08124067104902573,0.9743229141756671,0.7270633653934184,0.9718712856429605,0.6972357374888838,0.9690591396284881,0.6658755215466228,0.9602327876731701,0.5887601653577926,0.0,0.0
smd,./data/SMD,machine-1-4,machine-1-4,mask_noTTA,100,256,128,0.15,50,64,0.001,1,1,1,0,0.001,adam,0.1,0.99,fixed,gated,5000,none,8,0.95,"[0.5, 1.0, 2.0]",0,0,4,38,2.01569,8,0.0009352113120257854,0.0002775649481918663,28.82419204711914,0.7831423437401818,0.24573738646790266,0.29261920313520573,0.2762022194821208,0.3111111111111111,0.31899641577060933,23608,22964,0,1908,1264,0.9449573159217834,0.6624737977981567,1.0,0.06788705454483472,0.8930061919055698,0.299207117549786,0.9161330015032652,0.3351389815718383,0.9265987297167964,0.355058642015847,0.9189289356786203,0.28946679734152203,0.0,0.0
smd,./data/SMD,machine-1-1,machine-1-1,gate_noTTA,100,256,128,0.15,50,64,0.001,1,1,1,0,0.001,adam,0.1,0.99,fixed,gated,5000,unc,8,0.95,"[0.5, 1.0, 2.0]",0,0,1,38,2.01569,8,0.00015968586376402527,0.00016941608919296414,35.13110613822937,0.8996328499661482,0.4696817785362893,0.3766679374761723,0.23702139909797523,0.9168522642910171,0.5490452097274359,28380,20201,0,3486,88,0.9956437945365906,0.025243831798434258,0.8079456686973572,0.0681432894706054,0.9265165848770291,0.5091841872085546,0.9335747506038671,0.5304235399185937,0.9382295116705888,0.5531115983123891,0.9114968029126699,0.555606678589969,0.09290579954783122,0.253625084956487
smd,./data/SMD,machine-1-8,machine-1-8,fixed,100,256,128,0.15,50,64,0.001,1,1,1,1,0.001,adam,0.1,0.99,fixed,gated,5000,none,8,0.95,"[0.5, 1.0, 2.0]",0,0,5,38,2.01569,8,0.0006132894777692854,0.00017005781410261989,27.691242456436157,0.8363270569745388,0.3611507976039974,0.25466390287237195,0.16449885233358838,0.563564875491481,0.39495174461766885,23600,22257,363,2691,1557,0.9300444722175598,0.5785953402519226,0.990004301071167,0.08397298344111039,0.9033977273818172,0.4085028170491806,0.918287355869955,0.4146355950156097,0.9259429966615177,0.4040691981639565,0.9138696268515824,0.26702506377426344,0.0217188848182559,0.012747631718715033
smd,./data/SMD,machine-2-3,machine-2-3,gate_noTTA,100,256,128,0.15,50,64,0.001,1,1,1,0,0.001,adam,0.1,0.99,fixed,gated,5000,unc,8,0.95,"[0.5, 1.0, 2.0]",0,0,6,38,2.01569,8,0.0006217530462890863,0.00022552045993506908,27.73832631111145,0.9496831735973765,0.42655690909704397,0.2272508425613866,0.13053097345132744,0.8773234200743495,0.4539170506912443,23590,20350,0,1259,222,0.9890909194946289,0.17633041739463806,0.9013478755950928,0.06641697812858605,0.9537928691837116,0.44305617876694203,0.9508912726707069,0.43499282727101146,0.946356337639167,0.40436757942635504,0.9095146333797884,0.17049675046958557,0.0390475175033013,0.027944109713037808
smd,./data/SMD,machine-2-7,machine-2-7,gate_noTTA,100,256,128,0.15,50,64,0.001,1,1,1,0,0.001,adam,0.1,0.99,fixed,gated,5000,unc,8,0.95,"[0.5, 1.0, 2.0]",0,0,9,38,2.01569,8,0.003288512583822012,0.0007951598381623626,24.55735421180725,0.8922906092841265,0.3302596959549339,0.3112582781456954,0.5026737967914439,0.22541966426858512,0.36384976525821594,23597,23378,0,2397,2178,0.9068354964256287,0.9086357951164246,1.0,0.06785842176766275,0.8843372486168461,0.3000433603531865,0.8747431712261534,0.25966610585341343,0.8631556544360285,0.2126340440008811,0.8129409870445498,0.0846096507961591,0.0,0.0
smd,./data/SMD,machine-1-5,machine-1-5,base_noTTA,100,256,128,0.15,50,64,0.001,1,0,1,0,0.001,adam,0.1,0.99,fixed,gated,5000,none,8,0.95,"[0.5, 1.0, 2.0]",0,0,8,38,2.015652,0,0.0007311449153348804,inf,22.733063220977783,0.9460251630941288,0.538739962936483,0.08203125,0.043121149897330596,0.84,0.5842696629213484,23607,21971,0,793,50,0.9977242946624756,0.06305170059204102,0.9608573913574219,0.009024052828589474,,,,,,,,,0.0,0.08568950369954109
smd,./data/SMD,machine-2-6,machine-2-6,gate_noTTA,100,256,128,0.15,50,64,0.001,1,1,1,0,0.001,adam,0.1,0.99,fixed,gated,5000,unc,8,0.95,"[0.5, 1.0, 2.0]",0,0,0,38,2.01569,8,0.00041784188942983747,0.0001712084049358964,35.946956634521484,0.8571967650227497,0.3295707119460298,0.10072385646080395,0.05388037567968364,0.7712264150943396,0.34845735027223235,28644,22110,0,1121,79,0.9964269399642944,0.07047279179096222,0.800457775592804,0.06499186089511291,0.8960876656581654,0.34733692318411,0.9037381230149504,0.35954992688287346,0.9075329117660189,0.36595055238476726,0.8927928246053886,0.2357827930988606,0.04657659928003947,0.14700348178545633
smd,./data/SMD,machine-1-3,machine-1-3,gate_noTTA,100,256,128,0.15,50,64,0.001,1,1,1,0,0.001,adam,0.1,0.99,fixed,gated,5000,unc,8,0.95,"[0.5, 1.0, 2.0]",0,0,6,38,2.01569,8,0.0006432501832023263,0.0002082599385175854,25.175400495529175,0.8074998628185404,0.24557684485612774,0.2842842842842843,0.24047417442845045,0.34761321909424725,0.3075734157650695,23604,22533,0,2005,1129,0.9498956799507141,0.5630922913551331,0.9909718036651611,0.062088343354124796,0.8735559980066171,0.2816101136191781,0.8903501373579503,0.30117157364110514,0.8999174878924661,0.3151790049342968,0.9014875604494246,0.26897876672715937,0.0,0.010012323036789894
smd,./data/SMD,machine-3-11,machine-3-11,noMask_fixed,100,256,128,0.15,50,64,0.001,1,0,1,1,0.001,adam,0.1,0.99,fixed,gated,5000,none,8,0.95,"[0.5, 1.0, 2.0]",0,0,2,38,2.015652,0,0.00036895679659210145,inf,35.923397064208984,0.8918873271985771,0.580355493919768,0.024576954069298954,0.01245406288280931,0.9242424242424242,0.6324786324786323,28597,12675,255,440,0,1.0,0.0,0.45015448331832886,0.025635337222642524,,,,,,,,,0.22564102709293365,0.9699644843737284
smd,./data/SMD,machine-3-10,machine-3-10,base_noTTA,100,256,128,0.15,50,64,0.001,1,0,1,0,0.001,adam,0.1,0.99,fixed,gated,5000,none,8,0.95,"[0.5, 1.0, 2.0]",0,0,2,38,2.015652,0,0.0010660788975656033,inf,29.98913550376892,0.9455100052879833,0.6401047140101795,0.605821410952146,0.6265306122448979,0.5864374403056352,0.623433242506812,23594,22528,0,2334,1268,0.9437144994735718,0.5432733297348022,1.0,0.01107494416980205,,,,,,,,,0.0,0.0
smd,./data/SMD,machine-3-6,machine-3-6,fixed,100,256,128,0.15,50,64,0.001,1,1,1,1,0.001,adam,0.1,0.99,fixed,gated,5000,none,8,0.95,"[0.5, 1.0, 2.0]",0,0,2,38,2.01569,8,0.00038121192483231425,0.0003124845679849386,35.16566872596741,0.8573617914016788,0.297554512815158,0.27348023128613846,0.16810758885686838,0.7328308207705193,0.3190348525469169,28627,24848,411,2283,76,0.9969413876533508,0.033289533108472824,0.9403279423713684,0.0962735838131687,0.8971151826739878,0.3169142947329175,0.9078806972535203,0.32323063724392587,0.9140544178103944,0.3232230141298286,0.90570804650401,0.23601456730739234,0.012087912609179815,0.11937225610017776
smd,./data/SMD,machine-2-1,machine-2-1,base_noTTA,100,256,128,0.15,50,64,0.001,1,0,1,0,0.001,adam,0.1,0.99,fixed,gated,5000,none,8,0.95,"[0.5, 1.0, 2.0]",0,0,0,38,2.015652,0,0.0013359957374632359,inf,27.137259244918823,0.7444065551351113,0.29024478027330497,0.29980781550288277,0.23975409836065573,0.4,0.32120109190172885,23595,22806,0,2457,1673,0.926642119884491,0.680911660194397,0.9997634887695312,0.010332179084675977,,,,,,,,,0.00014887598808854818,0.0
smd,./data/SMD,machine-2-8,machine-2-8,base_noTTA,100,256,128,0.15,50,64,0.001,1,0,1,0,0.001,adam,0.1,0.99,fixed,gated,5000,none,8,0.95,"[0.5, 1.0, 2.0]",0,0,5,38,2.015652,0,0.00010388220107415691,inf,23.741480350494385,0.992730054017374,0.9674112086605713,0.12030651340996168,0.06410779910167415,0.9751552795031055,0.9625,23604,21812,0,260,13,0.9994040131568909,0.05000000074505806,0.9338159561157227,0.008707924467732272,,,,,,,,,0.04094310446331898,0.0008649448282085359
smd,./data/SMD,machine-3-1,machine-3-1,fixed,100,256,128,0.15,50,64,0.001,1,1,1,1,0.001,adam,0.1,0.99,fixed,gated,5000,none,8,0.95,"[0.5, 1.0, 2.0]",0,0,2,38,2.01569,8,0.0004183404380455613,0.00020678646978922188,35.90156865119934,0.8737154557896317,0.2795940893205948,0.054457979322346195,0.028115421202832683,0.8636363636363636,0.32967032967032966,28601,18985,343,704,49,0.997418999671936,0.06960227340459824,0.6787826418876648,0.09213911520468222,0.8953373778236414,0.2880842663595708,0.8958076035685926,0.29323177402498174,0.8935970165365769,0.30139578817285456,0.8437102046305343,0.2047788421536097,0.11326473082105319,0.3708580608169238
smd,./data/SMD,machine-1-2,machine-1-2,gate_gbuf5k,100,256,128,0.15,50,64,0.001,1,1,1,1,0.001,adam,0.1,0.99,adaptive,gated,5000,unc,8,0.95,"[0.5, 1.0, 2.0]",0,0,2,38,2.01569,8,0.004306463059037924,0.0008025694987736642,29.266799211502075,0.8766697767616931,0.24193937238276375,0.2391736193881605,0.15240506329113923,0.5553505535055351,0.28324697754749567,23595,21820,362,1532,632,0.9710357189178467,0.41253262758255005,0.9603408575057983,0.10181665673147801,0.8905567441990938,0.27280905544022854,0.8826399479008612,0.2840877129529701,0.8701509293945736,0.282235697455004,0.8168144599336457,0.1762999183962165,0.018073866609483957,0.00016126431485948464
smd,./data/SMD,machine-3-2,machine-3-2,fixed,100,256,128,0.15,50,64,0.001,1,1,1,1,0.001,adam,0.1,0.99,fixed,gated,5000,none,8,0.95,"[0.5, 1.0, 2.0]",0,0,2,38,2.01569,8,0.007789973169565201,0.0009888376807793975,29.281070232391357,0.4748360980312447,0.047327459776287086,0.022052586938083124,0.18571428571428572,0.011722272317403066,0.09118008065930212,23604,23604,369,2018,2018,0.9145060181617737,1.0,1.0,0.09708190606703417,0.5749641433887704,0.065564407874399,0.5819121924291366,0.07397429106619212,0.5855735816614017,0.0826954467223698,0.5860391648620296,0.09250259324509419,0.0,0.0
smd,./data/SMD,machine-3-9,machine-3-9,mask_noTTA,100,256,128,0.15,50,64,0.001,1,1,1,0,0.001,adam,0.1,0.99,fixed,gated,5000,none,8,0.95,"[0.5, 1.0, 2.0]",0,0,2,38,2.01569,8,0.00023958292149472982,0.00012862717267125845,38.160728216171265,0.8517969431578849,0.2782376485904325,0.03439522782078944,0.017534778388870915,0.8943894389438944,0.32057416267942584,28614,5579,0,699,2,0.9996415376663208,0.0028612304013222456,0.19978506863117218,0.08482054660194799,0.8682367920002139,0.2884318647986157,0.872002200220022,0.29681387469192877,0.8745797916644884,0.3126970032854004,0.845481010614261,0.30239068415299947,0.477607786655426,0.9245511889457703
smd,./data/SMD,machine-1-3,machine-1-3,gate_gbuf5k,100,256,128,0.15,50,64,0.001,1,1,1,1,0.001,adam,0.1,0.99,adaptive,gated,5000,unc,8,0.95,"[0.5, 1.0, 2.0]",0,0,5,38,2.01569,8,0.0006623190129175782,0.00020973736536689103,30.207154035568237,0.8025914941505077,0.2565155321870559,0.33559145388223033,0.29219600725952816,0.39412484700122397,0.3244478293983244,23604,22467,364,2005,1056,0.9529977440834045,0.5266832709312439,0.9912958741188049,0.09353401054468949,0.8812154031300476,0.3011341361772826,0.8977424531211109,0.3227904998294068,0.9050818751363122,0.3333881803234724,0.9011255939315415,0.2735563138977119,0.0014204545877873898,0.010307601759753501
smd,./data/SMD,machine-3-9,machine-3-9,fixed,100,256,128,0.15,50,64,0.001,1,1,1,1,0.001,adam,0.1,0.99,fixed,gated,5000,none,8,0.95,"[0.5, 1.0, 2.0]",0,0,8,38,2.01569,8,0.00023526951554231346,0.00012922019232064486,32.70267128944397,0.845169448307027,0.25947374772237597,0.03280501290084777,0.01671361502347418,0.8811881188118812,0.296943231441048,28614,5101,170,699,1,0.9998039603233337,0.0014306152006611228,0.18269747495651245,0.07814360988075948,0.8611973657767045,0.27459419098904053,0.8653473478287639,0.2855172139980649,0.8684673852812947,0.30748254327138425,0.8433089032240078,0.24073476106619046,0.46780037383238476,0.9605433940887451
smd,./data/SMD,machine-1-3,machine-1-3,base_noTTA,100,256,128,0.15,50,64,0.001,1,0,1,0,0.001,adam,0.1,0.99,fixed,gated,5000,none,8,0.95,"[0.5, 1.0, 2.0]",0,0,3,38,2.015652,0,0.000668466032948345,inf,29.611881017684937,0.8240001985253717,0.2751920308579509,0.3185011709601873,0.3052749719416386,0.3329253365973072,0.3367799113737075,23604,22872,0,2005,1339,0.9414567947387695,0.6678304076194763,0.9969443082809448,0.01074702754664716,,,,,,,,,0.0,0.010166358823577562
smd,./data/SMD,machine-3-1,machine-3-1,noMask_fixed,100,256,128,0.15,50,64,0.001,1,0,1,1,0.001,adam,0.1,0.99,fixed,gated,5000,none,8,0.95,"[0.5, 1.0, 2.0]",0,0,0,38,2.015652,0,0.00034894931013695896,inf,32.34966468811035,0.8842003920987438,0.311558311114605,0.055477103086544285,0.028627940870289404,0.8928571428571429,0.3702213279678068,28601,19397,341,704,57,0.9970613718032837,0.08096590638160706,0.6932644844055176,0.024372912558603653,,,,,,,,,0.07058180496096611,0.4010036811232567
smd,./data/SMD,machine-2-5,machine-2-5,noMask_fixed,100,256,128,0.15,50,64,0.001,1,0,1,1,0.001,adam,0.1,0.99,fixed,gated,5000,none,8,0.95,"[0.5, 1.0, 2.0]",0,0,4,38,2.015652,0,0.003054993227124214,inf,27.552494525909424,0.9244739341859427,0.46794742736598016,0.2682730923694779,0.630188679245283,0.1704081632653061,0.5188592456301747,23590,23461,368,3016,2887,0.8769447207450867,0.9572281241416931,1.0,0.028619426648057885,,,,,,,,,0.0,0.0
smd,./data/SMD,machine-3-1,machine-3-1,base_noTTA,100,256,128,0.15,50,64,0.001,1,0,1,0,0.001,adam,0.1,0.99,fixed,gated,5000,none,8,0.95,"[0.5, 1.0, 2.0]",0,0,9,38,2.015652,0,0.0003560571640264243,inf,28.396982669830322,0.881308709605413,0.24023852448717384,0.051680554255219543,0.026607538802660754,0.8961038961038961,0.2955145118733509,28601,18379,0,704,37,0.9979868531227112,0.05255681648850441,0.657490074634552,0.009372206752247996,,,,,,,,,0.10010786292453606,0.4674261063337326
smd,./data/SMD,machine-2-1,machine-2-1,gate_noTTA,100,256,128,0.15,50,64,0.001,1,1,1,0,0.001,adam,0.1,0.99,fixed,gated,5000,unc,8,0.95,"[0.5, 1.0, 2.0]",0,0,0,38,2.01569,8,0.0013637166703119874,0.0003107447410002351,29.535399436950684,0.7485175546843101,0.30020244963472364,0.2969823722736779,0.2282958199356913,0.4247863247863248,0.3368509919797383,23595,21591,0,2457,1096,0.949238121509552,0.44607245922088623,0.9695808291435242,0.06451214691116841,0.8023919594977134,0.3705806419544079,0.8126991607812066,0.39940568953760947,0.8167944695648478,0.4110158458654186,0.8028902883458023,0.3391986821475992,0.00014887598808854818,0.0
smd,./data/SMD,machine-3-11,machine-3-11,mask_noTTA,100,256,128,0.15,50,64,0.001,1,1,1,0,0.001,adam,0.1,0.99,fixed,gated,5000,none,8,0.95,"[0.5, 1.0, 2.0]",0,0,2,38,2.01569,8,0.0004130138549953699,0.00023117933596950024,41.091007232666016,0.8994549325098838,0.5197785114815241,0.025998276357368573,0.01318665306717179,0.9141414141414141,0.5895316804407713,28597,13365,0,440,0,1.0,0.0,0.4746599495410919,0.08442985739295923,0.907135428961522,0.5242158427979958,0.9108969901130755,0.5263205877825339,0.9131191910685207,0.526024200701552,0.9002035230542496,0.2418608558919804,0.13729603216052055,0.9823063611984253
smd,./data/SMD,machine-2-5,machine-2-5,gate_noTTA,100,256,128,0.15,50,64,0.001,1,1,1,0,0.001,adam,0.1,0.99,fixed,gated,5000,unc,8,0.95,"[0.5, 1.0, 2.0]",0,0,1,38,2.01569,8,0.002835979452356696,0.00063708407105878,28.62615466117859,0.9233810922757408,0.4774782111748276,0.2827640984908658,0.6379928315412187,0.1816326530612245,0.5194922937443336,23590,22859,0,3016,2308,0.8990331888198853,0.7652519941329956,0.9988820552825928,0.0667143696796697,0.9398521309091692,0.4705047334217541,0.9345149050857299,0.4105159780962638,0.9281309397245181,0.34901389995349136,0.90975536984797,0.2374822386496223,0.0,0.0
smd,./data/SMD,machine-1-5,machine-1-5,gate_gbuf5k,100,256,128,0.15,50,64,0.001,1,1,1,1,0.001,adam,0.1,0.99,adaptive,gated,5000,unc,8,0.95,"[0.5, 1.0, 2.0]",0,0,2,38,2.01569,8,0.0008343053050339222,0.0002934804651886225,30.764448165893555,0.9524171820723545,0.5663978170173584,0.05852330724736306,0.0302923564635435,0.86,0.5810055865921788,23607,21066,359,793,44,0.9979113340377808,0.055485498160123825,0.92145174741745,0.10538037569523767,0.9534889434889436,0.5640542017161223,0.952180377870033,0.5512250674895927,0.9503609251885113,0.5080099490027252,0.925712954333644,0.06512955645594523,0.007623887931307157,0.08372170974810918
smd,./data/SMD,machine-2-7,machine-2-7,mask_noTTA,100,256,128,0.15,50,64,0.001,1,1,1,0,0.001,adam,0.1,0.99,fixed,gated,5000,none,8,0.95,"[0.5, 1.0, 2.0]",0,0,2,38,2.01569,8,0.003300015116110444,0.0008499365067109466,29.201408624649048,0.8772967020944867,0.2780982333746216,0.2765598650927487,0.4659090909090909,0.19664268585131894,0.33676092544987146,23597,23472,0,2397,2272,0.9032038450241089,0.9478514790534973,1.0,0.07489137075238042,0.8688889431433503,0.25472397504775535,0.8618573589086118,0.2233316236874632,0.8534939993363787,0.19049602627609796,0.8153297972473001,0.0828319406151329,0.0,0.0
smd,./data/SMD,machine-3-5,machine-3-5,gate_noTTA,100,256,128,0.15,50,64,0.001,1,1,1,0,0.001,adam,0.1,0.99,fixed,gated,5000,unc,8,0.95,"[0.5, 1.0, 2.0]",0,0,2,38,2.01569,8,0.0012552404077723622,0.0004404652863740921,29.464176893234253,0.8148783812553666,0.2850684587933228,0.0829411016410126,0.043846671149966376,0.7652582159624414,0.3631778058007566,23592,13817,0,1515,476,0.9655497074127197,0.31419143080711365,0.6042940616607666,0.07749785201433919,0.8243215291462219,0.2997778704401781,0.8295279233247469,0.30774338313371674,0.8343478739043617,0.31147312054293447,0.8156783094151987,0.12249260319034613,0.05355376501878103,0.7552080353101095
smd,./data/SMD,machine-3-4,machine-3-4,fixed,100,256,128,0.15,50,64,0.001,1,1,1,1,0.001,adam,0.1,0.99,fixed,gated,5000,none,8,0.95,"[0.5, 1.0, 2.0]",0,0,6,38,2.01569,8,0.0016979629872366786,0.00027529013459570706,28.517796754837036,0.7560622634102635,0.33271066859401527,0.2609019754006709,0.205158264947245,0.35823950870010235,0.36418816388467373,23588,22791,366,1769,988,0.9566495418548584,0.5585076212882996,0.9992666840553284,0.08143183132622511,0.7857644809031322,0.3892007654364655,0.7880228974020255,0.4058194833643186,0.7870595245016714,0.4156401050740827,0.77993381008461,0.40026795881320465,0.0033432895628114543,0.0
smd,./data/SMD,machine-1-5,machine-1-5,gate_gbuf5k,100,256,128,0.15,50,64,0.001,1,1,1,1,0.001,adam,0.1,0.99,adaptive,gated,5000,unc,8,0.95,"[0.5, 1.0, 2.0]",0,0,0,38,2.01569,8,0.0008198069990612566,0.0002962397993542254,31.199302673339844,0.9504130305854444,0.5399297122068932,0.05819397993311037,0.030103806228373702,0.87,0.5578947368421053,23607,21087,359,793,44,0.9979134202003479,0.055485498160123825,0.9223722219467163,0.10974443453201654,0.9559095145302042,0.5292888783730129,0.954173515207998,0.5107362770251838,0.9515292722189274,0.4701388717385107,0.9166788104719139,0.05872132211801523,0.00804743729531765,0.08269597714145978
smd,./data/SMD,machine-2-2,machine-2-2,mask_noTTA,100,256,128,0.15,50,64,0.001,1,1,1,0,0.001,adam,0.1,0.99,fixed,gated,5000,none,8,0.95,"[0.5, 1.0, 2.0]",0,0,4,38,2.01569,8,0.0007763131288811564,0.0004015885933768004,27.67651128768921,0.5625578828115354,0.1474313144051081,0.1309543847837064,0.12516087516087515,0.13731027179668195,0.23359073359073357,23601,21503,0,3922,2786,0.8704366683959961,0.7103518843650818,0.9511154294013977,0.06384112300430737,0.5770459392263825,0.14838761182319768,0.5831938214037432,0.148974688460691,0.5885044290135578,0.14962400303644252,0.5952684619790669,0.13992514854397264,0.011723163848121962,0.04862350970506668
smd,./data/SMD,machine-3-1,machine-3-1,gate_gbuf5k,100,256,128,0.15,50,64,0.001,1,1,1,1,0.001,adam,0.1,0.99,adaptive,gated,5000,unc,8,0.95,"[0.5, 1.0, 2.0]",0,0,7,38,2.01569,8,0.0004014355654362589,0.00020436284830793738,32.782543897628784,0.872291970849663,0.30765687256407354,0.05919243041038618,0.030634324108871427,0.8733766233766234,0.3411214953271028,28601,16583,347,704,32,0.9980702996253967,0.04545454680919647,0.5932896137237549,0.08564243608077737,0.8975301255521035,0.3162037530990255,0.8982862375719518,0.32245296018923925,0.8960261350371239,0.3303158401866123,0.8499314330358285,0.26636466413328463,0.12219577903548877,0.2507804821555813
smd,./data/SMD,machine-2-1,machine-2-1,fixed,100,256,128,0.15,50,64,0.001,1,1,1,1,0.001,adam,0.1,0.99,fixed,gated,5000,none,8,0.95,"[0.5, 1.0, 2.0]",0,0,8,38,2.01569,8,0.0013925047824159265,0.0002933959476649761,24.560097694396973,0.7673766785514253,0.3010877270021533,0.31151393084927825,0.2564953012714207,0.39658119658119656,0.32876712328767127,23595,23021,365,2457,1883,0.9182051420211792,0.7663817405700684,1.0,0.08497458439960548,0.8197134073133008,0.37471173727503965,0.8265582429074703,0.4010000775956309,0.8271185948663308,0.40696739229893364,0.806417807709763,0.3278785434380243,0.0,0.0
smd,./data/SMD,machine-3-9,machine-3-9,base_noTTA,100,256,128,0.15,50,64,0.001,1,0,1,0,0.001,adam,0.1,0.99,fixed,gated,5000,none,8,0.95,"[0.5, 1.0, 2.0]",0,0,8,38,2.015652,0,0.00017491936159785837,inf,27.808675289154053,0.8552199464930654,0.33060344199492536,0.03068169139796943,0.015604607615048517,0.9075907590759076,0.378494623655914,28614,5956,0,699,0,1.0,0.0,0.21336199343204498,0.009909027434498573,,,,,,,,,0.4578053057193756,0.9269837737083435
smd,./data/SMD,machine-3-1,machine-3-1,base_noTTA,100,256,128,0.15,50,64,0.001,1,0,1,0,0.001,adam,0.1,0.99,fixed,gated,5000,none,8,0.95,"[0.5, 1.0, 2.0]",0,0,8,38,2.015652,0,0.00035107138683088124,inf,30.183189630508423,0.8920506004984028,0.31093633125118114,0.05332302936630603,0.027479091995221028,0.8961038961038961,0.3543307086614173,28601,17819,0,704,32,0.9982041716575623,0.04545454680919647,0.6375954151153564,0.00935903583672125,,,,,,,,,0.11536762615044911,0.49168001115322113
smd,./data/SMD,machine-3-9,machine-3-9,mask_noTTA,100,256,128,0.15,50,64,0.001,1,1,1,0,0.001,adam,0.1,0.99,fixed,gated,5000,none,8,0.95,"[0.5, 1.0, 2.0]",0,0,7,38,2.01569,8,0.00023759616306051612,0.00013130958541296422,34.16628122329712,0.8570886233290699,0.25156943268352094,0.035294117647058816,0.01800360072014403,0.8910891089108911,0.31601731601731603,28614,5436,0,699,1,0.9998160600662231,0.0014306152006611228,0.19469818472862244,0.061244636976119815,0.8701793516204842,0.2619549576501004,0.8727708251289754,0.2697912579358292,0.8741428841933824,0.28407445864255065,0.8416624555802992,0.23766196101671305,0.48322611053784686,0.9289179841677347
smd,./data/SMD,machine-2-1,machine-2-1,gate_gbuf5k,100,256,128,0.15,50,64,0.001,1,1,1,1,0.001,adam,0.1,0.99,adaptive,gated,5000,unc,8,0.95,"[0.5, 1.0, 2.0]",0,0,1,38,2.01569,8,0.0013761433074250817,0.0003181587962899357,28.545247077941895,0.7542718346394426,0.2959638990150618,0.2761061946902655,0.19605026929982047,0.4666666666666667,0.3272727272727273,23595,21334,361,2457,931,0.9563607573509216,0.3789173662662506,0.9652284979820251,0.09956047630431314,0.8099034723834937,0.369642696933417,0.8193424260086488,0.3994394488285581,0.8222770355495449,0.4109660366080439,0.8033559834372301,0.33495401945815745,0.004317403460542361,0.0030351721992095313
smd,./data/SMD,machine-2-6,machine-2-6,mask_noTTA,100,256,128,0.15,50,64,0.001,1,1,1,0,0.001,adam,0.1,0.99,fixed,gated,5000,none,8,0.95,"[0.5, 1.0, 2.0]",0,0,0,38,2.01569,8,0.00041784188942983747,0.0001712084049358964,33.495060205459595,0.8571967650227497,0.3295707119460298,0.10072385646080395,0.05388037567968364,0.7712264150943396,0.34845735027223235,28644,24313,0,1121,116,0.9952288866043091,0.10347903519868851,0.8791556358337402,0.06682188413343255,0.8960876656581654,0.34733692318411,0.9037381230149504,0.35954992688287346,0.9075329117660189,0.36595055238476726,0.8927928246053886,0.2357827930988606,0.04657659928003947,0.14700348178545633
smd,./data/SMD,machine-2-3,machine-2-3,noMask_fixed,100,256,128,0.15,50,64,0.001,1,0,1,1,0.001,adam,0.1,0.99,fixed,gated,5000,none,8,0.95,"[0.5, 1.0, 2.0]",0,0,1,38,2.015652,0,0.0005875963834114373,inf,26.95985245704651,0.9520450858574154,0.49256047353585036,0.22326895902025437,0.127831715210356,0.8810408921933085,0.5015576323987538,23590,21931,360,1259,437,0.980073869228363,0.3471008837223053,0.9625184535980225,0.0280350332999947,,,,,,,,,0.04733566132684549,0.0325289915005366
smd,./data/SMD,machine-3-6,machine-3-6,base_noTTA,100,256,128,0.15,50,64,0.001,1,0,1,0,0.001,adam,0.1,0.99,fixed,gated,5000,none,8,0.95,"[0.5, 1.0, 2.0]",0,0,1,38,2.015652,0,0.00032116807415150106,inf,35.58220624923706,0.8704642090300406,0.3103902679863654,0.2733942206917203,0.16645396536007293,0.7646566164154104,0.34594325535092085,28627,24455,0,2283,66,0.9973011612892151,0.02890932932496071,0.9257895350456238,0.010935748106910208,,,,,,,,,0.023347096517682076,0.12512203181783357
smd,./data/SMD,machine-2-1,machine-2-1,gate_noTTA,100,256,128,0.15,50,64,0.001,1,1,1,0,0.001,adam,0.1,0.99,fixed,gated,5000,unc,8,0.95,"[0.5, 1.0, 2.0]",0,0,1,38,2.01569,8,0.0013761433074250817,0.0003181587962899357,29.24636197090149,0.7650967552938783,0.3038106418002007,0.30126728110599077,0.22719374456993918,0.44700854700854703,0.33023819136051674,23595,21593,0,2457,1095,0.9492891430854797,0.4456654489040375,0.9697227478027344,0.06501928783367437,0.8125408111689412,0.3753047543749217,0.8209731082666618,0.405929056994581,0.82318922494069,0.418907742676221,0.799846886967292,0.34524419030723197,0.00014887598808854818,0.0
smd,./data/SMD,machine-3-7,machine-3-7,mask_noTTA,100,256,128,0.15,50,64,0.001,1,1,1,0,0.001,adam,0.1,0.99,fixed,gated,5000,none,8,0.95,"[0.5, 1.0, 2.0]",0,0,4,38,2.01569,8,0.00015999452443793416,0.0002631241222843528,37.93039107322693,0.8297990466529753,0.41104777810732673,0.10444360045575388,0.05691225165562914,0.6336405529953917,0.5141903171953256,28606,27117,0,929,288,0.989379346370697,0.31001076102256775,0.9693608283996582,0.08446578670113118,0.869644635927422,0.4425968297226615,0.8745024089592385,0.4791729213366765,0.8742067598866599,0.5280168737764528,0.8492713788714136,0.4960161567727819,0.03949668010075887,0.03635182480017344
smd,./data/SMD,machine-3-7,machine-3-7,mask_noTTA,100,256,128,0.15,50,64,0.001,1,1,1,0,0.001,adam,0.1,0.99,fixed,gated,5000,none,8,0.95,"[0.5, 1.0, 2.0]",0,0,7,38,2.01569,8,0.00015267368871718645,0.0002530195633880794,33.72271466255188,0.8256959020878732,0.3812950924007906,0.1044576238760283,0.05695806384310453,0.6290322580645161,0.47796610169491527,28606,27201,0,929,274,0.989926815032959,0.2949407994747162,0.9729017019271851,0.06358804198017506,0.8528401137965709,0.41694946407972666,0.8552780063007688,0.45419680203308643,0.8540884823271538,0.499651710315308,0.8336887370702941,0.49361401681270634,0.036234416688481964,0.03664343738152335
smd,./data/SMD,machine-2-7,machine-2-7,base_noTTA,100,256,128,0.15,50,64,0.001,1,0,1,0,0.001,adam,0.1,0.99,fixed,gated,5000,none,8,0.95,"[0.5, 1.0, 2.0]",0,0,4,38,2.015652,0,0.0038140679243952036,inf,29.433569192886353,0.8797451578665758,0.3147095842476263,0.2976588628762542,0.49171270718232046,0.21342925659472423,0.3538268506900878,23597,23478,0,2397,2278,0.9029729962348938,0.9503546357154846,1.0,0.00974817458272925,,,,,,,,,0.0,0.0
smd,./data/SMD,machine-1-4,machine-1-4,noMask_fixed,100,256,128,0.15,50,64,0.001,1,0,1,1,0.001,adam,0.1,0.99,fixed,gated,5000,none,8,0.95,"[0.5, 1.0, 2.0]",0,0,3,38,2.015652,0,0.0009603641810826957,inf,29.631897926330566,0.8037488580502022,0.27008327746114,0.31034482758620685,0.33713355048859933,0.2875,0.33449477351916374,23608,22964,365,1908,1264,0.9449573159217834,0.6624737977981567,1.0,0.031752076968222465,,,,,,,,,0.0,0.0
smd,./data/SMD,machine-3-6,machine-3-6,noMask_fixed,100,256,128,0.15,50,64,0.001,1,0,1,1,0.001,adam,0.1,0.99,fixed,gated,5000,none,8,0.95,"[0.5, 1.0, 2.0]",0,0,3,38,2.015652,0,0.0003438511921558529,inf,30.991641998291016,0.8643773373137177,0.2973508056327905,0.27666614148416574,0.17038618280613235,0.7353433835845896,0.32853651914200377,28627,24631,406,2283,66,0.9973204731941223,0.02890932932496071,0.9324703812599182,0.026986906038510103,,,,,,,,,0.010676745480547348,0.1256916398803393
smd,./data/SMD,machine-3-4,machine-3-4,mask_noTTA,100,256,128,0.15,50,64,0.001,1,1,1,0,0.001,adam,0.1,0.99,fixed,gated,5000,none,8,0.95,"[0.5, 1.0, 2.0]",0,0,2,38,2.01569,8,0.0016890004044398665,0.0002897075319197029,28.586567401885986,0.7527365424129708,0.33539263107059186,0.2396925227113906,0.1819628647214854,0.3510747185261003,0.37702503681885124,23588,22795,0,1769,1021,0.955209493637085,0.5771622657775879,0.9979375600814819,0.07623429012961644,0.785935319030795,0.3956424973658341,0.7889939096804667,0.41344326244938623,0.7886763684514868,0.42285516945073254,0.7811983412408783,0.39927244375229404,0.009804640586177507,0.0
smd,./data/SMD,machine-1-5,machine-1-5,gate_noTTA,100,256,128,0.15,50,64,0.001,1,1,1,0,0.001,adam,0.1,0.99,fixed,gated,5000,unc,8,0.95,"[0.5, 1.0, 2.0]",0,0,2,38,2.01569,8,0.0008343053050339222,0.0002934804651886225,31.34657382965088,0.9449885622299415,0.5460480195241465,0.07010309278350516,0.03655913978494624,0.85,0.6122448979591836,23607,21398,0,793,48,0.9977567791938782,0.06052963435649872,0.9358288645744324,0.08027453674427582,0.9573862577310854,0.5542920632044654,0.9575713801575869,0.5472957149779427,0.9558934169278996,0.5156800022314263,0.9259662797593833,0.06580943094535872,0.0,0.07624164782464504
smd,./data/SMD,machine-2-4,machine-2-4,fixed,100,256,128,0.15,50,64,0.001,1,1,1,1,0.001,adam,0.1,0.99,fixed,gated,5000,none,8,0.95,"[0.5, 1.0, 2.0]",0,0,5,38,2.01569,8,0.0005767556722275913,0.0003326215664856136,27.374675989151,0.8026055347450707,0.4063209065248278,0.34351988217967605,0.24959871589085073,0.5507674144037781,0.4108258154059681,23590,21476,353,3674,2084,0.9029614329338074,0.567229151725769,0.9736894965171814,0.086290738298611,0.8424931554423795,0.43517395041463325,0.8592151323433226,0.4508492573784463,0.869017671452109,0.459158966823652,0.8261525708993108,0.34530777750677544,0.034761366744836174,0.03294315623740355
smd,./data/SMD,machine-3-6,machine-3-6,noMask_fixed,100,256,128,0.15,50,64,0.001,1,0,1,1,0.001,adam,0.1,0.99,fixed,gated,5000,none,8,0.95,"[0.5, 1.0, 2.0]",0,0,7,38,2.015652,0,0.0003379661065991968,inf,31.58425807952881,0.861157967911133,0.2907344943478859,0.2670920692798541,0.1631403118040089,0.7361809045226131,0.31445672191528545,28627,24609,408,2283,68,0.9972367882728577,0.02978537045419216,0.9315593838691711,0.027027132458919526,,,,,,,,,0.012718414732565483,0.13009067376454672
smd,./data/SMD,machine-2-1,machine-2-1,gate_noTTA,100,256,128,0.15,50,64,0.001,1,1,1,0,0.001,adam,0.1,0.99,fixed,gated,5000,unc,8,0.95,"[0.5, 1.0, 2.0]",0,0,9,38,2.01569,8,0.0014017453650012612,0.00031377532286569476,25.20133686065674,0.7536712596781856,0.3013429304821566,0.29674306393244876,0.22926374650512582,0.4205128205128205,0.3306122448979592,23595,21609,0,2457,1080,0.9500208497047424,0.4395604431629181,0.9711893200874329,0.06904895084847533,0.8063040259430776,0.3754407331760066,0.8146866704005755,0.40424219326142957,0.8169774462795241,0.4161815068799955,0.7994174874435929,0.3439210308644795,0.00014887598808854818,0.0
smd,./data/SMD,machine-3-5,machine-3-5,gate_noTTA,100,256,128,0.15,50,64,0.001,1,1,1,0,0.001,adam,0.1,0.99,fixed,gated,5000,unc,8,0.95,"[0.5, 1.0, 2.0]",0,0,1,38,2.01569,8,0.00127759191673249,0.0004484606033656746,29.110661029815674,0.813110124317796,0.2717020856076337,0.08207831325301206,0.04335719968178202,0.7676056338028169,0.3792325056433408,23592,13841,0,1515,495,0.9642366766929626,0.32673266530036926,0.6045205593109131,0.06539692673371096,0.8214036277266724,0.2875255397978561,0.8261456841918334,0.2975410309133355,0.8305745498133871,0.3033964791937623,0.8146023212849705,0.12796253409806818,0.053271159529685974,0.7480010390281677
smd,./data/SMD,machine-2-4,machine-2-4,mask_noTTA,100,256,128,0.15,50,64,0.001,1,1,1,0,0.001,adam,0.1,0.99,fixed,gated,5000,none,8,0.95,"[0.5, 1.0, 2.0]",0,0,3,38,2.01569,8,0.0005792417796328664,0.0003672029124572873,32.028156757354736,0.7652968247318204,0.378267319800587,0.2745867189688988,0.18001469507714915,0.5785123966942148,0.3757009345794392,23590,20616,0,3674,1783,0.9135137796401978,0.4853021204471588,0.9456216096878052,0.08454338985764914,0.8047897276213628,0.4013918509700984,0.8261571334904116,0.41804408667803605,0.8458183852560672,0.43565997193063016,0.8255812808159416,0.3568448990951143,0.046974822878837585,0.042345194650503494
smd,./data/SMD,machine-2-4,machine-2-4,mask_noTTA,100,256,128,0.15,50,64,0.001,1,1,1,0,0.001,adam,0.1,0.99,fixed,gated,5000,none,8,0.95,"[0.5, 1.0, 2.0]",0,0,5,38,2.01569,8,0.0005767556722275913,0.0003326215664856136,27.60011124610901,0.7543666009743012,0.35910273776886986,0.26166275736252276,0.16789297658862876,0.5926800472255017,0.36416184971098264,23590,20643,0,3674,1776,0.9139660000801086,0.48339682817459106,0.9473288059234619,0.0670703905727359,0.7955358266730685,0.3820698257549027,0.8184741863356837,0.39828346031230816,0.8398359158046276,0.41650709969018646,0.825849225688032,0.3467948596449602,0.04528372983137766,0.04249188560061157
smd,./data/SMD,machine-1-2,machine-1-2,base_noTTA,100,256,128,0.15,50,64,0.001,1,0,1,0,0.001,adam,0.1,0.99,fixed,gated,5000,none,8,0.95,"[0.5, 1.0, 2.0]",0,0,4,38,2.015652,0,0.005066412501037121,inf,25.87260603904724,0.8786273993527773,0.26765833736333905,0.27991602519244224,0.2254791431792559,0.36900369003690037,0.3160865475070555,23595,23258,0,1532,1201,0.948361873626709,0.7839425802230835,0.9997280240058899,0.008689642306176453,,,,,,,,,0.0009610763906190792,0.0
smd,./data/SMD,machine-1-6,machine-1-6,mask_noTTA,100,256,128,0.15,50,64,0.001,1,1,1,0,0.001,adam,0.1,0.99,fixed,gated,5000,none,8,0.95,"[0.5, 1.0, 2.0]",0,0,1,38,2.01569,8,0.0006068061920814216,0.00040842778980731964,30.664876461029053,0.8854149980777317,0.6336392814807855,0.4908347220118164,0.3412681693701285,0.8737864077669902,0.621745387936674,23590,15250,0,6678,1010,0.933770477771759,0.15124288201332092,0.8420056700706482,0.06264313240584907,0.9123151284442983,0.669073379857699,0.9241014198116041,0.6901108481670841,0.9326206106696724,0.7056020973756015,0.9134542432354964,0.5924499905505275,0.1325208122531573,0.056142391016085945
smd,./data/SMD,machine-2-1,machine-2-1,base_noTTA,100,256,128,0.15,50,64,0.001,1,0,1,0,0.001,adam,0.1,0.99,fixed,gated,5000,none,8,0.95,"[0.5, 1.0, 2.0]",0,0,2,38,2.015652,0,0.0013319794088602066,inf,27.94320583343506,0.749076255982223,0.2908309885087006,0.28511904761904766,0.2187214611872146,0.4094017094017094,0.32741617357001973,23595,22790,0,2457,1654,0.9274243116378784,0.6731786727905273,0.9999054074287415,0.009832849035729896,,,,,,,,,0.00014887598808854818,0.0
smd,./data/SMD,machine-1-2,machine-1-2,noMask_fixed,100,256,128,0.15,50,64,0.001,1,0,1,1,0.001,adam,0.1,0.99,fixed,gated,5000,none,8,0.95,"[0.5, 1.0, 2.0]",0,0,2,38,2.015652,0,0.004633475095033646,inf,27.329724311828613,0.8782801833287858,0.2335699912008529,0.2617062219371392,0.20058997050147492,0.3763837638376384,0.2837162837162837,23595,23258,367,1532,1198,0.9484908580780029,0.7819843292236328,0.9998640418052673,0.02908259030241258,,,,,,,,,0.0004805381953095396,0.0
smd,./data/SMD,machine-2-4,machine-2-4,base_noTTA,100,256,128,0.15,50,64,0.001,1,0,1,0,0.001,adam,0.1,0.99,fixed,gated,5000,none,8,0.95,"[0.5, 1.0, 2.0]",0,0,0,38,2.015652,0,0.0005561292637139559,inf,26.52565050125122,0.7606187866567291,0.34778305691931305,0.2723044397463002,0.17885576745047213,0.5702479338842975,0.3353658536585366,23590,20658,0,3674,1695,0.9179494380950928,0.4613500237464905,0.9521490335464478,0.009007472110633479,,,,,,,,,0.04396843413511912,0.05592494628702601
smd,./data/SMD,machine-3-3,machine-3-3,mask_noTTA,100,256,128,0.15,50,64,0.001,1,1,1,0,0.001,adam,0.1,0.99,fixed,gated,5000,none,8,0.95,"[0.5, 1.0, 2.0]",0,0,0,38,2.01569,8,0.0008698359015397727,0.0002911796618718654,27.311498880386353,0.8850636642307812,0.27613361442207335,0.2533410807669959,0.15516014234875444,0.689873417721519,0.3259557344064386,23604,22345,0,3206,2335,0.8955023288726807,0.72832190990448,0.9809785485267639,0.06359882262617304,0.8989698284162977,0.3038047032578688,0.900799005711044,0.3142431924129949,0.8992900081696072,0.30572940055628955,0.8632379462627476,0.13226023244501242,0.006172839552164078,0.03146899677813053
smd,./data/SMD,machine-2-2,machine-2-2,gate_gbuf5k,100,256,128,0.15,50,64,0.001,1,1,1,1,0.001,adam,0.1,0.99,adaptive,gated,5000,unc,8,0.95,"[0.5, 1.0, 2.0]",0,0,9,38,2.01569,8,0.0007349593215622008,0.00039532448863610625,27.920509338378906,0.5833151840533217,0.14735515023149137,0.10084335187511213,0.10255474452554744,0.09918813978115072,0.24287457025618275,23601,20665,360,3922,2624,0.8730220198631287,0.6690464019775391,0.9167640805244446,0.09116011804193012,0.5839680083691425,0.1452175156083671,0.5816686221652467,0.14355708373348297,0.5784054732465854,0.14116343015423827,0.569745420591993,0.13128931994371973,0.016101695286730926,0.046082970996697746
smd,./data/SMD,machine-1-6,machine-1-6,mask_noTTA,100,256,128,0.15,50,64,0.001,1,1,1,0,0.001,adam,0.1,0.99,fixed,gated,5000,none,8,0.95,"[0.5, 1.0, 2.0]",0,0,3,38,2.01569,8,0.0006092569674365222,0.00039383445982821286,34.372745990753174,0.889314866652986,0.6424477118777175,0.5048619214313497,0.3547611238657483,0.8751348435814456,0.6362229102167183,23590,15398,0,6678,1085,0.9295362830162048,0.16247379779815674,0.8463221192359924,0.09306005726127414,0.9161022010823983,0.6795469784749253,0.9271034896852116,0.7008518527948269,0.93436360956069,0.7153781180875332,0.9150574855713792,0.6044522264348796,0.12941590944925943,0.05394089470307032
smd,./data/SMD,machine-3-11,machine-3-11,gate_gbuf5k,100,256,128,0.15,50,64,0.001,1,1,1,1,0.001,adam,0.1,0.99,adaptive,gated,5000,unc,8,0.95,"[0.5, 1.0, 2.0]",0,0,6,38,2.01569,8,0.00040543501381762326,0.0002245288051199168,33.62918186187744,0.872248876582514,0.47168313523862576,0.044202151171357014,0.02276521475185916,0.7575757575757576,0.5245901639344261,28597,18741,348,440,43,0.9977055788040161,0.09772727638483047,0.6640622019767761,0.08274767954674585,0.868649829050559,0.48015901885478457,0.8713553175094336,0.48905756472501377,0.8756955122138644,0.49923992776945203,0.873057900217701,0.22353329036940292,0.10023309787114461,0.2763266932064046
smd,./data/SMD,machine-3-6,machine-3-6,mask_noTTA,100,256,128,0.15,50,64,0.001,1,1,1,0,0.001,adam,0.1,0.99,fixed,gated,5000,none,8,0.95,"[0.5, 1.0, 2.0]",0,0,8,38,2.01569,8,0.00040237311623059213,0.00032713418477214873,38.3276162147522,0.8531851226688918,0.2979104600268058,0.2630619684082625,0.1606679035250464,0.7252931323283082,0.33379616773118576,28627,25022,0,2283,81,0.9967628717422485,0.03547963127493858,0.9467430710792542,0.09291980803506308,0.8917606702698441,0.31717122657611624,0.904706638305577,0.32332347517967935,0.9133126435363411,0.32238102842053323,0.9055846177227365,0.2298687014783952,0.0030525031810005507,0.109645064920187
smd,./data/SMD,machine-2-5,machine-2-5,noMask_fixed,100,256,128,0.15,50,64,0.001,1,0,1,1,0.001,adam,0.1,0.99,fixed,gated,5000,none,8,0.95,"[0.5, 1.0, 2.0]",0,0,1,38,2.015652,0,0.002439231611788273,inf,27.054012298583984,0.9237334653796347,0.4767332103857307,0.29721362229102166,0.6153846153846154,0.19591836734693877,0.5244565217391304,23590,23450,368,3016,2876,0.8773560523986816,0.953580915927887,1.0,0.028943126107636725,,,,,,,,,0.0,0.0
smd,./data/SMD,machine-3-8,machine-3-8,fixed,100,256,128,0.15,50,64,0.001,1,1,1,1,0.001,adam,0.1,0.99,fixed,gated,5000,none,8,0.95,"[0.5, 1.0, 2.0]",0,0,9,38,2.01569,8,0.0006538305897265673,0.00018298104987479746,34.318289041519165,0.8532229658668784,0.26626331936133407,0.29801623083859335,0.21566068515497552,0.48212983223924144,0.2992407324698526,28605,25746,434,1965,543,0.9789093732833862,0.27633586525917053,0.9460585713386536,0.0852469401100344,0.8915894608630948,0.317197066453783,0.8886410340223234,0.34127603654015354,0.8811175927507041,0.3510723942318687,0.8432087673161837,0.3021839075605767,0.00034952815622091293,0.17080512394507727
smd,./data/SMD,machine-1-4,machine-1-4,noMask_fixed,100,256,128,0.15,50,64,0.001,1,0,1,1,0.001,adam,0.1,0.99,fixed,gated,5000,none,8,0.95,"[0.5, 1.0, 2.0]",0,0,5,38,2.015652,0,0.000972044887021184,inf,24.985804796218872,0.8086209959252331,0.261195324035821,0.3152416356877324,0.3392,0.29444444444444445,0.3233743409490334,23608,23016,367,1908,1316,0.9428223967552185,0.6897274851799011,1.0,0.02961513633366077,,,,,,,,,0.0,0.0
smd,./data/SMD,machine-3-2,machine-3-2,gate_noTTA,100,256,128,0.15,50,64,0.001,1,1,1,0,0.001,adam,0.1,0.99,fixed,gated,5000,unc,8,0.95,"[0.5, 1.0, 2.0]",0,0,2,38,2.01569,8,0.007789973169565201,0.0009888376807793975,29.295358896255493,0.4838214427364192,0.04795570410472456,0.023509655751469353,0.17073170731707318,0.012623985572587917,0.09149049564753953,23604,23572,0,2018,2004,0.914983868598938,0.993062436580658,0.9991661310195923,0.07434314316641454,0.5699742895585884,0.06409767008037827,0.5772150940908289,0.07164366028487719,0.5811066409022144,0.07891024151701477,0.5818533260464068,0.08666294518625908,0.0,0.0
smd,./data/SMD,machine-2-7,machine-2-7,gate_gbuf5k,100,256,128,0.15,50,64,0.001,1,1,1,1,0.001,adam,0.1,0.99,adaptive,gated,5000,unc,8,0.95,"[0.5, 1.0, 2.0]",0,0,6,38,2.01569,8,0.0034429326187819242,0.0008097105310298502,25.97736167907715,0.8783743399197905,0.25319921606872736,0.23755334281650073,0.16885743174924167,0.40047961630695444,0.34722222222222227,23597,22862,367,2397,1900,0.9168926477432251,0.7926574945449829,0.9887735843658447,0.08967103920543872,0.8674230425359442,0.23217054623715605,0.860030906500368,0.20477825132066874,0.8512470405135575,0.17864980879990294,0.8107628421082885,0.09198075831452505,0.011101611889898777,0.027644870181878407
smd,./data/SMD,machine-2-1,machine-2-1,gate_gbuf5k,100,256,128,0.15,50,64,0.001,1,1,1,1,0.001,adam,0.1,0.99,adaptive,gated,5000,unc,8,0.95,"[0.5, 1.0, 2.0]",0,0,2,38,2.01569,8,0.0013885118532925844,0.00029952594195492566,29.149781465530396,0.7589820620587802,0.30123350429081497,0.27962320277640057,0.19692737430167598,0.48205128205128206,0.33347769597228233,23595,21082,361,2457,884,0.9580684900283813,0.35978835821151733,0.9555303454399109,0.10250069928841207,0.8093558703574688,0.37634958665502477,0.817044231641994,0.4025369639896342,0.8194533618081833,0.40960344315586017,0.8052389701697108,0.3319320451966906,0.004764031618833542,0.01267630731066068
smd,./data/SMD,machine-2-6,machine-2-6,fixed,100,256,128,0.15,50,64,0.001,1,1,1,1,0.001,adam,0.1,0.99,fixed,gated,5000,none,8,0.95,"[0.5, 1.0, 2.0]",0,0,1,38,2.01569,8,0.00041870775748975575,0.00015932723181322217,36.47081804275513,0.8570060470102412,0.3276379890813049,0.11005692599620494,0.059370928717662384,0.7523584905660378,0.36727272727272725,28644,24352,409,1121,121,0.9950312376022339,0.10793934017419815,0.8803909420967102,0.08489645787614498,0.8940204156553336,0.34557912771133636,0.900376114242921,0.35203206840065376,0.9039844740546884,0.35440653619814394,0.8951025113481381,0.26050530808735567,0.04572759568691254,0.1443659154077371
smd,./data/SMD,machine-3-9,machine-3-9,noMask_fixed,100,256,128,0.15,50,64,0.001,1,0,1,1,0.001,adam,0.1,0.99,fixed,gated,5000,none,8,0.95,"[0.5, 1.0, 2.0]",0,0,4,38,2.015652,0,0.0001793030824046582,inf,34.83479166030884,0.8574395665543324,0.35238511216866036,0.029505195714208798,0.014997263273125342,0.9042904290429042,0.3859649122807018,28614,5966,193,699,7,0.9988266825675964,0.01001430582255125,0.213469460606575,0.022168978376942476,,,,,,,,,0.41866016387939453,0.991817315419515
smd,./data/SMD,machine-3-3,machine-3-3,gate_noTTA,100,256,128,0.15,50,64,0.001,1,1,1,0,0.001,adam,0.1,0.99,fixed,gated,5000,unc,8,0.95,"[0.5, 1.0, 2.0]",0,0,7,38,2.01569,8,0.000842744717374444,0.00029859025380574167,26.40697479248047,0.8875775056526112,0.2837545159485937,0.24817518248175185,0.15085324232081912,0.6993670886075949,0.3542857142857143,23604,21133,0,3206,1760,0.9167179465293884,0.5489706993103027,0.9497499465942383,0.0678829127823856,0.900132996160998,0.3104304817018073,0.9019822682758617,0.3190781485466857,0.9004855128006062,0.30549056713222544,0.8633577607704122,0.12862693357304789,0.00324886292219162,0.030069121314833563
smd,./data/SMD,machine-1-8,machine-1-8,fixed,100,256,128,0.15,50,64,0.001,1,1,1,1,0.001,adam,0.1,0.99,fixed,gated,5000,none,8,0.95,"[0.5, 1.0, 2.0]",0,0,4,38,2.01569,8,0.000612300296779722,0.0001774907868821174,29.905404806137085,0.8342226771765848,0.3503972259934118,0.27385103011093503,0.1806020066889632,0.5661861074705111,0.3938931297709924,23600,22317,364,2691,1574,0.9294707775115967,0.5849126577377319,0.9920608401298523,0.09167798494888564,0.8969653891322642,0.39440753567981207,0.9127112951144241,0.3987370356099039,0.9224785727771299,0.388556111565004,0.916957911489764,0.26519265177932827,0.018708464068671066,0.007899332325905561
smd,./data/SMD,machine-2-3,machine-2-3,mask_noTTA,100,256,128,0.15,50,64,0.001,1,1,1,0,0.001,adam,0.1,0.99,fixed,gated,5000,none,8,0.95,"[0.5, 1.0, 2.0]",0,0,9,38,2.01569,8,0.0006582778878509998,0.00024242485233116895,25.08457088470459,0.9519057203356202,0.4621885827499334,0.24345146379044683,0.14123957091775924,0.8810408921933085,0.4531722054380665,23590,22110,0,1259,448,0.9797376990318298,0.35583797097206116,0.9700416326522827,0.05891648527422715,0.9557181133908361,0.4818263504630445,0.9530209619713078,0.47854605953248935,0.9480209460982416,0.4528769807846227,0.910882732961057,0.17322909956987853,0.036659096678098045,0.019523362706725795
smd,./data/SMD,machine-2-8,machine-2-8,fixed,100,256,128,0.15,50,64,0.001,1,1,1,1,0.001,adam,0.1,0.99,fixed,gated,5000,none,8,0.95,"[0.5, 1.0, 2.0]",0,0,8,38,2.01569,8,0.00010915015445789322,8.178660937119275e-05,23.961928844451904,0.9952662902986653,0.9678618372464818,0.11385061638868745,0.06045437042741625,0.9751552795031055,0.9526813880126183,23604,21489,355,260,11,0.999488115310669,0.042307693511247635,0.9200651049613953,0.08458694024240339,0.9943375946042781,0.9678001350485226,0.9939727121766253,0.9678803470931308,0.9936434473395243,0.9682831588149896,0.9886609421723354,0.9382108593042454,0.041084286446372666,0.0
smd,./data/SMD,machine-1-5,machine-1-5,noMask_fixed,100,256,128,0.15,50,64,0.001,1,0,1,1,0.001,adam,0.1,0.99,fixed,gated,5000,none,8,0.95,"[0.5, 1.0, 2.0]",0,0,2,38,2.015652,0,0.0007152698235586286,inf,27.122972011566162,0.9537714987714988,0.5548628845586048,0.08579881656804735,0.04512448132780083,0.87,0.5921787709497207,23607,21999,362,793,47,0.9978635311126709,0.05926860123872757,0.9622161984443665,0.028083632163728375,,,,,,,,,0.0,0.07151369315882523
smd,./data/SMD,machine-3-6,machine-3-6,mask_noTTA,100,256,128,0.15,50,64,0.001,1,1,1,0,0.001,adam,0.1,0.99,fixed,gated,5000,none,8,0.95,"[0.5, 1.0, 2.0]",0,0,3,38,2.01569,8,0.00038514798507094383,0.000328199501382187,34.25077676773071,0.8625399139627626,0.3010965522791853,0.2636637498206857,0.15907910680283885,0.7696817420435511,0.3412368614030799,28627,24912,0,2283,74,0.9970295429229736,0.03241349011659622,0.9428333044052124,0.06581456303017669,0.8936265058159216,0.31690975335762106,0.9045541889309981,0.32223960477779473,0.9121402146088085,0.32113663142286664,0.9052762206840294,0.23101355392709558,0.003535231555967281,0.11764644334713618
smd,./data/SMD,machine-3-11,machine-3-11,mask_noTTA,100,256,128,0.15,50,64,0.001,1,1,1,0,0.001,adam,0.1,0.99,fixed,gated,5000,none,8,0.95,"[0.5, 1.0, 2.0]",0,0,8,38,2.01569,8,0.0004126659478060901,0.00023483822587877512,33.39034461975098,0.8931103440893602,0.5519488242531153,0.02590032739177883,0.013139440466523954,0.898989898989899,0.5982905982905983,28597,13439,0,440,0,1.0,0.0,0.47728806734085083,0.0673911702980148,0.8995929893361292,0.5600996673563445,0.9042847947507925,0.5657870506534807,0.9076461860516881,0.5726080362015471,0.8994458055181614,0.2933430264301097,0.13368298734227815,0.9813165068626404
smd,./data/SMD,machine-2-4,machine-2-4,base_noTTA,100,256,128,0.15,50,64,0.001,1,0,1,0,0.001,adam,0.1,0.99,fixed,gated,5000,none,8,0.95,"[0.5, 1.0, 2.0]",0,0,9,38,2.015652,0,0.0005656147841364145,inf,23.851685047149658,0.7518081145951117,0.3561878851529225,0.2577007700770077,0.16798135532448907,0.5531286894923259,0.35861091424521613,23590,20669,0,3674,1661,0.9196380972862244,0.45209580659866333,0.9544085264205933,0.009094400393755671,,,,,,,,,0.04415633281071981,0.05353542432809869
smd,./data/SMD,machine-1-5,machine-1-5,noMask_fixed,100,256,128,0.15,50,64,0.001,1,0,1,1,0.001,adam,0.1,0.99,fixed,gated,5000,none,8,0.95,"[0.5, 1.0, 2.0]",0,0,0,38,2.015652,0,0.0007187414448708296,inf,30.374702215194702,0.961329323053461,0.5595474898040803,0.08656265727226975,0.04557498675145734,0.86,0.582010582010582,23607,21993,362,793,49,0.9977720379829407,0.06179066747426987,0.9618655443191528,0.03097110566823441,,,,,,,,,0.0,0.07160354157288869
smd,./data/SMD,machine-3-10,machine-3-10,mask_noTTA,100,256,128,0.15,50,64,0.001,1,1,1,0,0.001,adam,0.1,0.99,fixed,gated,5000,none,8,0.95,"[0.5, 1.0, 2.0]",0,0,5,38,2.01569,8,0.0011757668107748032,0.00010721902071963996,28.37526226043701,0.9626743362248118,0.7344285801199291,0.7012278308321965,0.6692708333333334,0.7363896848137536,0.7108376715570278,23594,22581,0,2334,1321,0.9414994716644287,0.5659811496734619,1.0,0.06183149491850376,0.9715971860741729,0.6833797878721255,0.9686061309397133,0.6050987808087694,0.9650187964232684,0.5202182611215397,0.9554012292178415,0.4099233278179308,0.0,0.0
smd,./data/SMD,machine-3-9,machine-3-9,base_noTTA,100,256,128,0.15,50,64,0.001,1,0,1,0,0.001,adam,0.1,0.99,fixed,gated,5000,none,8,0.95,"[0.5, 1.0, 2.0]",0,0,6,38,2.015652,0,0.00017388982814736664,inf,28.429556131362915,0.8567284447557744,0.32586945314097165,0.0312947784719436,0.015923938404106393,0.900990099009901,0.3835616438356165,28614,5942,0,699,0,1.0,0.0,0.21286046504974365,0.009595685396136465,,,,,,,,,0.4603876819213231,0.9257688124974569
smd,./data/SMD,machine-3-1,machine-3-1,fixed,100,256,128,0.15,50,64,0.001,1,1,1,1,0.001,adam,0.1,0.99,fixed,gated,5000,none,8,0.95,"[0.5, 1.0, 2.0]",0,0,8,38,2.01569,8,0.0004085224645677954,0.00020492251496762037,29.570049285888672,0.871657989446451,0.2799464979480837,0.054874962033005965,0.028320618664437244,0.8798701298701299,0.3466204506065858,28601,18737,341,704,47,0.9974915981292725,0.06676136702299118,0.6699644923210144,0.07671888239470975,0.8945996768798966,0.2891483483870397,0.8946576546164458,0.2957012730981101,0.8905955537136856,0.3071068947675371,0.8364788828387728,0.20536021942211305,0.12551375975211462,0.3708741491039594
smd,./data/SMD,machine-3-1,machine-3-1,gate_noTTA,100,256,128,0.15,50,64,0.001,1,1,1,0,0.001,adam,0.1,0.99,fixed,gated,5000,unc,8,0.95,"[0.5, 1.0, 2.0]",0,0,4,38,2.01569,8,0.0003969859972130507,0.0002033631899394095,38.6638617515564,0.8802998741185555,0.22664522660925568,0.048745900912877775,0.025056947608200455,0.8928571428571429,0.2990033222591362,28601,14147,0,704,31,0.9978086948394775,0.044034089893102646,0.5060042142868042,0.08402916564920065,0.900038663259817,0.23739340016200447,0.899721615380956,0.24690399935662555,0.8958307031796042,0.2625657585533039,0.8408841616259197,0.22950571847867043,0.20429720357060432,0.519056369860967
smd,./data/SMD,machine-2-5,machine-2-5,fixed,100,256,128,0.15,50,64,0.001,1,1,1,1,0.001,adam,0.1,0.99,fixed,gated,5000,none,8,0.95,"[0.5, 1.0, 2.0]",0,0,3,38,2.01569,8,0.002646320965141058,0.0006963153136894107,32.989946126937866,0.9165086035294826,0.4313888773772055,0.2968036529680365,0.5838323353293413,0.1989795918367347,0.4895787139689578,23590,23438,368,3016,2864,0.8778052926063538,0.9496021270751953,1.0,0.10931943624188406,0.9383893916014598,0.4547035049134351,0.934930388113676,0.41625889146182105,0.9298706976735828,0.3653374510436353,0.9114386905847812,0.26081300526030615,0.0,0.0
smd,./data/SMD,machine-1-7,machine-1-7,fixed,100,256,128,0.15,50,64,0.001,1,1,1,1,0.001,adam,0.1,0.99,fixed,gated,5000,none,8,0.95,"[0.5, 1.0, 2.0]",0,0,5,38,2.01569,8,0.0023175361566245556,0.0006737730000168085,28.339966535568237,0.6490844386065809,0.236105612444741,0.15549982085274094,0.5521628498727735,0.09049207673060884,0.2597358618354216,23598,23340,368,3677,3419,0.8535133004188538,0.9298341274261475,1.0,0.095995242984247,0.7050366243744836,0.2988170406974101,0.7107531684482362,0.31193884491702234,0.7140036333234016,0.3155563974519543,0.7149724830162514,0.2976782631692231,0.0,0.0
smd,./data/SMD,machine-1-5,machine-1-5,mask_noTTA,100,256,128,0.15,50,64,0.001,1,1,1,0,0.001,adam,0.1,0.99,fixed,gated,5000,none,8,0.95,"[0.5, 1.0, 2.0]",0,0,8,38,2.01569,8,0.0008265702053904533,0.0003273099719081074,26.988468647003174,0.9526048462255359,0.5383630676033195,0.07288135593220339,0.03805309734513274,0.86,0.5888324873096447,23607,22070,0,793,51,0.9976891875267029,0.06431273370981216,0.9651529788970947,0.06098659791864403,0.9674176056934678,0.5469432507766517,0.96913369482335,0.5444269831013692,0.9697788697788697,0.5253724612228788,0.9427340506650852,0.0714296230968338,0.0,0.0762208563586076
smd,./data/SMD,machine-1-1,machine-1-1,base_noTTA,100,256,128,0.15,50,64,0.001,1,0,1,0,0.001,adam,0.1,0.99,fixed,gated,5000,none,8,0.95,"[0.5, 1.0, 2.0]",0,0,4,38,2.015652,0,0.00013485616364050657,inf,31.828736066818237,0.9034291185505635,0.49655957406937246,0.37401898497645564,0.23416003743565747,0.9287305122494433,0.5500705218617772,28380,19753,0,3486,56,0.9971649646759033,0.01606425642967224,0.7912348508834839,0.009814856168331606,,,,,,,,,0.11134602005283038,0.2692773789167404
smd,./data/SMD,machine-3-5,machine-3-5,mask_noTTA,100,256,128,0.15,50,64,0.001,1,1,1,0,0.001,adam,0.1,0.99,fixed,gated,5000,none,8,0.95,"[0.5, 1.0, 2.0]",0,0,7,38,2.01569,8,0.0015578684397041798,0.0004480683128349483,28.15723991394043,0.798087860928736,0.30286168847585515,0.08744588744588744,0.04658671586715867,0.7112676056338029,0.377562028047465,23592,16251,0,1515,647,0.9601870775222778,0.4270627200603485,0.7067989110946655,0.0632562630052848,0.8092118871261814,0.32239773918736647,0.8147512483742629,0.33270393111015933,0.8197404067646801,0.33373086062517204,0.8092197572569164,0.1441497182491696,0.049597288171450295,0.6232340236504873
smd,./data/SMD,machine-1-2,machine-1-2,gate_gbuf5k,100,256,128,0.15,50,64,0.001,1,1,1,1,0.001,adam,0.1,0.99,adaptive,gated,5000,unc,8,0.95,"[0.5, 1.0, 2.0]",0,0,7,38,2.01569,8,0.004269423428922892,0.0008125313906930387,27.35477352142334,0.872979341403642,0.23530561100934427,0.2317562149157979,0.14805327868852458,0.533210332103321,0.2702702702702703,23595,21872,361,1532,637,0.9708759784698486,0.41579633951187134,0.9624711275100708,0.09027154901871921,0.8870208307300765,0.2684882095701441,0.8800120796430839,0.28082688372787107,0.8691691296664177,0.27824278828558235,0.821989907226301,0.17198827446055204,0.020316378368685644,0.0
smd,./data/SMD,machine-3-8,machine-3-8,gate_gbuf5k,100,256,128,0.15,50,64,0.001,1,1,1,1,0.001,adam,0.1,0.99,adaptive,gated,5000,unc,8,0.95,"[0.5, 1.0, 2.0]",0,0,2,38,2.01569,8,0.0006503278855234385,0.00018674368038773537,33.40345335006714,0.8572456572894643,0.2748161013060876,0.2713679982146842,0.1954983922829582,0.4434719183078045,0.3048439181916039,28605,21234,432,1965,391,0.9815861582756042,0.19898219406604767,0.7823948860168457,0.09870264959843754,0.8911374619688348,0.3211930930283665,0.8883922318207276,0.3433939755187193,0.8805986666379529,0.35160090291800256,0.8381196034759777,0.2936240079200387,0.009903297061100602,0.08092743686089914
smd,./data/SMD,machine-3-2,machine-3-2,fixed,100,256,128,0.15,50,64,0.001,1,1,1,1,0.001,adam,0.1,0.99,fixed,gated,5000,none,8,0.95,"[0.5, 1.0, 2.0]",0,0,9,38,2.01569,8,0.0072159538976848125,0.0010391094256192446,24.069242477416992,0.46086225641589695,0.046372181689705784,0.021903959561920813,0.16666666666666666,0.011722272317403066,0.0897869536569295,23604,23604,369,2018,2018,0.9145060181617737,1.0,1.0,0.08386846235941435,0.5714267926090643,0.06303187955524331,0.5807621229029499,0.07015700549310136,0.5859552952326691,0.07723213610057675,0.5890007625092261,0.0855335062451201,0.0,0.0
smd,./data/SMD,machine-3-6,machine-3-6,fixed,100,256,128,0.15,50,64,0.001,1,1,1,1,0.001,adam,0.1,0.99,fixed,gated,5000,none,8,0.95,"[0.5, 1.0, 2.0]",0,0,9,38,2.01569,8,0.00043053264380432665,0.00031711641349829733,30.15910243988037,0.8511625333310943,0.28506296656093155,0.28186745934603946,0.17812154696132595,0.6750418760469011,0.30484877580412867,28627,25043,413,2283,132,0.9947290420532227,0.05781865864992142,0.9456043243408203,0.08430505775816513,0.8919817925892721,0.3045490856146442,0.9029187537766314,0.30973813568812675,0.9094864273666265,0.30916410826594587,0.9013331464334117,0.2258579102628403,0.011965812183916569,0.10760679344336192
smd,./data/SMD,machine-2-9,machine-2-9,gate_noTTA,100,256,128,0.15,50,64,0.001,1,1,1,0,0.001,adam,0.1,0.99,fixed,gated,5000,unc,8,0.95,"[0.5, 1.0, 2.0]",0,0,0,38,2.01569,8,0.000688432133756578,0.00040510439430363476,35.18849301338196,0.9703336472127958,0.6402261879794084,0.6052081353354876,0.4540787221905305,0.9071225071225071,0.6633441315723898,28623,24697,0,2745,214,0.9913349747657776,0.07795992493629456,0.9460932016372681,0.060908721019165266,0.9731578439703186,0.6584135605297909,0.9727820760564485,0.6645426590000177,0.9711450007960559,0.6673805520740926,0.9581409672706442,0.638569786300809,0.0015135638726254304,0.05148423711458842
smd,./data/SMD,machine-2-6,machine-2-6,mask_noTTA,100,256,128,0.15,50,64,0.001,1,1,1,0,0.001,adam,0.1,0.99,fixed,gated,5000,none,8,0.95,"[0.5, 1.0, 2.0]",0,0,9,38,2.01569,8,0.00042286230018362403,0.00016459249309264123,31.662175178527832,0.872040955901998,0.3260310638578933,0.10870268521514073,0.058353594998263286,0.7924528301886793,0.3443223443223443,28644,24348,0,1121,118,0.9951536059379578,0.10526315867900848,0.8803545832633972,0.06100671482126135,0.9046796370461329,0.34325228204970915,0.9095249572425208,0.352930654179578,0.9110362933879314,0.3588729754575983,0.8938282818322522,0.22877392124715465,0.044255927205085754,0.1468805248538653
smd,./data/SMD,machine-1-5,machine-1-5,base_noTTA,100,256,128,0.15,50,64,0.001,1,0,1,0,0.001,adam,0.1,0.99,fixed,gated,5000,none,8,0.95,"[0.5, 1.0, 2.0]",0,0,7,38,2.015652,0,0.0006970097310841084,inf,22.873101949691772,0.9418393628738456,0.5493482942574243,0.0727595385980479,0.03806870937790158,0.82,0.6195652173913043,23607,21850,0,793,48,0.9978032112121582,0.06052963435649872,0.9556412696838379,0.00840962026556237,,,,,,,,,0.0,0.09355539828538895
smd,./data/SMD,machine-3-5,machine-3-5,fixed,100,256,128,0.15,50,64,0.001,1,1,1,1,0.001,adam,0.1,0.99,fixed,gated,5000,none,8,0.95,"[0.5, 1.0, 2.0]",0,0,5,38,2.01569,8,0.0012307511642575264,0.0004481020732782781,24.99718189239502,0.8038974299987185,0.31242397792315274,0.0760689818095913,0.040049751243781094,0.755868544600939,0.39164490861618795,23592,13686,266,1515,553,0.9595937728881836,0.36501649022102356,0.5948724746704102,0.07889471081565218,0.8139684730634685,0.3267281591040661,0.8195522299208244,0.33504223182139464,0.824937720023126,0.33820494167110376,0.8083573725467642,0.12816455769987994,0.058781612664461136,0.7280066212018331
smd,./data/SMD,machine-1-7,machine-1-7,base_noTTA,100,256,128,0.15,50,64,0.001,1,0,1,0,0.001,adam,0.1,0.99,fixed,gated,5000,none,8,0.95,"[0.5, 1.0, 2.0]",0,0,4,38,2.015652,0,0.00234741298481822,inf,25.728811740875244,0.656829088327789,0.24216477689465726,0.14632379572618615,0.5564738292011019,0.08423686405337781,0.27736503219415554,23598,23389,0,3677,3468,0.851725161075592,0.9431601762771606,1.0,0.009366461498998608,,,,,,,,,0.0,0.0
smd,./data/SMD,machine-1-7,machine-1-7,gate_noTTA,100,256,128,0.15,50,64,0.001,1,1,1,0,0.001,adam,0.1,0.99,fixed,gated,5000,unc,8,0.95,"[0.5, 1.0, 2.0]",0,0,2,38,2.01569,8,0.002461969153955579,0.0006689847796224058,29.251209497451782,0.6397044585529337,0.23122801824703354,0.13763129300977905,0.5234159779614325,0.07923269391159299,0.2617579028527371,23598,23054,0,3677,3147,0.8634943962097168,0.8558607697486877,0.9992972016334534,0.07632053729911731,0.7018224786364179,0.29564174278264127,0.7078874514777307,0.3079823697674908,0.711355253593529,0.3107784101442198,0.710732238444161,0.29084709303613154,0.0,0.0
smd,./data/SMD,machine-2-3,machine-2-3,gate_noTTA,100,256,128,0.15,50,64,0.001,1,1,1,0,0.001,adam,0.1,0.99,fixed,gated,5000,unc,8,0.95,"[0.5, 1.0, 2.0]",0,0,1,38,2.01569,8,0.0006326418952085078,0.0002312073193024844,29.527386903762817,0.9516449258569074,0.43645797554348303,0.23512051155927205,0.1354875283446712,0.8884758364312267,0.4704225352112676,23590,20416,0,1259,235,0.9884894490242004,0.18665607273578644,0.903721272945404,0.06134598979812499,0.9553852551912863,0.4516062592544274,0.9533215978463423,0.44209073477008415,0.9491487274562778,0.40422377777938784,0.9101771751656355,0.15831922817198302,0.0399199848373731,0.02498765755444765
smd,./data/SMD,machine-1-1,machine-1-1,noMask_fixed,100,256,128,0.15,50,64,0.001,1,0,1,1,0.001,adam,0.1,0.99,fixed,gated,5000,none,8,0.95,"[0.5, 1.0, 2.0]",0,0,7,38,2.015652,0,0.00013427299563772976,inf,30.628856658935547,0.9070420712421359,0.47554077312513593,0.3780114865368837,0.2365350508727714,0.9406087602078693,0.5367911263865021,28380,19419,344,3486,30,0.9984551072120667,0.008605851791799068,0.7788623571395874,0.026485195791662537,,,,,,,,,0.10934930791457494,0.3027988076210022
smd,./data/SMD,machine-2-9,machine-2-9,gate_gbuf5k,100,256,128,0.15,50,64,0.001,1,1,1,1,0.001,adam,0.1,0.99,adaptive,gated,5000,unc,8,0.95,"[0.5, 1.0, 2.0]",0,0,6,38,2.01569,8,0.0007254161755554378,0.00040044818888418376,35.31851601600647,0.9680425595618238,0.619004290695683,0.5041551246537397,0.42374854481955765,0.6222222222222222,0.6370985361590562,28623,24963,435,2745,346,0.9861394762992859,0.12604735791683197,0.9512713551521301,0.0877573868057469,0.9727183915933129,0.6381636120728178,0.9737860254862517,0.6459795982867768,0.9738435823799417,0.6502128011513992,0.9596587028336945,0.585437651156011,0.017580626416020095,0.0156336585059762
smd,./data/SMD,machine-2-3,machine-2-3,noMask_fixed,100,256,128,0.15,50,64,0.001,1,0,1,1,0.001,adam,0.1,0.99,fixed,gated,5000,none,8,0.95,"[0.5, 1.0, 2.0]",0,0,3,38,2.015652,0,0.0006282434915192425,inf,30.455245971679688,0.953153819535935,0.46570426477713694,0.2442514052120593,0.1415876777251185,0.8884758364312267,0.4909983633387888,23590,22040,361,1259,450,0.9795825481414795,0.3574265241622925,0.9668174386024475,0.03170597194463027,,,,,,,,,0.04080680819849173,0.02611807982126872
smd,./data/SMD,machine-3-4,machine-3-4,gate_noTTA,100,256,128,0.15,50,64,0.001,1,1,1,0,0.001,adam,0.1,0.99,fixed,gated,5000,unc,8,0.95,"[0.5, 1.0, 2.0]",0,0,6,38,2.01569,8,0.0016979629872366786,0.00027529013459570706,25.494609117507935,0.7552603765965511,0.3357507757069641,0.2633204633204633,0.21140731556106634,0.3490276356192426,0.3724235963041933,23588,21418,0,1769,634,0.9703987240791321,0.3583945631980896,0.9525642991065979,0.07327767940260545,0.7915515464219542,0.39748250084692455,0.7933674423677656,0.41463544728050755,0.7914271304738172,0.42366593618151643,0.7810682013929359,0.40021804068728717,0.007860698271542788,0.0
smd,./data/SMD,machine-1-6,machine-1-6,gate_noTTA,100,256,128,0.15,50,64,0.001,1,1,1,0,0.001,adam,0.1,0.99,fixed,gated,5000,unc,8,0.95,"[0.5, 1.0, 2.0]",0,0,8,38,2.01569,8,0.0006029137875884771,0.00035587220918387175,27.64367651939392,0.8871435617342409,0.6378277330266744,0.5006939090208173,0.3505722306197366,0.8756742179072277,0.6304377286895242,23590,14821,0,6678,801,0.9459550380706787,0.11994609236717224,0.8289971351623535,0.06714091557676179,0.9161519786839569,0.677429815809834,0.9269912673782271,0.698678169735187,0.9334551750808359,0.7107948437027933,0.9140793921431402,0.594360914835832,0.1313657065232595,0.0562931535144647
smd,./data/SMD,machine-1-8,machine-1-8,gate_noTTA,100,256,128,0.15,50,64,0.001,1,1,1,0,0.001,adam,0.1,0.99,fixed,gated,5000,unc,8,0.95,"[0.5, 1.0, 2.0]",0,0,5,38,2.01569,8,0.0006132894777692854,0.00017005781410261989,28.970319747924805,0.821928223774766,0.336053479923297,0.22622516556291392,0.14176626826029218,0.5596330275229358,0.36779661016949156,23600,21352,0,2691,855,0.9599568843841553,0.3177257478237152,0.9802955389022827,0.07047316785586083,0.8958684853768261,0.3853630493868044,0.9134885447956841,0.39725949324876275,0.923620733240961,0.3912037492683047,0.9153634982247028,0.26420856948963123,0.029271783928076427,0.0005167958637078603
smd,./data/SMD,machine-3-9,machine-3-9,gate_noTTA,100,256,128,0.15,50,64,0.001,1,1,1,0,0.001,adam,0.1,0.99,fixed,gated,5000,unc,8,0.95,"[0.5, 1.0, 2.0]",0,0,3,38,2.01569,8,0.00024273170856758952,0.00012882422015536577,34.515169858932495,0.8515301054920699,0.15167155477210742,0.03426233699821018,0.01746952610651196,0.8844884488448845,0.20876826722338207,28614,5122,0,699,1,0.9998047351837158,0.0014306152006611228,0.18344976007938385,0.06785154959236775,0.8631363241920812,0.15917178097877246,0.8648804690395122,0.16533237978249554,0.8660567851927748,0.17660972745081216,0.8378425646154901,0.1975595504349097,0.477496862411499,0.9235463738441467
smd,./data/SMD,machine-3-2,machine-3-2,base_noTTA,100,256,128,0.15,50,64,0.001,1,0,1,0,0.001,adam,0.1,0.99,fixed,gated,5000,none,8,0.95,"[0.5, 1.0, 2.0]",0,0,8,38,2.015652,0,0.008109365589916706,inf,23.452375888824463,0.461584696592287,0.0459535521745013,0.02195945945945946,0.17333333333333334,0.011722272317403066,0.09055012115229293,23604,23604,0,2018,2018,0.9145060181617737,1.0,1.0,0.009067936118144824,,,,,,,,,0.0,0.0
smd,./data/SMD,machine-3-9,machine-3-9,mask_noTTA,100,256,128,0.15,50,64,0.001,1,1,1,0,0.001,adam,0.1,0.99,fixed,gated,5000,none,8,0.95,"[0.5, 1.0, 2.0]",0,0,1,38,2.01569,8,0.00024453605874441564,0.00012805966252926737,35.72684335708618,0.85312596201542,0.25210568073441314,0.0351148980118771,0.01790769635920732,0.8976897689768977,0.32,28614,5692,0,699,1,0.9998242855072021,0.0014306152006611228,0.20386888086795807,0.07156356872315425,0.8678027887266022,0.2634132280686189,0.8706751562167833,0.2712782696356454,0.8727343484084417,0.28750824324217844,0.8451286733742013,0.24892851506882704,0.47587719062964123,0.9219266772270203
smd,./data/SMD,machine-1-8,machine-1-8,base_noTTA,100,256,128,0.15,50,64,0.001,1,0,1,0,0.001,adam,0.1,0.99,fixed,gated,5000,none,8,0.95,"[0.5, 1.0, 2.0]",0,0,3,38,2.015652,0,0.0005874795606359839,inf,32.251871824264526,0.8276542830903109,0.36126577782747465,0.27593289969188634,0.18674698795180722,0.528178243774574,0.393687707641196,23600,22439,0,2691,1633,0.9272249341011047,0.6068376302719116,0.9950739145278931,0.012540241419258764,,,,,,,,,0.018142780289053917,0.0
smd,./data/SMD,machine-2-8,machine-2-8,base_noTTA,100,256,128,0.15,50,64,0.001,1,0,1,0,0.001,adam,0.1,0.99,fixed,gated,5000,none,8,0.95,"[0.5, 1.0, 2.0]",0,0,9,38,2.015652,0,0.0001014390290947631,inf,24.12003779411316,0.9931366222176725,0.9698517095049065,0.11703317182258667,0.06225218080888184,0.9751552795031055,0.9779179810725552,23604,21637,0,260,11,0.9994916319847107,0.042307693511247635,0.9264050722122192,0.009467845810730364,,,,,,,,,0.048002259184916816,0.001147430690859134
smd,./data/SMD,machine-2-1,machine-2-1,base_noTTA,100,256,128,0.15,50,64,0.001,1,0,1,0,0.001,adam,0.1,0.99,fixed,gated,5000,none,8,0.95,"[0.5, 1.0, 2.0]",0,0,3,38,2.015652,0,0.0013330678921192884,inf,29.251097679138184,0.7510878045374583,0.28105922241697934,0.2868217054263566,0.23052959501557632,0.37948717948717947,0.3212996389891697,23595,22828,0,2457,1691,0.9259243011474609,0.6882376670837402,0.9999526739120483,0.010935960621317456,,,,,,,,,0.00014887598808854818,0.0
smd,./data/SMD,machine-2-8,machine-2-8,base_noTTA,100,256,128,0.15,50,64,0.001,1,0,1,0,0.001,adam,0.1,0.99,fixed,gated,5000,none,8,0.95,"[0.5, 1.0, 2.0]",0,0,1,38,2.015652,0,0.00010836158617166802,inf,26.091164350509644,0.9947745037150466,0.9595586967498521,0.12721417069243154,0.0680154972018941,0.9813664596273292,0.9196141479099679,23604,22000,0,260,10,0.9995454549789429,0.03846153989434242,0.9419979453086853,0.008917666960320135,,,,,,,,,0.03684879435847203,0.0002824858723518749
smd,./data/SMD,machine-3-11,machine-3-11,gate_noTTA,100,256,128,0.15,50,64,0.001,1,1,1,0,0.001,adam,0.1,0.99,fixed,gated,5000,unc,8,0.95,"[0.5, 1.0, 2.0]",0,0,4,38,2.01569,8,0.0004009345138911158,0.0002327903057448566,37.790037870407104,0.9000787579635218,0.5109377960058572,0.028199735140609177,0.01432075322414748,0.9141414141414141,0.5523809523809524,28597,13095,0,440,0,1.0,0.0,0.46507084369659424,0.08387701008733962,0.907589474646812,0.5187129572849448,0.9113274651207138,0.5240724685605856,0.9136987107370993,0.5323629656138971,0.9040997737923837,0.2700038644193854,0.13892773538827896,0.982430100440979
smd,./data/SMD,machine-1-1,machine-1-1,mask_noTTA,100,256,128,0.15,50,64,0.001,1,1,1,0,0.001,adam,0.1,0.99,fixed,gated,5000,none,8,0.95,"[0.5, 1.0, 2.0]",0,0,4,38,2.01569,8,0.00015781492402311414,0.0001802831538952887,36.444374322891235,0.8950281430347662,0.454452620819539,0.3620074295287348,0.22519256909832353,0.9224201930215293,0.5354859335038364,28380,20376,0,3486,92,0.9954848885536194,0.026391278952360153,0.8148148059844971,0.06081280026156941,0.923509046813501,0.4952849275898035,0.9314014481293328,0.5187696684515402,0.93697121951999,0.5451488644886874,0.9125696485946335,0.5616757816638575,0.09419778982798259,0.2533814211686452
smd,./data/SMD,machine-1-2,machine-1-2,noMask_fixed,100,256,128,0.15,50,64,0.001,1,0,1,1,0.001,adam,0.1,0.99,fixed,gated,5000,none,8,0.95,"[0.5, 1.0, 2.0]",0,0,6,38,2.015652,0,0.0052323173731565475,inf,26.966461658477783,0.8850125243218568,0.23932103597260462,0.26143790849673204,0.2155688622754491,0.33210332103321033,0.28625592417061607,23595,23301,368,1532,1238,0.9468692541122437,0.8080939650535583,1.0,0.029310762793817214,,,,,,,,,0.0,0.0
smd,./data/SMD,machine-1-8,machine-1-8,gate_noTTA,100,256,128,0.15,50,64,0.001,1,1,1,0,0.001,adam,0.1,0.99,fixed,gated,5000,unc,8,0.95,"[0.5, 1.0, 2.0]",0,0,1,38,2.01569,8,0.0006168573163449764,0.00018300751980859786,29.582510948181152,0.8239464044002321,0.34394294984149465,0.24567575491058338,0.15823262839879154,0.5491480996068152,0.3745082612116444,23600,21552,0,2691,1007,0.9532757997512817,0.37421032786369324,0.9825912117958069,0.06486289582010042,0.8894624897315271,0.38493081160389625,0.9073688321163547,0.3926298002757628,0.9187423800731511,0.3852302020815369,0.9121186150898666,0.259697962555259,0.02856682799756527,0.00017226528143510222
smd,./data/SMD,machine-2-4,machine-2-4,mask_noTTA,100,256,128,0.15,50,64,0.001,1,1,1,0,0.001,adam,0.1,0.99,fixed,gated,5000,none,8,0.95,"[0.5, 1.0, 2.0]",0,0,9,38,2.01569,8,0.0005740499473176897,0.00034828908974304795,27.697052001953125,0.7611863058927475,0.3666494097351117,0.2730991677246438,0.1794253938832252,0.5714285714285714,0.3656330749354005,23590,20457,0,3674,1760,0.9139658808708191,0.4790419042110443,0.9387929439544678,0.06217909041174694,0.8032646949652882,0.39126639163974014,0.825396428779429,0.4087032991785951,0.8451696787372251,0.42727359143542504,0.8263609605381496,0.3534579145145402,0.05336339771747589,0.051096602265412606
smd,./data/SMD,machine-2-7,machine-2-7,gate_gbuf5k,100,256,128,0.15,50,64,0.001,1,1,1,1,0.001,adam,0.1,0.99,adaptive,gated,5000,unc,8,0.95,"[0.5, 1.0, 2.0]",0,0,4,38,2.01569,8,0.0033671001438051462,0.0008528704638592899,31.61302947998047,0.8683246280676391,0.2745347791977991,0.23268698060941828,0.16358325219084713,0.4028776978417266,0.35806831566548886,23597,22890,366,2397,1913,0.9164263606071472,0.7980809211730957,0.9894811511039734,0.10932418872386908,0.8619828309353034,0.23894130046887543,0.8548416389531099,0.20162088378586346,0.8462823452308217,0.17104867783729386,0.8104293831999136,0.09358871796862478,0.013238347756365934,0.024100656310717266
smd,./data/SMD,machine-1-8,machine-1-8,fixed,100,256,128,0.15,50,64,0.001,1,1,1,1,0.001,adam,0.1,0.99,fixed,gated,5000,none,8,0.95,"[0.5, 1.0, 2.0]",0,0,9,38,2.01569,8,0.000606205256190151,0.00015917459677439183,25.052080392837524,0.8379139560260221,0.35462003797240854,0.25927120283779426,0.17194183062446536,0.526867627785059,0.3897216274089936,23600,22379,364,2691,1627,0.9272978901863098,0.6046079397201538,0.9924912452697754,0.08009414551621777,0.902524764333691,0.4014661993809721,0.9178543028844067,0.4038531254491263,0.9264005351262913,0.3914986399363511,0.9150079016384299,0.2551172861095099,0.023076371289789677,0.003962101725240548
smd,./data/SMD,machine-1-7,machine-1-7,gate_noTTA,100,256,128,0.15,50,64,0.001,1,1,1,0,0.001,adam,0.1,0.99,fixed,gated,5000,unc,8,0.95,"[0.5, 1.0, 2.0]",0,0,4,38,2.01569,8,0.002375692129135132,0.0006557992892339826,29.06519913673401,0.6525473068018676,0.23574942113720943,0.13887884267631104,0.5231607629427792,0.08006672226855713,0.26549623790756,23598,23021,0,3677,3117,0.8646019101142883,0.847701907157898,0.9991466403007507,0.06686301441129582,0.70392839142718,0.2973995501068183,0.7086153222274959,0.3072812628872457,0.7114103979868663,0.30967169622481966,0.7118736285120459,0.2922554434491138,0.0,0.0
smd,./data/SMD,machine-3-2,machine-3-2,mask_noTTA,100,256,128,0.15,50,64,0.001,1,1,1,0,0.001,adam,0.1,0.99,fixed,gated,5000,none,8,0.95,"[0.5, 1.0, 2.0]",0,0,8,38,2.01569,8,0.0073011876083910465,0.001035031396895647,26.561331510543823,0.46751533499202164,0.04550762676758148,0.023178807947019864,0.1414141414141414,0.012623985572587917,0.09017663464518129,23604,23604,0,2018,2018,0.9145060181617737,1.0,1.0,0.06371134520587103,0.5675733393314519,0.061203391021320296,0.5777202075640628,0.0681388330784578,0.5835714262338774,0.07554918872502345,0.5872217406043068,0.08580131931537235,0.0,0.0
smd,./data/SMD,machine-3-6,machine-3-6,fixed,100,256,128,0.15,50,64,0.001,1,1,1,1,0.001,adam,0.1,0.99,fixed,gated,5000,none,8,0.95,"[0.5, 1.0, 2.0]",0,0,8,38,2.01569,8,0.00040237311623059213,0.00032713418477214873,32.63635849952698,0.8507904522126348,0.2896757537712561,0.2787327266599259,0.17447257383966244,0.6926298157453936,0.3150791590968077,28627,24889,411,2283,101,0.9959419965744019,0.044240035116672516,0.9409353137016296,0.0895961895795874,0.8920392710075634,0.3088784990966792,0.9040937531864855,0.3153227138960986,0.9115800624021847,0.31602443324678636,0.9042014092448781,0.23199556526541967,0.011111111380159855,0.11575968066851298
smd,./data/SMD,machine-3-6,machine-3-6,gate_noTTA,100,256,128,0.15,50,64,0.001,1,1,1,0,0.001,adam,0.1,0.99,fixed,gated,5000,unc,8,0.95,"[0.5, 1.0, 2.0]",0,0,8,38,2.01569,8,0.00040237311623059213,0.00032713418477214873,36.51576805114746,0.8531851226688918,0.2979104600268058,0.2630619684082625,0.1606679035250464,0.7252931323283082,0.33379616773118576,28627,23964,0,2283,81,0.9966199398040771,0.03547963127493858,0.9065821170806885,0.06279724836141276,0.8917606702698441,0.31717122657611624,0.904706638305577,0.32332347517967935,0.9133126435363411,0.32238102842053323,0.9055846177227365,0.2298687014783952,0.0030525031810005507,0.109645064920187
smd,./data/SMD,machine-3-10,machine-3-10,noMask_fixed,100,256,128,0.15,50,64,0.001,1,0,1,1,0.001,adam,0.1,0.99,fixed,gated,5000,none,8,0.95,"[0.5, 1.0, 2.0]",0,0,4,38,2.015652,0,0.0012273115571588278,inf,29.494781732559204,0.9652376037109851,0.7371097698285739,0.7144827586206897,0.6888297872340425,0.7421203438395415,0.7161493477282951,23594,22586,358,2334,1326,0.941291093826294,0.5681234002113342,1.0,0.03097998527002363,,,,,,,,,0.0,0.0
smd,./data/SMD,machine-3-2,machine-3-2,gate_gbuf5k,100,256,128,0.15,50,64,0.001,1,1,1,1,0.001,adam,0.1,0.99,adaptive,gated,5000,unc,8,0.95,"[0.5, 1.0, 2.0]",0,0,4,38,2.01569,8,0.008319107815623283,0.0010485926177352667,31.848769426345825,0.4767109623891307,0.04670032788747348,0.021806853582554516,0.016658733936220846,0.031559963931469794,0.09101969089352499,23604,22876,366,2018,1932,0.9155446887016296,0.9573835730552673,0.9702584743499756,0.12034751503897044,0.5683166720850346,0.06376874392364662,0.5759900148247502,0.07125905646752645,0.5807087839737849,0.0797667737017852,0.5844302368711404,0.09208019999506928,0.0,0.08053122057269017
smd,./data/SMD,machine-3-6,machine-3-6,base_noTTA,100,256,128,0.15,50,64,0.001,1,0,1,0,0.001,adam,0.1,0.99,fixed,gated,5000,none,8,0.95,"[0.5, 1.0, 2.0]",0,0,9,38,2.015652,0,0.0003562736383173615,inf,31.717613458633423,0.860516046988782,0.29205487956750303,0.2823645970937913,0.1758535582064994,0.7160804020100503,0.32174364296834457,28627,24672,0,2283,67,0.9972843527793884,0.02934735082089901,0.9339887499809265,0.009590669887075132,,,,,,,,,0.00825743159900109,0.1223018728196621
smd,./data/SMD,machine-2-1,machine-2-1,fixed,100,256,128,0.15,50,64,0.001,1,1,1,1,0.001,adam,0.1,0.99,fixed,gated,5000,none,8,0.95,"[0.5, 1.0, 2.0]",0,0,7,38,2.01569,8,0.0014055519131943583,0.0003111149126198143,24.117686986923218,0.7639425069100082,0.3047487425948381,0.31187790311877905,0.25488069414316705,0.4017094017094017,0.3326941514860978,23595,23050,365,2457,1912,0.9170498847961426,0.7781847715377808,1.0,0.08464113184142148,0.814660487502789,0.3750354508874621,0.8228581251223765,0.401415459491529,0.8252176595676862,0.4095547282046238,0.8065576585355488,0.3284429108164342,0.0,0.0
smd,./data/SMD,machine-1-4,machine-1-4,noMask_fixed,100,256,128,0.15,50,64,0.001,1,0,1,1,0.001,adam,0.1,0.99,fixed,gated,5000,none,8,0.95,"[0.5, 1.0, 2.0]",0,0,6,38,2.015652,0,0.0009513837867416441,inf,26.479167222976685,0.7959373776482359,0.267977993619996,0.31217326362957426,0.3376413570274637,0.2902777777777778,0.3425414364640884,23608,23013,367,1908,1313,0.9429453015327454,0.6881551146507263,1.0,0.028273133009985237,,,,,,,,,0.0,0.0
smd,./data/SMD,machine-3-2,machine-3-2,noMask_fixed,100,256,128,0.15,50,64,0.001,1,0,1,1,0.001,adam,0.1,0.99,fixed,gated,5000,none,8,0.95,"[0.5, 1.0, 2.0]",0,0,6,38,2.015652,0,0.006322615779936314,inf,25.058102130889893,0.4691790386509086,0.04659088023081229,0.026359143327841842,0.1523809523809524,0.014427412082957619,0.09031227821149752,23604,23604,369,2018,2018,0.9145060181617737,1.0,1.0,0.02837612394194869,,,,,,,,,0.0,0.0
smd,./data/SMD,machine-1-8,machine-1-8,fixed,100,256,128,0.15,50,64,0.001,1,1,1,1,0.001,adam,0.1,0.99,fixed,gated,5000,none,8,0.95,"[0.5, 1.0, 2.0]",0,0,2,38,2.01569,8,0.0006130127003416419,0.00017415391630493104,29.022180318832397,0.8396430251412443,0.35620918387839845,0.2780678851174935,0.18513689700130379,0.5583224115334207,0.38079470198675497,23600,22324,364,2691,1621,0.927387535572052,0.6023783087730408,0.9901477694511414,0.09851209187911729,0.9040888636040522,0.40025568316333954,0.9194079165411442,0.4042424242078989,0.9281836608654271,0.39399844944281925,0.9177618752002838,0.2590161308873895,0.021542818285524845,0.008760887450383356
smd,./data/SMD,machine-2-4,machine-2-4,fixed,100,256,128,0.15,50,64,0.001,1,1,1,1,0.001,adam,0.1,0.99,fixed,gated,5000,none,8,0.95,"[0.5, 1.0, 2.0]",0,0,0,38,2.01569,8,0.0005679897149093449,0.0003561358025763184,29.058214902877808,0.795008485077509,0.40349646124802313,0.3368954899474733,0.24301019074993468,0.5489964580873672,0.4052718286655684,23590,21461,351,3674,2074,0.903359591960907,0.5645073652267456,0.9734384417533875,0.09085031422885509,0.8351778323559099,0.43209176729082877,0.8529230642469189,0.44896228503344326,0.8646426833618136,0.46073387388426923,0.8243050033105626,0.3488018403893351,0.03494926790396372,0.033785734325647354
smd,./data/SMD,machine-3-10,machine-3-10,mask_noTTA,100,256,128,0.15,50,64,0.001,1,1,1,0,0.001,adam,0.1,0.99,fixed,gated,5000,none,8,0.95,"[0.5, 1.0, 2.0]",0,0,3,38,2.01569,8,0.0011326620588079095,0.00010460303747095168,29.224252462387085,0.9580949459987157,0.6720164302316912,0.6322701688555347,0.6211981566820276,0.6437440305635148,0.6498455200823894,23594,22576,0,2334,1316,0.9417080283164978,0.5638388991355896,1.0,0.06371745115782818,0.9701379928319948,0.6742257574272624,0.9680950042011168,0.6365327524940035,0.9653964583079753,0.5796970726451618,0.9570592806638718,0.44801103323473956,0.0,0.0
smd,./data/SMD,machine-2-1,machine-2-1,fixed,100,256,128,0.15,50,64,0.001,1,1,1,1,0.001,adam,0.1,0.99,fixed,gated,5000,none,8,0.95,"[0.5, 1.0, 2.0]",0,0,5,38,2.01569,8,0.0013748763594776392,0.00030824533314444125,27.458804845809937,0.7679283028776902,0.3019077737341458,0.3172460344245697,0.2621305075292805,0.4017094017094017,0.33333333333333337,23595,22992,365,2457,1854,0.919363260269165,0.7545787692070007,1.0,0.08611268829455641,0.8161648088193106,0.3785543196108185,0.8232646051239553,0.40717167308157104,0.8245936148639932,0.41700948887905953,0.8045265107532021,0.34554336965213595,0.0,0.0
smd,./data/SMD,machine-2-7,machine-2-7,base_noTTA,100,256,128,0.15,50,64,0.001,1,0,1,0,0.001,adam,0.1,0.99,fixed,gated,5000,none,8,0.95,"[0.5, 1.0, 2.0]",0,0,8,38,2.015652,0,0.003490678034722805,inf,25.887567281723022,0.8659467889411139,0.31039337217366003,0.3177892918825561,0.5679012345679012,0.22062350119904076,0.3520208604954368,23597,23469,0,2397,2269,0.9033192992210388,0.9465999007225037,1.0,0.009261162931617904,,,,,,,,,0.0,0.0
smd,./data/SMD,machine-2-7,machine-2-7,gate_gbuf5k,100,256,128,0.15,50,64,0.001,1,1,1,1,0.001,adam,0.1,0.99,adaptive,gated,5000,unc,8,0.95,"[0.5, 1.0, 2.0]",0,0,0,38,2.01569,8,0.003330853534862399,0.0008358260965906084,27.477357387542725,0.8860820102885001,0.2984322885932432,0.24929971988795518,0.17606330365974282,0.42685851318944845,0.3902439024390244,23597,22867,366,2397,1882,0.9176979660987854,0.7851480841636658,0.9898585081100464,0.09576603533449014,0.872453564276033,0.2720341544132078,0.862650160811254,0.23116620482127587,0.8511686462505755,0.19424760661474533,0.8053935561976127,0.09973831793093231,0.013421249575912952,0.02232854813337326
smd,./data/SMD,machine-2-8,machine-2-8,gate_gbuf5k,100,256,128,0.15,50,64,0.001,1,1,1,1,0.001,adam,0.1,0.99,adaptive,gated,5000,unc,8,0.95,"[0.5, 1.0, 2.0]",0,0,6,38,2.01569,8,0.00011293332499917597,7.379231101367623e-05,26.660603284835815,0.9943030323497425,0.9572641911616798,0.1542997542997543,0.08377801494130203,0.9751552795031055,0.9230769230769231,23604,21769,365,260,14,0.9993568658828735,0.05384615436196327,0.9319311380386353,0.08376681830918985,0.993086493756896,0.9571687275779741,0.9925931241692526,0.9573773328313268,0.9919831399518028,0.9578437295670739,0.9885200548141527,0.9272854313619486,0.03162501814464728,0.0
smd,./data/SMD,machine-3-8,machine-3-8,fixed,100,256,128,0.15,50,64,0.001,1,1,1,1,0.001,adam,0.1,0.99,fixed,gated,5000,none,8,0.95,"[0.5, 1.0, 2.0]",0,0,7,38,2.01569,8,0.0006836515385657549,0.00018535571871325374,29.864075183868408,0.8587561096104525,0.2743232770660909,0.3162293940097516,0.23194822888283378,0.49671772428884026,0.31710709318497915,28605,26092,435,1965,576,0.9779242873191833,0.2931297719478607,0.9578077793121338,0.0793199900917356,0.89795651294568,0.32046082404852266,0.894911191076862,0.3401783932274683,0.886192373109743,0.34587742567031476,0.843605940863398,0.28597603665316546,0.00034952815622091293,0.131478284796079
smd,./data/SMD,machine-2-6,machine-2-6,base_noTTA,100,256,128,0.15,50,64,0.001,1,0,1,0,0.001,adam,0.1,0.99,fixed,gated,5000,none,8,0.95,"[0.5, 1.0, 2.0]",0,0,5,38,2.015652,0,0.0003984023642260581,inf,31.0347421169281,0.8764209741176502,0.3593291323155932,0.11837778589696749,0.06415841584158416,0.7641509433962265,0.37677053824362605,28644,24341,0,1121,119,0.9951111078262329,0.10615521669387817,0.8800639510154724,0.009728117272800913,,,,,,,,,0.04658575356006622,0.14651822547117868
smd,./data/SMD,machine-3-6,machine-3-6,base_noTTA,100,256,128,0.15,50,64,0.001,1,0,1,0,0.001,adam,0.1,0.99,fixed,gated,5000,none,8,0.95,"[0.5, 1.0, 2.0]",0,0,2,38,2.015652,0,0.000335128657752648,inf,34.0100998878479,0.866175990490493,0.3007204158458654,0.28008684863523575,0.1718690521507423,0.7562814070351759,0.3356713426853707,28627,24573,0,2283,65,0.9973548054695129,0.028471309691667557,0.9303067326545715,0.00957261380437376,,,,,,,,,0.01716238136092822,0.12396726633111636
smd,./data/SMD,machine-3-11,machine-3-11,gate_gbuf5k,100,256,128,0.15,50,64,0.001,1,1,1,1,0.001,adam,0.1,0.99,adaptive,gated,5000,unc,8,0.95,"[0.5, 1.0, 2.0]",0,0,4,38,2.01569,8,0.0004009345138911158,0.0002327903057448566,38.179598331451416,0.8798140007698573,0.4657239157485818,0.0435672514619883,0.022433002107798857,0.7525252525252525,0.5305164319248825,28597,18679,349,440,37,0.9980191588401794,0.08409091085195541,0.6620733737945557,0.11251366012983566,0.8846619397710702,0.46957809974459735,0.8888002773187699,0.4729484525073711,0.8939975231293921,0.47822177852551123,0.8907105655473961,0.2309601259135492,0.101398599644502,0.26748402913411456
smd,./data/SMD,machine-1-7,machine-1-7,mask_noTTA,100,256,128,0.15,50,64,0.001,1,1,1,0,0.001,adam,0.1,0.99,fixed,gated,5000,none,8,0.95,"[0.5, 1.0, 2.0]",0,0,7,38,2.01569,8,0.002454083878546953,0.0007063500233925879,24.723154306411743,0.6482584866075972,0.24055349931245945,0.14374315943086466,0.5743440233236151,0.08215179316096748,0.27577459684725497,23598,23384,0,3677,3463,0.8519073128700256,0.9418003559112549,1.0,0.05912270543130538,0.7040596004284053,0.296645850063391,0.7086123168433748,0.30490693460587814,0.7106220279736847,0.30510867110107714,0.7081739419217252,0.28605722363691644,0.0,0.0
smd,./data/SMD,machine-1-7,machine-1-7,fixed,100,256,128,0.15,50,64,0.001,1,1,1,1,0.001,adam,0.1,0.99,fixed,gated,5000,none,8,0.95,"[0.5, 1.0, 2.0]",0,0,0,38,2.01569,8,0.0024933419190347195,0.0006812465726397932,28.772910356521606,0.6483027450493295,0.23020518985391986,0.14498006524102935,0.554016620498615,0.08340283569641367,0.2589686098654709,23598,23374,368,3677,3453,0.8522717356681824,0.9390807747840881,1.0,0.09445732291931519,0.7097321699566453,0.29841212788315036,0.7148755471414373,0.3147091786845863,0.7173560267310416,0.3207478796651346,0.714570730706971,0.2993780402811977,0.0,0.0
smd,./data/SMD,machine-3-3,machine-3-3,gate_noTTA,100,256,128,0.15,50,64,0.001,1,1,1,0,0.001,adam,0.1,0.99,fixed,gated,5000,unc,8,0.95,"[0.5, 1.0, 2.0]",0,0,3,38,2.01569,8,0.0008393939351662993,0.00029042037203907967,34.11464047431946,0.8881636845862169,0.26920143949709113,0.24746227709190674,0.14968469963491537,0.7136075949367089,0.3414330218068536,23604,21044,0,3206,1757,0.9165082573890686,0.5480349063873291,0.9455338716506958,0.07976445883456942,0.9006483974346664,0.2968572657063359,0.9024532963460621,0.30488324485486545,0.9009124419993539,0.29266813054186186,0.864622431360758,0.13070853910424604,0.00812215730547905,0.03417484648525715
smd,./data/SMD,machine-2-7,machine-2-7,base_noTTA,100,256,128,0.15,50,64,0.001,1,0,1,0,0.001,adam,0.1,0.99,fixed,gated,5000,none,8,0.95,"[0.5, 1.0, 2.0]",0,0,1,38,2.015652,0,0.0030111544765532017,inf,25.83298635482788,0.8797256880693307,0.30263457924960174,0.34028892455858745,0.5145631067961165,0.2541966426858513,0.38119440914866576,23597,23456,0,2397,2256,0.9038199186325073,0.9411764740943909,1.0,0.008964465827099645,,,,,,,,,0.0,0.0
smd,./data/SMD,machine-3-3,machine-3-3,mask_noTTA,100,256,128,0.15,50,64,0.001,1,1,1,0,0.001,adam,0.1,0.99,fixed,gated,5000,none,8,0.95,"[0.5, 1.0, 2.0]",0,0,4,38,2.01569,8,0.0008416348719038069,0.0002965376479551196,31.39533281326294,0.883981287264575,0.2649107132082023,0.2469135802469136,0.15006821282401092,0.6962025316455697,0.33222148098732485,23604,22301,0,3206,2307,0.8965517282485962,0.7195882797241211,0.9801941514015198,0.08748485120428434,0.8995226760100493,0.2948297967582311,0.9021008482894576,0.30542956089529455,0.9015156295179054,0.29644899876624725,0.869704569109447,0.1360821786569071,0.004385964944958687,0.032819452695548534
smd,./data/SMD,machine-1-6,machine-1-6,gate_gbuf5k,100,256,128,0.15,50,64,0.001,1,1,1,1,0.001,adam,0.1,0.99,adaptive,gated,5000,unc,8,0.95,"[0.5, 1.0, 2.0]",0,0,2,38,2.01569,8,0.0006085451459512115,0.0003863985475618392,29.326828956604004,0.8894370566277444,0.6401147608809954,0.45956951716114025,0.49873737373737376,0.4261057173678533,0.6350188273265196,23590,19446,351,6678,3186,0.8361616730690002,0.47708895802497864,0.9614474773406982,0.1010971283599349,0.9165718084823515,0.6783768731202892,0.9268200556440161,0.6985411673220395,0.9331552339879304,0.7102859002624924,0.9129217389745717,0.590169353525117,0.0608812669912974,0.00039777248942603666
smd,./data/SMD,machine-1-7,machine-1-7,base_noTTA,100,256,128,0.15,50,64,0.001,1,0,1,0,0.001,adam,0.1,0.99,fixed,gated,5000,none,8,0.95,"[0.5, 1.0, 2.0]",0,0,7,38,2.015652,0,0.0022957080509513617,inf,23.692559003829956,0.6486281096964029,0.2369078551371624,0.13166605369621184,0.557632398753894,0.07464553794829024,0.27400562474889517,23598,23383,0,3677,3462,0.8519437313079834,0.9415284395217896,1.0,0.008834641973329142,,,,,,,,,0.0,0.0
smd,./data/SMD,machine-1-2,machine-1-2,gate_gbuf5k,100,256,128,0.15,50,64,0.001,1,1,1,1,0.001,adam,0.1,0.99,adaptive,gated,5000,unc,8,0.95,"[0.5, 1.0, 2.0]",0,0,9,38,2.01569,8,0.0043657878413796425,0.0007967401761561632,28.21032452583313,0.8853931310995901,0.23686401132557652,0.24741447891805884,0.1577079107505071,0.5738007380073801,0.2738481505515899,23595,21769,362,1532,619,0.9715650677680969,0.4040469825267792,0.9586185216903687,0.09572682276598653,0.898003997964997,0.2749868487317012,0.8902244304924043,0.29128625355939225,0.8776061523141148,0.29243979804523723,0.8258070521271902,0.18479495670349794,0.019372905662748963,0.0
smd,./data/SMD,machine-2-6,machine-2-6,base_noTTA,100,256,128,0.15,50,64,0.001,1,0,1,0,0.001,adam,0.1,0.99,fixed,gated,5000,none,8,0.95,"[0.5, 1.0, 2.0]",0,0,2,38,2.015652,0,0.0003992268175352365,inf,33.686591386795044,0.8734202885322009,0.34788149921348327,0.11578568860122257,0.06267029972752043,0.7594339622641509,0.3614814814814815,28644,24331,0,1121,118,0.9951502084732056,0.10526315867900848,0.8797369599342346,0.010143352144175012,,,,,,,,,0.046829864382743835,0.14714588721593222
smd,./data/SMD,machine-2-2,machine-2-2,mask_noTTA,100,256,128,0.15,50,64,0.001,1,1,1,0,0.001,adam,0.1,0.99,fixed,gated,5000,none,8,0.95,"[0.5, 1.0, 2.0]",0,0,6,38,2.01569,8,0.0007844958454370499,0.0003955076972488314,28.033830165863037,0.5689977914856552,0.15108191381046354,0.13519163763066203,0.13347093223254214,0.13695728909283444,0.2325555800132071,23601,21544,0,3922,2807,0.8697084784507751,0.7157062888145447,0.9521316885948181,0.06100783019362655,0.5889040486711843,0.15267620717388697,0.5972818014334512,0.15372841761659214,0.6039416920681876,0.15464438059475194,0.6072229663027625,0.14444732070834262,0.011158191909392675,0.048436557253201805
smd,./data/SMD,machine-2-2,machine-2-2,fixed,100,256,128,0.15,50,64,0.001,1,1,1,1,0.001,adam,0.1,0.99,fixed,gated,5000,none,8,0.95,"[0.5, 1.0, 2.0]",0,0,4,38,2.01569,8,0.0007763131288811564,0.0004015885933768004,28.505239725112915,0.5739781597301626,0.14439531870810315,0.11969723640204188,0.11938202247191011,0.1200141193081539,0.23912321487877783,23601,21742,362,3922,3001,0.8619722127914429,0.7651708126068115,0.952335000038147,0.0876428252493677,0.573628035802227,0.14292850105368343,0.5711388201114581,0.14175940384576674,0.5679397906608055,0.140596045094048,0.5608159240787608,0.1292315616361508,0.011158191909392675,0.048601473371187844
smd,./data/SMD,machine-2-4,machine-2-4,noMask_fixed,100,256,128,0.15,50,64,0.001,1,0,1,1,0.001,adam,0.1,0.99,fixed,gated,5000,none,8,0.95,"[0.5, 1.0, 2.0]",0,0,7,38,2.015652,0,0.0005703739589080215,inf,26.64181685447693,0.7986801363302221,0.4002891916093482,0.348694316436252,0.25839499146272055,0.5360094451003542,0.3982655103402268,23590,21394,351,3674,2039,0.9046928882598877,0.5549809336662292,0.9718316793441772,0.027460251485154304,,,,,,,,,0.03457346806923548,0.034886176571793236
smd,./data/SMD,machine-1-4,machine-1-4,base_noTTA,100,256,128,0.15,50,64,0.001,1,0,1,0,0.001,adam,0.1,0.99,fixed,gated,5000,none,8,0.95,"[0.5, 1.0, 2.0]",0,0,4,38,2.015652,0,0.0009295197669416666,inf,27.68641710281372,0.8346175132804532,0.2850965756114939,0.3333333333333333,0.3390804597701149,0.3277777777777778,0.33979933110367894,23608,22958,0,1908,1258,0.9452042579650879,0.6593291163444519,1.0,0.009193163086139157,,,,,,,,,0.0,0.0
smd,./data/SMD,machine-3-3,machine-3-3,noMask_fixed,100,256,128,0.15,50,64,0.001,1,0,1,1,0.001,adam,0.1,0.99,fixed,gated,5000,none,8,0.95,"[0.5, 1.0, 2.0]",0,0,8,38,2.015652,0,0.000785415933933109,inf,27.19941020011902,0.8855204270361882,0.2864668082315074,0.2532212885154062,0.15384615384615385,0.7151898734177216,0.35031277926720283,23604,22221,359,3206,2387,0.8925790786743164,0.7445414662361145,0.9723502397537231,0.026635407714636888,,,,,,,,,0.006822612136602402,0.05374824876586596
smd,./data/SMD,machine-3-9,machine-3-9,gate_gbuf5k,100,256,128,0.15,50,64,0.001,1,1,1,1,0.001,adam,0.1,0.99,adaptive,gated,5000,unc,8,0.95,"[0.5, 1.0, 2.0]",0,0,9,38,2.01569,8,0.00023831124417483807,0.0001263797312276438,34.04300594329834,0.8486552984759933,0.24887889866596744,0.05642701525054466,0.02917652360031542,0.8547854785478548,0.2793017456359102,28614,10700,331,699,15,0.9985981583595276,0.021459227427840233,0.3827691078186035,0.08658638055147744,0.8704802264809373,0.2618086442878924,0.8758402714611481,0.27195623231338245,0.8793419785484355,0.29279065857370007,0.8565749288762035,0.2589372905720617,0.29150570432345074,0.32154586911201477
smd,./data/SMD,machine-2-2,machine-2-2,base_noTTA,100,256,128,0.15,50,64,0.001,1,0,1,0,0.001,adam,0.1,0.99,fixed,gated,5000,none,8,0.95,"[0.5, 1.0, 2.0]",0,0,7,38,2.015652,0,0.0007109983707778156,inf,26.22096347808838,0.5809125605157611,0.15334738879755175,0.11753221397891449,0.13149847094801223,0.10624779385810096,0.23994340004042852,23601,21549,0,3922,2812,0.8695067167282104,0.7169811129570007,0.9521316885948181,0.008602474893605747,,,,,,,,,0.009604519853989283,0.04862350970506668
smd,./data/SMD,machine-2-9,machine-2-9,gate_gbuf5k,100,256,128,0.15,50,64,0.001,1,1,1,1,0.001,adam,0.1,0.99,adaptive,gated,5000,unc,8,0.95,"[0.5, 1.0, 2.0]",0,0,4,38,2.01569,8,0.0007201341213658452,0.00040644887485541403,35.99406027793884,0.9638074688098792,0.5659824286760313,0.5031593728059911,0.42692613185067513,0.6125356125356125,0.6086580086580087,28623,24952,430,2745,324,0.9870150685310364,0.1180327832698822,0.9516963958740234,0.11197295290691708,0.9692624212963887,0.5878860851036416,0.9701736965207132,0.5962934029981941,0.9696511416242939,0.6008694088009913,0.9540596679470117,0.559764554482924,0.01979275847164293,0.015254921279847622
smd,./data/SMD,machine-1-3,machine-1-3,base_noTTA,100,256,128,0.15,50,64,0.001,1,0,1,0,0.001,adam,0.1,0.99,fixed,gated,5000,none,8,0.95,"[0.5, 1.0, 2.0]",0,0,8,38,2.015652,0,0.000664475024677813,inf,22.905681848526,0.8363537232224731,0.29171367048397945,0.3304843304843305,0.3091684434968017,0.35495716034271724,0.34179104477611943,23604,22869,0,2005,1335,0.9416240453720093,0.665835440158844,0.9969906210899353,0.008791720457065713,,,,,,,,,0.0,0.009704251463214556
smd,./data/SMD,machine-2-3,machine-2-3,gate_noTTA,100,256,128,0.15,50,64,0.001,1,1,1,0,0.001,adam,0.1,0.99,fixed,gated,5000,unc,8,0.95,"[0.5, 1.0, 2.0]",0,0,4,38,2.01569,8,0.0006393729127012193,0.00023731612600386143,28.92504644393921,0.9500111111463847,0.4880916568974903,0.24554039874081848,0.14294441050702505,0.8698884758364313,0.4976228209191759,23590,20583,0,1259,235,0.9885827898979187,0.18665607273578644,0.911199688911438,0.0721824831152023,0.9535738208692728,0.5044608753657337,0.9524023885790113,0.496227750150361,0.9495298397772692,0.45762539996438983,0.9161841783624711,0.17893104559631004,0.03884888316194216,0.021557897018889587
smd,./data/SMD,machine-3-7,machine-3-7,gate_gbuf5k,100,256,128,0.15,50,64,0.001,1,1,1,1,0.001,adam,0.1,0.99,adaptive,gated,5000,unc,8,0.95,"[0.5, 1.0, 2.0]",0,0,8,38,2.01569,8,0.00016692728968337178,0.00025919266045093536,32.131460666656494,0.8193492476617438,0.38677185864720476,0.13429084380610415,0.07954062101233518,0.4308755760368664,0.4778156996587031,28606,26436,442,929,324,0.9877439737319946,0.3487620949745178,0.9434548616409302,0.0905656884585545,0.866235441473546,0.4274369076755645,0.8691697228616971,0.46786618466239055,0.8669229529144111,0.5053901646318119,0.8376013295935798,0.49008808231338336,0.02936036263902982,0.0027120544109493494
smd,./data/SMD,machine-2-5,machine-2-5,gate_gbuf5k,100,256,128,0.15,50,64,0.001,1,1,1,1,0.001,adam,0.1,0.99,adaptive,gated,5000,unc,8,0.95,"[0.5, 1.0, 2.0]",0,0,0,38,2.01569,8,0.002692374400794506,0.0006882042507641017,27.407431602478027,0.9273462108433141,0.4712220457021515,0.4816810344827586,0.5102739726027398,0.4561224489795918,0.518139534883721,23590,22462,363,3016,1911,0.9149229526519775,0.6336206793785095,0.9988820552825928,0.08909045361320363,0.9410587459256018,0.4669294875114617,0.9357994358076137,0.4131478246457514,0.9300578481425597,0.35811265716738033,0.9124496176558606,0.2497363497608531,0.0017722640186548233,0.0
smd,./data/SMD,machine-1-5,machine-1-5,fixed,100,256,128,0.15,50,64,0.001,1,1,1,1,0.001,adam,0.1,0.99,fixed,gated,5000,none,8,0.95,"[0.5, 1.0, 2.0]",0,0,8,38,2.01569,8,0.0008265702053904533,0.0003273099719081074,26.69939684867859,0.9516428026772855,0.5590189081014706,0.0810546875,0.04260780287474333,0.83,0.5841584158415842,23607,22314,364,793,49,0.9978040456771851,0.06179066747426987,0.9759358167648315,0.08455298223352879,0.9617986952469711,0.5642160428135701,0.9637308311446242,0.5590029472892556,0.9649254426840633,0.5332028638683852,0.9462920443954927,0.07165571515570265,0.0,0.04810407323141893
smd,./data/SMD,machine-1-4,machine-1-4,fixed,100,256,128,0.15,50,64,0.001,1,1,1,1,0.001,adam,0.1,0.99,fixed,gated,5000,none,8,0.95,"[0.5, 1.0, 2.0]",0,0,8,38,2.01569,8,0.0009481185115873814,0.0002813536557368934,27.102715015411377,0.8188653731819433,0.2869449558511096,0.3383729301655868,0.351270553064275,0.3263888888888889,0.34685073339085415,23608,22998,367,1908,1298,0.9435603022575378,0.6802935004234314,1.0,0.08152045059591906,0.9143515598188349,0.34020482572512156,0.9309219160104987,0.36546408421070037,0.9369154304606951,0.37122006908059,0.9258136241257136,0.2941999656183259,0.0,0.0
smd,./data/SMD,machine-3-10,machine-3-10,mask_noTTA,100,256,128,0.15,50,64,0.001,1,1,1,0,0.001,adam,0.1,0.99,fixed,gated,5000,none,8,0.95,"[0.5, 1.0, 2.0]",0,0,0,38,2.01569,8,0.0012471855152398348,0.0001086146803572774,29.087871551513672,0.9580965064978763,0.6804779553527,0.6694995278564684,0.6619981325863679,0.6771728748806113,0.6757946210268948,23594,22604,0,2334,1344,0.9405415058135986,0.5758354663848877,1.0,0.06725887752260365,0.9700163160731162,0.662960294677229,0.9672254265877508,0.6116720806120737,0.9636098765594553,0.5464769712648169,0.9539309859545797,0.43717665878635353,0.0,0.0
smd,./data/SMD,machine-2-9,machine-2-9,fixed,100,256,128,0.15,50,64,0.001,1,1,1,1,0.001,adam,0.1,0.99,fixed,gated,5000,none,8,0.95,"[0.5, 1.0, 2.0]",0,0,3,38,2.01569,8,0.0006982992053963244,0.0004088413552381098,38.696738719940186,0.9557066212719418,0.5431439757806796,0.526333966499741,0.377601585728444,0.8683760683760684,0.5495784825371337,28623,25041,415,2745,140,0.9944091439247131,0.05100182071328163,0.9622459411621094,0.10389999803063904,0.9621124351943501,0.5702432844501905,0.9633325399187379,0.5830303469425561,0.9630823871785047,0.5934665384229745,0.9477334596035232,0.5521487070658327,0.013971358304843307,0.04576557129621506
smd,./data/SMD,machine-1-1,machine-1-1,mask_noTTA,100,256,128,0.15,50,64,0.001,1,1,1,0,0.001,adam,0.1,0.99,fixed,gated,5000,none,8,0.95,"[0.5, 1.0, 2.0]",0,0,3,38,2.01569,8,0.0001613499625818804,0.0001706123584881425,39.138880491256714,0.8896509656186969,0.45461460895297756,0.3711936662606578,0.23348017621145375,0.9049740163325909,0.5303100416473855,28380,20642,0,3486,99,0.995203971862793,0.028399311006069183,0.825218915939331,0.08165907742189135,0.921036528002172,0.4979197046772503,0.9296540952617867,0.5229430296224203,0.9359177073737645,0.551030374541682,0.9156536642520621,0.5683210973702368,0.08738548308610916,0.24079041679700217
smd,./data/SMD,machine-2-7,machine-2-7,noMask_fixed,100,256,128,0.15,50,64,0.001,1,0,1,1,0.001,adam,0.1,0.99,fixed,gated,5000,none,8,0.95,"[0.5, 1.0, 2.0]",0,0,0,38,2.015652,0,0.0034626363776624203,inf,27.02080798149109,0.8800350930218495,0.26252206213832757,0.3074380165289256,0.4946808510638298,0.22302158273381295,0.361244019138756,23597,23452,368,2397,2252,0.9039740562438965,0.9395077228546143,1.0,0.02874235644726277,,,,,,,,,0.0,0.0
smd,./data/SMD,machine-2-4,machine-2-4,noMask_fixed,100,256,128,0.15,50,64,0.001,1,0,1,1,0.001,adam,0.1,0.99,fixed,gated,5000,none,8,0.95,"[0.5, 1.0, 2.0]",0,0,2,38,2.015652,0,0.0005492162890732288,inf,27.17276883125305,0.81536746437757,0.4201866677084794,0.36218424962852896,0.26422764227642276,0.5755608028335301,0.4066646096883678,23590,21286,348,3674,1990,0.9065113067626953,0.5416439771652222,0.9688692688941956,0.028366929345739346,,,,,,,,,0.0353250652551651,0.04168926712979252
smd,./data/SMD,machine-2-1,machine-2-1,gate_gbuf5k,100,256,128,0.15,50,64,0.001,1,1,1,1,0.001,adam,0.1,0.99,adaptive,gated,5000,unc,8,0.95,"[0.5, 1.0, 2.0]",0,0,9,38,2.01569,8,0.0014017453650012612,0.00031377532286569476,27.744015216827393,0.766811545367752,0.3131676060934683,0.28994708994708995,0.2099616858237548,0.4683760683760684,0.3425521591460456,23595,21350,362,2457,924,0.956721305847168,0.3760683834552765,0.9663165807723999,0.08410301014487333,0.8154368104221594,0.3862839118754201,0.8223700227829157,0.41149007649625585,0.8234764399455395,0.41799911825641106,0.8049317954485775,0.3377864987348453,0.004615155669550101,0.0008926977558682362
smd,./data/SMD,machine-1-8,machine-1-8,mask_noTTA,100,256,128,0.15,50,64,0.001,1,1,1,0,0.001,adam,0.1,0.99,fixed,gated,5000,none,8,0.95,"[0.5, 1.0, 2.0]",0,0,3,38,2.01569,8,0.0006072886753827333,0.00016855282592587173,33.36541295051575,0.8356012067998432,0.3539440007151564,0.25224702812409394,0.16195085629188385,0.5701179554390564,0.39154267815191857,23600,22349,0,2691,1581,0.9292585849761963,0.5875139236450195,0.9932565093040466,0.08428950430983204,0.9024806504714697,0.401091146010861,0.9176978186723693,0.4067801538005684,0.9262301939044244,0.39491813069503895,0.913699971337418,0.26152192651740674,0.024748315413792927,0.0
smd,./data/SMD,machine-1-3,machine-1-3,fixed,100,256,128,0.15,50,64,0.001,1,1,1,1,0.001,adam,0.1,0.99,fixed,gated,5000,none,8,0.95,"[0.5, 1.0, 2.0]",0,0,7,38,2.01569,8,0.0006681032828055322,0.00021686946274712682,27.42388391494751,0.8133220525426917,0.27605550318355365,0.3187118267629095,0.2916666666666667,0.35128518971848227,0.3310852237890865,23604,22925,366,2005,1385,0.9395856261253357,0.690773069858551,0.9972683787345886,0.08521764243261185,0.8788227498951485,0.31035568340417424,0.8946983885109431,0.3274526711522903,0.9021663011525061,0.33444559121016526,0.8943081299883376,0.2689000591898761,0.0,0.008613208725970859
smd,./data/SMD,machine-3-1,machine-3-1,fixed,100,256,128,0.15,50,64,0.001,1,1,1,1,0.001,adam,0.1,0.99,fixed,gated,5000,none,8,0.95,"[0.5, 1.0, 2.0]",0,0,5,38,2.01569,8,0.00040275754872709513,0.00021047820337116718,31.54797101020813,0.8825592905263234,0.361423810496661,0.057196731615336276,0.029551851050010826,0.8863636363636364,0.4099099099099099,28601,18540,341,704,45,0.9975728392601013,0.06392045319080353,0.6629745364189148,0.08192567874333195,0.9007775649259165,0.3669192515612903,0.8992388106399096,0.37042726891201844,0.8947093428549472,0.3746603986383789,0.8360068274216625,0.24613256615402213,0.12925355633099875,0.39646724859873456
smd,./data/SMD,machine-2-3,machine-2-3,fixed,100,256,128,0.15,50,64,0.001,1,1,1,1,0.001,adam,0.1,0.99,fixed,gated,5000,none,8,0.95,"[0.5, 1.0, 2.0]",0,0,8,38,2.01569,8,0.0007021236815489829,0.00021833684877492487,25.11103892326355,0.9481626925799764,0.460376797126486,0.2574585635359116,0.15120051914341337,0.8661710037174721,0.47848537005163516,23590,22196,361,1259,473,0.9786898493766785,0.37569499015808105,0.9727732539176941,0.08143206277405018,0.9496088876472623,0.4759488944540533,0.9469650697303799,0.46606713600237,0.9426136273448487,0.4353081586231535,0.9046063638297265,0.17599273205787244,0.03674925025552511,0.011968235368840396
smd,./data/SMD,machine-1-1,machine-1-1,noMask_fixed,100,256,128,0.15,50,64,0.001,1,0,1,1,0.001,adam,0.1,0.99,fixed,gated,5000,none,8,0.95,"[0.5, 1.0, 2.0]",0,0,2,38,2.015652,0,0.00013608096924144775,inf,33.43215870857239,0.9054378844303711,0.4561958435312734,0.3863169897377423,0.24290220820189273,0.9432071269487751,0.5272559285494302,28380,19560,343,3486,43,0.997801661491394,0.012335054576396942,0.7840041518211365,0.025896928611147816,,,,,,,,,0.10876203700900078,0.29082732399304706
smd,./data/SMD,machine-1-6,machine-1-6,gate_gbuf5k,100,256,128,0.15,50,64,0.001,1,1,1,1,0.001,adam,0.1,0.99,adaptive,gated,5000,unc,8,0.95,"[0.5, 1.0, 2.0]",0,0,8,38,2.01569,8,0.0006029137875884771,0.00035587220918387175,28.224130392074585,0.8896078094578198,0.6408976449542693,0.5101901244699768,0.5176242020538441,0.5029665587918015,0.6379108743666364,23590,18915,347,6678,2746,0.8548241853713989,0.41120097041130066,0.9560667276382446,0.08842301297966026,0.9180894719454895,0.6806109908924582,0.9281528347291307,0.7012053299677107,0.9342009685360746,0.713377808210512,0.9152955150974872,0.6011174921061846,0.06508577366669972,0.00039777248942603666
smd,./data/SMD,machine-3-11,machine-3-11,gate_gbuf5k,100,256,128,0.15,50,64,0.001,1,1,1,1,0.001,adam,0.1,0.99,adaptive,gated,5000,unc,8,0.95,"[0.5, 1.0, 2.0]",0,0,2,38,2.01569,8,0.0004130138549953699,0.00023117933596950024,39.30420207977295,0.8749722645785527,0.49746456397292926,0.045161290322580636,0.023255813953488372,0.7777777777777778,0.547486033519553,28597,18859,349,440,40,0.9978789687156677,0.09090909361839294,0.6683595776557922,0.11814215443628454,0.8781052152516816,0.5080466201606207,0.8820432906509122,0.5124283997619226,0.8869826767924881,0.5172948748489278,0.8820053648989012,0.24289920143195687,0.10174825228750706,0.26780689018778503
smd,./data/SMD,machine-3-11,machine-3-11,fixed,100,256,128,0.15,50,64,0.001,1,1,1,1,0.001,adam,0.1,0.99,fixed,gated,5000,none,8,0.95,"[0.5, 1.0, 2.0]",0,0,7,38,2.01569,8,0.00041180613334290683,0.00022690059267915785,29.6145601272583,0.8801983977610337,0.5667840260963577,0.026299600123039064,0.013353115727002967,0.8636363636363636,0.588235294117647,28597,13594,235,440,0,1.0,0.0,0.4827929139137268,0.07520780974544629,0.8929125630648544,0.5774077261234698,0.9002947929714721,0.5842976140785647,0.9050932867165585,0.5906994430038928,0.8980530974706005,0.24680085050909642,0.13927738865216574,0.979584256807963
smd,./data/SMD,machine-1-2,machine-1-2,fixed,100,256,128,0.15,50,64,0.001,1,1,1,1,0.001,adam,0.1,0.99,fixed,gated,5000,none,8,0.95,"[0.5, 1.0, 2.0]",0,0,2,38,2.01569,8,0.004306463059037924,0.0008025694987736642,29.11522150039673,0.8727501485450238,0.2058469863567472,0.24520123839009286,0.18452935694315004,0.36531365313653136,0.25708061002178656,23595,23295,368,1532,1234,0.9470272660255432,0.8054830431938171,0.9999093413352966,0.09624737252318069,0.8865197303493424,0.2362526125243789,0.8796973379201656,0.24784168600027656,0.8685786950734057,0.2495076625520099,0.8186047701441079,0.17272459818210997,0.0003203588033405443,0.0
smd,./data/SMD,machine-1-7,machine-1-7,mask_noTTA,100,256,128,0.15,50,64,0.001,1,1,1,0,0.001,adam,0.1,0.99,fixed,gated,5000,none,8,0.95,"[0.5, 1.0, 2.0]",0,0,2,38,2.01569,8,0.002461969153955579,0.0006689847796224058,29.166016817092896,0.6397044585529337,0.23122801824703354,0.13763129300977905,0.5234159779614325,0.07923269391159299,0.2617579028527371,23598,23373,0,3677,3452,0.8523082137107849,0.938808798789978,1.0,0.07442488833214936,0.7018224786364179,0.29564174278264127,0.7078874514777307,0.3079823697674908,0.711355253593529,0.3107784101442198,0.710732238444161,0.29084709303613154,0.0,0.0
smd,./data/SMD,machine-3-4,machine-3-4,gate_gbuf5k,100,256,128,0.15,50,64,0.001,1,1,1,1,0.001,adam,0.1,0.99,adaptive,gated,5000,unc,8,0.95,"[0.5, 1.0, 2.0]",0,0,8,38,2.01569,8,0.0017065571155399084,0.00027730921283364296,25.15474009513855,0.7445855738795466,0.35124365442460226,0.2238667900092507,0.16019417475728157,0.37154554759467756,0.3928571428571428,23588,21244,362,1769,620,0.9708153009414673,0.35048049688339233,0.9452311992645264,0.0862385613323572,0.7788452325097678,0.4057293746114894,0.7832111708890568,0.42005409096341534,0.7843454720572282,0.4272251048390854,0.7816425519218557,0.40808375506796646,0.011942431330680847,0.011026293272152543
smd,./data/SMD,machine-1-4,machine-1-4,noMask_fixed,100,256,128,0.15,50,64,0.001,1,0,1,1,0.001,adam,0.1,0.99,fixed,gated,5000,none,8,0.95,"[0.5, 1.0, 2.0]",0,0,1,38,2.015652,0,0.000955606228671968,inf,31.32866096496582,0.8002937348646338,0.2658359816922887,0.32359550561797756,0.35121951219512193,0.3,0.32899628252788105,23608,23003,367,1908,1303,0.9433552026748657,0.6829140186309814,1.0,0.031324917080038,,,,,,,,,0.0,0.0
smd,./data/SMD,machine-1-1,machine-1-1,gate_gbuf5k,100,256,128,0.15,50,64,0.001,1,1,1,1,0.001,adam,0.1,0.99,adaptive,gated,5000,unc,8,0.95,"[0.5, 1.0, 2.0]",0,0,7,38,2.01569,8,0.0001602703850949183,0.00019531050929799676,33.141271352767944,0.9091492035029547,0.4454999418579575,0.26804478897502154,0.2500803600128576,0.28878990348923533,0.5455580865603644,28380,23949,429,3486,833,0.9652177691459656,0.23895582556724548,0.928577184677124,0.08925117179488867,0.9297562909209113,0.47648733483177586,0.9369535127076608,0.49655358704516267,0.9433493284871373,0.5230047889282275,0.9390640279773393,0.5852561919755697,0.0490956058104833,0.004426377670218547
smd,./data/SMD,machine-1-4,machine-1-4,mask_noTTA,100,256,128,0.15,50,64,0.001,1,1,1,0,0.001,adam,0.1,0.99,fixed,gated,5000,none,8,0.95,"[0.5, 1.0, 2.0]",0,0,2,38,2.01569,8,0.0009402090799994767,0.00027194421272724867,28.85761260986328,0.8051789538048075,0.2505567629378459,0.28929068150208626,0.28969359331476324,0.28888888888888886,0.3064066852367688,23608,22969,0,1908,1269,0.9447516202926636,0.6650943160057068,1.0,0.07771511515776047,0.9094985450713687,0.3111141091380088,0.9273443202196409,0.3398727415037581,0.933935908218655,0.3516930446280706,0.9177638447818333,0.2879814769403818,0.0,0.0
smd,./data/SMD,machine-2-5,machine-2-5,mask_noTTA,100,256,128,0.15,50,64,0.001,1,1,1,0,0.001,adam,0.1,0.99,fixed,gated,5000,none,8,0.95,"[0.5, 1.0, 2.0]",0,0,9,38,2.01569,8,0.0029296232387423515,0.0006535174325108528,26.411060333251953,0.9273591069260503,0.47500143132700073,0.2757527733755943,0.6170212765957447,0.17755102040816326,0.5135926390631536,23590,23458,0,3016,2884,0.877056896686554,0.9562334418296814,1.0,0.06131525512669439,0.9409481856065338,0.4635989776718625,0.9354564089936472,0.40936311947116666,0.9292687831220382,0.35494746892674905,0.9105761358662977,0.24571168194861528,0.0,0.0
smd,./data/SMD,machine-2-9,machine-2-9,fixed,100,256,128,0.15,50,64,0.001,1,1,1,1,0.001,adam,0.1,0.99,fixed,gated,5000,none,8,0.95,"[0.5, 1.0, 2.0]",0,0,6,38,2.01569,8,0.0007254161755554378,0.00040044818888418376,30.652233123779297,0.9632551635073235,0.620276225599807,0.5490196078431372,0.3978494623655914,0.8854700854700854,0.620592383638928,28623,25064,414,2745,145,0.9942148327827454,0.05282331630587578,0.9629414677619934,0.08303709376330179,0.9676148974736136,0.640506096271593,0.9679540584424332,0.6484230462334144,0.9668828219612511,0.6531811651397708,0.9526227740415452,0.5996739129251563,0.00977995110830913,0.04402586321036021
smd,./data/SMD,machine-3-2,machine-3-2,base_noTTA,100,256,128,0.15,50,64,0.001,1,0,1,0,0.001,adam,0.1,0.99,fixed,gated,5000,none,8,0.95,"[0.5, 1.0, 2.0]",0,0,7,38,2.015652,0,0.006523763760924339,inf,24.009230852127075,0.4707297188549543,0.04711816682721874,0.024711696869851727,0.14285714285714285,0.013525698827772768,0.09062279670975325,23604,23604,0,2018,2018,0.9145060181617737,1.0,1.0,0.009385696246934692,,,,,,,,,0.0,0.0
smd,./data/SMD,machine-3-6,machine-3-6,gate_noTTA,100,256,128,0.15,50,64,0.001,1,1,1,0,0.001,adam,0.1,0.99,fixed,gated,5000,unc,8,0.95,"[0.5, 1.0, 2.0]",0,0,7,38,2.01569,8,0.0004114459443371743,0.00032733698026277125,30.190869569778442,0.8569387873553442,0.2972297863980731,0.2695877072873878,0.16471463097229969,0.7420435510887772,0.33809123985446404,28627,23982,0,2283,87,0.9963722825050354,0.03810775279998779,0.9070376753807068,0.06091079581323944,0.896203087328745,0.31593575734224705,0.9084913769292002,0.3217355004385753,0.91592588103966,0.32046010301362643,0.9076264476530554,0.22953441264467234,0.0020757021072010198,0.10951546455423038
smd,./data/SMD,machine-3-9,machine-3-9,base_noTTA,100,256,128,0.15,50,64,0.001,1,0,1,0,0.001,adam,0.1,0.99,fixed,gated,5000,none,8,0.95,"[0.5, 1.0, 2.0]",0,0,2,38,2.015652,0,0.00016821800090838224,inf,35.77615547180176,0.8495121529048364,0.33287462948218255,0.03029805851791086,0.01540429318207096,0.9141914191419142,0.36679536679536684,28614,5926,0,699,1,0.9998312592506409,0.0014306152006611228,0.2122514843940735,0.010940866449672971,,,,,,,,,0.4607606828212738,0.9277905821800232
smd,./data/SMD,machine-3-10,machine-3-10,fixed,100,256,128,0.15,50,64,0.001,1,1,1,1,0.001,adam,0.1,0.99,fixed,gated,5000,none,8,0.95,"[0.5, 1.0, 2.0]",0,0,0,38,2.01569,8,0.0012471855152398348,0.0001086146803572774,30.81461501121521,0.9602716736252276,0.7133184003657916,0.7049105094079854,0.6784452296819788,0.7335243553008596,0.7185857620640229,23594,22600,358,2334,1340,0.9407079815864563,0.5741216540336609,1.0,0.08843342631592976,0.972359848407207,0.7112607708467236,0.9702855232661567,0.6847284644233332,0.9674995261565387,0.6501123162598391,0.9593156780988834,0.5452184540141798,0.0,0.0
smd,./data/SMD,machine-3-10,machine-3-10,gate_gbuf5k,100,256,128,0.15,50,64,0.001,1,1,1,1,0.001,adam,0.1,0.99,adaptive,gated,5000,unc,8,0.95,"[0.5, 1.0, 2.0]",0,0,6,38,2.01569,8,0.0012528535444289446,0.0001008472972898744,26.75140142440796,0.9599136445069882,0.6588276004458823,0.4818799546998868,0.34245472837022134,0.8127984718242598,0.6547215496368037,23594,20568,351,2334,374,0.9818164110183716,0.16023993492126465,0.9498589038848877,0.08357864644069272,0.9685039393325163,0.6116628676335347,0.965377205122385,0.5649148388394086,0.9624858954072485,0.5288314187415831,0.9545126303849768,0.4445969287924616,0.010226767510175705,0.007710008105883996
smd,./data/SMD,machine-1-2,machine-1-2,gate_noTTA,100,256,128,0.15,50,64,0.001,1,1,1,0,0.001,adam,0.1,0.99,fixed,gated,5000,unc,8,0.95,"[0.5, 1.0, 2.0]",0,0,5,38,2.01569,8,0.0044484976679086685,0.0008250322425737977,31.72929620742798,0.8623455418641953,0.21850498979242902,0.2389210019267823,0.1832512315270936,0.34317343173431736,0.2634146341463415,23595,22361,0,1532,830,0.9628818035125732,0.5417754650115967,0.9758872389793396,0.08533538006756057,0.8844416141552569,0.2512419549386458,0.8785091371127948,0.2657846263237172,0.8678639416836462,0.2674538854034897,0.8197223642502491,0.16675889882060255,0.0014416145471235116,0.0
smd,./data/SMD,machine-3-1,machine-3-1,noMask_fixed,100,256,128,0.15,50,64,0.001,1,0,1,1,0.001,adam,0.1,0.99,fixed,gated,5000,none,8,0.95,"[0.5, 1.0, 2.0]",0,0,6,38,2.015652,0,0.0003498319420032203,inf,29.444011211395264,0.8805075419086409,0.34592245213901224,0.052034689793195456,0.026804123711340205,0.8863636363636364,0.4,28601,19812,342,704,60,0.9969715476036072,0.08522727340459824,0.7080331444740295,0.025423076335277045,,,,,,,,,0.06487338865796725,0.36742186297972995
smd,./data/SMD,machine-2-2,machine-2-2,gate_gbuf5k,100,256,128,0.15,50,64,0.001,1,1,1,1,0.001,adam,0.1,0.99,adaptive,gated,5000,unc,8,0.95,"[0.5, 1.0, 2.0]",0,0,3,38,2.01569,8,0.0007739875582046807,0.00042551258229650557,31.217073917388916,0.5828371595060448,0.14843868575013452,0.1010776662950576,0.10670851314240878,0.09601129544652312,0.2432861328125,23601,20976,359,3922,2671,0.8726639747619629,0.6810300946235657,0.9301793575286865,0.11656684474638775,0.5861923136447293,0.1473589230536495,0.5835179879847171,0.14609895619976312,0.5795013739970581,0.14458902457101697,0.5671972024729393,0.1324930944745604,0.013559322028110424,0.04552211860815684
smd,./data/SMD,machine-3-11,machine-3-11,gate_noTTA,100,256,128,0.15,50,64,0.001,1,1,1,0,0.001,adam,0.1,0.99,fixed,gated,5000,unc,8,0.95,"[0.5, 1.0, 2.0]",0,0,6,38,2.01569,8,0.00040543501381762326,0.0002245288051199168,32.44985318183899,0.8885060869059745,0.4932813240011615,0.026575097043893697,0.01348689195332626,0.898989898989899,0.5337837837837839,28597,13057,0,440,0,1.0,0.0,0.46372127532958984,0.059654476150964635,0.8932567304031969,0.5025447385155641,0.8983543768090052,0.510740593891766,0.9033359420579578,0.5223486962813193,0.8988915401470668,0.23785021878295665,0.13962704439957938,0.982430100440979
smd,./data/SMD,machine-3-6,machine-3-6,fixed,100,256,128,0.15,50,64,0.001,1,1,1,1,0.001,adam,0.1,0.99,fixed,gated,5000,none,8,0.95,"[0.5, 1.0, 2.0]",0,0,6,38,2.01569,8,0.00040533349965699017,0.00032158452086150646,33.23107028007507,0.8442665528718707,0.2849577883014734,0.26675470452294486,0.16611842105263158,0.6767169179229481,0.3030602171767029,28627,24955,411,2283,95,0.9961931705474854,0.041611913591623306,0.9436683654785156,0.07810375112215823,0.88797996228418,0.3055330955273621,0.9009835912576588,0.3127136853461066,0.909472784037384,0.31418331065796495,0.9047549907511307,0.23014898039448475,0.011111111380159855,0.11274176215132077
smd,./data/SMD,machine-1-7,machine-1-7,fixed,100,256,128,0.15,50,64,0.001,1,1,1,1,0.001,adam,0.1,0.99,fixed,gated,5000,none,8,0.95,"[0.5, 1.0, 2.0]",0,0,3,38,2.01569,8,0.0024281791411340237,0.0006619528867304325,33.491058349609375,0.6457146785819019,0.23143745889512868,0.13538236370289058,0.5522388059701493,0.07714762301918265,0.25108621083924076,23598,23381,368,3677,3460,0.8520165681838989,0.9409844875335693,1.0,0.11827011352495093,0.7051628505075731,0.2956561807252441,0.7101296442435773,0.30972396195026214,0.7123032515985022,0.31352686871693236,0.7092752830435524,0.2923922582054122,0.0,0.0
smd,./data/SMD,machine-2-3,machine-2-3,noMask_fixed,100,256,128,0.15,50,64,0.001,1,0,1,1,0.001,adam,0.1,0.99,fixed,gated,5000,none,8,0.95,"[0.5, 1.0, 2.0]",0,0,9,38,2.015652,0,0.0006305687711574137,inf,26.45293664932251,0.9537636627417865,0.4844769094293812,0.2376636455186304,0.1374490390215492,0.8773234200743495,0.5024469820554649,23590,22047,361,1259,460,0.9791354537010193,0.36536934971809387,0.9666830897331238,0.0280795333849368,,,,,,,,,0.0417657196521759,0.025485665847857792
smd,./data/SMD,machine-2-2,machine-2-2,base_noTTA,100,256,128,0.15,50,64,0.001,1,0,1,0,0.001,adam,0.1,0.99,fixed,gated,5000,none,8,0.95,"[0.5, 1.0, 2.0]",0,0,0,38,2.015652,0,0.000723979901522398,inf,27.093213081359863,0.576147843778418,0.15223272533151525,0.12000000000000001,0.13181242078580482,0.11013060360042358,0.23691137759578823,23601,21577,0,3922,2830,0.868841826915741,0.721570611000061,0.9526398777961731,0.009026902595074883,,,,,,,,,0.008898304775357246,0.04862350970506668
smd,./data/SMD,machine-2-3,machine-2-3,fixed,100,256,128,0.15,50,64,0.001,1,1,1,1,0.001,adam,0.1,0.99,fixed,gated,5000,none,8,0.95,"[0.5, 1.0, 2.0]",0,0,6,38,2.01569,8,0.0006217530462890863,0.00022552045993506908,27.179603576660156,0.9494465061793845,0.4302410297454064,0.23749368367862558,0.13742690058479531,0.8736059479553904,0.46495327102803735,23590,22044,361,1259,447,0.9797223806381226,0.3550436794757843,0.9671308994293213,0.09284735029155089,0.9547349356664624,0.44739721790235637,0.9516204813348613,0.43812585991905134,0.9470215778462789,0.4093088437590132,0.9108192406960022,0.17304006181761633,0.041618923346201576,0.02394913835451007
smd,./data/SMD,machine-1-3,machine-1-3,gate_noTTA,100,256,128,0.15,50,64,0.001,1,1,1,0,0.001,adam,0.1,0.99,fixed,gated,5000,unc,8,0.95,"[0.5, 1.0, 2.0]",0,0,4,38,2.01569,8,0.0006630768184550107,0.00020554961520247161,29.05104112625122,0.7849891340517969,0.23496063454435237,0.252076209086468,0.2097560975609756,0.3157894736842105,0.3025347506132461,23604,22552,0,2005,1144,0.9492728114128113,0.5705735683441162,0.9911569952964783,0.0644921448408113,0.8631279340921438,0.2718058933001664,0.883188436196609,0.2931836191075279,0.8950602480647253,0.30907807207588095,0.8994456157607752,0.26970003134500553,0.0,0.00939617988963922
smd,./data/SMD,machine-1-8,machine-1-8,noMask_fixed,100,256,128,0.15,50,64,0.001,1,0,1,1,0.001,adam,0.1,0.99,fixed,gated,5000,none,8,0.95,"[0.5, 1.0, 2.0]",0,0,8,38,2.015652,0,0.0005839294171892107,inf,26.73513412475586,0.8413045520477289,0.34977220798870695,0.30219575735020465,0.21101871101871103,0.5321100917431193,0.38816738816738816,23600,22484,362,2691,1631,0.9274595379829407,0.6060943603515625,0.9973217248916626,0.02789344828007585,,,,,,,,,0.008520961971953511,0.0011812149896286428
smd,./data/SMD,machine-1-6,machine-1-6,gate_noTTA,100,256,128,0.15,50,64,0.001,1,1,1,0,0.001,adam,0.1,0.99,fixed,gated,5000,unc,8,0.95,"[0.5, 1.0, 2.0]",0,0,0,38,2.01569,8,0.0006204384844750166,0.00039610188105143607,29.708312511444092,0.8936568016314527,0.6492183411218817,0.5096319498825372,0.35908188037960714,0.877562028047465,0.6362293541023231,23590,15421,0,6678,876,0.9431943297386169,0.13117699325084686,0.8600401878356934,0.06852546148554861,0.919839853794222,0.6863916268551846,0.9302886420632502,0.7074456937534026,0.9369979622496819,0.7212159941132431,0.9161137344231065,0.6074594335406368,0.12763428936402002,0.041342311849196754
smd,./data/SMD,machine-1-4,machine-1-4,gate_noTTA,100,256,128,0.15,50,64,0.001,1,1,1,0,0.001,adam,0.1,0.99,fixed,gated,5000,unc,8,0.95,"[0.5, 1.0, 2.0]",0,0,7,38,2.01569,8,0.000950707879383117,0.0002626997302286327,28.015277862548828,0.8039914468564359,0.24929241115547393,0.3005932762030323,0.2860727728983689,0.31666666666666665,0.33419465977605506,23608,22642,0,1908,961,0.9575567245483398,0.5036687850952148,0.9991244077682495,0.06683988314246937,0.9042090215242431,0.3060327469256823,0.92250269475984,0.33761034285707536,0.9293983193399167,0.35151613300036333,0.9164057704112952,0.29229655257402753,0.0,0.0
smd,./data/SMD,machine-2-3,machine-2-3,noMask_fixed,100,256,128,0.15,50,64,0.001,1,0,1,1,0.001,adam,0.1,0.99,fixed,gated,5000,none,8,0.95,"[0.5, 1.0, 2.0]",0,0,2,38,2.015652,0,0.0006492261891253293,inf,27.42920470237732,0.959073997060308,0.47035428021610637,0.2606294864715627,0.15304798962386512,0.8773234200743495,0.4875346260387811,23590,22102,361,1259,462,0.9790968894958496,0.3669579029083252,0.9690564870834351,0.02976480607715589,,,,,,,,,0.03975293692201376,0.018827755625049274
smd,./data/SMD,machine-3-6,machine-3-6,noMask_fixed,100,256,128,0.15,50,64,0.001,1,0,1,1,0.001,adam,0.1,0.99,fixed,gated,5000,none,8,0.95,"[0.5, 1.0, 2.0]",0,0,2,38,2.015652,0,0.000335128657752648,inf,33.22823095321655,0.8592216342256587,0.2908666538590185,0.2684356680037026,0.1645234493192133,0.7286432160804021,0.3218884120171674,28627,24520,407,2283,67,0.9972675442695618,0.02934735082089901,0.9282189607620239,0.027618002774109363,,,,,,,,,0.014998612304528555,0.12884517759084702
smd,./data/SMD,machine-1-2,machine-1-2,noMask_fixed,100,256,128,0.15,50,64,0.001,1,0,1,1,0.001,adam,0.1,0.99,fixed,gated,5000,none,8,0.95,"[0.5, 1.0, 2.0]",0,0,1,38,2.015652,0,0.004997563548386097,inf,30.29769468307495,0.8859832469264568,0.21873517541507048,0.2494684620836286,0.20253164556962025,0.3247232472324723,0.2596153846153846,23595,23314,368,1532,1251,0.9463412761688232,0.8165796399116516,1.0,0.0353397063012597,,,,,,,,,0.0,0.0
smd,./data/SMD,machine-1-4,machine-1-4,mask_noTTA,100,256,128,0.15,50,64,0.001,1,1,1,0,0.001,adam,0.1,0.99,fixed,gated,5000,none,8,0.95,"[0.5, 1.0, 2.0]",0,0,7,38,2.01569,8,0.000950707879383117,0.0002626997302286327,24.77628183364868,0.8039914468564359,0.24929241115547393,0.3005932762030323,0.2860727728983689,0.31666666666666665,0.33419465977605506,23608,22959,0,1908,1259,0.9451631307601929,0.6598532199859619,1.0,0.06710511472256699,0.9042090215242431,0.3060327469256823,0.92250269475984,0.33761034285707536,0.9293983193399167,0.35151613300036333,0.9164057704112952,0.29229655257402753,0.0,0.0
smd,./data/SMD,machine-2-1,machine-2-1,gate_gbuf5k,100,256,128,0.15,50,64,0.001,1,1,1,1,0.001,adam,0.1,0.99,adaptive,gated,5000,unc,8,0.95,"[0.5, 1.0, 2.0]",0,0,8,38,2.01569,8,0.0013925047824159265,0.0002933959476649761,26.645514011383057,0.7648520021189174,0.2981581223534203,0.2798789712556732,0.1984978540772532,0.47435897435897434,0.3271704180064308,23595,21043,361,2457,875,0.9584184885025024,0.3561253547668457,0.9541110992431641,0.09262165191643924,0.8197981981612776,0.3744398283691635,0.8270251333051013,0.40168100643378934,0.8278667237377946,0.4087454678715302,0.8076697296862455,0.3310598870997667,0.005203026453576361,0.007677200560768445
smd,./data/SMD,machine-3-5,machine-3-5,fixed,100,256,128,0.15,50,64,0.001,1,1,1,1,0.001,adam,0.1,0.99,fixed,gated,5000,none,8,0.95,"[0.5, 1.0, 2.0]",0,0,4,38,2.01569,8,0.001273874193429947,0.00045404155389405787,29.73533868789673,0.8218267481527896,0.319292137129226,0.08704883227176222,0.04613220815752461,0.7699530516431925,0.4065040650406504,23592,15795,281,1515,582,0.9631528854370117,0.3841584026813507,0.6890881657600403,0.08507289697292014,0.83272632427562,0.3316400256846553,0.838040377806635,0.3374748142914356,0.84250435631916,0.33544807476530564,0.8197486804918629,0.12974836600359518,0.051858132084210716,0.6973348061243693
smd,./data/SMD,machine-1-4,machine-1-4,base_noTTA,100,256,128,0.15,50,64,0.001,1,0,1,0,0.001,adam,0.1,0.99,fixed,gated,5000,none,8,0.95,"[0.5, 1.0, 2.0]",0,0,0,38,2.015652,0,0.0009756045765243471,inf,30.446364641189575,0.8219605102884239,0.26290317840143407,0.3228228228228228,0.35130718954248363,0.2986111111111111,0.32529182879377433,23608,22997,0,1908,1297,0.9436013102531433,0.6797693967819214,1.0,0.012132130570833418,,,,,,,,,0.0,0.0
smd,./data/SMD,machine-1-6,machine-1-6,noMask_fixed,100,256,128,0.15,50,64,0.001,1,0,1,1,0.001,adam,0.1,0.99,fixed,gated,5000,none,8,0.95,"[0.5, 1.0, 2.0]",0,0,1,38,2.015652,0,0.0005793800228275359,inf,29.209813833236694,0.8865040990667131,0.6338040337480896,0.5127915422484061,0.36588736611770123,0.8567961165048543,0.6307504410367757,23590,15762,294,6678,1130,0.9283086061477661,0.16921234130859375,0.865184485912323,0.026641795573572123,,,,,,,,,0.127273873736461,0.03261881570021311
smd,./data/SMD,machine-1-2,machine-1-2,noMask_fixed,100,256,128,0.15,50,64,0.001,1,0,1,1,0.001,adam,0.1,0.99,fixed,gated,5000,none,8,0.95,"[0.5, 1.0, 2.0]",0,0,0,38,2.015652,0,0.004934453405439854,inf,30.988295555114746,0.877195820593313,0.2297966958126663,0.2662020905923345,0.21388577827547592,0.35239852398523985,0.28326848249027237,23595,23309,368,1532,1246,0.9465442299842834,0.8133159279823303,1.0,0.033934395756350655,,,,,,,,,0.0,0.0
smd,./data/SMD,machine-3-2,machine-3-2,gate_noTTA,100,256,128,0.15,50,64,0.001,1,1,1,0,0.001,adam,0.1,0.99,fixed,gated,5000,unc,8,0.95,"[0.5, 1.0, 2.0]",0,0,5,38,2.01569,8,0.006678337696939707,0.0010436497395858169,24.80239248275757,0.47347654400136396,0.047126482507050746,0.02452984464431725,0.13157894736842105,0.013525698827772768,0.09148748432638276,23604,23581,0,2018,2009,0.9148042798042297,0.9955401420593262,0.999351441860199,0.06592642390269422,0.5684808993154977,0.06292336722992341,0.5778076291310932,0.07049780562974056,0.5836235080165637,0.07929188251881282,0.5881314756513076,0.09192094343647321,0.0,0.0
smd,./data/SMD,machine-1-6,machine-1-6,mask_noTTA,100,256,128,0.15,50,64,0.001,1,1,1,0,0.001,adam,0.1,0.99,fixed,gated,5000,none,8,0.95,"[0.5, 1.0, 2.0]",0,0,2,38,2.01569,8,0.0006085451459512115,0.0003863985475618392,29.812775373458862,0.8937901200315056,0.6541570754783351,0.5033071835102292,0.3520550893049279,0.8824163969795038,0.6425916091343601,23590,15419,0,6678,1062,0.9311239123344421,0.15902964770793915,0.8489238619804382,0.0777757385111603,0.9192279118776645,0.6901604347966093,0.9296160370690882,0.7101032270780653,0.9362685813658898,0.7223296016062858,0.9158246923034272,0.6003915326498322,0.12858239064613977,0.0533029834429423
smd,./data/SMD,machine-3-3,machine-3-3,base_noTTA,100,256,128,0.15,50,64,0.001,1,0,1,0,0.001,adam,0.1,0.99,fixed,gated,5000,none,8,0.95,"[0.5, 1.0, 2.0]",0,0,4,38,2.015652,0,0.0007851605769246817,inf,29.734683752059937,0.8806435925094191,0.2855118396121839,0.24442653773838302,0.14720155289550307,0.7199367088607594,0.36279069767441857,23604,22145,0,3206,2290,0.8965906500816345,0.7142857313156128,0.9733797311782837,0.013016519092378161,,,,,,,,,0.01299545168876648,0.051152732223272324
smd,./data/SMD,machine-2-3,machine-2-3,fixed,100,256,128,0.15,50,64,0.001,1,1,1,1,0.001,adam,0.1,0.99,fixed,gated,5000,none,8,0.95,"[0.5, 1.0, 2.0]",0,0,9,38,2.01569,8,0.0006582778878509998,0.00024242485233116895,27.53653311729431,0.9544725538811236,0.4552635111287096,0.25079365079365074,0.1462060456508328,0.8810408921933085,0.45871559633027525,23590,22141,361,1259,462,0.9791337251663208,0.3669579029083252,0.970802903175354,0.08383888771797753,0.9575274842142356,0.4724271798487519,0.9542460452255405,0.46888962060171463,0.9485792018387361,0.44367192953028045,0.9097744754745253,0.17076935972967983,0.0370327482620875,0.01612920981521408
smd,./data/SMD,machine-3-2,machine-3-2,base_noTTA,100,256,128,0.15,50,64,0.001,1,0,1,0,0.001,adam,0.1,0.99,fixed,gated,5000,none,8,0.95,"[0.5, 1.0, 2.0]",0,0,6,38,2.015652,0,0.006322615779936314,inf,26.894532918930054,0.4698811250271683,0.04617488516874137,0.024509803921568627,0.13043478260869565,0.013525698827772768,0.09193870752831444,23604,23604,0,2018,2018,0.9145060181617737,1.0,1.0,0.009427826559315332,,,,,,,,,0.0,0.0
smd,./data/SMD,machine-3-8,machine-3-8,gate_noTTA,100,256,128,0.15,50,64,0.001,1,1,1,0,0.001,adam,0.1,0.99,fixed,gated,5000,unc,8,0.95,"[0.5, 1.0, 2.0]",0,0,4,38,2.01569,8,0.0006340171094052494,0.0001817675365600735,36.71118712425232,0.8532429666444936,0.2706113399717214,0.30263953254080195,0.20907572383073497,0.5477753464624362,0.3171764705882353,28605,20553,0,1965,240,0.9883228540420532,0.1221374049782753,0.762499988079071,0.08427303709614592,0.8922581859953835,0.3183887486310373,0.8905824303829505,0.3391770521787407,0.8835854672188322,0.3469125768900239,0.8431040534384485,0.2850525760521981,0.0012816031618664663,0.2518036713202794
smd,./data/SMD,machine-1-3,machine-1-3,mask_noTTA,100,256,128,0.15,50,64,0.001,1,1,1,0,0.001,adam,0.1,0.99,fixed,gated,5000,none,8,0.95,"[0.5, 1.0, 2.0]",0,0,8,38,2.01569,8,0.0006537826266139746,0.00020018877694383264,24.56331181526184,0.8147613080040916,0.26552391393725705,0.30226144511858793,0.2751004016064257,0.3353733170134639,0.32653061224489793,23604,22851,0,2005,1313,0.9425408244132996,0.6548628211021423,0.9971758127212524,0.06907716724270987,0.8795681024921459,0.3029816662844188,0.8932500143599307,0.31930160084042597,0.8993569425210219,0.32497519093361377,0.896073625957877,0.26939251333621966,0.0,0.009088108316063881
smd,./data/SMD,machine-2-7,machine-2-7,noMask_fixed,100,256,128,0.15,50,64,0.001,1,0,1,1,0.001,adam,0.1,0.99,fixed,gated,5000,none,8,0.95,"[0.5, 1.0, 2.0]",0,0,7,38,2.015652,0,0.0032533963676542044,inf,25.45485544204712,0.8749046984329286,0.2500211265243,0.30844155844155846,0.47738693467336685,0.2278177458033573,0.35584415584415585,23597,23465,368,2397,2265,0.9034732580184937,0.944931149482727,1.0,0.0302517379235023,,,,,,,,,0.0,0.0
smd,./data/SMD,machine-2-9,machine-2-9,base_noTTA,100,256,128,0.15,50,64,0.001,1,0,1,0,0.001,adam,0.1,0.99,fixed,gated,5000,none,8,0.95,"[0.5, 1.0, 2.0]",0,0,5,38,2.015652,0,0.0007173664635047317,inf,28.748847484588623,0.9746125078271776,0.6765195616548436,0.5993643671714339,0.44602114635503615,0.9133903133903134,0.712601519517946,28623,25364,0,2745,281,0.9889212846755981,0.10236794501543045,0.9692789316177368,0.008823369919818531,,,,,,,,,0.0010478519446526964,0.05829748883843422
smd,./data/SMD,machine-3-3,machine-3-3,noMask_fixed,100,256,128,0.15,50,64,0.001,1,0,1,1,0.001,adam,0.1,0.99,fixed,gated,5000,none,8,0.95,"[0.5, 1.0, 2.0]",0,0,3,38,2.015652,0,0.0007703269366174936,inf,31.017856121063232,0.8806506222673103,0.30190340993181863,0.25178418498429916,0.1536050156739812,0.6977848101265823,0.3698630136986301,23604,22103,359,3206,2344,0.8939510583877563,0.7311291098594666,0.9686734080314636,0.03107828197792776,,,,,,,,,0.005847953259944916,0.05710297326246897
smd,./data/SMD,machine-1-2,machine-1-2,base_noTTA,100,256,128,0.15,50,64,0.001,1,0,1,0,0.001,adam,0.1,0.99,fixed,gated,5000,none,8,0.95,"[0.5, 1.0, 2.0]",0,0,0,38,2.015652,0,0.004934453405439854,inf,31.2557430267334,0.8831171009749145,0.2544653109542208,0.27385892116182575,0.21902654867256638,0.36531365313653136,0.29224652087475145,23595,23283,0,1532,1223,0.9474723935127258,0.7983028888702393,0.9998640418052673,0.01037378992208815,,,,,,,,,0.0004805381953095396,0.0
smd,./data/SMD,machine-2-8,machine-2-8,fixed,100,256,128,0.15,50,64,0.001,1,1,1,1,0.001,adam,0.1,0.99,fixed,gated,5000,none,8,0.95,"[0.5, 1.0, 2.0]",0,0,1,38,2.01569,8,0.00011035853822249919,7.894731243140996e-05,27.336040258407593,0.9952673456346818,0.9666212769701068,0.11336898395721925,0.06013615733736762,0.9875776397515528,0.96,23604,21841,357,260,11,0.999496340751648,0.042307693511247635,0.9351439476013184,0.09444679694344606,0.9946351993608885,0.9666549815427642,0.9944212299835737,0.9666318473381746,0.9943444542883842,0.96691626291327,0.9923894443180973,0.9282772797624524,0.034731046141435705,0.0
smd,./data/SMD,machine-1-7,machine-1-7,gate_gbuf5k,100,256,128,0.15,50,64,0.001,1,1,1,1,0.001,adam,0.1,0.99,adaptive,gated,5000,unc,8,0.95,"[0.5, 1.0, 2.0]",0,0,1,38,2.01569,8,0.002437320537865162,0.0007249242626130581,28.53230857849121,0.654483390915971,0.22878166676923659,0.16600265604249667,0.40716612377850164,0.1042535446205171,0.2642215568862275,23598,22827,367,3677,2911,0.8724755644798279,0.7916780114173889,0.9997490048408508,0.09951337695839102,0.7070799723120912,0.2890311673494921,0.7121313475425806,0.3027843157845123,0.7143945975763251,0.30737040817634953,0.7097859829746067,0.2884666967730082,0.0,0.0
smd,./data/SMD,machine-2-6,machine-2-6,fixed,100,256,128,0.15,50,64,0.001,1,1,1,1,0.001,adam,0.1,0.99,fixed,gated,5000,none,8,0.95,"[0.5, 1.0, 2.0]",0,0,3,38,2.01569,8,0.0004302948946133256,0.0001638570538489148,39.053791999816895,0.8539493952656626,0.3215556974012671,0.11202233467108709,0.060486150367439234,0.7570754716981132,0.35915492957746475,28644,24422,409,1121,121,0.9950454235076904,0.10793934017419815,0.8829342722892761,0.10766037148714165,0.8978428959955547,0.34329228247327515,0.9049538878824605,0.3547852741905846,0.9084055924184511,0.3571276014838472,0.898106694818533,0.23167314896149316,0.04315312206745148,0.14200622464219728
smd,./data/SMD,machine-2-9,machine-2-9,noMask_fixed,100,256,128,0.15,50,64,0.001,1,0,1,1,0.001,adam,0.1,0.99,fixed,gated,5000,none,8,0.95,"[0.5, 1.0, 2.0]",0,0,6,38,2.015652,0,0.0006799473194405437,inf,35.92821502685547,0.9735369714826088,0.6609402539171257,0.5678417884780739,0.40665024630541874,0.9407407407407408,0.6950836820083682,28623,24937,412,2745,130,0.9947868585586548,0.047358833253383636,0.9586135149002075,0.03066386282912541,,,,,,,,,0.006170683229962985,0.06112243855992953
smd,./data/SMD,machine-2-9,machine-2-9,gate_gbuf5k,100,256,128,0.15,50,64,0.001,1,1,1,1,0.001,adam,0.1,0.99,adaptive,gated,5000,unc,8,0.95,"[0.5, 1.0, 2.0]",0,0,8,38,2.01569,8,0.0007065391982905567,0.00040306634036824107,31.678696632385254,0.9578106490184214,0.502733471918127,0.4586739327883742,0.381275953189883,0.5754985754985755,0.5733718054410553,28623,24895,434,2745,324,0.9869853258132935,0.1180327832698822,0.9494937658309937,0.08740169557265481,0.9633450063531275,0.5284857219496325,0.9644652633898749,0.541715364249399,0.9644759021182056,0.5554903356290566,0.9527378455698254,0.5606134618323132,0.01967632972324888,0.012808047235012054
smd,./data/SMD,machine-1-7,machine-1-7,fixed,100,256,128,0.15,50,64,0.001,1,1,1,1,0.001,adam,0.1,0.99,fixed,gated,5000,none,8,0.95,"[0.5, 1.0, 2.0]",0,0,1,38,2.01569,8,0.002437320537865162,0.0007249242626130581,29.11485981941223,0.6534143943841646,0.22651465345367885,0.12832664965366386,0.5101449275362319,0.07339449541284404,0.2650125854009349,23598,23377,368,3677,3456,0.8521623611450195,0.9398966431617737,1.0,0.09087906397846919,0.7079353614122227,0.287815296218239,0.7131221061919881,0.3030050622750884,0.715416261755604,0.30921776366510595,0.7102254053754123,0.2923854120328311,0.0,0.0
smd,./data/SMD,machine-2-9,machine-2-9,mask_noTTA,100,256,128,0.15,50,64,0.001,1,1,1,0,0.001,adam,0.1,0.99,fixed,gated,5000,none,8,0.95,"[0.5, 1.0, 2.0]",0,0,7,38,2.01569,8,0.0007677989196963608,0.0003939842281397432,34.42558813095093,0.9618536615977933,0.6019425560091607,0.5779116465863454,0.4462015503875969,0.81994301994302,0.5968194574368569,28623,25713,0,2745,299,0.9883716702461243,0.10892532020807266,0.982069730758667,0.06267797295970495,0.9682259851837484,0.6354533112672583,0.9685193161590241,0.6462635008559163,0.9672148094479093,0.6505092057324321,0.9521300751990114,0.596716935008849,0.0008149959612637758,0.037302579109867416
smd,./data/SMD,machine-2-6,machine-2-6,noMask_fixed,100,256,128,0.15,50,64,0.001,1,0,1,1,0.001,adam,0.1,0.99,fixed,gated,5000,none,8,0.95,"[0.5, 1.0, 2.0]",0,0,6,38,2.015652,0,0.00040217023342847824,inf,32.88085460662842,0.8843381035600475,0.321410237870037,0.11752470098803951,0.06342376052385407,0.7995283018867925,0.35081967213114756,28644,24299,409,1121,121,0.9950203895568848,0.10793934017419815,0.8784652948379517,0.028314636732809137,,,,,,,,,0.049524242679278054,0.1448835035165151
smd,./data/SMD,machine-3-5,machine-3-5,mask_noTTA,100,256,128,0.15,50,64,0.001,1,1,1,0,0.001,adam,0.1,0.99,fixed,gated,5000,none,8,0.95,"[0.5, 1.0, 2.0]",0,0,3,38,2.01569,8,0.0012571325059980154,0.0004549948207568377,28.925329208374023,0.8072571181801029,0.30191445640771103,0.07419936851601264,0.03897180762852405,0.7723004694835681,0.3679012345679012,23592,13045,0,1515,523,0.9599080085754395,0.34521451592445374,0.5671966075897217,0.059964657638306613,0.8171320638207062,0.3174510068679098,0.8227389265747073,0.32655202740828587,0.8281197248683014,0.3303748270240054,0.8134263421347627,0.13955072134947244,0.05934688348012666,0.7545933127403259
smd,./data/SMD,machine-3-8,machine-3-8,base_noTTA,100,256,128,0.15,50,64,0.001,1,0,1,0,0.001,adam,0.1,0.99,fixed,gated,5000,none,8,0.95,"[0.5, 1.0, 2.0]",0,0,9,38,2.015652,0,0.0006196501199156046,inf,32.53682613372803,0.8679302221303175,0.26748014846244333,0.30832383124287344,0.2242866622428666,0.49307075127644057,0.31305477376055424,28605,25417,0,1965,507,0.9800527095794678,0.2580152750015259,0.9350600838661194,0.009993393299067444,,,,,,,,,0.0024466969383259616,0.206133633852005
smd,./data/SMD,machine-3-5,machine-3-5,noMask_fixed,100,256,128,0.15,50,64,0.001,1,0,1,1,0.001,adam,0.1,0.99,fixed,gated,5000,none,8,0.95,"[0.5, 1.0, 2.0]",0,0,5,38,2.015652,0,0.0012513396795839071,inf,24.733068704605103,0.810194240880486,0.3197894857829684,0.0844550013196094,0.0447427293064877,0.7511737089201878,0.4080664294187426,23592,15642,276,1515,564,0.9639432430267334,0.37227723002433777,0.6829732060432434,0.02617957673666234,,,,,,,,,0.05157552659511566,0.7163294553756714
smd,./data/SMD,machine-2-3,machine-2-3,noMask_fixed,100,256,128,0.15,50,64,0.001,1,0,1,1,0.001,adam,0.1,0.99,fixed,gated,5000,none,8,0.95,"[0.5, 1.0, 2.0]",0,0,5,38,2.015652,0,0.0006413108203560114,inf,23.036722898483276,0.9462939564887507,0.44041899456446937,0.23709759836484415,0.13744075829383887,0.862453531598513,0.4701873935264055,23590,22107,361,1259,465,0.9789659380912781,0.3693407475948334,0.9691460132598877,0.027574245684123637,,,,,,,,,0.03702814504504204,0.021551001040885847
smd,./data/SMD,machine-1-3,machine-1-3,mask_noTTA,100,256,128,0.15,50,64,0.001,1,1,1,0,0.001,adam,0.1,0.99,fixed,gated,5000,none,8,0.95,"[0.5, 1.0, 2.0]",0,0,5,38,2.01569,8,0.0006623190129175782,0.00020973736536689103,30.55581498146057,0.801658446297229,0.2455646208674751,0.27296587926509186,0.23897058823529413,0.3182374541003672,0.31265108783239326,23604,22834,0,2005,1297,0.9431987404823303,0.6468827724456787,0.997129499912262,0.08006112855524355,0.8763793154532855,0.28575483204839913,0.8939959552594836,0.307376440002889,0.9029462833772117,0.3207507738625984,0.9011047359318407,0.26878356743607584,0.0,0.009550215676426888
smd,./data/SMD,machine-3-10,machine-3-10,gate_gbuf5k,100,256,128,0.15,50,64,0.001,1,1,1,1,0.001,adam,0.1,0.99,adaptive,gated,5000,unc,8,0.95,"[0.5, 1.0, 2.0]",0,0,8,38,2.01569,8,0.0012082670582458377,0.00010380287130828947,24.989393711090088,0.9662568205411626,0.7380655423702175,0.49831271091113616,0.3531287365484257,0.8462273161413563,0.7015945330296128,23594,20616,351,2334,375,0.9818102717399597,0.16066837310791016,0.9520696401596069,0.09763304476031835,0.9739305119002399,0.6933067741987631,0.9709121691182951,0.6366846893824117,0.9671256811684275,0.5711486147984841,0.957455900504598,0.45356732209153816,0.009633911152680716,0.006799245602451265
smd,./data/SMD,machine-2-9,machine-2-9,mask_noTTA,100,256,128,0.15,50,64,0.001,1,1,1,0,0.001,adam,0.1,0.99,fixed,gated,5000,none,8,0.95,"[0.5, 1.0, 2.0]",0,0,0,38,2.01569,8,0.000688432133756578,0.00040510439430363476,32.843055725097656,0.9703336472127958,0.6402261879794084,0.6052081353354876,0.4540787221905305,0.9071225071225071,0.6633441315723898,28623,25472,0,2745,266,0.989557147026062,0.09690345823764801,0.9740319848060608,0.06045627297459835,0.9731578439703186,0.6584135605297909,0.9727820760564485,0.6645426590000177,0.9711450007960559,0.6673805520740926,0.9581409672706442,0.638569786300809,0.0015135638726254304,0.05148423711458842
smd,./data/SMD,machine-3-6,machine-3-6,mask_noTTA,100,256,128,0.15,50,64,0.001,1,1,1,0,0.001,adam,0.1,0.99,fixed,gated,5000,none,8,0.95,"[0.5, 1.0, 2.0]",0,0,2,38,2.01569,8,0.00038121192483231425,0.0003124845679849386,34.478880643844604,0.8516437610834939,0.29329194500240025,0.24402376675417992,0.14611947708092007,0.7395309882747069,0.315002988643156,28627,24865,0,2283,70,0.9971848130226135,0.030661409720778465,0.9412010312080383,0.06143547992491092,0.8907058903408513,0.31302665756812986,0.9032802943965796,0.32035440353055145,0.9118116491703516,0.32211256610733896,0.9074634577799648,0.23560746205080785,0.004739216373612483,0.1184300606449445
smd,./data/SMD,machine-1-8,machine-1-8,mask_noTTA,100,256,128,0.15,50,64,0.001,1,1,1,0,0.001,adam,0.1,0.99,fixed,gated,5000,none,8,0.95,"[0.5, 1.0, 2.0]",0,0,5,38,2.01569,8,0.0006132894777692854,0.00017005781410261989,28.245535373687744,0.821928223774766,0.336053479923297,0.22622516556291392,0.14176626826029218,0.5596330275229358,0.36779661016949156,23600,22260,0,2691,1541,0.9307726621627808,0.5726495981216431,0.9909130334854126,0.068029205677873,0.8958684853768261,0.3853630493868044,0.9134885447956841,0.39725949324876275,0.923620733240961,0.3912037492683047,0.9153634982247028,0.26420856948963123,0.029271783928076427,0.0005167958637078603
smd,./data/SMD,machine-1-1,machine-1-1,gate_noTTA,100,256,128,0.15,50,64,0.001,1,1,1,0,0.001,adam,0.1,0.99,fixed,gated,5000,unc,8,0.95,"[0.5, 1.0, 2.0]",0,0,3,38,2.01569,8,0.0001613499625818804,0.0001706123584881425,40.701082944869995,0.8896509656186969,0.45461460895297756,0.3711936662606578,0.23348017621145375,0.9049740163325909,0.5303100416473855,28380,20463,0,3486,99,0.9951620101928711,0.028399311006069183,0.818028450012207,0.0922190126522567,0.921036528002172,0.4979197046772503,0.9296540952617867,0.5229430296224203,0.9359177073737645,0.551030374541682,0.9156536642520621,0.5683210973702368,0.08738548308610916,0.24079041679700217
smd,./data/SMD,machine-3-2,machine-3-2,base_noTTA,100,256,128,0.15,50,64,0.001,1,0,1,0,0.001,adam,0.1,0.99,fixed,gated,5000,none,8,0.95,"[0.5, 1.0, 2.0]",0,0,1,38,2.015652,0,0.007686620578169823,inf,25.67558479309082,0.47241026428571364,0.04698410155098507,0.018771331058020476,0.1746031746031746,0.009918845807033363,0.0916407536125846,23604,23604,0,2018,2018,0.9145060181617737,1.0,1.0,0.008919747718975234,,,,,,,,,0.0,0.0
smd,./data/SMD,machine-2-3,machine-2-3,gate_gbuf5k,100,256,128,0.15,50,64,0.001,1,1,1,1,0.001,adam,0.1,0.99,adaptive,gated,5000,unc,8,0.95,"[0.5, 1.0, 2.0]",0,0,8,38,2.01569,8,0.0007021236815489829,0.00021833684877492487,27.401242971420288,0.9494007917485452,0.46561467907457105,0.26500566251415625,0.156312625250501,0.8698884758364313,0.478125,23590,20381,360,1259,212,0.9895981550216675,0.16838760673999786,0.9031839370727539,0.0866399371255096,0.9503246042050929,0.47986287275576545,0.9476711037177896,0.4708561153156711,0.943184581538354,0.43852207525677767,0.9043495376175796,0.17737271209910108,0.03130200132727623,0.013307164248544723
smd,./data/SMD,machine-3-7,machine-3-7,fixed,100,256,128,0.15,50,64,0.001,1,1,1,1,0.001,adam,0.1,0.99,fixed,gated,5000,none,8,0.95,"[0.5, 1.0, 2.0]",0,0,9,38,2.01569,8,0.0001726494956528768,0.00025398912839591503,32.098066091537476,0.8388874336226063,0.42238438885428997,0.12988330796549977,0.07297605473204105,0.5898617511520737,0.5177664974619289,28606,26960,440,929,346,0.987166166305542,0.3724434971809387,0.9615926742553711,0.08414483092043405,0.8807881812744883,0.45853096245829883,0.885421171358773,0.4897133998148981,0.8852296005400008,0.5280355470273548,0.8585856083166105,0.4946671387754257,0.02889432633916537,0.02447874766464035
smd,./data/SMD,machine-1-1,machine-1-1,mask_noTTA,100,256,128,0.15,50,64,0.001,1,1,1,0,0.001,adam,0.1,0.99,fixed,gated,5000,none,8,0.95,"[0.5, 1.0, 2.0]",0,0,6,38,2.01569,8,0.0001602282136445865,0.00019400002202019095,29.932274341583252,0.9063259818391448,0.47798993353865266,0.3852446365179812,0.24318004676539362,0.9265033407572383,0.5547240411599625,28380,20550,0,3486,95,0.9953771233558655,0.027251863852143288,0.821683943271637,0.058406192370919464,0.9281154020619654,0.511816913592186,0.9345377276746968,0.5315715726668437,0.939174270878815,0.5536435760963805,0.913216882970495,0.5632727226845975,0.09290580327312152,0.24594663083553314
smd,./data/SMD,machine-3-5,machine-3-5,base_noTTA,100,256,128,0.15,50,64,0.001,1,0,1,0,0.001,adam,0.1,0.99,fixed,gated,5000,none,8,0.95,"[0.5, 1.0, 2.0]",0,0,2,38,2.015652,0,0.0012658028863370419,inf,27.762577056884766,0.8064333273802856,0.2721632777118946,0.08051212606179985,0.04248408470832792,0.7676056338028169,0.3491062039957939,23592,14723,0,1515,561,0.9618963599205017,0.37029704451560974,0.6414821147918701,0.010175123259996147,,,,,,,,,0.052847251296043396,0.7710448106129965
smd,./data/SMD,machine-1-2,machine-1-2,fixed,100,256,128,0.15,50,64,0.001,1,1,1,1,0.001,adam,0.1,0.99,fixed,gated,5000,none,8,0.95,"[0.5, 1.0, 2.0]",0,0,9,38,2.01569,8,0.0043657878413796425,0.0007967401761561632,23.976677417755127,0.8794482221774533,0.21417574100016976,0.251621271076524,0.194,0.35793357933579334,0.2573623559539053,23595,23291,368,1532,1230,0.9471899271011353,0.8028720617294312,0.9999093413352966,0.08470525577882257,0.8959487532418516,0.25283165076742864,0.8892521140570769,0.2697941315803427,0.8775300468968753,0.27435491074771606,0.8272686745958683,0.1807480054299411,0.0003203588033405443,0.0
smd,./data/SMD,machine-2-6,machine-2-6,noMask_fixed,100,256,128,0.15,50,64,0.001,1,0,1,1,0.001,adam,0.1,0.99,fixed,gated,5000,none,8,0.95,"[0.5, 1.0, 2.0]",0,0,9,38,2.015652,0,0.000400471588363871,inf,32.157572746276855,0.870990757588578,0.318892608668022,0.11252839419884676,0.0607661822985469,0.7594339622641509,0.35714285714285715,28644,24277,409,1121,122,0.994974672794342,0.10883139818906784,0.8776296377182007,0.026816654897838178,,,,,,,,,0.05182261640826861,0.14525732646385828
smd,./data/SMD,machine-3-8,machine-3-8,fixed,100,256,128,0.15,50,64,0.001,1,1,1,1,0.001,adam,0.1,0.99,fixed,gated,5000,none,8,0.95,"[0.5, 1.0, 2.0]",0,0,5,38,2.01569,8,0.0006427807966247201,0.00018179777543991804,33.69659996032715,0.8531608553800211,0.2748498360633813,0.2969260954872465,0.21175373134328357,0.49671772428884026,0.2996891191709845,28605,25551,433,1965,527,0.9793745875358582,0.26819339394569397,0.9393393397331238,0.07868268193533487,0.8902722915738178,0.3234637526018991,0.8883401017085575,0.3474428167089269,0.8817669842427229,0.356669502513641,0.8453564292012634,0.29959706886061954,0.0010485843910525243,0.19153484950462976
smd,./data/SMD,machine-1-4,machine-1-4,noMask_fixed,100,256,128,0.15,50,64,0.001,1,0,1,1,0.001,adam,0.1,0.99,fixed,gated,5000,none,8,0.95,"[0.5, 1.0, 2.0]",0,0,8,38,2.015652,0,0.0009617930045351386,inf,23.29521417617798,0.8085796682182683,0.26966672819593435,0.32448824867323733,0.3572621035058431,0.2972222222222222,0.3328611898016997,23608,22992,367,1908,1292,0.943806529045105,0.6771488189697266,1.0,0.028398462329141894,,,,,,,,,0.0,0.0
smd,./data/SMD,machine-3-4,machine-3-4,gate_noTTA,100,256,128,0.15,50,64,0.001,1,1,1,0,0.001,adam,0.1,0.99,fixed,gated,5000,unc,8,0.95,"[0.5, 1.0, 2.0]",0,0,4,38,2.01569,8,0.0016986681148409843,0.000290451745968312,29.939563512802124,0.7494321395621983,0.3306085803973898,0.23487796250442164,0.17945945945945946,0.3398157625383828,0.37122969837587005,23588,21586,0,1769,637,0.9704901576042175,0.360090434551239,0.960126519203186,0.07243308653887276,0.7931698326142402,0.3940018734473197,0.797303096719935,0.4130525745071639,0.7960931003570901,0.42385999359200943,0.7830210653033869,0.4002360418985776,0.007969617533187071,0.0
smd,./data/SMD,machine-2-5,machine-2-5,base_noTTA,100,256,128,0.15,50,64,0.001,1,0,1,0,0.001,adam,0.1,0.99,fixed,gated,5000,none,8,0.95,"[0.5, 1.0, 2.0]",0,0,2,38,2.015652,0,0.002681978279724717,inf,27.503710746765137,0.9348936320311736,0.5241506462315412,0.3013481363996828,0.6761565836298933,0.19387755102040816,0.5425531914893617,23590,23461,0,3016,2887,0.8769447207450867,0.9572281241416931,1.0,0.010196957460850566,,,,,,,,,0.0,0.0
smd,./data/SMD,machine-3-5,machine-3-5,gate_gbuf5k,100,256,128,0.15,50,64,0.001,1,1,1,1,0.001,adam,0.1,0.99,adaptive,gated,5000,unc,8,0.95,"[0.5, 1.0, 2.0]",0,0,4,38,2.01569,8,0.001273874193429947,0.00045404155389405787,29.2576322555542,0.8239170246062663,0.31386902124457566,0.16303511920020508,0.09151079136690647,0.7464788732394366,0.39743589743589747,23592,18886,356,1515,641,0.9660595059394836,0.42310231924057007,0.8264256715774536,0.10156858852654241,0.8351061307309435,0.3276608022616545,0.8406290454237713,0.3334122597136372,0.8451057372244066,0.3328144390415754,0.8223383571001192,0.12891282411997754,0.034477887054284416,0.0673101394592474
smd,./data/SMD,machine-2-7,machine-2-7,mask_noTTA,100,256,128,0.15,50,64,0.001,1,1,1,0,0.001,adam,0.1,0.99,fixed,gated,5000,none,8,0.95,"[0.5, 1.0, 2.0]",0,0,4,38,2.01569,8,0.0033671001438051462,0.0008528704638592899,31.178678274154663,0.8700326134556077,0.2888509797606163,0.31051752921535897,0.510989010989011,0.22302158273381295,0.3356009070294785,23597,23458,0,2397,2258,0.9037428498268127,0.9420108199119568,1.0,0.07654034586717008,0.8626020528995421,0.25889843157372194,0.8552462810884502,0.22160352035663994,0.8465787703185104,0.18078022761745594,0.8079616636601797,0.08450861226461534,0.0,0.0
smd,./data/SMD,machine-2-8,machine-2-8,gate_noTTA,100,256,128,0.15,50,64,0.001,1,1,1,0,0.001,adam,0.1,0.99,fixed,gated,5000,unc,8,0.95,"[0.5, 1.0, 2.0]",0,0,7,38,2.01569,8,0.0001065009055309929,8.181609882740304e-05,26.832090139389038,0.9945117250469757,0.9604741084356383,0.09823911028730306,0.05169050715214565,0.9875776397515528,0.9263803680981596,23604,20763,0,260,11,0.9994702339172363,0.042307693511247635,0.8889650702476501,0.07241467382317579,0.9937666578194331,0.9614395279336322,0.9933009908022189,0.9620703256269686,0.9928770095576507,0.9628865840400637,0.9856798817601526,0.9408103580420412,0.0426373016089201,0.0
smd,./data/SMD,machine-3-4,machine-3-4,gate_gbuf5k,100,256,128,0.15,50,64,0.001,1,1,1,1,0.001,adam,0.1,0.99,adaptive,gated,5000,unc,8,0.95,"[0.5, 1.0, 2.0]",0,0,3,38,2.01569,8,0.0016659904504194856,0.0002830441517289728,30.041598796844482,0.7518427802468668,0.34498018004261854,0.21848243283141422,0.15352697095435686,0.37871033776867963,0.3821196827685652,23588,21322,363,1769,614,0.9712034463882446,0.3470887541770935,0.9490810632705688,0.10343541608981527,0.7860043889241186,0.4058371684193239,0.7893056368694865,0.42196069053052887,0.7887829141140101,0.4303222993972172,0.7821531958966399,0.4105032770158029,0.016343530577917893,0.013146734796464443
smd,./data/SMD,machine-1-5,machine-1-5,base_noTTA,100,256,128,0.15,50,64,0.001,1,0,1,0,0.001,adam,0.1,0.99,fixed,gated,5000,none,8,0.95,"[0.5, 1.0, 2.0]",0,0,9,38,2.015652,0,0.000746812904253602,inf,26.296534538269043,0.9446661865627383,0.5431520397913316,0.08456444218033622,0.04455179817498658,0.83,0.5988700564971752,23607,22004,0,793,51,0.9976822137832642,0.06431273370981216,0.9622600078582764,0.008557678738457227,,,,,,,,,0.0,0.08613040298223495
smd,./data/SMD,machine-3-1,machine-3-1,gate_gbuf5k,100,256,128,0.15,50,64,0.001,1,1,1,1,0.001,adam,0.1,0.99,adaptive,gated,5000,unc,8,0.95,"[0.5, 1.0, 2.0]",0,0,2,38,2.01569,8,0.0004183404380455613,0.00020678646978922188,35.85997176170349,0.875881558917273,0.26991461880699236,0.06932635709614127,0.03611830448412157,0.8603896103896104,0.31238779174147224,28601,16769,347,704,33,0.9980320930480957,0.046875,0.5999211668968201,0.09517334402910017,0.8970450337208579,0.2779962100642241,0.8969465173105282,0.28358266756550327,0.8942908053484977,0.2935403968564194,0.8439938038152324,0.21981802975571124,0.11337684964140256,0.24443954049881236
smd,./data/SMD,machine-3-9,machine-3-9,noMask_fixed,100,256,128,0.15,50,64,0.001,1,0,1,1,0.001,adam,0.1,0.99,fixed,gated,5000,none,8,0.95,"[0.5, 1.0, 2.0]",0,0,6,38,2.015652,0,0.00017388982814736664,inf,32.801180362701416,0.8456350492493812,0.3354166313910253,0.028586497890295357,0.014525379214235943,0.8943894389438944,0.39911308203991125,28614,5613,193,699,1,0.9998218417167664,0.0014306152006611228,0.20103886723518372,0.019934797816917465,,,,,,,,,0.43493956824143726,0.9947711825370789
smd,./data/SMD,machine-3-10,machine-3-10,gate_noTTA,100,256,128,0.15,50,64,0.001,1,1,1,0,0.001,adam,0.1,0.99,fixed,gated,5000,unc,8,0.95,"[0.5, 1.0, 2.0]",0,0,0,38,2.01569,8,0.0012471855152398348,0.0001086146803572774,29.119436264038086,0.9580965064978763,0.6804779553527,0.6694995278564684,0.6619981325863679,0.6771728748806113,0.6757946210268948,23594,20828,0,2334,480,0.9769541025161743,0.2056555300951004,0.9571025371551514,0.06674558133950444,0.9700163160731162,0.662960294677229,0.9672254265877508,0.6116720806120737,0.9636098765594553,0.5464769712648169,0.9539309859545797,0.43717665878635353,0.0,0.0
smd,./data/SMD,machine-2-4,machine-2-4,mask_noTTA,100,256,128,0.15,50,64,0.001,1,1,1,0,0.001,adam,0.1,0.99,fixed,gated,5000,none,8,0.95,"[0.5, 1.0, 2.0]",0,0,4,38,2.01569,8,0.0005665752105414867,0.00034136930480599403,29.174641847610474,0.7571739632786565,0.36555908436767165,0.2609402519983742,0.169333567786179,0.5684769775678866,0.3606020942408377,23590,20456,0,3674,1744,0.9147438406944275,0.47468698024749756,0.9395461082458496,0.06386984097042948,0.7991823031584133,0.38874656337684765,0.8220049877172364,0.4051157650234217,0.8431528121798637,0.42233872731667815,0.8264088140671662,0.34692074778573173,0.053927093744277954,0.045542701690768204
smd,./data/SMD,machine-2-9,machine-2-9,gate_noTTA,100,256,128,0.15,50,64,0.001,1,1,1,0,0.001,adam,0.1,0.99,fixed,gated,5000,unc,8,0.95,"[0.5, 1.0, 2.0]",0,0,3,38,2.01569,8,0.0006982992053963244,0.0004088413552381098,38.40812420845032,0.9631278579697018,0.6086924857366282,0.5809859154929577,0.44235924932975873,0.8461538461538461,0.604515984797675,28623,24760,0,2745,206,0.9916801452636719,0.07504554092884064,0.9488368630409241,0.08209838776561286,0.9691217618832852,0.6392452455121059,0.9694493755531318,0.6498043511766208,0.9682512138662248,0.6556609650014154,0.9529794725367091,0.603075679271221,0.0016299919225275517,0.047774756948153176
smd,./data/SMD,machine-2-9,machine-2-9,gate_gbuf5k,100,256,128,0.15,50,64,0.001,1,1,1,1,0.001,adam,0.1,0.99,adaptive,gated,5000,unc,8,0.95,"[0.5, 1.0, 2.0]",0,0,5,38,2.01569,8,0.0007034782902337611,0.00039493333315476775,31.976649284362793,0.9603730083946646,0.5558107004662176,0.4978285714285714,0.41564885496183207,0.6205128205128205,0.602520601066408,28623,24814,432,2745,321,0.9870637655258179,0.11693988740444183,0.9464796185493469,0.08862149276869338,0.9667001041792455,0.5798558001352777,0.9679522201715993,0.5900032484837052,0.9680694574787354,0.5975423748862184,0.955304082218459,0.5623875201195714,0.018162765850623448,0.018165323572854202
smd,./data/SMD,machine-3-8,machine-3-8,mask_noTTA,100,256,128,0.15,50,64,0.001,1,1,1,0,0.001,adam,0.1,0.99,fixed,gated,5000,none,8,0.95,"[0.5, 1.0, 2.0]",0,0,5,38,2.01569,8,0.0006427807966247201,0.00018179777543991804,33.53008270263672,0.8412258483271786,0.2677810898318793,0.2901346192485433,0.2002218524681087,0.5266229029905178,0.29760081674323635,28605,25158,0,1965,480,0.9809205532073975,0.2442748099565506,0.9263513684272766,0.06334845408383126,0.8863443870252674,0.31961526546908614,0.8862160164572643,0.3454983031179225,0.8808945287078939,0.3566497059855495,0.8454406219342538,0.2998973437870391,0.0015146218550701935,0.23445498943328857
smd,./data/SMD,machine-2-9,machine-2-9,mask_noTTA,100,256,128,0.15,50,64,0.001,1,1,1,0,0.001,adam,0.1,0.99,fixed,gated,5000,none,8,0.95,"[0.5, 1.0, 2.0]",0,0,8,38,2.01569,8,0.0007065391982905567,0.00040306634036824107,34.25464415550232,0.9660580828081847,0.6022351437681447,0.5934279603344351,0.45041322314049587,0.8695156695156695,0.6343042071197411,28623,25537,0,2745,268,0.989505410194397,0.09763205796480179,0.9764664769172668,0.06279374628293916,0.9703130881608281,0.6259922564329913,0.9700348331193437,0.634362272547193,0.968465478066101,0.6396613032152849,0.9556886928489258,0.6116025715736675,0.0016299919225275517,0.0471817155679067
smd,./data/SMD,machine-3-7,machine-3-7,gate_gbuf5k,100,256,128,0.15,50,64,0.001,1,1,1,1,0.001,adam,0.1,0.99,adaptive,gated,5000,unc,8,0.95,"[0.5, 1.0, 2.0]",0,0,7,38,2.01569,8,0.00015267368871718645,0.0002530195633880794,33.016958475112915,0.8341951099684146,0.38302909533434215,0.12618963694043003,0.0744902205576363,0.41244239631336405,0.48392554991539766,28606,26216,442,929,304,0.9884040355682373,0.32723358273506165,0.9362286329269409,0.09197896405182493,0.8667377800149214,0.416023467104918,0.8685402817073136,0.4500284438564934,0.865120451222019,0.49874977613674065,0.8318787779305853,0.4931731200220667,0.03064196618894736,0.007620701876779397
smd,./data/SMD,machine-2-2,machine-2-2,fixed,100,256,128,0.15,50,64,0.001,1,1,1,1,0.001,adam,0.1,0.99,fixed,gated,5000,none,8,0.95,"[0.5, 1.0, 2.0]",0,0,1,38,2.01569,8,0.0007867874810472131,0.0004185909347143024,29.399574995040894,0.5891701516526491,0.14695655652559264,0.11997126436781609,0.12212065813528336,0.11789622308506884,0.24807835358294075,23601,21822,363,3922,3079,0.8589038848876953,0.7850586175918579,0.952436625957489,0.09450040264233892,0.5901461783469174,0.14607744409408033,0.5872078388109143,0.14489038817346622,0.5828624317617379,0.14336559156301898,0.5678793588445646,0.13146770493447701,0.011158191909392675,0.049140289425849915
smd,./data/SMD,machine-3-8,machine-3-8,fixed,100,256,128,0.15,50,64,0.001,1,1,1,1,0.001,adam,0.1,0.99,fixed,gated,5000,none,8,0.95,"[0.5, 1.0, 2.0]",0,0,1,38,2.01569,8,0.0006636909092776477,0.00018415437079966068,35.11355495452881,0.8549383761231224,0.2602756461225913,0.305829596412556,0.22078342505665263,0.4974471188913202,0.3074772886093641,28605,25790,435,1965,544,0.9789065718650818,0.2768447697162628,0.9476726651191711,0.09610519149132155,0.8919479004160348,0.30912700905996515,0.8898739305221287,0.33153956161144876,0.8830079931326482,0.34079432910601903,0.8484607660396564,0.2955333182652321,0.00011650937570569415,0.1614639237523079
smd,./data/SMD,machine-3-5,machine-3-5,fixed,100,256,128,0.15,50,64,0.001,1,1,1,1,0.001,adam,0.1,0.99,fixed,gated,5000,none,8,0.95,"[0.5, 1.0, 2.0]",0,0,9,38,2.01569,8,0.0012464984320104122,0.00042937425314448774,28.256177186965942,0.8169857601083252,0.2988391644290389,0.08792686205969348,0.0466343411294923,0.7676056338028169,0.378021978021978,23592,15598,279,1515,575,0.9631363153457642,0.3795379400253296,0.6804819703102112,0.08221223783638568,0.8301639408771564,0.3119824139219349,0.836327110885097,0.31820729176024437,0.8416545335484501,0.31585054227420845,0.8189457758082271,0.12016644249343328,0.052140737573305763,0.7149154941240946
smd,./data/SMD,machine-3-2,machine-3-2,base_noTTA,100,256,128,0.15,50,64,0.001,1,0,1,0,0.001,adam,0.1,0.99,fixed,gated,5000,none,8,0.95,"[0.5, 1.0, 2.0]",0,0,9,38,2.015652,0,0.006360265426337719,inf,26.36950421333313,0.4790522879547089,0.047361914296936564,0.023255813953488372,0.14736842105263157,0.012623985572587917,0.0906500349481155,23604,23604,0,2018,2018,0.9145060181617737,1.0,1.0,0.009724021543791447,,,,,,,,,0.0,0.0
smd,./data/SMD,machine-3-6,machine-3-6,base_noTTA,100,256,128,0.15,50,64,0.001,1,0,1,0,0.001,adam,0.1,0.99,fixed,gated,5000,none,8,0.95,"[0.5, 1.0, 2.0]",0,0,0,38,2.015652,0,0.0003299737290944904,inf,32.45563220977783,0.8612192640280194,0.29475116573652577,0.26860793344228195,0.16326530612244897,0.7571189279731994,0.3299284984678243,28627,24476,0,2283,66,0.9973034858703613,0.02890932932496071,0.9265866875648499,0.009292986047593974,,,,,,,,,0.021188998594880104,0.12421693777044614
smd,./data/SMD,machine-1-6,machine-1-6,gate_noTTA,100,256,128,0.15,50,64,0.001,1,1,1,0,0.001,adam,0.1,0.99,fixed,gated,5000,unc,8,0.95,"[0.5, 1.0, 2.0]",0,0,6,38,2.01569,8,0.0006158447940833867,0.0003843167796730995,28.292815446853638,0.8884590846741297,0.646610798983365,0.5003857429409041,0.3504430516533391,0.8745954692556634,0.6334829680485873,23590,15234,0,6678,862,0.9434160590171814,0.12908056378364563,0.849810779094696,0.06648424875438087,0.9159367526442462,0.6842326666107711,0.9270644153477627,0.7054094975832408,0.9343073060723761,0.7188129173544331,0.9136880886356601,0.5994644174982067,0.12907955050468445,0.044339353839556374
smd,./data/SMD,machine-2-8,machine-2-8,gate_noTTA,100,256,128,0.15,50,64,0.001,1,1,1,0,0.001,adam,0.1,0.99,fixed,gated,5000,unc,8,0.95,"[0.5, 1.0, 2.0]",0,0,0,38,2.01569,8,0.00010781346645671874,8.162380254361778e-05,27.948589086532593,0.9948673732844854,0.9597257622302553,0.09518072289156627,0.05001582779360557,0.9813664596273292,0.9207317073170732,23604,20768,0,260,10,0.9995185136795044,0.03846153989434242,0.8892220854759216,0.062275712640785276,0.9937793218516292,0.9603534826566382,0.9931703929701957,0.960416376719096,0.9924770372074543,0.960509668973406,0.9832378342183206,0.9324368626054916,0.04602569496879975,0.0
smd,./data/SMD,machine-2-2,machine-2-2,noMask_fixed,100,256,128,0.15,50,64,0.001,1,0,1,1,0.001,adam,0.1,0.99,fixed,gated,5000,none,8,0.95,"[0.5, 1.0, 2.0]",0,0,0,38,2.015652,0,0.000723979901522398,inf,27.230558156967163,0.5760259313642412,0.14459868501181317,0.10790416902471232,0.11588330632090761,0.10095305330038828,0.23931432412749987,23601,21733,360,3922,2989,0.8624672293663025,0.7621111869812012,0.9524874091148376,0.030832792519462356,,,,,,,,,0.008757062256336212,0.048227570950984955
smd,./data/SMD,machine-1-3,machine-1-3,base_noTTA,100,256,128,0.15,50,64,0.001,1,0,1,0,0.001,adam,0.1,0.99,fixed,gated,5000,none,8,0.95,"[0.5, 1.0, 2.0]",0,0,5,38,2.015652,0,0.0006642802036367357,inf,27.540279865264893,0.8036052999000635,0.254937087566921,0.3061465721040189,0.296,0.31701346389228885,0.32774390243902435,23604,22911,0,2005,1376,0.9399415254592896,0.6862843036651611,0.997036874294281,0.010552254395451793,,,,,,,,,0.0,0.009858287250002226
smd,./data/SMD,machine-3-11,machine-3-11,base_noTTA,100,256,128,0.15,50,64,0.001,1,0,1,0,0.001,adam,0.1,0.99,fixed,gated,5000,none,8,0.95,"[0.5, 1.0, 2.0]",0,0,4,38,2.015652,0,0.00036813595215789974,inf,35.7593195438385,0.8777277299629745,0.6011732908081271,0.025523226135783564,0.012948575656677765,0.8838383838383839,0.6468842729970326,28597,13438,0,440,0,1.0,0.0,0.4772525429725647,0.01227063232607561,,,,,,,,,0.1355477881928285,0.9818114240964254
smd,./data/SMD,machine-1-3,machine-1-3,base_noTTA,100,256,128,0.15,50,64,0.001,1,0,1,0,0.001,adam,0.1,0.99,fixed,gated,5000,none,8,0.95,"[0.5, 1.0, 2.0]",0,0,1,38,2.015652,0,0.0006719745579175651,inf,30.76736879348755,0.7984011220106341,0.24741477954792018,0.30434782608695654,0.300357568533969,0.3084455324357405,0.32163742690058483,23604,22918,0,2005,1389,0.939392626285553,0.6927680969238281,0.9967591166496277,0.011517787016038065,,,,,,,,,0.0,0.009858287250002226
smd,./data/SMD,machine-1-8,machine-1-8,gate_gbuf5k,100,256,128,0.15,50,64,0.001,1,1,1,1,0.001,adam,0.1,0.99,adaptive,gated,5000,unc,8,0.95,"[0.5, 1.0, 2.0]",0,0,0,38,2.01569,8,0.0006104807835072279,0.00016616348875686526,28.60567593574524,0.8379005275835066,0.3647042634158356,0.2582173526798934,0.16679418515684774,0.5714285714285714,0.39672801635991817,23600,21247,363,2691,926,0.9564173817634583,0.34410998225212097,0.9718781113624573,0.1023900003756507,0.9001377586775167,0.4061071583036929,0.9145581345276229,0.40702615216525223,0.9223385169788084,0.3939473273744961,0.9109457120640213,0.2604950064996502,0.009106995382656654,0.017913758754730225
smd,./data/SMD,machine-3-4,machine-3-4,gate_gbuf5k,100,256,128,0.15,50,64,0.001,1,1,1,1,0.001,adam,0.1,0.99,adaptive,gated,5000,unc,8,0.95,"[0.5, 1.0, 2.0]",0,0,0,38,2.01569,8,0.0016803231555968523,0.0002761228824965656,28.361207723617554,0.7385818339645397,0.3247741600787235,0.20420070011668612,0.14279885760913913,0.35823950870010235,0.3626543209876543,23588,21281,363,1769,618,0.9709600210189819,0.3493499159812927,0.9470186829566956,0.10775514067038047,0.774022283547574,0.3921190931832452,0.7793120683695043,0.41014165286177706,0.7815907664031418,0.42061553903148957,0.7810801224283577,0.404607465581946,0.01518419198691845,0.01187447008366386
smd,./data/SMD,machine-2-7,machine-2-7,base_noTTA,100,256,128,0.15,50,64,0.001,1,0,1,0,0.001,adam,0.1,0.99,fixed,gated,5000,none,8,0.95,"[0.5, 1.0, 2.0]",0,0,7,38,2.015652,0,0.0032533963676542044,inf,26.678419828414917,0.8764226215144556,0.2861820616770429,0.31067961165048547,0.47761194029850745,0.2302158273381295,0.33091787439613524,23597,23468,0,2397,2268,0.903357744216919,0.9461827278137207,1.0,0.009134744604639105,,,,,,,,,0.0,0.0
smd,./data/SMD,machine-3-7,machine-3-7,fixed,100,256,128,0.15,50,64,0.001,1,1,1,1,0.001,adam,0.1,0.99,fixed,gated,5000,none,8,0.95,"[0.5, 1.0, 2.0]",0,0,2,38,2.01569,8,0.00016588221478741616,0.0002598377177491784,32.982430934906006,0.8388190533133315,0.39941226345024466,0.12462006079027355,0.06879194630872483,0.6612903225806451,0.48965517241379314,28606,26541,440,929,315,0.988131582736969,0.3390742838382721,0.9475737810134888,0.0885211112057005,0.8668101539298628,0.44027750047125264,0.8707608894623743,0.48236667157550434,0.8703699643688874,0.5284189512401147,0.843120085114332,0.5046505714202196,0.041127810875574745,0.05546622102459272
smd,./data/SMD,machine-3-1,machine-3-1,fixed,100,256,128,0.15,50,64,0.001,1,1,1,1,0.001,adam,0.1,0.99,fixed,gated,5000,none,8,0.95,"[0.5, 1.0, 2.0]",0,0,1,38,2.01569,8,0.0003920056624338031,0.00020624585158657283,33.58685922622681,0.8725832317865285,0.3385668290668101,0.05210459803635657,0.026856398436717107,0.8701298701298701,0.38967136150234744,28601,18169,341,704,41,0.9977434277534485,0.05823863670229912,0.6498189568519592,0.08554903094882978,0.8936616268347037,0.34314883298016285,0.8938660926985103,0.3453230013082802,0.8911560051669941,0.34806754348456753,0.8412041255447849,0.21763056811218193,0.14819690336783728,0.41170648982127506
smd,./data/SMD,machine-3-11,machine-3-11,noMask_fixed,100,256,128,0.15,50,64,0.001,1,0,1,1,0.001,adam,0.1,0.99,fixed,gated,5000,none,8,0.95,"[0.5, 1.0, 2.0]",0,0,1,38,2.015652,0,0.00037857776624150574,inf,33.146191358566284,0.8959971318206984,0.5915531703541864,0.024911770811708533,0.012628920227320563,0.9090909090909091,0.6333333333333334,28597,12877,260,440,0,1.0,0.0,0.45732855796813965,0.02103383446813576,,,,,,,,,0.20291375865538916,0.9721509019533793
smd,./data/SMD,machine-1-4,machine-1-4,mask_noTTA,100,256,128,0.15,50,64,0.001,1,1,1,0,0.001,adam,0.1,0.99,fixed,gated,5000,none,8,0.95,"[0.5, 1.0, 2.0]",0,0,3,38,2.01569,8,0.000978787080384791,0.00027919409330934286,32.33887052536011,0.8195829285151511,0.26495901332810035,0.31342234715390016,0.31721194879089615,0.30972222222222223,0.3219954648526077,23608,22998,0,1908,1298,0.9435603022575378,0.6802935004234314,1.0,0.0860080885426629,0.9112987775699308,0.3259265869714284,0.9269016183059992,0.3541825598449995,0.9323484771585872,0.362769937216824,0.9178446875770363,0.2919840370135847,0.0,0.0
smd,./data/SMD,machine-3-8,machine-3-8,mask_noTTA,100,256,128,0.15,50,64,0.001,1,1,1,0,0.001,adam,0.1,0.99,fixed,gated,5000,none,8,0.95,"[0.5, 1.0, 2.0]",0,0,6,38,2.01569,8,0.0006481048767454922,0.00018169271061196923,34.31885313987732,0.8476545572432261,0.27117640213847866,0.29940366029200083,0.20847651775486828,0.5309992706053975,0.3061938061938062,28605,25054,0,1965,473,0.981120765209198,0.2407124638557434,0.9227102398872375,0.0642156042516742,0.8902143039957551,0.3205833794763415,0.8894300707034827,0.34372104877161375,0.8835986231672837,0.3542626038735533,0.8450990742988994,0.2915542263771517,0.0019806593966980777,0.2453795224428177
smd,./data/SMD,machine-2-4,machine-2-4,gate_noTTA,100,256,128,0.15,50,64,0.001,1,1,1,0,0.001,adam,0.1,0.99,fixed,gated,5000,unc,8,0.95,"[0.5, 1.0, 2.0]",0,0,9,38,2.01569,8,0.0005740499473176897,0.00034828908974304795,27.667351245880127,0.7611863058927475,0.3666494097351117,0.2730991677246438,0.1794253938832252,0.5714285714285714,0.3656330749354005,23590,20322,0,3674,1711,0.9158055186271667,0.46570494771003723,0.934474766254425,0.07104900945491233,0.8032646949652882,0.39126639163974014,0.825396428779429,0.4087032991785951,0.8451696787372251,0.42727359143542504,0.8263609605381496,0.3534579145145402,0.05336339771747589,0.051096602265412606
smd,./data/SMD,machine-1-1,machine-1-1,gate_gbuf5k,100,256,128,0.15,50,64,0.001,1,1,1,1,0.001,adam,0.1,0.99,adaptive,gated,5000,unc,8,0.95,"[0.5, 1.0, 2.0]",0,0,2,38,2.01569,8,0.00015716528287157416,0.00017596472753211856,35.39596176147461,0.9251236345780359,0.49607094636416893,0.3675507020280811,0.3170075349838536,0.437268002969562,0.5783637998201977,28380,23759,426,3486,756,0.9681804776191711,0.21686747670173645,0.9240379333496094,0.10202831580153311,0.938517276162499,0.5204653510987156,0.9434641204558455,0.5359548213125152,0.9478536032427363,0.5555838110601866,0.9374100749458827,0.5776801731103002,0.05261921634276708,0.016890363457302254
smd,./data/SMD,machine-1-4,machine-1-4,gate_noTTA,100,256,128,0.15,50,64,0.001,1,1,1,0,0.001,adam,0.1,0.99,fixed,gated,5000,unc,8,0.95,"[0.5, 1.0, 2.0]",0,0,9,38,2.01569,8,0.0009173704893328249,0.0002697443123906851,27.74931502342224,0.8051010716201912,0.26215628932179885,0.3140495867768595,0.3114754098360656,0.31666666666666665,0.33127753303964763,23608,22658,0,1908,987,0.956439197063446,0.5172955989837646,0.998663604259491,0.06820647767421473,0.9058987144907992,0.32495180068828833,0.9238446972443363,0.35511887834874784,0.9314673027749986,0.36628997435081634,0.9224766534708024,0.3004646842895171,0.0,0.0
smd,./data/SMD,machine-3-8,machine-3-8,gate_noTTA,100,256,128,0.15,50,64,0.001,1,1,1,0,0.001,adam,0.1,0.99,fixed,gated,5000,unc,8,0.95,"[0.5, 1.0, 2.0]",0,0,8,38,2.01569,8,0.0006570877158083022,0.00018822841229848564,31.725526332855225,0.8473360792172759,0.27524613432888057,0.28919860627177696,0.20614715926730828,0.48431801604668123,0.2998421883219358,28605,20870,0,1965,271,0.9870148301124573,0.13791348040103912,0.7732357382774353,0.06818267103467573,0.888623941963534,0.3192087834175107,0.8879481852036251,0.342027268440307,0.882331222323974,0.3517005791464571,0.8436837023923784,0.28433602474727826,0.0015146218550701935,0.22728239248196283
smd,./data/SMD,machine-1-1,machine-1-1,fixed,100,256,128,0.15,50,64,0.001,1,1,1,1,0.001,adam,0.1,0.99,fixed,gated,5000,none,8,0.95,"[0.5, 1.0, 2.0]",0,0,4,38,2.01569,8,0.00015781492402311414,0.0001802831538952887,34.11842966079712,0.8993588406443034,0.4495441454929608,0.36934617930425834,0.23030358616894434,0.9320712694877505,0.5280950205573322,28380,20010,354,3486,62,0.9969015717506409,0.01778542809188366,0.801317572593689,0.086249617979172,0.9211131423560052,0.4829766046026556,0.9281182164374212,0.5037069844379958,0.9337888158878763,0.5290923335576443,0.9204836579798196,0.57390596365273,0.0914963570733865,0.26621374984582263
smd,./data/SMD,machine-3-9,machine-3-9,fixed,100,256,128,0.15,50,64,0.001,1,1,1,1,0.001,adam,0.1,0.99,fixed,gated,5000,none,8,0.95,"[0.5, 1.0, 2.0]",0,0,0,38,2.01569,8,0.00023589178454130888,0.0001245651947101578,35.43147540092468,0.8366797820225529,0.27760767698103855,0.031196454948301332,0.01588256527493683,0.8712871287128713,0.3282937365010799,28614,5020,165,699,2,0.9996016025543213,0.0028612304013222456,0.17975997924804688,0.07896666807757406,0.858874472452525,0.2880951584514015,0.866177715976455,0.2960857743079764,0.8726304943060303,0.31092695781265106,0.8518398671968569,0.23996602030674472,0.4642668316761653,0.9659614562988281
smd,./data/SMD,machine-2-5,machine-2-5,mask_noTTA,100,256,128,0.15,50,64,0.001,1,1,1,0,0.001,adam,0.1,0.99,fixed,gated,5000,none,8,0.95,"[0.5, 1.0, 2.0]",0,0,5,38,2.01569,8,0.002939517144113779,0.0006498931907117367,25.92605233192444,0.9302073438473103,0.502748255509704,0.2971071149335418,0.6354515050167224,0.19387755102040816,0.5348293595137915,23590,23464,0,3016,2890,0.8768326044082642,0.9582228064537048,1.0,0.061563396413430366,0.9441112981367632,0.49332232964440154,0.9386145113732667,0.4365112019609314,0.9322325231118472,0.37552836556629865,0.9123894509144537,0.25195601974893145,0.0,0.0
smd,./data/SMD,machine-3-4,machine-3-4,gate_noTTA,100,256,128,0.15,50,64,0.001,1,1,1,0,0.001,adam,0.1,0.99,fixed,gated,5000,unc,8,0.95,"[0.5, 1.0, 2.0]",0,0,1,38,2.01569,8,0.0016675631050020456,0.0002813141036313027,30.53655457496643,0.7462103726979894,0.32936160248417834,0.22514812376563526,0.16593886462882096,0.3500511770726714,0.37205770690964307,23588,21485,0,1769,620,0.9711426496505737,0.35048049688339233,0.9562766551971436,0.06565660344396018,0.7906273619537337,0.39487241288722186,0.794989694726846,0.41550878287266535,0.794207638747106,0.4273791412876357,0.7812114791683851,0.4082278962122995,0.012813782940308252,0.0
smd,./data/SMD,machine-2-5,machine-2-5,fixed,100,256,128,0.15,50,64,0.001,1,1,1,1,0.001,adam,0.1,0.99,fixed,gated,5000,none,8,0.95,"[0.5, 1.0, 2.0]",0,0,7,38,2.01569,8,0.002656007884070277,0.0005732861463911831,25.78946828842163,0.9248325531278169,0.4405799448078857,0.28350116189000774,0.5884244372990354,0.186734693877551,0.5084466419447877,23590,23441,368,3016,2867,0.8776929378509521,0.950596809387207,1.0,0.10053066441243662,0.939818025937752,0.4416761087459458,0.9346617047453092,0.3929408949237896,0.9290989996773731,0.3475520622762683,0.9129072713236952,0.2551069690600981,0.0,0.0
smd,./data/SMD,machine-1-4,machine-1-4,noMask_fixed,100,256,128,0.15,50,64,0.001,1,0,1,1,0.001,adam,0.1,0.99,fixed,gated,5000,none,8,0.95,"[0.5, 1.0, 2.0]",0,0,0,38,2.015652,0,0.0009756045765243471,inf,30.904622793197632,0.8058633382153196,0.26067254664074707,0.3264401772525849,0.34858044164037855,0.30694444444444446,0.33453237410071945,23608,23005,367,1908,1306,0.9432297348976135,0.6844863891601562,0.9999539256095886,0.033715031018543146,,,,,,,,,0.0,0.0
smd,./data/SMD,machine-2-3,machine-2-3,fixed,100,256,128,0.15,50,64,0.001,1,1,1,1,0.001,adam,0.1,0.99,fixed,gated,5000,none,8,0.95,"[0.5, 1.0, 2.0]",0,0,1,38,2.01569,8,0.0006326418952085078,0.0002312073193024844,29.402615785598755,0.9522079435172812,0.45495344642787894,0.24325699745547075,0.1409198113207547,0.8884758364312267,0.4866385372714486,23590,22056,361,1259,454,0.979416012763977,0.3606036603450775,0.9673547744750977,0.09471665706205995,0.955691129178188,0.4666217289422572,0.9535112809881936,0.45644546729658175,0.9494407918755298,0.4180292006455963,0.9103146359194791,0.1580359991134976,0.041965449849764504,0.02273771973947684
smd,./data/SMD,machine-3-2,machine-3-2,noMask_fixed,100,256,128,0.15,50,64,0.001,1,0,1,1,0.001,adam,0.1,0.99,fixed,gated,5000,none,8,0.95,"[0.5, 1.0, 2.0]",0,0,7,38,2.015652,0,0.006523763760924339,inf,26.87157392501831,0.4670723804280093,0.04636410790234273,0.021541010770505388,0.1326530612244898,0.011722272317403066,0.0899468113118121,23604,23604,369,2018,2018,0.9145060181617737,1.0,1.0,0.02924957794166181,,,,,,,,,0.0,0.0
smd,./data/SMD,machine-3-3,machine-3-3,gate_noTTA,100,256,128,0.15,50,64,0.001,1,1,1,0,0.001,adam,0.1,0.99,fixed,gated,5000,unc,8,0.95,"[0.5, 1.0, 2.0]",0,0,9,38,2.01569,8,0.0008228679653257132,0.0002892024931497872,27.2512423992157,0.8715985573427982,0.2703175016295786,0.23020063357972542,0.13814955640050697,0.689873417721519,0.3400576368876081,23604,21001,0,3206,1737,0.917289674282074,0.5417966246604919,0.9444063305854797,0.06438593524246979,0.8888073360770192,0.2971056496894301,0.8926874881008489,0.3078236920275917,0.8932137940721241,0.29872891573077487,0.8594691044541095,0.12878232557880448,0.005685510113835335,0.03643933217972517
smd,./data/SMD,machine-1-4,machine-1-4,gate_gbuf5k,100,256,128,0.15,50,64,0.001,1,1,1,1,0.001,adam,0.1,0.99,adaptive,gated,5000,unc,8,0.95,"[0.5, 1.0, 2.0]",0,0,2,38,2.01569,8,0.0009402090799994767,0.00027194421272724867,29.493247270584106,0.806461381553825,0.25681029526098886,0.29449677739216656,0.2289899768696993,0.4125,0.32116788321167883,23608,22503,363,1908,840,0.9626716375350952,0.44025155901908875,0.9982949495315552,0.1009017360367964,0.912295838710769,0.3174663654564825,0.9286773200311286,0.3445087928671661,0.9339695625063441,0.35299844433349453,0.9196576084066839,0.28557254783644426,0.0012071827271332343,0.0
smd,./data/SMD,machine-3-10,machine-3-10,gate_noTTA,100,256,128,0.15,50,64,0.001,1,1,1,0,0.001,adam,0.1,0.99,fixed,gated,5000,unc,8,0.95,"[0.5, 1.0, 2.0]",0,0,8,38,2.01569,8,0.0012082670582458377,0.00010380287130828947,25.62480139732361,0.9639130351531536,0.714198300599776,0.680672268907563,0.6657534246575343,0.6962750716332379,0.6877394636015327,23594,20685,0,2334,438,0.9788252115249634,0.18766066431999207,0.9523518085479736,0.06442612850677162,0.9728555388568088,0.6910919052837411,0.9700157677896272,0.6374342555555733,0.9664288550297123,0.5741715454086712,0.9566955367446519,0.46126507754449514,0.0,0.0
smd,./data/SMD,machine-3-5,machine-3-5,gate_noTTA,100,256,128,0.15,50,64,0.001,1,1,1,0,0.001,adam,0.1,0.99,fixed,gated,5000,unc,8,0.95,"[0.5, 1.0, 2.0]",0,0,0,38,2.01569,8,0.0015995223075151443,0.00045077019603922963,28.568664073944092,0.8085861108336385,0.29038718820387704,0.09618930547019051,0.05146333442946399,0.7347417840375586,0.3653585926928282,23592,15290,0,1515,521,0.9659254550933838,0.3438943922519684,0.6689767837524414,0.06704610984339153,0.8218716987071797,0.3044123962436624,0.8284080440808039,0.3106951391614028,0.8339478089253336,0.30912436492584877,0.8171667731152297,0.1296114662522176,0.04874947170416514,0.6083836456139883
smd,./data/SMD,machine-1-1,machine-1-1,gate_gbuf5k,100,256,128,0.15,50,64,0.001,1,1,1,1,0.001,adam,0.1,0.99,adaptive,gated,5000,unc,8,0.95,"[0.5, 1.0, 2.0]",0,0,6,38,2.01569,8,0.0001602282136445865,0.00019400002202019095,33.26201272010803,0.9160499873389094,0.4977070590524876,0.35986949429037524,0.3210128055878929,0.4094283593170007,0.5755693581780538,28380,24019,427,3486,890,0.9629459977149963,0.2553069293498993,0.9290993809700012,0.09030828684295375,0.9358658753593009,0.5258835154034706,0.9425214414381734,0.5434503016302888,0.9479295697863623,0.5643480602209087,0.9312682151633942,0.575065444723777,0.05015269046028455,0.03284278636177381
smd,./data/SMD,machine-1-5,machine-1-5,noMask_fixed,100,256,128,0.15,50,64,0.001,1,0,1,1,0.001,adam,0.1,0.99,fixed,gated,5000,none,8,0.95,"[0.5, 1.0, 2.0]",0,0,3,38,2.015652,0,0.000705061771441251,inf,29.671356916427612,0.9617160891298823,0.5712769010796299,0.0842911877394636,0.04426559356136821,0.88,0.6021505376344087,23607,21953,362,793,49,0.997767984867096,0.06179066747426987,0.9601122140884399,0.03181293827053168,,,,,,,,,0.0,0.07729191333055496
smd,./data/SMD,machine-3-1,machine-3-1,mask_noTTA,100,256,128,0.15,50,64,0.001,1,1,1,0,0.001,adam,0.1,0.99,fixed,gated,5000,none,8,0.95,"[0.5, 1.0, 2.0]",0,0,9,38,2.01569,8,0.00039897908573038876,0.00020911928731948137,29.35054349899292,0.8628159843819185,0.26272674285044145,0.045510964004964835,0.023350598624437464,0.8928571428571429,0.2978723404255319,28601,16253,0,704,32,0.9980311393737793,0.04545454680919647,0.5814603567123413,0.06058326047107284,0.8902970884426928,0.27398298379264907,0.8927686324664346,0.2844285118142835,0.8925148798088359,0.3013870699919877,0.8422540143007177,0.2710328140963752,0.20439336945613226,0.517303541302681
smd,./data/SMD,machine-1-4,machine-1-4,gate_noTTA,100,256,128,0.15,50,64,0.001,1,1,1,0,0.001,adam,0.1,0.99,fixed,gated,5000,unc,8,0.95,"[0.5, 1.0, 2.0]",0,0,4,38,2.01569,8,0.0009352113120257854,0.0002775649481918663,29.51286220550537,0.7831423437401818,0.24573738646790266,0.29261920313520573,0.2762022194821208,0.3111111111111111,0.31899641577060933,23608,22669,0,1908,988,0.9564162492752075,0.5178197026252747,0.9991244077682495,0.06746234872792786,0.8930061919055698,0.299207117549786,0.9161330015032652,0.3351389815718383,0.9265987297167964,0.355058642015847,0.9189289356786203,0.28946679734152203,0.0,0.0
smd,./data/SMD,machine-3-9,machine-3-9,gate_gbuf5k,100,256,128,0.15,50,64,0.001,1,1,1,1,0.001,adam,0.1,0.99,adaptive,gated,5000,unc,8,0.95,"[0.5, 1.0, 2.0]",0,0,1,38,2.01569,8,0.00024453605874441564,0.00012805966252926737,37.74965214729309,0.8457085835299476,0.2362592451770691,0.05720008902737592,0.02959806518484395,0.8481848184818482,0.30452674897119336,28614,10882,329,699,18,0.9983459115028381,0.02575107291340828,0.3891814351081848,0.10050792084838757,0.8638978047751977,0.24853975430085296,0.8684521672864223,0.25801940185308914,0.8720149206050489,0.2742971188137233,0.8483114414926182,0.2536782892976072,0.29306929806868237,0.3094018797079722
smd,./data/SMD,machine-2-2,machine-2-2,fixed,100,256,128,0.15,50,64,0.001,1,1,1,1,0.001,adam,0.1,0.99,fixed,gated,5000,none,8,0.95,"[0.5, 1.0, 2.0]",0,0,5,38,2.01569,8,0.0007652488420717418,0.0004084120155312121,28.268599033355713,0.5927509376404384,0.14817503163957213,0.1209563994374121,0.12049036777583187,0.12142605012354395,0.25117117117117116,23601,21712,362,3922,2980,0.8627486824989319,0.7598164081573486,0.9518776535987854,0.08078777336992453,0.5906262412521669,0.14619685624678636,0.5858838111258518,0.144440099931594,0.5800943670087382,0.14247570107785928,0.5653396916794955,0.1301628223050951,0.010734463731447855,0.048601473371187844
smd,./data/SMD,machine-3-5,machine-3-5,fixed,100,256,128,0.15,50,64,0.001,1,1,1,1,0.001,adam,0.1,0.99,fixed,gated,5000,none,8,0.95,"[0.5, 1.0, 2.0]",0,0,0,38,2.01569,8,0.0015995223075151443,0.00045077019603922963,27.708065271377563,0.8145644841179753,0.32324960871489195,0.09864757358790771,0.05291005291005291,0.7276995305164319,0.39795918367346933,23592,17418,315,1515,691,0.9603284001350403,0.45610561966896057,0.7576663494110107,0.08557674722293143,0.8276894406052333,0.3369505232906479,0.8339204652659852,0.34283377531184506,0.8390932600402184,0.3378144422571162,0.8211421981275143,0.13248200836759566,0.047477747003237404,0.5453912615776062
smd,./data/SMD,machine-2-1,machine-2-1,base_noTTA,100,256,128,0.15,50,64,0.001,1,0,1,0,0.001,adam,0.1,0.99,fixed,gated,5000,none,8,0.95,"[0.5, 1.0, 2.0]",0,0,7,38,2.015652,0,0.001356029766611755,inf,23.62484622001648,0.7555857417804674,0.29253753530455395,0.2972712680577849,0.23804627249357327,0.3957264957264957,0.32761157430112803,23595,22809,0,2457,1673,0.9266517758369446,0.680911660194397,0.9999054074287415,0.00854108413919399,,,,,,,,,0.00014887598808854818,0.0
smd,./data/SMD,machine-3-5,machine-3-5,gate_noTTA,100,256,128,0.15,50,64,0.001,1,1,1,0,0.001,adam,0.1,0.99,fixed,gated,5000,unc,8,0.95,"[0.5, 1.0, 2.0]",0,0,3,38,2.01569,8,0.0012571325059980154,0.0004549948207568377,27.224579095840454,0.8072571181801029,0.30191445640771103,0.07419936851601264,0.03897180762852405,0.7723004694835681,0.3679012345679012,23592,12125,0,1515,448,0.9630515575408936,0.2957095801830292,0.5289214849472046,0.06542045328729473,0.8171320638207062,0.3174510068679098,0.8227389265747073,0.32655202740828587,0.8281197248683014,0.3303748270240054,0.8134263421347627,0.13955072134947244,0.05934688348012666,0.7545933127403259
smd,./data/SMD,machine-3-9,machine-3-9,gate_gbuf5k,100,256,128,0.15,50,64,0.001,1,1,1,1,0.001,adam,0.1,0.99,adaptive,gated,5000,unc,8,0.95,"[0.5, 1.0, 2.0]",0,0,8,38,2.01569,8,0.00023526951554231346,0.00012922019232064486,31.96238112449646,0.8495223756800179,0.2724544331684689,0.05999087591240876,0.031069108092144124,0.8679867986798679,0.3055555555555556,28614,10970,332,699,21,0.9980856776237488,0.030042918398976326,0.3922263979911804,0.08650539955719884,0.865282293804882,0.2865899596888413,0.869893810922803,0.2997403645150673,0.8736790257695252,0.32330140808390434,0.8490101914098485,0.2696039962216185,0.295307993888855,0.30278178801139194
smd,./data/SMD,machine-2-1,machine-2-1,fixed,100,256,128,0.15,50,64,0.001,1,1,1,1,0.001,adam,0.1,0.99,fixed,gated,5000,none,8,0.95,"[0.5, 1.0, 2.0]",0,0,3,38,2.01569,8,0.0013785883784294128,0.0003107080701738596,31.588897466659546,0.7654832755791733,0.3083828418467164,0.3120376597175521,0.2572062084257206,0.39658119658119656,0.3380009657170449,23595,23005,365,2457,1867,0.9188437461853027,0.7598697543144226,1.0,0.108931978568861,0.8143190093909327,0.378922150747612,0.8219098488677604,0.4047830907520259,0.8237557811079388,0.4129185478354993,0.8045903932291786,0.33546395911377014,0.0,0.0
smd,./data/SMD,machine-2-1,machine-2-1,mask_noTTA,100,256,128,0.15,50,64,0.001,1,1,1,0,0.001,adam,0.1,0.99,fixed,gated,5000,none,8,0.95,"[0.5, 1.0, 2.0]",0,0,9,38,2.01569,8,0.0014017453650012612,0.00031377532286569476,28.553216695785522,0.7536712596781856,0.3013429304821566,0.29674306393244876,0.22926374650512582,0.4205128205128205,0.3306122448979592,23595,22812,0,2457,1677,0.926486074924469,0.682539701461792,0.9998580813407898,0.06640132743187137,0.8063040259430776,0.3754407331760066,0.8146866704005755,0.40424219326142957,0.8169774462795241,0.4161815068799955,0.7994174874435929,0.3439210308644795,0.00014887598808854818,0.0
smd,./data/SMD,machine-3-9,machine-3-9,gate_noTTA,100,256,128,0.15,50,64,0.001,1,1,1,0,0.001,adam,0.1,0.99,fixed,gated,5000,unc,8,0.95,"[0.5, 1.0, 2.0]",0,0,9,38,2.01569,8,0.00023831124417483807,0.0001263797312276438,29.4300754070282,0.8565645318491723,0.2880365559687653,0.03570725303577289,0.018215912135012054,0.8976897689768977,0.3241895261845386,28614,5130,0,699,1,0.9998050928115845,0.0014306152006611228,0.18373633921146393,0.06272592509226986,0.8729130146383172,0.2991869905878217,0.8758073959455079,0.30813011341147395,0.877209135908311,0.3237829460893638,0.8489919530495815,0.2351191854204856,0.47726180652777356,0.9223287502924601
smd,./data/SMD,machine-3-4,machine-3-4,base_noTTA,100,256,128,0.15,50,64,0.001,1,0,1,0,0.001,adam,0.1,0.99,fixed,gated,5000,none,8,0.95,"[0.5, 1.0, 2.0]",0,0,7,38,2.015652,0,0.0015774085186421871,inf,24.10531497001648,0.7606065440850706,0.34181422590615446,0.2579688658265382,0.2022080185938408,0.3561924257932446,0.38167938931297707,23588,22748,0,1769,1011,0.9555565118789673,0.5715093016624451,0.9962418079376221,0.009302994306155821,,,,,,,,,0.018754528524974983,0.0
smd,./data/SMD,machine-2-5,machine-2-5,gate_gbuf5k,100,256,128,0.15,50,64,0.001,1,1,1,1,0.001,adam,0.1,0.99,adaptive,gated,5000,unc,8,0.95,"[0.5, 1.0, 2.0]",0,0,2,38,2.01569,8,0.0028385058976709843,0.0006879806169308722,29.730928659439087,0.9170440830345965,0.4472015219345305,0.4822469528351881,0.5016538037486218,0.4642857142857143,0.49840546697038723,23590,22456,364,3016,1918,0.9145885109901428,0.6359416246414185,0.9982502460479736,0.10221671532553704,0.9402906426562874,0.46016995061318755,0.9361149180267465,0.4088892207778153,0.9308940714865365,0.356678064014399,0.9148184977456567,0.25608604873786406,0.002658396027982235,0.0
smd,./data/SMD,machine-1-1,machine-1-1,mask_noTTA,100,256,128,0.15,50,64,0.001,1,1,1,0,0.001,adam,0.1,0.99,fixed,gated,5000,none,8,0.95,"[0.5, 1.0, 2.0]",0,0,0,38,2.01569,8,0.00015585284563712776,0.00017956466763280332,42.752289056777954,0.8987380945080234,0.45578122703084656,0.3711493995673902,0.23224120227760664,0.9235337787676318,0.5390161833039577,28380,20485,0,3486,93,0.9954600930213928,0.026678141206502914,0.8191531896591187,0.08326557171521176,0.9249778916772079,0.49265544192361743,0.9326059288453906,0.5145473435554008,0.9381113007035652,0.54058502128527,0.9151566714590226,0.5594332867797558,0.09196617205937703,0.24852060774962106
smd,./data/SMD,machine-3-3,machine-3-3,gate_noTTA,100,256,128,0.15,50,64,0.001,1,1,1,0,0.001,adam,0.1,0.99,fixed,gated,5000,unc,8,0.95,"[0.5, 1.0, 2.0]",0,0,5,38,2.01569,8,0.0008628147188574076,0.000292348675429821,26.83723521232605,0.8879240555708877,0.26458070137789585,0.24361702127659576,0.14641943734015345,0.7246835443037974,0.3289473684210526,23604,21059,0,3206,1724,0.9181347489356995,0.5377417206764221,0.9478870630264282,0.06240380050731582,0.9000703798785149,0.28852493184601624,0.9016231676678871,0.2951079808951544,0.8999766954953037,0.28203161055643416,0.8585437825666393,0.1251547058030482,0.00487329438328743,0.028063207554320495
smd,./data/SMD,machine-3-8,machine-3-8,base_noTTA,100,256,128,0.15,50,64,0.001,1,0,1,0,0.001,adam,0.1,0.99,fixed,gated,5000,none,8,0.95,"[0.5, 1.0, 2.0]",0,0,6,38,2.015652,0,0.0006268253782764077,inf,31.80474281311035,0.8734308495996763,0.27568928924672575,0.323036187113857,0.23157228725086998,0.5339168490153173,0.3328358208955224,28605,25230,0,1965,504,0.9800238013267517,0.256488561630249,0.9281531572341919,0.009754941380538633,,,,,,,,,0.004776884491244952,0.22568349788586298
smd,./data/SMD,machine-1-8,machine-1-8,gate_noTTA,100,256,128,0.15,50,64,0.001,1,1,1,0,0.001,adam,0.1,0.99,fixed,gated,5000,unc,8,0.95,"[0.5, 1.0, 2.0]",0,0,6,38,2.01569,8,0.0006212334847077727,0.00017130539345089346,26.237980604171753,0.8318300144318613,0.35344658114863786,0.2579060485108996,0.16840417000801924,0.5504587155963303,0.38733431516936667,23600,21501,0,2691,964,0.9551648497581482,0.3582311272621155,0.9822086095809937,0.06955180127741926,0.8961322542732161,0.4011459931806777,0.9129252359177351,0.40619053814850464,0.9234928487543662,0.39460267820080325,0.9171819950528475,0.2549697103938173,0.02035009240110715,0.0
smd,./data/SMD,machine-3-11,machine-3-11,fixed,100,256,128,0.15,50,64,0.001,1,1,1,1,0.001,adam,0.1,0.99,fixed,gated,5000,none,8,0.95,"[0.5, 1.0, 2.0]",0,0,8,38,2.01569,8,0.0004126659478060901,0.00023483822587877512,34.693777561187744,0.8917342064054113,0.5375901711367249,0.027576536573965877,0.014004272489912177,0.8939393939393939,0.5722543352601157,28597,13724,234,440,0,1.0,0.0,0.48740988969802856,0.07476704760181715,0.8979586375368536,0.5472608787032024,0.9027957659265119,0.5541248789794783,0.9061000913762511,0.5627539288861804,0.8987521541472696,0.29141832466454404,0.12773893028497696,0.9773570895195007
smd,./data/SMD,machine-2-2,machine-2-2,base_noTTA,100,256,128,0.15,50,64,0.001,1,0,1,0,0.001,adam,0.1,0.99,fixed,gated,5000,none,8,0.95,"[0.5, 1.0, 2.0]",0,0,6,38,2.015652,0,0.0007406160584650934,inf,26.61625051498413,0.5740471847899725,0.15295442770540918,0.12010138428543575,0.13414634146341464,0.10871867278503353,0.2379885765483257,23601,21617,0,3922,2851,0.8681130409240723,0.7269250154495239,0.9536053538322449,0.008899333855746273,,,,,,,,,0.008757062256336212,0.048436557253201805
smd,./data/SMD,machine-2-5,machine-2-5,mask_noTTA,100,256,128,0.15,50,64,0.001,1,1,1,0,0.001,adam,0.1,0.99,fixed,gated,5000,none,8,0.95,"[0.5, 1.0, 2.0]",0,0,6,38,2.01569,8,0.0025855558924376965,0.0006046711932867765,27.88098120689392,0.9233468525020647,0.47541150282972294,0.3194549583648751,0.6187683284457478,0.2153061224489796,0.5056710775047258,23590,23439,0,3016,2865,0.87776780128479,0.9499337077140808,1.0,0.06266777269816995,0.940465526119735,0.47755282784087216,0.9358063107228006,0.423933977760275,0.9297927370340447,0.3637585624901985,0.9111110312282913,0.24048965657369092,0.0,0.0
smd,./data/SMD,machine-1-5,machine-1-5,base_noTTA,100,256,128,0.15,50,64,0.001,1,0,1,0,0.001,adam,0.1,0.99,fixed,gated,5000,none,8,0.95,"[0.5, 1.0, 2.0]",0,0,0,38,2.015652,0,0.0007187414448708296,inf,29.86979055404663,0.9453321189528087,0.5442239927830654,0.07961630695443646,0.04181360201511335,0.83,0.6021505376344087,23607,21924,0,793,49,0.9977650046348572,0.06179066747426987,0.95884108543396,0.010370011401761213,,,,,,,,,0.0,0.08887558430433273
smd,./data/SMD,machine-3-5,machine-3-5,noMask_fixed,100,256,128,0.15,50,64,0.001,1,0,1,1,0.001,adam,0.1,0.99,fixed,gated,5000,none,8,0.95,"[0.5, 1.0, 2.0]",0,0,4,38,2.015652,0,0.0012432117946445942,inf,26.280351400375366,0.8132096108422149,0.3086659959102934,0.08580076325832346,0.045448208559877315,0.7652582159624414,0.39732142857142855,23592,15478,276,1515,562,0.9636904001235962,0.3709571063518524,0.6756352782249451,0.025501247986812598,,,,,,,,,0.05129292110602061,0.7281289100646973
smd,./data/SMD,machine-3-11,machine-3-11,gate_noTTA,100,256,128,0.15,50,64,0.001,1,1,1,0,0.001,adam,0.1,0.99,fixed,gated,5000,unc,8,0.95,"[0.5, 1.0, 2.0]",0,0,7,38,2.01569,8,0.00041180613334290683,0.00022690059267915785,33.9996497631073,0.8816234490316882,0.6049552459252955,0.0238111815080415,0.012072008471584893,0.8636363636363636,0.6334310850439883,28597,13069,0,440,0,1.0,0.0,0.4641474485397339,0.06016887234329206,0.8937171561215353,0.6154974843472302,0.900614857962742,0.6240703783459746,0.9056398428810527,0.6303662973606954,0.8990719533038292,0.27808406986674256,0.13939393932620683,0.9830487569173177
smd,./data/SMD,machine-3-8,machine-3-8,base_noTTA,100,256,128,0.15,50,64,0.001,1,0,1,0,0.001,adam,0.1,0.99,fixed,gated,5000,none,8,0.95,"[0.5, 1.0, 2.0]",0,0,1,38,2.015652,0,0.0006275110063143075,inf,33.24445676803589,0.8683053934878802,0.2924538426364203,0.32156684126622637,0.2337748344370861,0.5149525893508388,0.3246924428822496,28605,25457,0,1965,509,0.9800055027008057,0.25903308391571045,0.9364864826202393,0.01013380229691904,,,,,,,,,0.0026797158643603325,0.20004627108573914
smd,./data/SMD,machine-1-8,machine-1-8,gate_gbuf5k,100,256,128,0.15,50,64,0.001,1,1,1,1,0.001,adam,0.1,0.99,adaptive,gated,5000,unc,8,0.95,"[0.5, 1.0, 2.0]",0,0,1,38,2.01569,8,0.0006168573163449764,0.00018300751980859786,29.00311541557312,0.8301616018771933,0.35696344263364665,0.2585410895660203,0.16894609814963799,0.5504587155963303,0.3882259347653142,23600,21477,363,2691,1068,0.9502723813056946,0.3968784809112549,0.9760868549346924,0.09632680375697249,0.8934178231888974,0.3963162163726423,0.9094648691372562,0.40086442799693556,0.9191316906214844,0.39071470186537255,0.9094124124979829,0.25895767449294893,0.008963390253484249,0.016782057161132496
smd,./data/SMD,machine-3-4,machine-3-4,fixed,100,256,128,0.15,50,64,0.001,1,1,1,1,0.001,adam,0.1,0.99,fixed,gated,5000,none,8,0.95,"[0.5, 1.0, 2.0]",0,0,3,38,2.01569,8,0.0016659904504194856,0.0002830441517289728,30.68379259109497,0.7594100912804272,0.33955983591002115,0.25847911460192785,0.19846491228070176,0.3705220061412487,0.3738738738738739,23588,22766,366,1769,979,0.956997275352478,0.5534200072288513,0.9985333681106567,0.10254620818419033,0.787715316660109,0.3945738619721704,0.7902309255545986,0.4109349070427675,0.7895258041966552,0.42104571799252455,0.7833038575028383,0.40686252515004584,0.006250903010368347,0.0
smd,./data/SMD,machine-3-5,machine-3-5,base_noTTA,100,256,128,0.15,50,64,0.001,1,0,1,0,0.001,adam,0.1,0.99,fixed,gated,5000,none,8,0.95,"[0.5, 1.0, 2.0]",0,0,8,38,2.015652,0,0.0012450547656044364,inf,23.436776876449585,0.8030753040342492,0.28205861535412285,0.07716421509524958,0.04067107269954245,0.7511737089201878,0.3738508682328907,23592,14653,0,1515,559,0.9618508219718933,0.368976891040802,0.638401985168457,0.008690959520362604,,,,,,,,,0.051858132084210716,0.7738346854845682
smd,./data/SMD,machine-3-4,machine-3-4,noMask_fixed,100,256,128,0.15,50,64,0.001,1,0,1,1,0.001,adam,0.1,0.99,fixed,gated,5000,none,8,0.95,"[0.5, 1.0, 2.0]",0,0,0,38,2.015652,0,0.0015602303901687264,inf,27.20186138153076,0.7426799659450496,0.3310931007056306,0.2624912033779029,0.2,0.38178096212896623,0.3691228070175439,23588,22680,365,1769,920,0.9594356417655945,0.5200678110122681,0.9972959160804749,0.03001381426276404,,,,,,,,,0.01128152726838986,0.0
smd,./data/SMD,machine-3-2,machine-3-2,gate_noTTA,100,256,128,0.15,50,64,0.001,1,1,1,0,0.001,adam,0.1,0.99,fixed,gated,5000,unc,8,0.95,"[0.5, 1.0, 2.0]",0,0,7,38,2.01569,8,0.008310867473483086,0.0009978003799915314,27.702834367752075,0.47030071263044293,0.046523788699346036,0.018644067796610167,0.15492957746478872,0.009918845807033363,0.09040274207369324,23604,23580,0,2018,2010,0.9147582650184631,0.9960356950759888,0.9992587566375732,0.07322311926607236,0.566166333010679,0.06316606481738794,0.5751712732371553,0.07031038460483742,0.5805831690994513,0.0774218758152998,0.5851515595839939,0.08559291117022749,0.0,0.0
smd,./data/SMD,machine-3-9,machine-3-9,gate_noTTA,100,256,128,0.15,50,64,0.001,1,1,1,0,0.001,adam,0.1,0.99,fixed,gated,5000,unc,8,0.95,"[0.5, 1.0, 2.0]",0,0,4,38,2.01569,8,0.00023342766507994384,0.00012907039490528405,36.46325898170471,0.8493782113163797,0.219427277597538,0.034009321073183024,0.017335473515248796,0.8910891089108911,0.278735632183908,28614,5045,0,699,0,1.0,0.0,0.18072721362113953,0.0818592452016393,0.863712633142934,0.2306778941868356,0.8679259267003786,0.24109815516318117,0.8710159928347638,0.2598743450379512,0.8458082555879665,0.23173623844249203,0.4815727174282074,0.9285334348678589
smd,./data/SMD,machine-1-7,machine-1-7,fixed,100,256,128,0.15,50,64,0.001,1,1,1,1,0.001,adam,0.1,0.99,fixed,gated,5000,none,8,0.95,"[0.5, 1.0, 2.0]",0,0,9,38,2.01569,8,0.0024207374081015587,0.0006936908466741443,25.91648554801941,0.6550344824264519,0.2268504701397427,0.12590975254730713,0.4942857142857143,0.07214345287739783,0.2706674831598286,23598,23369,368,3677,3448,0.8524541258811951,0.9377209544181824,1.0,0.09710325589775282,0.7050042014682643,0.2869699693693727,0.7101784939724526,0.299848412055989,0.7130128159368453,0.3043849219089184,0.7117683421725564,0.2898197532456184,0.0,0.0
smd,./data/SMD,machine-3-11,machine-3-11,noMask_fixed,100,256,128,0.15,50,64,0.001,1,0,1,1,0.001,adam,0.1,0.99,fixed,gated,5000,none,8,0.95,"[0.5, 1.0, 2.0]",0,0,7,38,2.015652,0,0.00037258362863212824,inf,30.152692079544067,0.8903258141099394,0.5887500760831716,0.02472888029287836,0.012535891869178514,0.9040404040404041,0.653061224489796,28597,12756,227,440,0,1.0,0.0,0.4530312120914459,0.020268580611487362,,,,,,,,,0.20687645177046457,0.9819351633389791
smd,./data/SMD,machine-2-9,machine-2-9,noMask_fixed,100,256,128,0.15,50,64,0.001,1,0,1,1,0.001,adam,0.1,0.99,fixed,gated,5000,none,8,0.95,"[0.5, 1.0, 2.0]",0,0,9,38,2.015652,0,0.0007139095105230808,inf,28.17631506919861,0.9727335414805286,0.661618558683522,0.5777074542897328,0.41774726671751844,0.9361823361823362,0.6719642413707475,28623,25061,414,2745,163,0.9934958815574646,0.05938069149851799,0.9621300101280212,0.028340374944894997,,,,,,,,,0.001979275761793057,0.05740321551760038
smd,./data/SMD,machine-2-9,machine-2-9,gate_noTTA,100,256,128,0.15,50,64,0.001,1,1,1,0,0.001,adam,0.1,0.99,fixed,gated,5000,unc,8,0.95,"[0.5, 1.0, 2.0]",0,0,4,38,2.01569,8,0.0007201341213658452,0.00040644887485541403,37.37956237792969,0.9658367930329959,0.5979370247994814,0.5967174677608441,0.45405887600356826,0.8700854700854701,0.6335664335664336,28623,24734,0,2745,219,0.9911457896232605,0.0797814205288887,0.9473297595977783,0.07876581696391469,0.9704957002950847,0.6213426902018593,0.9703349572448842,0.6291886707968607,0.9687141728673972,0.6340130617639352,0.9553860965660574,0.6049384328520946,0.0015135638726254304,0.04702044650912285
smd,./data/SMD,machine-2-8,machine-2-8,fixed,100,256,128,0.15,50,64,0.001,1,1,1,1,0.001,adam,0.1,0.99,fixed,gated,5000,none,8,0.95,"[0.5, 1.0, 2.0]",0,0,2,38,2.01569,8,0.0001118963336921297,7.632860797457397e-05,29.351144552230835,0.9937418574230488,0.9627557307350327,0.11747211895910781,0.06247528667457493,0.9813664596273292,0.9393939393939393,23604,21815,360,260,11,0.9994957447052002,0.042307693511247635,0.9340301752090454,0.0961694933967739,0.9926706913664542,0.9628564044593442,0.9923158346309569,0.962764624302707,0.9919889442998927,0.9631673034487681,0.9900724540942024,0.9335921988686003,0.044190315529704094,0.0
smd,./data/SMD,machine-1-7,machine-1-7,gate_noTTA,100,256,128,0.15,50,64,0.001,1,1,1,0,0.001,adam,0.1,0.99,fixed,gated,5000,unc,8,0.95,"[0.5, 1.0, 2.0]",0,0,6,38,2.01569,8,0.0024238242767751217,0.000666222651489079,28.374670267105103,0.6403982225982097,0.24269565495076095,0.16193181818181818,0.5454545454545454,0.0950792326939116,0.2588291064233231,23598,22954,0,3677,3043,0.8674305081367493,0.8275768160820007,0.9994980096817017,0.059151752529149136,0.7011975545297091,0.30131249797782933,0.7073433301089249,0.31109071235266955,0.710721518914478,0.31102468898998537,0.7114091840857882,0.286938140564969,0.0,0.0
smd,./data/SMD,machine-3-8,machine-3-8,noMask_fixed,100,256,128,0.15,50,64,0.001,1,0,1,1,0.001,adam,0.1,0.99,fixed,gated,5000,none,8,0.95,"[0.5, 1.0, 2.0]",0,0,5,38,2.015652,0,0.000617250450886786,inf,28.336719036102295,0.8821291597647972,0.31891916662528397,0.36894001643385366,0.2567915356019445,0.6549963530269876,0.37665669089354425,28605,24759,425,1965,312,0.9873985052108765,0.1587786227464676,0.9176802039146423,0.028672540881712522,,,,,,,,,0.01945706581075986,0.19620968401432037
smd,./data/SMD,machine-2-2,machine-2-2,fixed,100,256,128,0.15,50,64,0.001,1,1,1,1,0.001,adam,0.1,0.99,fixed,gated,5000,none,8,0.95,"[0.5, 1.0, 2.0]",0,0,6,38,2.01569,8,0.0007844958454370499,0.0003955076972488314,24.831106185913086,0.5763399569028536,0.1439044824306994,0.11235955056179775,0.11355443403028118,0.11118955171196611,0.24195229627812861,23601,21832,362,3922,3079,0.8589684963226318,0.7850586175918579,0.9529447555541992,0.0791759906363262,0.5820854452258452,0.14398560607026473,0.5813961672881911,0.14336518324794584,0.5797534960418894,0.1425975013602121,0.5734693145337072,0.13311100944279625,0.010734463731447855,0.04766671856244405
smd,./data/SMD,machine-3-11,machine-3-11,gate_noTTA,100,256,128,0.15,50,64,0.001,1,1,1,0,0.001,adam,0.1,0.99,fixed,gated,5000,unc,8,0.95,"[0.5, 1.0, 2.0]",0,0,8,38,2.01569,8,0.0004126659478060901,0.00023483822587877512,33.15482139587402,0.8931103440893602,0.5519488242531153,0.02590032739177883,0.013139440466523954,0.898989898989899,0.5982905982905983,28597,13190,0,440,0,1.0,0.0,0.4684447944164276,0.0662570041880998,0.8995929893361292,0.5600996673563445,0.9042847947507925,0.5657870506534807,0.9076461860516881,0.5726080362015471,0.8994458055181614,0.2933430264301097,0.13368298734227815,0.9813165068626404
smd,./data/SMD,machine-3-7,machine-3-7,noMask_fixed,100,256,128,0.15,50,64,0.001,1,0,1,1,0.001,adam,0.1,0.99,fixed,gated,5000,none,8,0.95,"[0.5, 1.0, 2.0]",0,0,7,38,2.015652,0,0.0001563095866004005,inf,32.49394416809082,0.8601247357903843,0.40504199113893974,0.1381366459627329,0.07741576162628794,0.6405529953917051,0.4794520547945206,28606,26696,440,929,287,0.9892493486404419,0.3089343309402466,0.9541857838630676,0.02765501328117404,,,,,,,,,0.03821507655084133,0.06207885965704918
smd,./data/SMD,machine-2-3,machine-2-3,gate_gbuf5k,100,256,128,0.15,50,64,0.001,1,1,1,1,0.001,adam,0.1,0.99,adaptive,gated,5000,unc,8,0.95,"[0.5, 1.0, 2.0]",0,0,6,38,2.01569,8,0.0006217530462890863,0.00022552045993506908,26.05168056488037,0.9500595239984887,0.422384186461307,0.26576576576576577,0.15660252156602522,0.8773234200743495,0.4594594594594595,23590,20436,362,1259,214,0.9895282983779907,0.16997617483139038,0.9055572748184204,0.08755526637667162,0.9545311254956365,0.43885520549845014,0.9514642903628266,0.43219981528396156,0.9468545931891846,0.4046464542207855,0.9109014631792484,0.1732078552051294,0.03201400861144066,0.012858556030550972
smd,./data/SMD,machine-1-5,machine-1-5,noMask_fixed,100,256,128,0.15,50,64,0.001,1,0,1,1,0.001,adam,0.1,0.99,fixed,gated,5000,none,8,0.95,"[0.5, 1.0, 2.0]",0,0,8,38,2.015652,0,0.0007311449153348804,inf,26.457223415374756,0.9503867660764213,0.5430346819658799,0.08812856402280975,0.046473482777474026,0.85,0.582010582010582,23607,22065,362,793,48,0.9978246092796326,0.06052963435649872,0.9650653004646301,0.02750004343263994,,,,,,,,,0.0,0.06455588123450677
smd,./data/SMD,machine-1-5,machine-1-5,gate_gbuf5k,100,256,128,0.15,50,64,0.001,1,1,1,1,0.001,adam,0.1,0.99,adaptive,gated,5000,unc,8,0.95,"[0.5, 1.0, 2.0]",0,0,8,38,2.01569,8,0.0008265702053904533,0.0003273099719081074,25.73219132423401,0.9564860628653732,0.5267061934008906,0.05991735537190082,0.031027104136947217,0.87,0.5434782608695652,23607,21296,360,793,49,0.9976990818977356,0.06179066747426987,0.9313141107559204,0.08508444751450737,0.9626764381936795,0.5271383197139722,0.9637774294670847,0.5193509537262502,0.9642535795984072,0.49607165717197227,0.9441370837922561,0.06897125151552473,0.007906254380941391,0.07799150049686432
smd,./data/SMD,machine-2-8,machine-2-8,gate_gbuf5k,100,256,128,0.15,50,64,0.001,1,1,1,1,0.001,adam,0.1,0.99,adaptive,gated,5000,unc,8,0.95,"[0.5, 1.0, 2.0]",0,0,3,38,2.01569,8,0.00011149680358357728,7.710978388786316e-05,31.786554098129272,0.9889369125406107,0.9594384755259696,0.1352405721716515,0.07269338303821063,0.968944099378882,0.9255663430420712,23604,21783,366,260,14,0.999357283115387,0.05384615436196327,0.9325308203697205,0.11357310019879195,0.9879654757375611,0.9601251171546855,0.9877739322505937,0.9605001068369609,0.9875472988410827,0.9612899980156314,0.985544534916056,0.9217441399232105,0.03247211594134569,0.006355931982398033
smd,./data/SMD,machine-3-1,machine-3-1,noMask_fixed,100,256,128,0.15,50,64,0.001,1,0,1,1,0.001,adam,0.1,0.99,fixed,gated,5000,none,8,0.95,"[0.5, 1.0, 2.0]",0,0,7,38,2.015652,0,0.0003537479497026652,inf,28.32859969139099,0.8887603925378652,0.2691042564017511,0.06055968517708789,0.031334841628959276,0.8993506493506493,0.3244274809160305,28601,19634,342,704,57,0.9970968961715698,0.08096590638160706,0.7017600536346436,0.026384794913381592,,,,,,,,,0.06413989700376987,0.3903061846892039
smd,./data/SMD,machine-3-7,machine-3-7,gate_noTTA,100,256,128,0.15,50,64,0.001,1,1,1,0,0.001,adam,0.1,0.99,fixed,gated,5000,unc,8,0.95,"[0.5, 1.0, 2.0]",0,0,6,38,2.01569,8,0.00014708368689753115,0.0002517576504033059,30.871852159500122,0.8364478295731228,0.4080376371285437,0.0943549699040182,0.050761421319796954,0.6682027649769585,0.49747899159663866,28606,25780,0,929,235,0.9908844232559204,0.2529601752758026,0.9229685068130493,0.0639936852803524,0.8728874437288735,0.4406022382785057,0.8756693568355126,0.4768491074095987,0.8726898009994446,0.519266433685035,0.8403078532054878,0.48966919735464165,0.038797623167435326,0.04706757624323169
smd,./data/SMD,machine-3-5,machine-3-5,base_noTTA,100,256,128,0.15,50,64,0.001,1,0,1,0,0.001,adam,0.1,0.99,fixed,gated,5000,none,8,0.95,"[0.5, 1.0, 2.0]",0,0,3,38,2.015652,0,0.0012345731956884265,inf,27.05390477180481,0.8091724355733946,0.27689056254722605,0.08136938724882163,0.042954426401257205,0.7699530516431925,0.359621451104101,23592,14686,0,1515,556,0.9621407985687256,0.366996705532074,0.6400325894355774,0.00911471034438378,,,,,,,,,0.05242334306240082,0.7749789754549662
smd,./data/SMD,machine-2-7,machine-2-7,noMask_fixed,100,256,128,0.15,50,64,0.001,1,0,1,1,0.001,adam,0.1,0.99,fixed,gated,5000,none,8,0.95,"[0.5, 1.0, 2.0]",0,0,6,38,2.015652,0,0.003134686267003417,inf,25.934255123138428,0.8820185914930584,0.24141155846778423,0.30132450331125826,0.48663101604278075,0.2182254196642686,0.33681765389082463,23597,23458,368,2397,2258,0.9037428498268127,0.9420108199119568,1.0,0.029584899435468905,,,,,,,,,0.0,0.0
smd,./data/SMD,machine-1-2,machine-1-2,mask_noTTA,100,256,128,0.15,50,64,0.001,1,1,1,0,0.001,adam,0.1,0.99,fixed,gated,5000,none,8,0.95,"[0.5, 1.0, 2.0]",0,0,9,38,2.01569,8,0.0043657878413796425,0.0007967401761561632,27.322421312332153,0.876096555540538,0.2301513057104808,0.25206874602164225,0.1924198250728863,0.36531365313653136,0.27156549520766776,23595,23280,0,1532,1226,0.9473367929458618,0.8002610802650452,0.9995920658111572,0.06188188323683596,0.892766590502809,0.2693121006402439,0.8863402650094226,0.28744262735524706,0.8746015423181184,0.29075577816449266,0.8223424625832297,0.18408709466721868,0.0012814352133621771,0.0
smd,./data/SMD,machine-2-8,machine-2-8,noMask_fixed,100,256,128,0.15,50,64,0.001,1,0,1,1,0.001,adam,0.1,0.99,fixed,gated,5000,none,8,0.95,"[0.5, 1.0, 2.0]",0,0,0,38,2.015652,0,0.0001101291854865849,inf,25.827836751937866,0.9924113425404366,0.969082560052249,0.11130804679191776,0.05902255639097744,0.9751552795031055,0.9687499999999999,23604,21655,359,260,13,0.9993996620178223,0.05000000074505806,0.9270904660224915,0.026882603863016507,,,,,,,,,0.043343216801683106,0.01412429412206014
smd,./data/SMD,machine-3-1,machine-3-1,noMask_fixed,100,256,128,0.15,50,64,0.001,1,0,1,1,0.001,adam,0.1,0.99,fixed,gated,5000,none,8,0.95,"[0.5, 1.0, 2.0]",0,0,4,38,2.015652,0,0.0003585857921279967,inf,36.606505393981934,0.8781752816780289,0.2550124275071396,0.05654297890032222,0.0292064855578224,0.8831168831168831,0.2857142857142857,28601,19731,342,704,58,0.9970604777336121,0.08238636702299118,0.705201268196106,0.028912877124538165,,,,,,,,,0.06291818308333556,0.38081450512011844
smd,./data/SMD,machine-2-6,machine-2-6,gate_noTTA,100,256,128,0.15,50,64,0.001,1,1,1,0,0.001,adam,0.1,0.99,fixed,gated,5000,unc,8,0.95,"[0.5, 1.0, 2.0]",0,0,2,38,2.01569,8,0.0004267705080565065,0.000156191541464068,35.79769825935364,0.8573988928028186,0.350901425136837,0.10450919746052417,0.05612869382759224,0.7570754716981132,0.3754385964912281,28644,21312,0,1121,83,0.9961054921150208,0.07404103130102158,0.7713185548782349,0.07532405680142507,0.8961537506987443,0.3658796654890601,0.9014963118967398,0.3696819599703186,0.9034086555662677,0.3684494623277679,0.8897826447608014,0.22982443215917464,0.04352036118507385,0.14775409797827402
smd,./data/SMD,machine-3-4,machine-3-4,noMask_fixed,100,256,128,0.15,50,64,0.001,1,0,1,1,0.001,adam,0.1,0.99,fixed,gated,5000,none,8,0.95,"[0.5, 1.0, 2.0]",0,0,4,38,2.015652,0,0.0015990323154255748,inf,29.41118335723877,0.7470716393384254,0.3375673547359825,0.25911504424778764,0.19805194805194806,0.37461617195496416,0.37418419144307474,23588,22758,365,1769,965,0.9575973153114319,0.545505940914154,0.9988083839416504,0.031047460081538084,,,,,,,,,0.004890325479209423,0.0
smd,./data/SMD,machine-1-3,machine-1-3,gate_noTTA,100,256,128,0.15,50,64,0.001,1,1,1,0,0.001,adam,0.1,0.99,fixed,gated,5000,unc,8,0.95,"[0.5, 1.0, 2.0]",0,0,2,38,2.01569,8,0.0006582366186194122,0.0002069120528176427,29.51279306411743,0.8073735916972753,0.2613038926959725,0.30236393622869706,0.2744510978043912,0.33659730722154224,0.3263234227701232,23604,22498,0,2005,1104,0.9509289860725403,0.5506234169006348,0.9905087947845459,0.07384584184784623,0.8790370257305355,0.300062946319784,0.895697540178658,0.31890353126006826,0.9038742504356916,0.3280980898229821,0.8977425066031613,0.2664887770752219,0.0,0.010153565972965831
smd,./data/SMD,machine-2-5,machine-2-5,fixed,100,256,128,0.15,50,64,0.001,1,1,1,1,0.001,adam,0.1,0.99,fixed,gated,5000,none,8,0.95,"[0.5, 1.0, 2.0]",0,0,9,38,2.01569,8,0.0029296232387423515,0.0006535174325108528,25.225329160690308,0.9247924269888501,0.48191198658253065,0.28095238095238095,0.6321428571428571,0.18061224489795918,0.5200540784136999,23590,23429,368,3016,2855,0.8781424760818481,0.9466180205345154,1.0,0.08568106793205128,0.9420548672152818,0.48325674774502353,0.9366764817688932,0.4278325649274338,0.9304312054647039,0.3725677108892385,0.9116936465898173,0.26300476826642794,0.0,0.0
smd,./data/SMD,machine-2-2,machine-2-2,noMask_fixed,100,256,128,0.15,50,64,0.001,1,0,1,1,0.001,adam,0.1,0.99,fixed,gated,5000,none,8,0.95,"[0.5, 1.0, 2.0]",0,0,5,38,2.015652,0,0.0007149347802624106,inf,25.99798822402954,0.5811725653391419,0.14566826303146096,0.11020408163265305,0.11615174032068831,0.1048358630427109,0.2448289466268387,23601,21672,361,3922,2934,0.8646179437637329,0.7480877041816711,0.9521825313568115,0.028454233572587216,,,,,,,,,0.009604519853989283,0.04841452340284983
smd,./data/SMD,machine-1-1,machine-1-1,gate_noTTA,100,256,128,0.15,50,64,0.001,1,1,1,0,0.001,adam,0.1,0.99,fixed,gated,5000,unc,8,0.95,"[0.5, 1.0, 2.0]",0,0,8,38,2.01569,8,0.00015920482110232115,0.00018789814203046262,33.41438341140747,0.9078665033033282,0.48894403864768127,0.37337686428730427,0.2333302420476676,0.9339272457312546,0.5594317284925019,28380,20337,0,3486,92,0.995476245880127,0.026391278952360153,0.8132481575012207,0.06452433402644152,0.9299446309418051,0.523907491276968,0.9365282756919009,0.5442249402321876,0.9411549073998496,0.5664103465360033,0.9139956012247356,0.5626821222583072,0.08891238148013751,0.251863494515419
smd,./data/SMD,machine-1-3,machine-1-3,gate_gbuf5k,100,256,128,0.15,50,64,0.001,1,1,1,1,0.001,adam,0.1,0.99,adaptive,gated,5000,unc,8,0.95,"[0.5, 1.0, 2.0]",0,0,6,38,2.01569,8,0.0006432501832023263,0.0002082599385175854,25.625663995742798,0.8080132637624557,0.2586088485968823,0.3425692695214106,0.2910958904109589,0.41615667074663404,0.3248259860788863,23604,22480,364,2005,1078,0.952046275138855,0.5376558899879456,0.9908791780471802,0.08516895672039064,0.879805776724633,0.29933954892695064,0.8959850329411994,0.32008234271926356,0.9039499007961446,0.33166049240815426,0.9007078991170221,0.2721579199748857,0.0011047980127235253,0.01092374428602246
smd,./data/SMD,machine-3-11,machine-3-11,base_noTTA,100,256,128,0.15,50,64,0.001,1,0,1,0,0.001,adam,0.1,0.99,fixed,gated,5000,none,8,0.95,"[0.5, 1.0, 2.0]",0,0,2,38,2.015652,0,0.00036895679659210145,inf,35.961379051208496,0.8908971815140669,0.5751979922573455,0.026500973199580776,0.01344984802431611,0.8939393939393939,0.5935828877005347,28597,13538,0,440,0,1.0,0.0,0.48080405592918396,0.0122549417373471,,,,,,,,,0.1355477807422479,0.9743271271387736
smd,./data/SMD,machine-2-1,machine-2-1,mask_noTTA,100,256,128,0.15,50,64,0.001,1,1,1,0,0.001,adam,0.1,0.99,fixed,gated,5000,none,8,0.95,"[0.5, 1.0, 2.0]",0,0,7,38,2.01569,8,0.0014055519131943583,0.0003111149126198143,27.230679273605347,0.7696402090381844,0.3063639450475347,0.2929496402877698,0.220824295010846,0.43504273504273505,0.340627973358706,23595,22839,0,2457,1703,0.9254345893859863,0.6931216716766357,0.9999054074287415,0.06275560977626185,0.8170611177137549,0.3761901096624468,0.8236710851255338,0.4049988002489008,0.8242425553293959,0.416350307346245,0.802034145534412,0.3398753153021885,0.00014887598808854818,0.0
smd,./data/SMD,machine-1-3,machine-1-3,gate_gbuf5k,100,256,128,0.15,50,64,0.001,1,1,1,1,0.001,adam,0.1,0.99,adaptive,gated,5000,unc,8,0.95,"[0.5, 1.0, 2.0]",0,0,8,38,2.01569,8,0.0006537826266139746,0.00020018877694383264,27.188745260238647,0.8194390888113304,0.27441992012962846,0.3510531594784353,0.2973661852166525,0.4283965728274174,0.3394422310756972,23604,22402,364,2005,1018,0.9545576572418213,0.5077306628227234,0.9900458455085754,0.0872314935861008,0.8867798361117437,0.3173317439041442,0.8990452491306226,0.3336202811230315,0.9035478494814007,0.3367962592518978,0.8963998129839656,0.27519180474572164,0.0001578282875319322,0.012695938969651857
smd,./data/SMD,machine-3-8,machine-3-8,gate_gbuf5k,100,256,128,0.15,50,64,0.001,1,1,1,1,0.001,adam,0.1,0.99,adaptive,gated,5000,unc,8,0.95,"[0.5, 1.0, 2.0]",0,0,4,38,2.01569,8,0.0006340171094052494,0.0001817675365600735,36.18309545516968,0.8633389162054946,0.2647813601062752,0.2677973666592278,0.19292604501607716,0.437636761487965,0.31859271927681404,28605,20824,434,1965,345,0.9834325909614563,0.17557251453399658,0.7687312364578247,0.10653108051035334,0.8943642451956038,0.3076118241285371,0.891411962300976,0.32543358344827455,0.8831790204625166,0.33128485783344414,0.8407438282523753,0.2819076707833355,0.012816032006715735,0.06355853689213593
smd,./data/SMD,machine-1-3,machine-1-3,mask_noTTA,100,256,128,0.15,50,64,0.001,1,1,1,0,0.001,adam,0.1,0.99,fixed,gated,5000,none,8,0.95,"[0.5, 1.0, 2.0]",0,0,9,38,2.01569,8,0.0006648455746471882,0.00020818295888602734,26.305925846099854,0.8124074559968407,0.24829924044423007,0.29596907785753723,0.26961770623742454,0.32802937576499386,0.3038327526132404,23604,22878,0,2005,1341,0.9413847327232361,0.6688279509544373,0.997129499912262,0.07342547809566569,0.8782568295776276,0.2925814251004921,0.8939545601523854,0.312706572554724,0.9024692234866213,0.32500598692789273,0.9021359768298645,0.2753318369303902,0.0,0.009550215676426888
smd,./data/SMD,machine-3-9,machine-3-9,fixed,100,256,128,0.15,50,64,0.001,1,1,1,1,0.001,adam,0.1,0.99,fixed,gated,5000,none,8,0.95,"[0.5, 1.0, 2.0]",0,0,6,38,2.01569,8,0.0002418782823951915,0.0001278905401704833,32.757139444351196,0.8388030988948948,0.23565063175244993,0.031401251328060445,0.015986537652503154,0.8778877887788779,0.2739130434782609,28614,5103,129,699,6,0.9988242387771606,0.008583690971136093,0.18259000778198242,0.07305879666885756,0.864597135531927,0.2504654461788453,0.8701971253091518,0.2634229622949649,0.8740412372810671,0.28751537175983694,0.8453409121271156,0.25294750210264894,0.4629433403412501,0.9667918483416239
smd,./data/SMD,machine-3-8,machine-3-8,fixed,100,256,128,0.15,50,64,0.001,1,1,1,1,0.001,adam,0.1,0.99,fixed,gated,5000,none,8,0.95,"[0.5, 1.0, 2.0]",0,0,3,38,2.01569,8,0.0006292931502684951,0.0001813923881854862,35.01520752906799,0.8600816314592937,0.2658518680442552,0.2973088423750534,0.2102083962549079,0.5076586433260394,0.3026538678712592,28605,25421,429,1965,475,0.9813146591186523,0.24173027276992798,0.936411440372467,0.0935030992038182,0.8957914921468728,0.31176211906543405,0.8932083096599647,0.3341371189637377,0.8856500037906744,0.3433246811617343,0.8461296814128303,0.289777815301102,0.0022136781675120196,0.19950062036514282
smd,./data/SMD,machine-2-1,machine-2-1,gate_noTTA,100,256,128,0.15,50,64,0.001,1,1,1,0,0.001,adam,0.1,0.99,fixed,gated,5000,unc,8,0.95,"[0.5, 1.0, 2.0]",0,0,4,38,2.01569,8,0.0013828604714944959,0.00030627063824795187,29.02140474319458,0.7616036152130984,0.3035605226578767,0.29102910291029105,0.22422561257512713,0.41452991452991456,0.343503937007874,23595,21603,0,2457,1108,0.9487107992172241,0.45095646381378174,0.9695808291435242,0.06549033504291267,0.8119063881717052,0.37381867105752425,0.8195527619542005,0.40187245813264844,0.8211499756385212,0.4124609424065112,0.8006410066679113,0.3385366208401195,0.00014887598808854818,0.0
smd,./data/SMD,machine-1-7,machine-1-7,base_noTTA,100,256,128,0.15,50,64,0.001,1,0,1,0,0.001,adam,0.1,0.99,fixed,gated,5000,none,8,0.95,"[0.5, 1.0, 2.0]",0,0,1,38,2.015652,0,0.0023554451763629913,inf,27.15619921684265,0.6501865531008693,0.24003424241431356,0.1416575392479007,0.5689149560117303,0.08090075062552127,0.2639476721816083,23598,23359,0,3677,3438,0.85281902551651,0.9350013732910156,1.0,0.009129194700472415,,,,,,,,,0.0,0.0
smd,./data/SMD,machine-2-4,machine-2-4,fixed,100,256,128,0.15,50,64,0.001,1,1,1,1,0.001,adam,0.1,0.99,fixed,gated,5000,none,8,0.95,"[0.5, 1.0, 2.0]",0,0,9,38,2.01569,8,0.0005740499473176897,0.00034828908974304795,24.722346544265747,0.7990716469048322,0.4085616003699783,0.3517719857491094,0.2577631217367409,0.5537190082644629,0.4100671140939598,23590,21490,351,3674,2084,0.9030246734619141,0.567229151725769,0.9743924736976624,0.08448817660213274,0.8392144640579201,0.4372208174094819,0.8564994781200944,0.4529785132340221,0.8675901843098933,0.4624602554963487,0.8265762209024108,0.34984163344078545,0.035137166579564415,0.028351819996411603
smd,./data/SMD,machine-1-1,machine-1-1,base_noTTA,100,256,128,0.15,50,64,0.001,1,0,1,0,0.001,adam,0.1,0.99,fixed,gated,5000,none,8,0.95,"[0.5, 1.0, 2.0]",0,0,5,38,2.015652,0,0.00013376265997067094,inf,35.09130239486694,0.902220081569382,0.48653239252972935,0.37235627047959485,0.23290478852245203,0.9279881217520416,0.5463304962261121,28380,19744,0,3486,51,0.9974169135093689,0.014629947952926159,0.7910741567611694,0.011681544268274072,,,,,,,,,0.11533944060405095,0.269559641679128
smd,./data/SMD,machine-3-5,machine-3-5,gate_noTTA,100,256,128,0.15,50,64,0.001,1,1,1,0,0.001,adam,0.1,0.99,fixed,gated,5000,unc,8,0.95,"[0.5, 1.0, 2.0]",0,0,9,38,2.01569,8,0.0012464984320104122,0.00042937425314448774,28.53510093688965,0.8132203061480856,0.2732970169478352,0.08129469326307866,0.04294234592445328,0.7605633802816901,0.3799772468714448,23592,13757,0,1515,454,0.9669986367225647,0.2996699810028076,0.6025727987289429,0.062838252336949,0.8252752780022784,0.28781473251059236,0.8311895299009473,0.29492557029817235,0.836188980000787,0.29279447791212343,0.8121864938466676,0.11342297555403966,0.0534124622742335,0.7577207684516907
smd,./data/SMD,machine-3-5,machine-3-5,fixed,100,256,128,0.15,50,64,0.001,1,1,1,1,0.001,adam,0.1,0.99,fixed,gated,5000,none,8,0.95,"[0.5, 1.0, 2.0]",0,0,2,38,2.01569,8,0.0012552404077723622,0.0004404652863740921,29.30895709991455,0.8158721366093258,0.3096975525552881,0.0870491148675629,0.046140821221955695,0.7676056338028169,0.3795811518324608,23592,15685,282,1515,571,0.9635958075523376,0.3768976926803589,0.6846038699150085,0.0934968381948332,0.8265969050206389,0.32525428998673184,0.8324411833851451,0.33354972012422063,0.8378834796874953,0.3354631840502748,0.8213493440044234,0.12956721426013357,0.05256464580694834,0.6983281175295512
smd,./data/SMD,machine-3-6,machine-3-6,gate_gbuf5k,100,256,128,0.15,50,64,0.001,1,1,1,1,0.001,adam,0.1,0.99,adaptive,gated,5000,unc,8,0.95,"[0.5, 1.0, 2.0]",0,0,8,38,2.01569,8,0.00040237311623059213,0.00032713418477214873,35.07853150367737,0.8442513581272627,0.2797079969269124,0.2457067371202114,0.17946738710922425,0.38944723618090454,0.3116073747078681,28627,25024,437,2283,746,0.9701886177062988,0.3267630338668823,0.9215760827064514,0.09263392561125898,0.8859432885284576,0.2993847368456587,0.899288213672362,0.30699061763188956,0.9084275255399472,0.30993586208819907,0.9046302387038101,0.23512493177077376,0.02270256293316682,0.03397676348686218
smd,./data/SMD,machine-1-4,machine-1-4,noMask_fixed,100,256,128,0.15,50,64,0.001,1,0,1,1,0.001,adam,0.1,0.99,fixed,gated,5000,none,8,0.95,"[0.5, 1.0, 2.0]",0,0,4,38,2.015652,0,0.0009295197669416666,inf,26.166630029678345,0.8140385507750758,0.2772266417739224,0.3270622286541245,0.3413897280966767,0.3138888888888889,0.3415463041631266,23608,22978,366,1908,1278,0.944381594657898,0.6698113083839417,1.0,0.02891350422661735,,,,,,,,,0.0,0.0
smd,./data/SMD,machine-3-4,machine-3-4,base_noTTA,100,256,128,0.15,50,64,0.001,1,0,1,0,0.001,adam,0.1,0.99,fixed,gated,5000,none,8,0.95,"[0.5, 1.0, 2.0]",0,0,4,38,2.015652,0,0.0015990323154255748,inf,28.07222008705139,0.7583009166803003,0.34193038529948294,0.2581132075471698,0.2044231918708906,0.3500511770726714,0.38022813688212925,23588,22780,0,1769,1019,0.9552677869796753,0.5760316848754883,0.9973417520523071,0.009179600461248586,,,,,,,,,0.01335837785154581,0.0
smd,./data/SMD,machine-1-8,machine-1-8,base_noTTA,100,256,128,0.15,50,64,0.001,1,0,1,0,0.001,adam,0.1,0.99,fixed,gated,5000,none,8,0.95,"[0.5, 1.0, 2.0]",0,0,1,38,2.015652,0,0.0005974891246296465,inf,27.60097312927246,0.8372549337812073,0.36287985051024324,0.30735294117647055,0.21359223300970873,0.5478374836173001,0.3994211287988423,23600,22508,0,2691,1660,0.9262484312057495,0.6168710589408875,0.9970825910568237,0.010847843299477787,,,,,,,,,0.010786068004866442,0.0
smd,./data/SMD,machine-1-5,machine-1-5,mask_noTTA,100,256,128,0.15,50,64,0.001,1,1,1,0,0.001,adam,0.1,0.99,fixed,gated,5000,none,8,0.95,"[0.5, 1.0, 2.0]",0,0,3,38,2.01569,8,0.0008147303597070277,0.0002932272618636489,31.59501051902771,0.9411416589002796,0.5429736147104636,0.06823720552396427,0.03556308213378493,0.84,0.582010582010582,23607,22019,0,793,50,0.9977292418479919,0.06305170059204102,0.9629613161087036,0.08214253777747042,0.9571875794289587,0.5464452416302402,0.954668728289418,0.5356576744988706,0.9499241718207236,0.4962265159388215,0.9148080996356859,0.060322525864949975,0.0,0.08103629325826962
smd,./data/SMD,machine-3-11,machine-3-11,mask_noTTA,100,256,128,0.15,50,64,0.001,1,1,1,0,0.001,adam,0.1,0.99,fixed,gated,5000,none,8,0.95,"[0.5, 1.0, 2.0]",0,0,0,38,2.01569,8,0.00041290989611297846,0.00022892079141456634,34.92867159843445,0.8837433922352161,0.5526970060016198,0.025993316004455997,0.013190623351172081,0.8838383838383839,0.5921450151057402,28597,13449,0,440,0,1.0,0.0,0.477643221616745,0.06975528847634736,0.900314110293758,0.5606319924636962,0.9068252884661053,0.5648627839684507,0.9116661385417087,0.5708439669511641,0.9071074277053643,0.22848397702442544,0.13356643915176392,0.9816877047220866
smd,./data/SMD,machine-2-5,machine-2-5,fixed,100,256,128,0.15,50,64,0.001,1,1,1,1,0.001,adam,0.1,0.99,fixed,gated,5000,none,8,0.95,"[0.5, 1.0, 2.0]",0,0,6,38,2.01569,8,0.0025855558924376965,0.0006046711932867765,25.899675846099854,0.9240381634180821,0.45935653533758597,0.31855747558226893,0.603988603988604,0.2163265306122449,0.5088877602844083,23590,23424,368,3016,2850,0.8783299326896667,0.9449602365493774,1.0,0.08702755176500528,0.9425546016548327,0.4704516128277172,0.9377236481804843,0.4163136284812218,0.9315116905012039,0.35843558859234537,0.9124725789739033,0.25055539496556495,0.0,0.0
smd,./data/SMD,machine-1-3,machine-1-3,fixed,100,256,128,0.15,50,64,0.001,1,1,1,1,0.001,adam,0.1,0.99,fixed,gated,5000,none,8,0.95,"[0.5, 1.0, 2.0]",0,0,2,38,2.01569,8,0.0006582366186194122,0.0002069120528176427,29.041918754577637,0.8129258842535045,0.27218847102580757,0.3125339120998372,0.2807017543859649,0.3525091799265606,0.3361702127659574,23604,22907,366,2005,1372,0.9401056170463562,0.684289276599884,0.997036874294281,0.09969476319393694,0.8807919322540727,0.3080752501287249,0.8969481644478925,0.3252946969816957,0.9048992874158555,0.3339386156772594,0.8995855248049216,0.26886002503026457,0.0,0.009845494399390494
smd,./data/SMD,machine-2-4,machine-2-4,gate_noTTA,100,256,128,0.15,50,64,0.001,1,1,1,0,0.001,adam,0.1,0.99,fixed,gated,5000,unc,8,0.95,"[0.5, 1.0, 2.0]",0,0,7,38,2.01569,8,0.0005640704766847193,0.0003506054054014385,25.713744640350342,0.7477875593170391,0.3490798005517554,0.2485294117647059,0.15682029075162388,0.5985832349468713,0.34546096785588126,23590,20276,0,3674,1637,0.9192641377449036,0.445563405752182,0.935880720615387,0.07294477573538696,0.7872892384847582,0.3705247075011035,0.8097713792954446,0.38613327653998103,0.8319538920646611,0.40502256473889703,0.8246774986157903,0.346273397411043,0.053175499041875206,0.05283396838543316
smd,./data/SMD,machine-2-2,machine-2-2,gate_noTTA,100,256,128,0.15,50,64,0.001,1,1,1,0,0.001,adam,0.1,0.99,fixed,gated,5000,unc,8,0.95,"[0.5, 1.0, 2.0]",0,0,4,38,2.01569,8,0.0007763131288811564,0.0004015885933768004,29.303470373153687,0.5625578828115354,0.1474313144051081,0.1309543847837064,0.12516087516087515,0.13731027179668195,0.23359073359073357,23601,20770,0,3922,2571,0.8762156963348389,0.6555328965187073,0.9247929453849792,0.05986134807243523,0.5770459392263825,0.14838761182319768,0.5831938214037432,0.148974688460691,0.5885044290135578,0.14962400303644252,0.5952684619790669,0.13992514854397264,0.011723163848121962,0.04862350970506668
smd,./data/SMD,machine-2-8,machine-2-8,noMask_fixed,100,256,128,0.15,50,64,0.001,1,0,1,1,0.001,adam,0.1,0.99,fixed,gated,5000,none,8,0.95,"[0.5, 1.0, 2.0]",0,0,8,38,2.015652,0,0.00010051266144728288,inf,27.188118934631348,0.9939740313466456,0.9559397134912367,0.11238367931281318,0.05962780098746677,0.9751552795031055,0.9155844155844156,23604,21108,349,260,13,0.9993841052055359,0.05000000074505806,0.9036583304405212,0.027605990720308345,,,,,,,,,0.054496683180332184,0.005649717524647713
smd,./data/SMD,machine-3-4,machine-3-4,fixed,100,256,128,0.15,50,64,0.001,1,1,1,1,0.001,adam,0.1,0.99,fixed,gated,5000,none,8,0.95,"[0.5, 1.0, 2.0]",0,0,9,38,2.01569,8,0.0016986370319500566,0.0002855105558410287,27.97411060333252,0.7416249655777286,0.33713092068667777,0.26221079691516713,0.20446735395189003,0.3654042988741044,0.378021978021978,23588,22789,365,1769,983,0.956865131855011,0.5556811690330505,0.9994041919708252,0.08404715820876586,0.7743450303704715,0.38755989632365334,0.7806041824130249,0.40334512165218034,0.7837652398832324,0.4128284951651471,0.7842105097110242,0.39916042147052433,0.0022467096180965505,0.0
smd,./data/SMD,machine-3-10,machine-3-10,fixed,100,256,128,0.15,50,64,0.001,1,1,1,1,0.001,adam,0.1,0.99,fixed,gated,5000,none,8,0.95,"[0.5, 1.0, 2.0]",0,0,3,38,2.01569,8,0.0011326620588079095,0.00010460303747095168,27.2250337600708,0.9654997675699765,0.7202229247134403,0.701883325677538,0.6761061946902654,0.7297039159503342,0.711,23594,22591,358,2334,1331,0.9410827159881592,0.5702656507492065,1.0,0.08660191609271958,0.9734382798541834,0.7231004513280496,0.9712654323877468,0.6988522972043358,0.9687906494215484,0.6700004498094997,0.9618622862021257,0.5943121892073019,0.0,0.0
smd,./data/SMD,machine-2-4,machine-2-4,noMask_fixed,100,256,128,0.15,50,64,0.001,1,0,1,1,0.001,adam,0.1,0.99,fixed,gated,5000,none,8,0.95,"[0.5, 1.0, 2.0]",0,0,0,38,2.015652,0,0.0005561292637139559,inf,27.193318367004395,0.8096763163679198,0.4121919750974474,0.3559222156747201,0.2667059169855755,0.5348288075560803,0.40400429031104756,23590,21327,349,3674,2001,0.9061752557754517,0.5446379780769348,0.9703755974769592,0.02792089760631967,,,,,,,,,0.0353250652551651,0.03696562217858931
smd,./data/SMD,machine-2-7,machine-2-7,gate_gbuf5k,100,256,128,0.15,50,64,0.001,1,1,1,1,0.001,adam,0.1,0.99,adaptive,gated,5000,unc,8,0.95,"[0.5, 1.0, 2.0]",0,0,2,38,2.01569,8,0.003300015116110444,0.0008499365067109466,28.63913369178772,0.8799563897144668,0.297991999329754,0.2542134831460674,0.17974180734856007,0.434052757793765,0.40380047505938244,23597,22902,366,2397,1910,0.9166011810302734,0.796829342842102,0.9901886582374573,0.10310082424089616,0.8764572344873359,0.2749659813364589,0.8697936191190524,0.23737191920185463,0.8606306071599612,0.19720532938582913,0.8194885047329634,0.08802774305738445,0.011635658952097097,0.02321460098028183
smd,./data/SMD,machine-1-1,machine-1-1,base_noTTA,100,256,128,0.15,50,64,0.001,1,0,1,0,0.001,adam,0.1,0.99,fixed,gated,5000,none,8,0.95,"[0.5, 1.0, 2.0]",0,0,9,38,2.015652,0,0.00013471014972310513,inf,31.1231369972229,0.9053684391761638,0.4908508281385724,0.3819126183929117,0.2404308520869398,0.9279881217520416,0.5418797953964195,28380,19769,0,3486,60,0.9969649314880371,0.017211703583598137,0.7917168736457825,0.009462050437255171,,,,,,,,,0.11322527751326561,0.2740877817074458
smd,./data/SMD,machine-1-2,machine-1-2,noMask_fixed,100,256,128,0.15,50,64,0.001,1,0,1,1,0.001,adam,0.1,0.99,fixed,gated,5000,none,8,0.95,"[0.5, 1.0, 2.0]",0,0,9,38,2.015652,0,0.0046019237488508224,inf,27.13805341720581,0.8854107429291295,0.2387312664702826,0.2696929238985314,0.2112970711297071,0.3726937269372694,0.283702213279678,23595,23290,368,1532,1228,0.9472734928131104,0.8015666007995605,0.9999547004699707,0.028374064244009425,,,,,,,,,0.00016017940167027214,0.0
smd,./data/SMD,machine-2-7,machine-2-7,fixed,100,256,128,0.15,50,64,0.001,1,1,1,1,0.001,adam,0.1,0.99,fixed,gated,5000,none,8,0.95,"[0.5, 1.0, 2.0]",0,0,9,38,2.01569,8,0.003288512583822012,0.0007951598381623626,25.970651388168335,0.8877678474944172,0.2965279199191223,0.29983525535420097,0.4789473684210526,0.2182254196642686,0.42723004694835687,23597,23450,368,2397,2250,0.9040511846542358,0.9386733174324036,1.0,0.08752757565229632,0.8810414961127879,0.2710689264933162,0.8723950518694972,0.22734348749754277,0.8613837998719114,0.18902539535877905,0.8117696057510279,0.09073487462319182,0.0,0.0
smd,./data/SMD,machine-3-5,machine-3-5,gate_noTTA,100,256,128,0.15,50,64,0.001,1,1,1,0,0.001,adam,0.1,0.99,fixed,gated,5000,unc,8,0.95,"[0.5, 1.0, 2.0]",0,0,4,38,2.01569,8,0.001273874193429947,0.00045404155389405787,29.827383756637573,0.8157954532842157,0.2837302989161307,0.08424814909369414,0.04454643628509719,0.7746478873239436,0.38526315789473686,23592,13952,0,1515,478,0.9657396674156189,0.315511554479599,0.6103184223175049,0.06904455312998588,0.8260559848812771,0.29662210599967925,0.8313727626883155,0.3032230214604374,0.8360687082592987,0.30435499399610166,0.815128611053094,0.12357549088943812,0.052847251296043396,0.7503833572069804
smd,./data/SMD,machine-3-11,machine-3-11,fixed,100,256,128,0.15,50,64,0.001,1,1,1,1,0.001,adam,0.1,0.99,fixed,gated,5000,none,8,0.95,"[0.5, 1.0, 2.0]",0,0,5,38,2.01569,8,0.00040089047979563475,0.00022997678024694324,31.37115740776062,0.8912861863068894,0.5298300255931454,0.02727272727272727,0.013847598184947582,0.8939393939393939,0.5623003194888179,28597,13458,234,440,0,1.0,0.0,0.477962851524353,0.07811750520103965,0.9028654146206255,0.5346389268264304,0.9082457319351136,0.5369598993284217,0.9123319658795833,0.5370895328657658,0.9029993953146456,0.23037040640446446,0.14696969836950302,0.979584256807963
smd,./data/SMD,machine-1-8,machine-1-8,gate_gbuf5k,100,256,128,0.15,50,64,0.001,1,1,1,1,0.001,adam,0.1,0.99,adaptive,gated,5000,unc,8,0.95,"[0.5, 1.0, 2.0]",0,0,7,38,2.01569,8,0.0006024190224707127,0.00017005298286676407,27.390395641326904,0.8370345930393355,0.36132040070487226,0.2698982645122681,0.17487398216362932,0.5910878112712975,0.38877481177275847,23600,21271,361,2691,903,0.9575478434562683,0.33556297421455383,0.9741259813308716,0.08573805881758868,0.8971472731004639,0.40273125826449163,0.9118878744478339,0.4033286918394204,0.9205342200143452,0.38915454426847224,0.9092484140723677,0.2542291922402975,0.0049924190777043504,0.011713123880326748
smd,./data/SMD,machine-3-8,machine-3-8,noMask_fixed,100,256,128,0.15,50,64,0.001,1,0,1,1,0.001,adam,0.1,0.99,fixed,gated,5000,none,8,0.95,"[0.5, 1.0, 2.0]",0,0,7,38,2.015652,0,0.000621928134933114,inf,29.719518661499023,0.8718548443631284,0.2762466747617244,0.3141687780159813,0.21436170212765956,0.587892049598833,0.32057631697433586,28605,24496,425,1965,311,0.9873040318489075,0.1582697182893753,0.9078453183174133,0.028664531084316384,,,,,,,,,0.02703017679353555,0.21259116381406784
smd,./data/SMD,machine-1-2,machine-1-2,base_noTTA,100,256,128,0.15,50,64,0.001,1,0,1,0,0.001,adam,0.1,0.99,fixed,gated,5000,none,8,0.95,"[0.5, 1.0, 2.0]",0,0,5,38,2.015652,0,0.004661739803850651,inf,29.53705143928528,0.8895082028092223,0.25048656386187124,0.27116402116402116,0.211340206185567,0.37822878228782286,0.2849364791288566,23595,23217,0,1532,1164,0.9498643279075623,0.7597911357879639,0.9995467662811279,0.010792202150248249,,,,,,,,,0.0016017939584950607,0.0
smd,./data/SMD,machine-3-4,machine-3-4,gate_noTTA,100,256,128,0.15,50,64,0.001,1,1,1,0,0.001,adam,0.1,0.99,fixed,gated,5000,unc,8,0.95,"[0.5, 1.0, 2.0]",0,0,9,38,2.01569,8,0.0016986370319500566,0.0002855105558410287,27.708966732025146,0.7429638398263541,0.3342944702826577,0.24702916816708675,0.19055555555555556,0.3510747185261003,0.3814358230601886,23588,21534,0,1769,630,0.9707439541816711,0.3561334013938904,0.958064079284668,0.06220503259315639,0.7843390495712258,0.3958011305796243,0.7892484429415076,0.4138447328347085,0.7903601189309197,0.42293607874322137,0.7841609326260937,0.3998821945475027,0.010395395259062449,0.0
smd,./data/SMD,machine-3-5,machine-3-5,fixed,100,256,128,0.15,50,64,0.001,1,1,1,1,0.001,adam,0.1,0.99,fixed,gated,5000,none,8,0.95,"[0.5, 1.0, 2.0]",0,0,1,38,2.01569,8,0.00127759191673249,0.0004484606033656746,31.41742777824402,0.8170078570138505,0.3081209319458372,0.08701384311140409,0.046095823439027794,0.7746478873239436,0.38525564803804996,23592,15658,283,1515,582,0.9628304839134216,0.3841584026813507,0.6828826665878296,0.08775493418737847,0.8259200737774307,0.32387064856308845,0.8310478675477176,0.3340226753803659,0.8356835763488445,0.3367820773656093,0.8194668692720835,0.13674752044998031,0.051858132084210716,0.6993867953618368
smd,./data/SMD,machine-2-4,machine-2-4,base_noTTA,100,256,128,0.15,50,64,0.001,1,0,1,0,0.001,adam,0.1,0.99,fixed,gated,5000,none,8,0.95,"[0.5, 1.0, 2.0]",0,0,2,38,2.015652,0,0.0005492162890732288,inf,27.480342864990234,0.7661854161874828,0.35810565113255977,0.2669469259064635,0.17167962149374788,0.5997638724911453,0.35384124960153013,23590,20426,0,3674,1573,0.9229903221130371,0.428143709897995,0.946625828742981,0.010366175022100988,,,,,,,,,0.04641112188498179,0.06580694237103064
smd,./data/SMD,machine-3-3,machine-3-3,gate_noTTA,100,256,128,0.15,50,64,0.001,1,1,1,0,0.001,adam,0.1,0.99,fixed,gated,5000,unc,8,0.95,"[0.5, 1.0, 2.0]",0,0,6,38,2.01569,8,0.0008429564186371863,0.00028945214580744505,24.357900619506836,0.884318784226348,0.291321970117326,0.251772044230224,0.1533678756476684,0.7025316455696202,0.357958872810358,23604,21063,0,3206,1741,0.9173431992530823,0.5430442690849304,0.947249710559845,0.07771020460039897,0.8983217190302474,0.3185800261178368,0.9008435846635235,0.3289187459783383,0.9003561652554113,0.3156485659182268,0.8629075819333712,0.12978599998187054,0.006010396406054497,0.030905752753218014
smd,./data/SMD,machine-1-2,machine-1-2,base_noTTA,100,256,128,0.15,50,64,0.001,1,0,1,0,0.001,adam,0.1,0.99,fixed,gated,5000,none,8,0.95,"[0.5, 1.0, 2.0]",0,0,7,38,2.015652,0,0.005053630098700523,inf,26.753857374191284,0.8751793059568466,0.2457248231149703,0.2615384615384615,0.21058558558558557,0.34501845018450183,0.2732673267326733,23595,23297,0,1532,1238,0.946860134601593,0.8080939650535583,0.9998186826705933,0.008898656432419971,,,,,,,,,0.0006407176066810886,0.0
smd,./data/SMD,machine-3-5,machine-3-5,gate_noTTA,100,256,128,0.15,50,64,0.001,1,1,1,0,0.001,adam,0.1,0.99,fixed,gated,5000,unc,8,0.95,"[0.5, 1.0, 2.0]",0,0,7,38,2.01569,8,0.0015578684397041798,0.0004480683128349483,28.139392137527466,0.798087860928736,0.30286168847585515,0.08744588744588744,0.04658671586715867,0.7112676056338029,0.377562028047465,23592,14974,0,1515,536,0.9642046093940735,0.3537953794002533,0.6539837718009949,0.06222678427374456,0.8092118871261814,0.32239773918736647,0.8147512483742629,0.33270393111015933,0.8197404067646801,0.33373086062517204,0.8092197572569164,0.1441497182491696,0.049597288171450295,0.6232340236504873
smd,./data/SMD,machine-2-1,machine-2-1,gate_gbuf5k,100,256,128,0.15,50,64,0.001,1,1,1,1,0.001,adam,0.1,0.99,adaptive,gated,5000,unc,8,0.95,"[0.5, 1.0, 2.0]",0,0,5,38,2.01569,8,0.0013748763594776392,0.00030824533314444125,27.713130235671997,0.7675337000456873,0.30179638800471215,0.2861643475977947,0.20651762031072377,0.4658119658119658,0.33518005540166207,23595,21182,361,2457,888,0.958077609539032,0.36141636967658997,0.9600719213485718,0.09429648306996774,0.8165221864009824,0.38029884080503873,0.8235420869211492,0.40945352325150536,0.8250263536558156,0.4196416376071991,0.8050154668828085,0.34745125368047347,0.005790897548043479,0.004106409537295501
smd,./data/SMD,machine-1-8,machine-1-8,base_noTTA,100,256,128,0.15,50,64,0.001,1,0,1,0,0.001,adam,0.1,0.99,fixed,gated,5000,none,8,0.95,"[0.5, 1.0, 2.0]",0,0,9,38,2.015652,0,0.0005951371276751161,inf,26.887237787246704,0.85182459391247,0.36629138761822866,0.320303605313093,0.22542735042735043,0.5530799475753604,0.4169014084507042,23600,22503,0,2691,1664,0.9260542988777161,0.6183574795722961,0.9966521859169006,0.008810556541054936,,,,,,,,,0.012266654831667742,0.0
smd,./data/SMD,machine-3-9,machine-3-9,gate_noTTA,100,256,128,0.15,50,64,0.001,1,1,1,0,0.001,adam,0.1,0.99,fixed,gated,5000,unc,8,0.95,"[0.5, 1.0, 2.0]",0,0,8,38,2.01569,8,0.00023526951554231346,0.00012922019232064486,33.80899524688721,0.852319698706935,0.266112414852774,0.03291526460691343,0.016768482732826332,0.8877887788778878,0.3114355231143552,28614,5009,0,699,0,1.0,0.0,0.1794375777244568,0.06287986313829284,0.8662337089041533,0.2796794792309057,0.8692766108712244,0.28931572030240743,0.8714637039205504,0.30948124086509626,0.8441106940683508,0.25155760160659235,0.4872833440701167,0.9257311224937439
smd,./data/SMD,machine-1-4,machine-1-4,mask_noTTA,100,256,128,0.15,50,64,0.001,1,1,1,0,0.001,adam,0.1,0.99,fixed,gated,5000,none,8,0.95,"[0.5, 1.0, 2.0]",0,0,0,38,2.01569,8,0.0009657125920057297,0.00028482702327892184,33.32471299171448,0.8219373993996607,0.25231979651412656,0.31719298245614036,0.32056737588652484,0.3138888888888889,0.321024868123587,23608,22980,0,1908,1280,0.9442993998527527,0.6708595156669617,1.0,0.07927737895289505,0.9118078515392758,0.3198735475249318,0.9284775090268413,0.35129128637768486,0.9354988085052904,0.3650384891417611,0.9261820690921921,0.3012592842121636,0.0,0.0
smd,./data/SMD,machine-2-2,machine-2-2,mask_noTTA,100,256,128,0.15,50,64,0.001,1,1,1,0,0.001,adam,0.1,0.99,fixed,gated,5000,none,8,0.95,"[0.5, 1.0, 2.0]",0,0,5,38,2.01569,8,0.0007652488420717418,0.0004084120155312121,27.924098014831543,0.5829394410951,0.15591467717069996,0.1442864665613481,0.14350558659217877,0.14507589128132722,0.23927665674274998,23601,21496,0,3922,2768,0.8712318539619446,0.7057623863220215,0.9516744017601013,0.06147063559866786,0.5928509440498478,0.15482269050016967,0.5972023562200223,0.154378795122194,0.6005360610814519,0.15382404808375527,0.5993289979291805,0.1410128622788719,0.010875705629587173,0.049206395943959556
smd,./data/SMD,machine-2-9,machine-2-9,gate_noTTA,100,256,128,0.15,50,64,0.001,1,1,1,0,0.001,adam,0.1,0.99,fixed,gated,5000,unc,8,0.95,"[0.5, 1.0, 2.0]",0,0,2,38,2.01569,8,0.0006990582915022969,0.0004081728111486882,35.37920022010803,0.9683137256393457,0.6716059813696674,0.5904907975460123,0.44495810459404794,0.8774928774928775,0.6442708333333333,28623,24742,0,2745,208,0.9915932416915894,0.07577413320541382,0.9480639696121216,0.07695943159831002,0.9725213374117591,0.6933385927725765,0.972289334954815,0.7002772942270714,0.9704906608974543,0.7031532549993379,0.9550083002154053,0.64494460199507,0.0013971358227233093,0.04884463424483935
smd,./data/SMD,machine-2-6,machine-2-6,base_noTTA,100,256,128,0.15,50,64,0.001,1,0,1,0,0.001,adam,0.1,0.99,fixed,gated,5000,none,8,0.95,"[0.5, 1.0, 2.0]",0,0,6,38,2.015652,0,0.00040217023342847824,inf,33.08367300033569,0.8697834875845072,0.3508571459481286,0.11667564171602943,0.06314357878375752,0.7665094339622641,0.36639118457300274,28644,24376,0,1121,118,0.9951591491699219,0.10526315867900848,0.8813719153404236,0.00944729041760235,,,,,,,,,0.045482407013575234,0.14714390287796655
smd,./data/SMD,machine-2-9,machine-2-9,gate_noTTA,100,256,128,0.15,50,64,0.001,1,1,1,0,0.001,adam,0.1,0.99,fixed,gated,5000,unc,8,0.95,"[0.5, 1.0, 2.0]",0,0,8,38,2.01569,8,0.0007065391982905567,0.00040306634036824107,30.812980890274048,0.9660580828081847,0.6022351437681447,0.5934279603344351,0.45041322314049587,0.8695156695156695,0.6343042071197411,28623,24712,0,2745,211,0.9914616346359253,0.07686702907085419,0.9467887878417969,0.06421163839034946,0.9703130881608281,0.6259922564329913,0.9700348331193437,0.634362272547193,0.968465478066101,0.6396613032152849,0.9556886928489258,0.6116025715736675,0.0016299919225275517,0.0471817155679067
smd,./data/SMD,machine-2-5,machine-2-5,gate_gbuf5k,100,256,128,0.15,50,64,0.001,1,1,1,1,0.001,adam,0.1,0.99,adaptive,gated,5000,unc,8,0.95,"[0.5, 1.0, 2.0]",0,0,4,38,2.01569,8,0.002820385852828622,0.0006824890151619911,27.65284514427185,0.9323227507569146,0.49549727034656693,0.4994964753272911,0.49304174950298213,0.5061224489795918,0.5269935611688955,23590,22402,364,3016,1874,0.9163467288017273,0.6213527917861938,0.9977641701698303,0.09751594789253548,0.9434721107607251,0.4896395987600227,0.9379081924724622,0.43188722125814577,0.9316432575055651,0.3730169122195448,0.9126617964108449,0.2593102524959503,0.004578348870078723,0.0
smd,./data/SMD,machine-2-1,machine-2-1,noMask_fixed,100,256,128,0.15,50,64,0.001,1,0,1,1,0.001,adam,0.1,0.99,fixed,gated,5000,none,8,0.95,"[0.5, 1.0, 2.0]",0,0,6,38,2.015652,0,0.0013568236026912928,inf,23.480237245559692,0.771498720453169,0.31614325116851244,0.3254324151185138,0.26024590163934425,0.4341880341880342,0.3572052401746724,23595,22837,364,2457,1700,0.925559401512146,0.6919006705284119,0.9999526739120483,0.028374640207519015,,,,,,,,,0.00014887598808854818,0.0
smd,./data/SMD,machine-3-3,machine-3-3,gate_gbuf5k,100,256,128,0.15,50,64,0.001,1,1,1,1,0.001,adam,0.1,0.99,adaptive,gated,5000,unc,8,0.95,"[0.5, 1.0, 2.0]",0,0,7,38,2.01569,8,0.000842744717374444,0.00029859025380574167,27.88372778892517,0.8841743827118159,0.2839027821862533,0.25972064930162325,0.17055032226078334,0.5443037974683544,0.3603370058327933,23604,21266,362,3206,1962,0.90774005651474,0.6119775176048279,0.9463672637939453,0.0898435224498496,0.8979849764815164,0.31242207122795235,0.9001896457221488,0.31952542861083144,0.8990840877006532,0.3002946654320969,0.8624580546348668,0.1247151753764157,0.007628975436091423,0.012575758000214895
smd,./data/SMD,machine-2-5,machine-2-5,gate_gbuf5k,100,256,128,0.15,50,64,0.001,1,1,1,1,0.001,adam,0.1,0.99,adaptive,gated,5000,unc,8,0.95,"[0.5, 1.0, 2.0]",0,0,9,38,2.01569,8,0.0029296232387423515,0.0006535174325108528,26.654335975646973,0.9303146015110434,0.48782515092579976,0.524457892082703,0.518444666001994,0.5306122448979592,0.5386333184457347,23590,22342,365,3016,1789,0.9199265837669373,0.5931697487831116,0.9989792704582214,0.08809858583302355,0.943940997950107,0.48025649046965696,0.9377367239995653,0.41909928160071297,0.9309208072678188,0.3633183406060738,0.9114554509989297,0.25539653503619353,0.0,0.0
smd,./data/SMD,machine-1-6,machine-1-6,noMask_fixed,100,256,128,0.15,50,64,0.001,1,0,1,1,0.001,adam,0.1,0.99,fixed,gated,5000,none,8,0.95,"[0.5, 1.0, 2.0]",0,0,3,38,2.015652,0,0.0006001163274049759,inf,30.687182903289795,0.8874806943079204,0.6462770074514074,0.5199901888643611,0.37310806054206264,0.8576051779935275,0.6315215910638878,23590,16298,294,6678,1208,0.925880491733551,0.1808924823999405,0.8922658562660217,0.030808491239915616,,,,,,,,,0.12186066185434659,0.019937730704744656
smd,./data/SMD,machine-3-9,machine-3-9,base_noTTA,100,256,128,0.15,50,64,0.001,1,0,1,0,0.001,adam,0.1,0.99,fixed,gated,5000,none,8,0.95,"[0.5, 1.0, 2.0]",0,0,0,38,2.015652,0,0.0001759803999448195,inf,33.880744218826294,0.847270809446309,0.3758428338020721,0.031419660390435485,0.015989653753453646,0.8976897689768977,0.42227378190255227,28614,6087,0,699,1,0.999835729598999,0.0014306152006611228,0.21801897883415222,0.0114380259296217,,,,,,,,,0.45479219158490497,0.922847330570221
smd,./data/SMD,machine-2-5,machine-2-5,base_noTTA,100,256,128,0.15,50,64,0.001,1,0,1,0,0.001,adam,0.1,0.99,fixed,gated,5000,none,8,0.95,"[0.5, 1.0, 2.0]",0,0,4,38,2.015652,0,0.003054993227124214,inf,26.323216199874878,0.9274719364164707,0.49910865566021345,0.2713241267262388,0.6653386454183267,0.1704081632653061,0.5222691045475856,23590,23464,0,3016,2890,0.8768326044082642,0.9582228064537048,1.0,0.00892170610545095,,,,,,,,,0.0,0.0
smd,./data/SMD,machine-3-3,machine-3-3,gate_gbuf5k,100,256,128,0.15,50,64,0.001,1,1,1,1,0.001,adam,0.1,0.99,adaptive,gated,5000,unc,8,0.95,"[0.5, 1.0, 2.0]",0,0,8,38,2.01569,8,0.0008288226672448218,0.0002912127529270947,26.04348659515381,0.8787192562968799,0.2845784745819685,0.24206069160197602,0.15576748410535876,0.5427215189873418,0.3470935130581298,23604,21199,362,3206,1904,0.9101844429969788,0.5938864350318909,0.9459260702133179,0.08936778627559505,0.8944807964845998,0.31488883054532824,0.8973584021586637,0.3239063087002874,0.896997449809586,0.3052655289245458,0.8610730551643276,0.12679906341045857,0.010390983273585638,0.015363965144691369
smd,./data/SMD,machine-2-3,machine-2-3,fixed,100,256,128,0.15,50,64,0.001,1,1,1,1,0.001,adam,0.1,0.99,fixed,gated,5000,none,8,0.95,"[0.5, 1.0, 2.0]",0,0,2,38,2.01569,8,0.0006620982312597334,0.0002216320572188124,29.20364260673523,0.949690792669183,0.45756448148550405,0.26172300981461283,0.15335463258785942,0.8921933085501859,0.48109965635738833,23590,22157,361,1259,466,0.9789682626724243,0.37013503909111023,0.9713402986526489,0.09645119012539141,0.9570451017304817,0.4718546525586032,0.9538536630275017,0.45748563018947574,0.9488684091060606,0.4199035875674454,0.9093863790043778,0.1836962835256726,0.036126566119492054,0.0149740867006282
smd,./data/SMD,machine-1-5,machine-1-5,fixed,100,256,128,0.15,50,64,0.001,1,1,1,1,0.001,adam,0.1,0.99,fixed,gated,5000,none,8,0.95,"[0.5, 1.0, 2.0]",0,0,1,38,2.01569,8,0.0008458358352072537,0.0003280056989751756,31.20321750640869,0.9445810387189697,0.5438975261196577,0.08632345293811752,0.04552934722984092,0.83,0.5925925925925927,23607,22401,364,793,53,0.9976340532302856,0.06683480739593506,0.9795739650726318,0.10169026569575393,0.9576412776412777,0.5507972224536138,0.9593175463865118,0.5473235755484204,0.9600232991612301,0.5249917332156748,0.9353168685927307,0.07133738471978934,0.0,0.042584856351216636
smd,./data/SMD,machine-3-5,machine-3-5,gate_gbuf5k,100,256,128,0.15,50,64,0.001,1,1,1,1,0.001,adam,0.1,0.99,adaptive,gated,5000,unc,8,0.95,"[0.5, 1.0, 2.0]",0,0,3,38,2.01569,8,0.0012571325059980154,0.0004549948207568377,27.705354690551758,0.8189326589236687,0.32413949188887936,0.16100178890876568,0.09033553197591053,0.7394366197183099,0.3897058823529412,23592,18537,359,1515,634,0.9657981395721436,0.41848185658454895,0.8109344840049744,0.09301110783768088,0.8290503678277128,0.3387728988884052,0.8346876012144216,0.3462412629654223,0.8399674499464731,0.3485857268270293,0.8234754900922118,0.1366066010835032,0.03306485712528229,0.06046284735202789
smd,./data/SMD,machine-3-9,machine-3-9,mask_noTTA,100,256,128,0.15,50,64,0.001,1,1,1,0,0.001,adam,0.1,0.99,fixed,gated,5000,none,8,0.95,"[0.5, 1.0, 2.0]",0,0,4,38,2.01569,8,0.00023342766507994384,0.00012907039490528405,38.765910387039185,0.8493782113163797,0.219427277597538,0.034009321073183024,0.017335473515248796,0.8910891089108911,0.278735632183908,28614,5472,0,699,0,1.0,0.0,0.19602364301681519,0.08279629670874564,0.863712633142934,0.2306778941868356,0.8679259267003786,0.24109815516318117,0.8710159928347638,0.2598743450379512,0.8458082555879665,0.23173623844249203,0.4815727174282074,0.9285334348678589
smd,./data/SMD,machine-2-3,machine-2-3,fixed,100,256,128,0.15,50,64,0.001,1,1,1,1,0.001,adam,0.1,0.99,fixed,gated,5000,none,8,0.95,"[0.5, 1.0, 2.0]",0,0,5,38,2.01569,8,0.0006541197653859854,0.0002445161808282137,24.057738542556763,0.9552384293283471,0.47128143123720984,0.24947145877378432,0.14540973505853358,0.8773234200743495,0.49072164948453606,23590,22101,361,1259,459,0.9792317152023315,0.364575058221817,0.9691460132598877,0.07948416580129043,0.9535042968390377,0.4816487680946019,0.950646351258258,0.4698175088843759,0.9461336385194875,0.43236501392814103,0.9104457474468172,0.1743989932705613,0.0412124494711558,0.01817064150236547
smd,./data/SMD,machine-2-8,machine-2-8,mask_noTTA,100,256,128,0.15,50,64,0.001,1,1,1,0,0.001,adam,0.1,0.99,fixed,gated,5000,none,8,0.95,"[0.5, 1.0, 2.0]",0,0,0,38,2.01569,8,0.00010781346645671874,8.162380254361778e-05,27.00528049468994,0.9948673732844854,0.9597257622302553,0.09518072289156627,0.05001582779360557,0.9813664596273292,0.9207317073170732,23604,21686,0,260,10,0.9995388984680176,0.03846153989434242,0.9285469651222229,0.06419886897891441,0.9937793218516292,0.9603534826566382,0.9931703929701957,0.960416376719096,0.9924770372074543,0.960509668973406,0.9832378342183206,0.9324368626054916,0.04602569496879975,0.0
smd,./data/SMD,machine-1-1,machine-1-1,fixed,100,256,128,0.15,50,64,0.001,1,1,1,1,0.001,adam,0.1,0.99,fixed,gated,5000,none,8,0.95,"[0.5, 1.0, 2.0]",0,0,6,38,2.01569,8,0.0001602282136445865,0.00019400002202019095,29.356181621551514,0.9065768499408117,0.4464617023972927,0.38170110811620245,0.23907334458825735,0.9461766889383816,0.534006534006534,28380,20218,354,3486,75,0.9962904453277588,0.02151462994515896,0.8091508150100708,0.08074097267080983,0.9209261771323284,0.4708907989156847,0.9262166631468979,0.4867177059827307,0.9308587703209065,0.5076405315565291,0.9162311006770479,0.569516266282497,0.08773784339427948,0.26237430175145465
smd,./data/SMD,machine-3-8,machine-3-8,fixed,100,256,128,0.15,50,64,0.001,1,1,1,1,0.001,adam,0.1,0.99,fixed,gated,5000,none,8,0.95,"[0.5, 1.0, 2.0]",0,0,4,38,2.01569,8,0.0006340171094052494,0.0001817675365600735,38.04318976402283,0.8630130329550102,0.26761093051611196,0.3081637119719851,0.22013758599124453,0.513493800145879,0.3133414932680539,28605,25474,431,1965,472,0.9814713001251221,0.24020355939865112,0.9385135173797607,0.1048640591388523,0.8944469168554465,0.3145061205211157,0.8915194781555617,0.33494672480194393,0.8835050638259637,0.34313620798569205,0.843035872001748,0.2895143258741425,0.0004660375028227766,0.19299687445163727
smd,./data/SMD,machine-3-11,machine-3-11,gate_noTTA,100,256,128,0.15,50,64,0.001,1,1,1,0,0.001,adam,0.1,0.99,fixed,gated,5000,unc,8,0.95,"[0.5, 1.0, 2.0]",0,0,2,38,2.01569,8,0.0004130138549953699,0.00023117933596950024,38.80508804321289,0.8994549325098838,0.5197785114815241,0.025998276357368573,0.01318665306717179,0.9141414141414141,0.5895316804407713,28597,13095,0,440,0,1.0,0.0,0.46507084369659424,0.08449048542762114,0.907135428961522,0.5242158427979958,0.9108969901130755,0.5263205877825339,0.9131191910685207,0.526024200701552,0.9002035230542496,0.2418608558919804,0.13729603216052055,0.9823063611984253
smd,./data/SMD,machine-3-10,machine-3-10,noMask_fixed,100,256,128,0.15,50,64,0.001,1,0,1,1,0.001,adam,0.1,0.99,fixed,gated,5000,none,8,0.95,"[0.5, 1.0, 2.0]",0,0,9,38,2.015652,0,0.0012768630404025316,inf,26.164271116256714,0.9657829349041571,0.7351644550791258,0.6785350966429297,0.7257889009793254,0.6370582617000955,0.689588377723971,23594,22586,358,2334,1326,0.941291093826294,0.5681234002113342,1.0,0.029751817341567077,,,,,,,,,0.0,0.0
smd,./data/SMD,machine-3-4,machine-3-4,gate_gbuf5k,100,256,128,0.15,50,64,0.001,1,1,1,1,0.001,adam,0.1,0.99,adaptive,gated,5000,unc,8,0.95,"[0.5, 1.0, 2.0]",0,0,6,38,2.01569,8,0.0016979629872366786,0.00027529013459570706,25.42642378807068,0.7394877650514903,0.3220159815599216,0.21586165772212285,0.15229280605805637,0.3705220061412487,0.35240963855421686,23588,21262,362,1769,633,0.9702285528182983,0.3578292727470398,0.9454603791236877,0.08941922770812792,0.773383325062974,0.38019775810329126,0.7779247212528398,0.39806402372770366,0.7793025135131358,0.4092980044967027,0.776463797235131,0.39378469321375037,0.018505310639739037,0.011309018979469935
smd,./data/SMD,machine-1-7,machine-1-7,fixed,100,256,128,0.15,50,64,0.001,1,1,1,1,0.001,adam,0.1,0.99,fixed,gated,5000,none,8,0.95,"[0.5, 1.0, 2.0]",0,0,8,38,2.01569,8,0.002518935827538371,0.0006769538158550858,27.599835872650146,0.6451445072875377,0.2305292026269975,0.1373265157048941,0.5529411764705883,0.07839866555462886,0.2605160834217038,23598,23356,368,3677,3435,0.8529285788536072,0.9341855049133301,1.0,0.08658736790122698,0.7011236142487083,0.2926293917531278,0.7065920721843535,0.3058055933469598,0.7096980828312058,0.3094074322733399,0.7098860906554638,0.29238146845041535,0.0,0.0
smd,./data/SMD,machine-3-6,machine-3-6,base_noTTA,100,256,128,0.15,50,64,0.001,1,0,1,0,0.001,adam,0.1,0.99,fixed,gated,5000,none,8,0.95,"[0.5, 1.0, 2.0]",0,0,5,38,2.015652,0,0.0003657447232399136,inf,35.4323251247406,0.8669377506448411,0.30172081862178773,0.2864810466286481,0.17911073825503357,0.7152428810720268,0.33364661654135336,28627,24750,0,2283,74,0.9970101118087769,0.03241349011659622,0.9366838932037354,0.009328381966173693,,,,,,,,,0.006414585164748132,0.11944428831338882
smd,./data/SMD,machine-1-8,machine-1-8,fixed,100,256,128,0.15,50,64,0.001,1,1,1,1,0.001,adam,0.1,0.99,fixed,gated,5000,none,8,0.95,"[0.5, 1.0, 2.0]",0,0,7,38,2.01569,8,0.0006024190224707127,0.00017005298286676407,24.683120727539062,0.8369399653763324,0.3585771647202506,0.2788033099936346,0.1841109709962169,0.5740498034076016,0.39192221391174265,23600,22341,363,2691,1596,0.9285618662834167,0.5930880904197693,0.9921565055847168,0.08307348873655675,0.896287795637162,0.4001934019913035,0.9110387397423841,0.40157950697855777,0.9198310553361545,0.387987246680861,0.908832275210158,0.2536811031447672,0.017760486031572025,0.008933152945246547
smd,./data/SMD,machine-2-8,machine-2-8,mask_noTTA,100,256,128,0.15,50,64,0.001,1,1,1,0,0.001,adam,0.1,0.99,fixed,gated,5000,none,8,0.95,"[0.5, 1.0, 2.0]",0,0,9,38,2.01569,8,0.00010963659588014707,8.038961095735431e-05,25.98806095123291,0.9918319630674608,0.9611966085632007,0.09958769425943546,0.05247326203208556,0.9751552795031055,0.9287925696594428,23604,21653,0,260,11,0.9994919896125793,0.042307693511247635,0.9270904660224915,0.059831225251852506,0.9910649976175789,0.961205438201437,0.9908689689525421,0.9610920480548515,0.9907162090641755,0.9611934767192787,0.9872779243229096,0.9186511295308741,0.04546096393217643,0.0
smd,./data/SMD,machine-2-8,machine-2-8,gate_gbuf5k,100,256,128,0.15,50,64,0.001,1,1,1,1,0.001,adam,0.1,0.99,adaptive,gated,5000,unc,8,0.95,"[0.5, 1.0, 2.0]",0,0,9,38,2.01569,8,0.00010963659588014707,8.038961095735431e-05,24.613179922103882,0.9935964848867967,0.9611182517134802,0.14758751182592242,0.07987711213517665,0.968944099378882,0.9320987654320988,23604,21805,366,260,14,0.9993579387664795,0.05384615436196327,0.9334732890129089,0.09055618228922051,0.9925224166561573,0.9610381034005198,0.9921870836369623,0.9611925480300688,0.9918039966630274,0.9615424079497615,0.9879852632878676,0.9170166321013196,0.031625017523765564,0.0002824858723518749
smd,./data/SMD,machine-1-6,machine-1-6,noMask_fixed,100,256,128,0.15,50,64,0.001,1,0,1,1,0.001,adam,0.1,0.99,fixed,gated,5000,none,8,0.95,"[0.5, 1.0, 2.0]",0,0,2,38,2.015652,0,0.0005728784599341452,inf,27.43716859817505,0.8854886926830758,0.6388526537070949,0.5148274185707341,0.36796386379430157,0.8567961165048543,0.6270356149874221,23590,15467,292,6678,1099,0.9289454817771912,0.16457022726535797,0.8495742678642273,0.025503410025641493,,,,,,,,,0.13267970333496729,0.04616370672980944
smd,./data/SMD,machine-1-8,machine-1-8,noMask_fixed,100,256,128,0.15,50,64,0.001,1,0,1,1,0.001,adam,0.1,0.99,fixed,gated,5000,none,8,0.95,"[0.5, 1.0, 2.0]",0,0,6,38,2.015652,0,0.0005970937199890614,inf,23.384820222854614,0.8469676119680679,0.35379441247669424,0.3005299015897048,0.21128259712613093,0.5203145478374837,0.39829907866761166,23600,22528,363,2691,1663,0.9261807799339294,0.6179859042167664,0.9978956580162048,0.02801447601641639,,,,,,,,,0.007623648814236124,0.00017226528143510222
smd,./data/SMD,machine-3-2,machine-3-2,fixed,100,256,128,0.15,50,64,0.001,1,1,1,1,0.001,adam,0.1,0.99,fixed,gated,5000,none,8,0.95,"[0.5, 1.0, 2.0]",0,0,8,38,2.01569,8,0.0073011876083910465,0.001035031396895647,25.35202383995056,0.4667887442367816,0.045945305029522224,0.01841004184100418,0.12790697674418605,0.009918845807033363,0.09110313819882829,23604,23604,369,2018,2018,0.9145060181617737,1.0,1.0,0.0838296046965689,0.571645296639875,0.06302158135483626,0.5813632983309165,0.07048607165808221,0.5866793716949519,0.07867642367277575,0.589448586021505,0.0894180598710134,0.0,0.0
smd,./data/SMD,machine-2-2,machine-2-2,gate_noTTA,100,256,128,0.15,50,64,0.001,1,1,1,0,0.001,adam,0.1,0.99,fixed,gated,5000,unc,8,0.95,"[0.5, 1.0, 2.0]",0,0,5,38,2.01569,8,0.0007652488420717418,0.0004084120155312121,28.530795574188232,0.5829394410951,0.15591467717069996,0.1442864665613481,0.14350558659217877,0.14507589128132722,0.23927665674274998,23601,20854,0,3922,2583,0.8761388659477234,0.6585925817489624,0.928451657295227,0.065407456596455,0.5928509440498478,0.15482269050016967,0.5972023562200223,0.154378795122194,0.6005360610814519,0.15382404808375527,0.5993289979291805,0.1410128622788719,0.010875705629587173,0.049206395943959556
smd,./data/SMD,machine-1-3,machine-1-3,base_noTTA,100,256,128,0.15,50,64,0.001,1,0,1,0,0.001,adam,0.1,0.99,fixed,gated,5000,none,8,0.95,"[0.5, 1.0, 2.0]",0,0,2,38,2.015652,0,0.0006769168539904058,inf,27.673455953598022,0.828975660425775,0.27831313316353606,0.33055885850178357,0.3213872832369942,0.3402692778457772,0.3331542181622784,23604,22930,0,2005,1394,0.9392063021659851,0.6952618360519409,0.9970831871032715,0.01038223823194402,,,,,,,,,0.0,0.009704251463214556
smd,./data/SMD,machine-3-9,machine-3-9,noMask_fixed,100,256,128,0.15,50,64,0.001,1,0,1,1,0.001,adam,0.1,0.99,fixed,gated,5000,none,8,0.95,"[0.5, 1.0, 2.0]",0,0,0,38,2.015652,0,0.0001759803999448195,inf,33.85735726356506,0.8305310150867252,0.37728873375830524,0.028478481147672124,0.014473113616652211,0.8811881188118812,0.42950108459869846,28614,5630,188,699,6,0.998934268951416,0.008583690971136093,0.20146875083446503,0.019573562090407046,,,,,,,,,0.4234195351600647,0.9979230165481567
smd,./data/SMD,machine-1-8,machine-1-8,base_noTTA,100,256,128,0.15,50,64,0.001,1,0,1,0,0.001,adam,0.1,0.99,fixed,gated,5000,none,8,0.95,"[0.5, 1.0, 2.0]",0,0,0,38,2.015652,0,0.0005903866258449852,inf,27.574708223342896,0.8371717345799196,0.34863769996620364,0.2929329915781765,0.2032520325203252,0.5242463958060288,0.38634600465477115,23600,22492,0,2691,1654,0.9264627695083618,0.6146413683891296,0.996604323387146,0.01012805154768087,,,,,,,,,0.012416353449225426,0.0
smd,./data/SMD,machine-1-8,machine-1-8,fixed,100,256,128,0.15,50,64,0.001,1,1,1,1,0.001,adam,0.1,0.99,fixed,gated,5000,none,8,0.95,"[0.5, 1.0, 2.0]",0,0,6,38,2.01569,8,0.0006212334847077727,0.00017130539345089346,27.352962255477905,0.8426812245459586,0.3735100009199445,0.28619302949061665,0.19225574065736156,0.5596330275229358,0.4089920232052212,23600,22480,364,2691,1683,0.925133466720581,0.6254180669784546,0.9946434497833252,0.08674927687240859,0.9007324958251829,0.4157548582172806,0.9153024702391428,0.4148820398986638,0.9239773012464795,0.3985482452092096,0.9142655087654015,0.25388666862419357,0.016796831662456196,0.0012058569894482691
smd,./data/SMD,machine-1-4,machine-1-4,gate_gbuf5k,100,256,128,0.15,50,64,0.001,1,1,1,1,0.001,adam,0.1,0.99,adaptive,gated,5000,unc,8,0.95,"[0.5, 1.0, 2.0]",0,0,4,38,2.01569,8,0.0009352113120257854,0.0002775649481918663,29.059987545013428,0.7928751999922663,0.25822011834354386,0.2947567312234294,0.22333571939871152,0.43333333333333335,0.3286867204695525,23608,22493,363,1908,819,0.9635886549949646,0.4292452931404114,0.9988018274307251,0.0923362496504336,0.9029517891755243,0.31861187050042233,0.923110344977596,0.352015067763235,0.9312570390027213,0.3639781682896526,0.9208459612437948,0.29011275308114787,0.0006035913635666171,0.0
smd,./data/SMD,machine-3-9,machine-3-9,fixed,100,256,128,0.15,50,64,0.001,1,1,1,1,0.001,adam,0.1,0.99,fixed,gated,5000,none,8,0.95,"[0.5, 1.0, 2.0]",0,0,9,38,2.01569,8,0.00023831124417483807,0.0001263797312276438,32.103992223739624,0.8426684695924714,0.27972238687620177,0.031302728806656195,0.015932243544183843,0.8877887788778878,0.31058823529411766,28614,4914,154,699,3,0.9993894696235657,0.004291845485568047,0.17592692375183105,0.0814561233285872,0.8628287115934402,0.2913005385780511,0.8677058466142283,0.30029522525706964,0.8714058523064556,0.319087903417189,0.8494536042833429,0.25852903453981574,0.4619640111923218,0.9769902229309082
smd,./data/SMD,machine-1-7,machine-1-7,noMask_fixed,100,256,128,0.15,50,64,0.001,1,0,1,1,0.001,adam,0.1,0.99,fixed,gated,5000,none,8,0.95,"[0.5, 1.0, 2.0]",0,0,7,38,2.015652,0,0.0022957080509513617,inf,26.13051414489746,0.6474432051906724,0.23611664280674427,0.13573000733675716,0.5640243902439024,0.07714762301918265,0.27450229709035223,23598,23365,368,3677,3444,0.8526000380516052,0.9366331100463867,1.0,0.02913408758721318,,,,,,,,,0.0,0.0
smd,./data/SMD,machine-1-5,machine-1-5,fixed,100,256,128,0.15,50,64,0.001,1,1,1,1,0.001,adam,0.1,0.99,fixed,gated,5000,none,8,0.95,"[0.5, 1.0, 2.0]",0,0,5,38,2.01569,8,0.0008388505084440112,0.00026314755086787045,24.911771059036255,0.9493726171312377,0.5579700015781502,0.08498023715415019,0.0446985446985447,0.86,0.5906735751295337,23607,22366,364,793,51,0.9977197647094727,0.06431273370981216,0.9781274795532227,0.08998111287424554,0.9597530288909599,0.5598395305894505,0.9594738625773109,0.5475963113462369,0.9581674150639669,0.5133467457804459,0.9339994069304414,0.07045491528354265,0.0,0.044764132549365364
smd,./data/SMD,machine-1-5,machine-1-5,base_noTTA,100,256,128,0.15,50,64,0.001,1,0,1,0,0.001,adam,0.1,0.99,fixed,gated,5000,none,8,0.95,"[0.5, 1.0, 2.0]",0,0,3,38,2.015652,0,0.000705061771441251,inf,30.55744218826294,0.9265724815724816,0.5478648351757864,0.07032967032967033,0.0367816091954023,0.8,0.6229508196721312,23607,21860,0,793,49,0.9977584481239319,0.06179066747426987,0.9560357928276062,0.011876016538368478,,,,,,,,,0.0,0.09296332796414693
smd,./data/SMD,machine-1-2,machine-1-2,fixed,100,256,128,0.15,50,64,0.001,1,1,1,1,0.001,adam,0.1,0.99,fixed,gated,5000,none,8,0.95,"[0.5, 1.0, 2.0]",0,0,0,38,2.01569,8,0.004222489893436432,0.0008267947123385966,35.044264793395996,0.8722793309481126,0.20555369284982458,0.23985009369144286,0.1813031161473088,0.35424354243542433,0.2451219512195122,23595,23278,367,1532,1222,0.9475041031837463,0.797650158405304,0.9996827244758606,0.10865931542249624,0.8867861391554482,0.241478066776323,0.8793624740843125,0.2597180612507688,0.8669157717838408,0.27136309535001785,0.8115968558182471,0.1898877546042382,0.0009610763906190792,0.0
smd,./data/SMD,machine-1-1,machine-1-1,mask_noTTA,100,256,128,0.15,50,64,0.001,1,1,1,0,0.001,adam,0.1,0.99,fixed,gated,5000,none,8,0.95,"[0.5, 1.0, 2.0]",0,0,9,38,2.01569,8,0.0001689157506916672,0.00019227842858526856,30.406731843948364,0.8968607477255744,0.46569895578103704,0.3765296040130729,0.23673898499474338,0.9194506310319228,0.5271788642575158,28380,20838,0,3486,103,0.9950571060180664,0.02954675815999508,0.832931637763977,0.06140665406488549,0.9230142061899272,0.5025594032095733,0.9310774350573866,0.5249144102477027,0.9371561189488948,0.5505321390418011,0.916063562561695,0.5684469799131121,0.07928118295967579,0.24068847795327505
smd,./data/SMD,machine-1-1,machine-1-1,noMask_fixed,100,256,128,0.15,50,64,0.001,1,0,1,1,0.001,adam,0.1,0.99,fixed,gated,5000,none,8,0.95,"[0.5, 1.0, 2.0]",0,0,4,38,2.015652,0,0.00013485616364050657,inf,32.828598737716675,0.9038141697398062,0.4715531407738819,0.3797088398619241,0.23796087283671935,0.9391239792130661,0.5256178420735383,28380,19434,345,3486,39,0.9979932308197021,0.011187607422471046,0.7791033983230591,0.027331632153092346,,,,,,,,,0.108644583572944,0.3037806252638499
smd,./data/SMD,machine-2-2,machine-2-2,gate_gbuf5k,100,256,128,0.15,50,64,0.001,1,1,1,1,0.001,adam,0.1,0.99,adaptive,gated,5000,unc,8,0.95,"[0.5, 1.0, 2.0]",0,0,6,38,2.01569,8,0.0007844958454370499,0.0003955076972488314,27.667424201965332,0.5774176731319942,0.14538272801665708,0.10310381733856583,0.10421925712225028,0.10201200141193081,0.24054097568829494,23601,20708,360,3922,2629,0.8730442523956299,0.6703212857246399,0.9186950325965881,0.08724641054395164,0.5828303339671077,0.1446466248141881,0.582504560381923,0.14382135441580596,0.5812414635301981,0.14227745477026085,0.5754015256491997,0.1337529242911393,0.013418079353868961,0.045478047182162605
smd,./data/SMD,machine-3-10,machine-3-10,fixed,100,256,128,0.15,50,64,0.001,1,1,1,1,0.001,adam,0.1,0.99,fixed,gated,5000,none,8,0.95,"[0.5, 1.0, 2.0]",0,0,5,38,2.01569,8,0.0011757668107748032,0.00010721902071963996,26.91996693611145,0.9642365645872467,0.7301920947583201,0.723076923076923,0.6870163370593293,0.7631327602674307,0.7253744893327281,23594,22579,358,2334,1319,0.9415828585624695,0.5651242733001709,1.0,0.08329670540587401,0.973519046229661,0.7134680200619529,0.9710713822083358,0.6744289676831674,0.9682692318236221,0.6302580688193842,0.9605834360521363,0.5434249972881774,0.0,0.0
smd,./data/SMD,machine-3-5,machine-3-5,mask_noTTA,100,256,128,0.15,50,64,0.001,1,1,1,0,0.001,adam,0.1,0.99,fixed,gated,5000,none,8,0.95,"[0.5, 1.0, 2.0]",0,0,4,38,2.01569,8,0.001273874193429947,0.00045404155389405787,29.787623405456543,0.8157954532842157,0.2837302989161307,0.08424814909369414,0.04454643628509719,0.7746478873239436,0.38526315789473686,23592,14947,0,1515,564,0.9622666835784912,0.37227723002433777,0.6514924764633179,0.0709952460017678,0.8260559848812771,0.29662210599967925,0.8313727626883155,0.3032230214604374,0.8360687082592987,0.30435499399610166,0.815128611053094,0.12357549088943812,0.052847251296043396,0.7503833572069804
smd,./data/SMD,machine-2-5,machine-2-5,mask_noTTA,100,256,128,0.15,50,64,0.001,1,1,1,0,0.001,adam,0.1,0.99,fixed,gated,5000,none,8,0.95,"[0.5, 1.0, 2.0]",0,0,3,38,2.01569,8,0.002646320965141058,0.0006963153136894107,34.10767078399658,0.9255727972636939,0.49386817703485253,0.3056426332288401,0.6587837837837838,0.1989795918367347,0.5153374233128833,23590,23455,0,3016,2881,0.8771690726280212,0.9552386999130249,1.0,0.08614744458879743,0.9417905873873614,0.49019324919476487,0.9369999397883245,0.43919412733362656,0.9310663487729847,0.37901223869595435,0.9109787902126371,0.24910970442273198,0.0,0.0
smd,./data/SMD,machine-3-3,machine-3-3,base_noTTA,100,256,128,0.15,50,64,0.001,1,0,1,0,0.001,adam,0.1,0.99,fixed,gated,5000,none,8,0.95,"[0.5, 1.0, 2.0]",0,0,9,38,2.015652,0,0.0007881405763328075,inf,27.14724087715149,0.8823702039219602,0.28280193215667954,0.2451684152401988,0.14849498327759197,0.7025316455696202,0.3594009983361065,23604,22145,0,3206,2287,0.896726131439209,0.7133499979972839,0.9735268354415894,0.009344091174602913,,,,,,,,,0.009096816182136536,0.05037210571269194
smd,./data/SMD,machine-1-2,machine-1-2,base_noTTA,100,256,128,0.15,50,64,0.001,1,0,1,0,0.001,adam,0.1,0.99,fixed,gated,5000,none,8,0.95,"[0.5, 1.0, 2.0]",0,0,8,38,2.015652,0,0.005261749494820833,inf,23.43031406402588,0.8787438286874231,0.227150077102582,0.27113906359189377,0.21822272215973004,0.35793357933579334,0.275320970042796,23595,23299,0,1532,1239,0.9468217492103577,0.8087467551231384,0.9998640418052673,0.008986334245976413,,,,,,,,,0.0004805381953095396,0.0
smd,./data/SMD,machine-1-4,machine-1-4,gate_gbuf5k,100,256,128,0.15,50,64,0.001,1,1,1,1,0.001,adam,0.1,0.99,adaptive,gated,5000,unc,8,0.95,"[0.5, 1.0, 2.0]",0,0,8,38,2.01569,8,0.0009481185115873814,0.0002813536557368934,28.275229692459106,0.8186616348370818,0.2872395745053328,0.31874405328258804,0.24240231548480462,0.4652777777777778,0.34811165845648606,23608,22527,363,1908,851,0.9622231125831604,0.44601675868034363,0.9988940358161926,0.10812847099640296,0.9142889338418334,0.3411810515994614,0.9305423536491639,0.3663503526762363,0.9363033695373715,0.37187037713183385,0.9249695480053943,0.29398345626674754,0.0,0.0
smd,./data/SMD,machine-2-6,machine-2-6,base_noTTA,100,256,128,0.15,50,64,0.001,1,0,1,0,0.001,adam,0.1,0.99,fixed,gated,5000,none,8,0.95,"[0.5, 1.0, 2.0]",0,0,0,38,2.015652,0,0.0004008596879430115,inf,31.748449563980103,0.8679312742228532,0.33663102074663875,0.12170686456400744,0.06604913411196134,0.7735849056603774,0.35130434782608694,28644,24351,0,1121,121,0.9950309991836548,0.10793934017419815,0.8803545832633972,0.00899120376623138,,,,,,,,,0.04853540658950806,0.14713238179683685
smd,./data/SMD,machine-3-8,machine-3-8,noMask_fixed,100,256,128,0.15,50,64,0.001,1,0,1,1,0.001,adam,0.1,0.99,fixed,gated,5000,none,8,0.95,"[0.5, 1.0, 2.0]",0,0,1,38,2.015652,0,0.0006275110063143075,inf,32.84116554260254,0.8851655953641747,0.3553285788162697,0.3633841886269071,0.24945593035908598,0.6688548504741065,0.3915106117353308,28605,24816,429,1965,336,0.9864603281021118,0.17099235951900482,0.9189189076423645,0.028462510824911955,,,,,,,,,0.020156122744083405,0.19309691588083902
smd,./data/SMD,machine-1-7,machine-1-7,fixed,100,256,128,0.15,50,64,0.001,1,1,1,1,0.001,adam,0.1,0.99,fixed,gated,5000,none,8,0.95,"[0.5, 1.0, 2.0]",0,0,4,38,2.01569,8,0.002375692129135132,0.0006557992892339826,28.961185693740845,0.662868373455962,0.23703314475329423,0.14098837209302326,0.5480225988700564,0.08090075062552127,0.2684940554821665,23598,23345,368,3677,3424,0.8533304929733276,0.9311938881874084,1.0,0.0927442715868969,0.7107333055023669,0.2981998518692969,0.7143036920488031,0.311028542843706,0.7154719249937571,0.3148774857948765,0.7098018713733971,0.2968703034943208,0.0,0.0
smd,./data/SMD,machine-3-10,machine-3-10,fixed,100,256,128,0.15,50,64,0.001,1,1,1,1,0.001,adam,0.1,0.99,fixed,gated,5000,none,8,0.95,"[0.5, 1.0, 2.0]",0,0,6,38,2.01569,8,0.0012528535444289446,0.0001008472972898744,28.024226903915405,0.9600644646420833,0.7127165930634729,0.690626517727052,0.7025691699604744,0.6790830945558739,0.6944031698860821,23594,22595,358,2334,1335,0.940916121006012,0.5719794631004333,1.0,0.0888540288639481,0.9714105166340353,0.7023237300963102,0.9690861109585758,0.6668957960246209,0.9663671520493866,0.6271280605232897,0.9590725354593911,0.536326859651475,0.0,0.0
smd,./data/SMD,machine-2-8,machine-2-8,gate_noTTA,100,256,128,0.15,50,64,0.001,1,1,1,0,0.001,adam,0.1,0.99,fixed,gated,5000,unc,8,0.95,"[0.5, 1.0, 2.0]",0,0,9,38,2.01569,8,0.00010963659588014707,8.038961095735431e-05,26.88277506828308,0.9918319630674608,0.9611966085632007,0.09958769425943546,0.05247326203208556,0.9751552795031055,0.9287925696594428,23604,20743,0,260,11,0.9994696974754333,0.042307693511247635,0.8881083130836487,0.07021376650690164,0.9910649976175789,0.961205438201437,0.9908689689525421,0.9610920480548515,0.9907162090641755,0.9611934767192787,0.9872779243229096,0.9186511295308741,0.04546096393217643,0.0
smd,./data/SMD,machine-3-1,machine-3-1,fixed,100,256,128,0.15,50,64,0.001,1,1,1,1,0.001,adam,0.1,0.99,fixed,gated,5000,none,8,0.95,"[0.5, 1.0, 2.0]",0,0,0,38,2.01569,8,0.00039924803422763944,0.0001951724843820557,32.79012989997864,0.8703200416799318,0.2863991453146789,0.05169289461134955,0.026628672496806526,0.8798701298701299,0.33509700176366847,28601,18405,340,704,43,0.997663676738739,0.06107954680919647,0.6582069993019104,0.08265311340948764,0.8919423067774715,0.29276272765369177,0.8903707327471063,0.29526776207907796,0.8847550114720444,0.30103202148527985,0.8317914342983024,0.22510949161935434,0.135942372183005,0.3986109445492427
smd,./data/SMD,machine-2-8,machine-2-8,mask_noTTA,100,256,128,0.15,50,64,0.001,1,1,1,0,0.001,adam,0.1,0.99,fixed,gated,5000,none,8,0.95,"[0.5, 1.0, 2.0]",0,0,2,38,2.01569,8,0.0001118963336921297,7.632860797457397e-05,28.881197929382324,0.994113863368812,0.9626077796587177,0.11091487107029319,0.058801498127340826,0.9751552795031055,0.9418960244648319,23604,21858,0,260,11,0.9994967579841614,0.042307693511247635,0.9358721971511841,0.07548149996461595,0.9929471894027377,0.963249212689658,0.9924572496571477,0.9636592109531343,0.9919211389608423,0.9637512475843304,0.9873544361840949,0.9317765943915637,0.038825355314960085,0.0
smd,./data/SMD,machine-2-6,machine-2-6,fixed,100,256,128,0.15,50,64,0.001,1,1,1,1,0.001,adam,0.1,0.99,fixed,gated,5000,none,8,0.95,"[0.5, 1.0, 2.0]",0,0,6,38,2.01569,8,0.0004260974528733641,0.0001611298939678818,28.933168649673462,0.8592361985119665,0.3263608506744965,0.11036152914720636,0.059548254620123205,0.7523584905660378,0.37090909090909085,28644,24404,409,1121,120,0.9950827956199646,0.10704728215932846,0.8823165893554688,0.08534531139858008,0.8917142267975298,0.3415801941741083,0.895970319946539,0.3492977303508153,0.8978314445865064,0.3505096388300032,0.8837603279217168,0.23626345479201702,0.044011279940605164,0.14224953452746072
smd,./data/SMD,machine-3-8,machine-3-8,fixed,100,256,128,0.15,50,64,0.001,1,1,1,1,0.001,adam,0.1,0.99,fixed,gated,5000,none,8,0.95,"[0.5, 1.0, 2.0]",0,0,2,38,2.01569,8,0.0006503278855234385,0.00018674368038773537,33.15999507904053,0.8571530452831749,0.2788131298371403,0.3019693654266958,0.2156924038762113,0.5032822757111597,0.3063796781074268,28605,25671,432,1965,515,0.9799384474754333,0.26208651065826416,0.944294273853302,0.09504693972649764,0.8909711446286251,0.32509298546545173,0.8887020237184405,0.3472151741375182,0.8814123206871578,0.3563976791196833,0.840674005657805,0.29663975380489643,0.0002330187514113883,0.17573998620112738
smd,./data/SMD,machine-2-2,machine-2-2,gate_noTTA,100,256,128,0.15,50,64,0.001,1,1,1,0,0.001,adam,0.1,0.99,fixed,gated,5000,unc,8,0.95,"[0.5, 1.0, 2.0]",0,0,1,38,2.01569,8,0.0007867874810472131,0.0004185909347143024,29.261744499206543,0.5615535051798229,0.1470679581207449,0.1262895766631092,0.1272857655073503,0.12530885986586657,0.23470839260312945,23601,20868,0,3922,2603,0.8752635717391968,0.6636919975280762,0.9281467795372009,0.06770638105076383,0.5791727923834631,0.14861587436987478,0.5867986278755247,0.14969970940080632,0.5929564988527429,0.15061704858553973,0.5971731341171376,0.1409816438816426,0.01158192070821921,0.048810459673404694
smd,./data/SMD,machine-1-8,machine-1-8,gate_noTTA,100,256,128,0.15,50,64,0.001,1,1,1,0,0.001,adam,0.1,0.99,fixed,gated,5000,unc,8,0.95,"[0.5, 1.0, 2.0]",0,0,7,38,2.01569,8,0.0006024190224707127,0.00017005298286676407,24.52591872215271,0.8293276098835164,0.3505131111011473,0.2639349201566737,0.17136150234741784,0.5740498034076016,0.38282387190684136,23600,21401,0,2691,881,0.9588336944580078,0.32738760113716125,0.9813955426216125,0.06624081377255714,0.8928947424961862,0.3951855188033461,0.9101419769227358,0.39953240657772804,0.9211210429522733,0.38809418293921333,0.9126764383061923,0.2570157621285924,0.02580157481133938,0.0
smd,./data/SMD,machine-2-3,machine-2-3,base_noTTA,100,256,128,0.15,50,64,0.001,1,0,1,0,0.001,adam,0.1,0.99,fixed,gated,5000,none,8,0.95,"[0.5, 1.0, 2.0]",0,0,8,38,2.015652,0,0.000649660883937031,inf,25.65996026992798,0.950838732821374,0.4489478677414564,0.23470411233701102,0.1356521739130435,0.8698884758364313,0.47586206896551725,23590,22056,0,1259,456,0.9793253540992737,0.36219221353530884,0.967265248298645,0.008457886460172063,,,,,,,,,0.03986512621243795,0.025626968902846176
smd,./data/SMD,machine-3-1,machine-3-1,mask_noTTA,100,256,128,0.15,50,64,0.001,1,1,1,0,0.001,adam,0.1,0.99,fixed,gated,5000,none,8,0.95,"[0.5, 1.0, 2.0]",0,0,8,38,2.01569,8,0.0004085224645677954,0.00020492251496762037,32.89387512207031,0.8721887087271704,0.28585502881927316,0.05219568567026194,0.026895593489479952,0.8798701298701299,0.35175879396984927,28601,16752,0,704,32,0.9980897903442383,0.04545454680919647,0.5993475914001465,0.060509711744685196,0.8960110402418096,0.2950058453505894,0.89659401953358,0.3018538612780562,0.8930686987005668,0.311164157957665,0.8370977694466707,0.20199132016028248,0.19048864021897316,0.48815450568993884
smd,./data/SMD,machine-1-2,machine-1-2,noMask_fixed,100,256,128,0.15,50,64,0.001,1,0,1,1,0.001,adam,0.1,0.99,fixed,gated,5000,none,8,0.95,"[0.5, 1.0, 2.0]",0,0,4,38,2.015652,0,0.005066412501037121,inf,27.284679889678955,0.8761065169825851,0.24752894927135238,0.28431372549019607,0.2291196388261851,0.37453874538745385,0.29416884247171454,23595,23289,368,1532,1229,0.9472283124923706,0.8022193312644958,0.9998640418052673,0.02827745394374284,,,,,,,,,0.0004805381953095396,0.0
smd,./data/SMD,machine-3-6,machine-3-6,gate_gbuf5k,100,256,128,0.15,50,64,0.001,1,1,1,1,0.001,adam,0.1,0.99,adaptive,gated,5000,unc,8,0.95,"[0.5, 1.0, 2.0]",0,0,0,38,2.01569,8,0.0003718996304087341,0.0003277758660260588,34.63883447647095,0.8474903940010966,0.2878536542339068,0.2493790362642822,0.1772598870056497,0.4204355108877722,0.3111840306261963,28627,24980,438,2283,692,0.9722978472709656,0.30310994386672974,0.9219556450843811,0.09476641727159278,0.888177691693491,0.3079247879536066,0.9012645191184263,0.31634843245852773,0.9100380467887406,0.32053231614203664,0.9055505930543805,0.24240915141324526,0.027578209216396015,0.02454584992180268
smd,./data/SMD,machine-2-1,machine-2-1,fixed,100,256,128,0.15,50,64,0.001,1,1,1,1,0.001,adam,0.1,0.99,fixed,gated,5000,none,8,0.95,"[0.5, 1.0, 2.0]",0,0,9,38,2.01569,8,0.0014017453650012612,0.00031377532286569476,27.908390998840332,0.7619570653601022,0.30782895093928436,0.3092016238159675,0.2558790593505039,0.3905982905982906,0.3405725567620928,23595,23019,365,2457,1881,0.9182848930358887,0.7655677795410156,1.0,0.0959479119166855,0.811822185490273,0.38067562989202625,0.8192733448993439,0.40643116168846005,0.8209896907685933,0.41371632730854985,0.8037054302571085,0.3358818016443481,0.0,0.0
smd,./data/SMD,machine-3-6,machine-3-6,mask_noTTA,100,256,128,0.15,50,64,0.001,1,1,1,0,0.001,adam,0.1,0.99,fixed,gated,5000,none,8,0.95,"[0.5, 1.0, 2.0]",0,0,9,38,2.01569,8,0.00043053264380432665,0.00031711641349829733,33.86623406410217,0.86050377255545,0.2980841074296636,0.27037152669372466,0.1661550268610898,0.7252931323283082,0.32199428719813034,28627,25074,0,2283,104,0.9958522915840149,0.04555409401655197,0.9478439092636108,0.06811921211003083,0.8946326595201782,0.3158092829280221,0.905178603195648,0.3203899744686813,0.91194082731445,0.318352986663653,0.9032075299739533,0.22574765231162577,0.0017094017724351336,0.10796767100691795
smd,./data/SMD,machine-2-7,machine-2-7,fixed,100,256,128,0.15,50,64,0.001,1,1,1,1,0.001,adam,0.1,0.99,fixed,gated,5000,none,8,0.95,"[0.5, 1.0, 2.0]",0,0,1,38,2.01569,8,0.0032813369762152433,0.000807326752692461,26.809354066848755,0.8806661101807158,0.2664844008182867,0.29508196721311475,0.46632124352331605,0.2158273381294964,0.37968561064087064,23597,23439,368,2397,2239,0.9044754505157471,0.9340842962265015,1.0,0.08888524907390137,0.8723698132434384,0.24535354403438603,0.8645905990959628,0.20937425897460687,0.8548594605135514,0.17733466024744166,0.8152095789754209,0.09007845255481318,0.0,0.0
smd,./data/SMD,machine-3-8,machine-3-8,gate_noTTA,100,256,128,0.15,50,64,0.001,1,1,1,0,0.001,adam,0.1,0.99,fixed,gated,5000,unc,8,0.95,"[0.5, 1.0, 2.0]",0,0,2,38,2.01569,8,0.0006503278855234385,0.00018674368038773537,35.772993326187134,0.8561499242278746,0.30741466536021905,0.30799527372981494,0.2109522524952792,0.5703865791393143,0.3262823902696986,28605,20790,0,1965,231,0.9888888597488403,0.11755724996328354,0.7717342376708984,0.06220488672468175,0.8956053875129983,0.35555704822519646,0.8952363938472537,0.3763221185120421,0.889029748267998,0.3798893784581857,0.8396043976946617,0.2943995451661561,0.0011650937764594953,0.23991475502649942
smd,./data/SMD,machine-1-5,machine-1-5,fixed,100,256,128,0.15,50,64,0.001,1,1,1,1,0.001,adam,0.1,0.99,fixed,gated,5000,none,8,0.95,"[0.5, 1.0, 2.0]",0,0,6,38,2.01569,8,0.0008353665471076965,0.00031899684108793736,25.53367042541504,0.9476256036600863,0.5632850701512747,0.0830415207603802,0.04370721432332807,0.83,0.6124401913875598,23607,22343,364,793,52,0.9976726770401001,0.06557376682758331,0.977075457572937,0.07848404927039009,0.9597081250529527,0.5712155567949593,0.9569846649156993,0.5708719016077097,0.9522697619249343,0.5418663361674826,0.9178967211725831,0.0716149502186038,0.0,0.044046117613712944
smd,./data/SMD,machine-3-8,machine-3-8,noMask_fixed,100,256,128,0.15,50,64,0.001,1,0,1,1,0.001,adam,0.1,0.99,fixed,gated,5000,none,8,0.95,"[0.5, 1.0, 2.0]",0,0,2,38,2.015652,0,0.0006208593840710819,inf,33.33491921424866,0.8838218206375629,0.32467520864765465,0.34856371698476957,0.23689727463312368,0.6593727206418672,0.37945649463974074,28605,24648,425,1965,325,0.9868143200874329,0.1653943955898285,0.9130254983901978,0.02734390636191379,,,,,,,,,0.018874519194165867,0.20456986874341965
smd,./data/SMD,machine-2-3,machine-2-3,mask_noTTA,100,256,128,0.15,50,64,0.001,1,1,1,0,0.001,adam,0.1,0.99,fixed,gated,5000,none,8,0.95,"[0.5, 1.0, 2.0]",0,0,1,38,2.01569,8,0.0006326418952085078,0.0002312073193024844,29.8574538230896,0.9516449258569074,0.43645797554348303,0.23512051155927205,0.1354875283446712,0.8884758364312267,0.4704225352112676,23590,22026,0,1259,432,0.9803867936134338,0.3431294560432434,0.9669965505599976,0.06644107265561351,0.9553852551912863,0.4516062592544274,0.9533215978463423,0.44209073477008415,0.9491487274562778,0.40422377777938784,0.9101771751656355,0.15831922817198302,0.0399199848373731,0.02498765755444765
smd,./data/SMD,machine-1-8,machine-1-8,gate_noTTA,100,256,128,0.15,50,64,0.001,1,1,1,0,0.001,adam,0.1,0.99,fixed,gated,5000,unc,8,0.95,"[0.5, 1.0, 2.0]",0,0,4,38,2.01569,8,0.000612300296779722,0.0001774907868821174,29.17914628982544,0.8269189187212375,0.3374777512934767,0.2545454545454545,0.16321243523316062,0.5779816513761468,0.38066001534919414,23600,21521,0,2691,990,0.9539984464645386,0.3678929805755615,0.9819216728210449,0.06265538223719193,0.8913737285264918,0.38267569587040656,0.9088363608852214,0.39149018793064483,0.9204596778728067,0.38614849185305383,0.9189279782914084,0.2638879058150666,0.022968330110112827,0.0
smd,./data/SMD,machine-3-8,machine-3-8,gate_gbuf5k,100,256,128,0.15,50,64,0.001,1,1,1,1,0.001,adam,0.1,0.99,adaptive,gated,5000,unc,8,0.95,"[0.5, 1.0, 2.0]",0,0,1,38,2.01569,8,0.0006636909092776477,0.00018415437079966068,35.2841477394104,0.8549073942648018,0.2546376864352289,0.26722614840989395,0.1916376306620209,0.4412837345003647,0.30301441677588464,28605,20980,436,1965,352,0.9832221269607544,0.17913486063480377,0.7743242979049683,0.10091998822579452,0.8915029998631301,0.3023184183626232,0.8899564820972492,0.32437953467225217,0.8835413694403008,0.3328146935014568,0.8474585122629049,0.2846920493382518,0.013864615932106972,0.07530401266800861
smd,./data/SMD,machine-1-4,machine-1-4,fixed,100,256,128,0.15,50,64,0.001,1,1,1,1,0.001,adam,0.1,0.99,fixed,gated,5000,none,8,0.95,"[0.5, 1.0, 2.0]",0,0,1,38,2.01569,8,0.0009402820724062622,0.00027254162705503404,32.0721321105957,0.8070300302586486,0.25162152452050884,0.30616583982990786,0.3125904486251809,0.3,0.31814671814671813,23608,22985,367,1908,1285,0.9440940022468567,0.6734800934791565,1.0,0.10222104677544816,0.9101156813271271,0.32215096144599076,0.9280965569911497,0.35345422480233246,0.9355994088446126,0.36518736807609764,0.9239540283638579,0.3019925924898999,0.0,0.0
smd,./data/SMD,machine-3-7,machine-3-7,gate_gbuf5k,100,256,128,0.15,50,64,0.001,1,1,1,1,0.001,adam,0.1,0.99,adaptive,gated,5000,unc,8,0.95,"[0.5, 1.0, 2.0]",0,0,3,38,2.01569,8,0.00016679010877851397,0.00025798380374908447,34.82447075843811,0.8435220537500203,0.41084598712420806,0.1424272818455366,0.08330074305827141,0.49078341013824883,0.5033333333333333,28606,26495,441,929,312,0.98822420835495,0.3358449935913086,0.9460201859474182,0.0947875625843986,0.882274576853029,0.4474558986430691,0.8863496439252285,0.4839075426362439,0.8851214879294491,0.5260020275981317,0.8521927014166868,0.49594380130063165,0.023185366454223793,0.00048414427631845075
smd,./data/SMD,machine-2-1,machine-2-1,mask_noTTA,100,256,128,0.15,50,64,0.001,1,1,1,0,0.001,adam,0.1,0.99,fixed,gated,5000,none,8,0.95,"[0.5, 1.0, 2.0]",0,0,2,38,2.01569,8,0.0013885118532925844,0.00029952594195492566,29.287002325057983,0.7472754418079406,0.2872934771265517,0.2785611510791367,0.20997830802603037,0.41367521367521365,0.32377591530657257,23595,22780,0,2457,1646,0.9277436137199402,0.6699226498603821,0.9998107552528381,0.07566676146904779,0.8017200645996597,0.36433865063597165,0.8096202037864265,0.3951412554135591,0.8114814473298756,0.40748540058455474,0.7959058485763333,0.33857206896225195,0.00014887598808854818,0.0
smd,./data/SMD,machine-3-4,machine-3-4,mask_noTTA,100,256,128,0.15,50,64,0.001,1,1,1,0,0.001,adam,0.1,0.99,fixed,gated,5000,none,8,0.95,"[0.5, 1.0, 2.0]",0,0,8,38,2.01569,8,0.0017065571155399084,0.00027730921283364296,27.44557547569275,0.7535235110311268,0.33477387757963745,0.24447717231222388,0.19091431857389304,0.3398157625383828,0.37897853441894896,23588,22798,0,1769,1025,0.955039918422699,0.5794234275817871,0.9978917241096497,0.07408371168980461,0.7860636560756492,0.3934940038368671,0.7881242600056698,0.4106573283044274,0.787212131783103,0.42001895457834665,0.7819744029003496,0.4018147102121461,0.01082368086402615,0.0
smd,./data/SMD,machine-2-3,machine-2-3,mask_noTTA,100,256,128,0.15,50,64,0.001,1,1,1,0,0.001,adam,0.1,0.99,fixed,gated,5000,none,8,0.95,"[0.5, 1.0, 2.0]",0,0,7,38,2.01569,8,0.0006601694040000439,0.0002454401692375541,28.17183828353882,0.9518127041673148,0.48558473411452,0.24867162592986183,0.14507129572225666,0.8698884758364313,0.5,23590,22098,0,1259,446,0.9798171520233154,0.35424941778182983,0.9695938229560852,0.0631789223225049,0.9568312915279097,0.4982383055401699,0.9536349321743878,0.488266425335698,0.9487022181022798,0.44757997236341907,0.9079324061346227,0.1695606543723764,0.03695625811815262,0.02139189513400197
smd,./data/SMD,machine-2-5,machine-2-5,gate_gbuf5k,100,256,128,0.15,50,64,0.001,1,1,1,1,0.001,adam,0.1,0.99,adaptive,gated,5000,unc,8,0.95,"[0.5, 1.0, 2.0]",0,0,8,38,2.01569,8,0.002676789416000247,0.0006791680934838951,25.143857717514038,0.9305650641074606,0.4961562980098542,0.5237851662404092,0.5251282051282051,0.5224489795918368,0.5368871965730604,23590,22376,365,3016,1847,0.9174562096595764,0.6124005317687988,0.9978127479553223,0.09781292506626674,0.9434547662034561,0.49085527619317537,0.9380844688925815,0.4323051182340792,0.9316165666583689,0.36941112604788384,0.9107690828323932,0.25009912864995276,0.0035445280373096466,0.0
smd,./data/SMD,machine-1-8,machine-1-8,gate_gbuf5k,100,256,128,0.15,50,64,0.001,1,1,1,1,0.001,adam,0.1,0.99,adaptive,gated,5000,unc,8,0.95,"[0.5, 1.0, 2.0]",0,0,3,38,2.01569,8,0.0006072886753827333,0.00016855282592587173,31.588012218475342,0.8453479989449244,0.3774687415009851,0.2501398992725238,0.15901814300960512,0.5858453473132372,0.4103703703703704,23600,21220,361,2691,896,0.9577757120132446,0.3329617381095886,0.9720216393470764,0.11567326925568662,0.9060656446269546,0.4172707380020019,0.9197450561617466,0.41900601063327064,0.9269377871115295,0.40596739387208663,0.9120769012046057,0.2630090593231895,0.010849305583784977,0.017323495199282963
smd,./data/SMD,machine-1-5,machine-1-5,mask_noTTA,100,256,128,0.15,50,64,0.001,1,1,1,0,0.001,adam,0.1,0.99,fixed,gated,5000,none,8,0.95,"[0.5, 1.0, 2.0]",0,0,5,38,2.01569,8,0.0008388505084440112,0.00026314755086787045,27.607726097106934,0.951772430737948,0.5368768232603661,0.07407407407407408,0.0387243735763098,0.85,0.6043956043956045,23607,22126,0,793,51,0.9976950287818909,0.06431273370981216,0.9676076173782349,0.07440286695252744,0.9641421672456154,0.5441414672000757,0.9638316529695838,0.5348549645296035,0.9617349402694231,0.4967218042191918,0.9254647123612642,0.06584283582715947,0.0,0.07023070380091667
smd,./data/SMD,machine-3-7,machine-3-7,base_noTTA,100,256,128,0.15,50,64,0.001,1,0,1,0,0.001,adam,0.1,0.99,fixed,gated,5000,none,8,0.95,"[0.5, 1.0, 2.0]",0,0,9,38,2.015652,0,0.00015394421643577516,inf,29.20491933822632,0.8605857527384316,0.42891781991737726,0.16155182397220613,0.0923841059602649,0.6428571428571429,0.4957555178268251,28606,27371,0,929,282,0.9896970987319946,0.30355221033096313,0.9787549376487732,0.009826719365002916,,,,,,,,,0.033787719905376434,0.023130141276245315
smd,./data/SMD,machine-2-7,machine-2-7,mask_noTTA,100,256,128,0.15,50,64,0.001,1,1,1,0,0.001,adam,0.1,0.99,fixed,gated,5000,none,8,0.95,"[0.5, 1.0, 2.0]",0,0,8,38,2.01569,8,0.003351918887346983,0.0008195972186513245,28.054109573364258,0.8811280285449892,0.32992914597361506,0.298811544991511,0.5116279069767442,0.21103117505995203,0.38678090575275403,23597,23460,0,2397,2260,0.9036658406257629,0.9428452253341675,1.0,0.06098858799000597,0.8728519225085587,0.2948260527517621,0.8642053752504677,0.25322261924914535,0.8540878796597586,0.2109401681838929,0.8131665894570739,0.0868861441296042,0.0,0.0
smd,./data/SMD,machine-2-8,machine-2-8,fixed,100,256,128,0.15,50,64,0.001,1,1,1,1,0.001,adam,0.1,0.99,fixed,gated,5000,none,8,0.95,"[0.5, 1.0, 2.0]",0,0,9,38,2.01569,8,0.00010963659588014707,8.038961095735431e-05,25.063225984573364,0.9934263119541604,0.9607666592133809,0.1108365690081186,0.05875748502994012,0.9751552795031055,0.9296636085626911,23604,21611,358,260,14,0.9993521571159363,0.05384615436196327,0.9251627922058105,0.07983185117314617,0.9924815223855237,0.9607679628339929,0.9922000115031626,0.9606882481324243,0.991902142912548,0.9609977373902102,0.9879132366047518,0.9199876551730466,0.04602569652100404,0.0
smd,./data/SMD,machine-1-5,machine-1-5,noMask_fixed,100,256,128,0.15,50,64,0.001,1,0,1,1,0.001,adam,0.1,0.99,fixed,gated,5000,none,8,0.95,"[0.5, 1.0, 2.0]",0,0,6,38,2.015652,0,0.0007273391238413751,inf,26.682618856430054,0.9526209438278403,0.5606241420338256,0.0890985324947589,0.04701327433628318,0.85,0.5849056603773586,23607,22095,362,793,53,0.9976012706756592,0.06683480739593506,0.9661611318588257,0.027682813840823994,,,,,,,,,0.0,0.06250804538528125
smd,./data/SMD,machine-2-3,machine-2-3,base_noTTA,100,256,128,0.15,50,64,0.001,1,0,1,0,0.001,adam,0.1,0.99,fixed,gated,5000,none,8,0.95,"[0.5, 1.0, 2.0]",0,0,4,38,2.015652,0,0.0006462572491727769,inf,27.590026378631592,0.9534681062479564,0.47770095165142223,0.25501899077590884,0.14930114358322744,0.8736059479553904,0.48368522072936665,23590,22068,0,1259,451,0.9795631766319275,0.35822081565856934,0.9680265188217163,0.009878958216558426,,,,,,,,,0.03694527130573988,0.02633348262558381
smd,./data/SMD,machine-3-3,machine-3-3,noMask_fixed,100,256,128,0.15,50,64,0.001,1,0,1,1,0.001,adam,0.1,0.99,fixed,gated,5000,none,8,0.95,"[0.5, 1.0, 2.0]",0,0,2,38,2.015652,0,0.0007852111593820155,inf,27.7708637714386,0.8847127250002608,0.285510189739802,0.2575057736720554,0.1574858757062147,0.7056962025316456,0.35419847328244275,23604,22167,360,3206,2366,0.8932647705078125,0.7379912734031677,0.9707324504852295,0.028176290304897964,,,,,,,,,0.003086419776082039,0.052452134589354195
smd,./data/SMD,machine-3-10,machine-3-10,base_noTTA,100,256,128,0.15,50,64,0.001,1,0,1,0,0.001,adam,0.1,0.99,fixed,gated,5000,none,8,0.95,"[0.5, 1.0, 2.0]",0,0,9,38,2.015652,0,0.0012768630404025316,inf,26.976183891296387,0.964101222916799,0.6559022339027398,0.6551724137931034,0.6983783783783784,0.6170009551098377,0.6660525103638876,23594,22560,0,2334,1300,0.942375898361206,0.5569837093353271,1.0,0.00987683876880278,,,,,,,,,0.0,0.0
smd,./data/SMD,machine-2-1,machine-2-1,gate_noTTA,100,256,128,0.15,50,64,0.001,1,1,1,0,0.001,adam,0.1,0.99,fixed,gated,5000,unc,8,0.95,"[0.5, 1.0, 2.0]",0,0,2,38,2.01569,8,0.0013885118532925844,0.00029952594195492566,29.279062747955322,0.7472754418079406,0.2872934771265517,0.2785611510791367,0.20997830802603037,0.41367521367521365,0.32377591530657257,23595,21454,0,2457,1051,0.9510114789009094,0.4277574419975281,0.9652284979820251,0.07778414479502431,0.8017200645996597,0.36433865063597165,0.8096202037864265,0.3951412554135591,0.8114814473298756,0.40748540058455474,0.7959058485763333,0.33857206896225195,0.00014887598808854818,0.0
smd,./data/SMD,machine-1-1,machine-1-1,noMask_fixed,100,256,128,0.15,50,64,0.001,1,0,1,1,0.001,adam,0.1,0.99,fixed,gated,5000,none,8,0.95,"[0.5, 1.0, 2.0]",0,0,5,38,2.015652,0,0.00013376265997067094,inf,34.90690755844116,0.9062791523590585,0.4691162093831825,0.37069906161344296,0.2305256491450285,0.9458054936896808,0.5437073775573465,28380,19408,342,3486,23,0.9988149404525757,0.006597819738090038,0.7787017226219177,0.028870221676332502,,,,,,,,,0.11181583131353061,0.29823019603888196
smd,./data/SMD,machine-1-7,machine-1-7,gate_noTTA,100,256,128,0.15,50,64,0.001,1,1,1,0,0.001,adam,0.1,0.99,fixed,gated,5000,unc,8,0.95,"[0.5, 1.0, 2.0]",0,0,9,38,2.01569,8,0.0024207374081015587,0.0006936908466741443,27.42354965209961,0.6522204639365456,0.23941479079651037,0.1372336583604189,0.5121293800539084,0.07923269391159299,0.2800397219463754,23598,23038,0,3677,3126,0.864311158657074,0.8501495718955994,0.9995481967926025,0.06340787475195382,0.7038500850181072,0.2944548984176161,0.708414960022909,0.3025666976100573,0.7108163206728803,0.3033748228665957,0.7100079702395312,0.28491675424792773,0.0,0.0
smd,./data/SMD,machine-1-4,machine-1-4,mask_noTTA,100,256,128,0.15,50,64,0.001,1,1,1,0,0.001,adam,0.1,0.99,fixed,gated,5000,none,8,0.95,"[0.5, 1.0, 2.0]",0,0,9,38,2.01569,8,0.0009173704893328249,0.0002697443123906851,27.55278730392456,0.8051010716201912,0.26215628932179885,0.3140495867768595,0.3114754098360656,0.31666666666666665,0.33127753303964763,23608,22978,0,1908,1278,0.944381594657898,0.6698113083839417,1.0,0.06883886053537118,0.9058987144907992,0.32495180068828833,0.9238446972443363,0.35511887834874784,0.9314673027749986,0.36628997435081634,0.9224766534708024,0.3004646842895171,0.0,0.0
smd,./data/SMD,machine-3-7,machine-3-7,gate_gbuf5k,100,256,128,0.15,50,64,0.001,1,1,1,1,0.001,adam,0.1,0.99,adaptive,gated,5000,unc,8,0.95,"[0.5, 1.0, 2.0]",0,0,4,38,2.01569,8,0.00015999452443793416,0.0002631241222843528,35.51643943786621,0.8321683550925074,0.4092239780612417,0.1405797101449275,0.08340498710232158,0.4470046082949309,0.5132450331125828,28606,26394,442,929,319,0.9879139065742493,0.3433799743652344,0.9421179890632629,0.09901354565100678,0.8665343506323835,0.43831637934140466,0.8700862961133089,0.46659956689334436,0.8697460246100651,0.5153529076877809,0.8487197722764546,0.4949397497444447,0.02877781664331754,0.009176507242955267
smd,./data/SMD,machine-1-7,machine-1-7,gate_gbuf5k,100,256,128,0.15,50,64,0.001,1,1,1,1,0.001,adam,0.1,0.99,adaptive,gated,5000,unc,8,0.95,"[0.5, 1.0, 2.0]",0,0,4,38,2.01569,8,0.002375692129135132,0.0006557992892339826,29.502172231674194,0.6628746093832751,0.23703876195778611,0.1903193941389529,0.4522691705790297,0.12051709758131776,0.267471958584987,23598,22753,367,3677,2850,0.874741792678833,0.775088369846344,0.9990964531898499,0.0880969784120168,0.7110512301105735,0.29731734877635174,0.7144211173990752,0.3091309322726517,0.7154288706635782,0.3122294702645185,0.7098393065163268,0.29420704461489183,0.0,0.0
smd,./data/SMD,machine-2-5,machine-2-5,mask_noTTA,100,256,128,0.15,50,64,0.001,1,1,1,0,0.001,adam,0.1,0.99,fixed,gated,5000,none,8,0.95,"[0.5, 1.0, 2.0]",0,0,7,38,2.01569,8,0.002656007884070277,0.0005732861463911831,27.241880655288696,0.924260946617407,0.4769611660289899,0.28297362110311747,0.6531365313653137,0.18061224489795918,0.5070764253942579,23590,23462,0,3016,2888,0.8769073486328125,0.9575597047805786,1.0,0.06390442631920802,0.9390195472261739,0.4656973165210377,0.9337150783515661,0.4092107637163255,0.9279483725323322,0.35315242289683235,0.9114301755754485,0.23897299404709116,0.0,0.0
smd,./data/SMD,machine-1-1,machine-1-1,gate_noTTA,100,256,128,0.15,50,64,0.001,1,1,1,0,0.001,adam,0.1,0.99,fixed,gated,5000,unc,8,0.95,"[0.5, 1.0, 2.0]",0,0,4,38,2.01569,8,0.00015781492402311414,0.0001802831538952887,33.33083176612854,0.8950281430347662,0.454452620819539,0.3620074295287348,0.22519256909832353,0.9224201930215293,0.5354859335038364,28380,20220,0,3486,92,0.9954500198364258,0.026391278952360153,0.8085482716560364,0.06269823925187673,0.923509046813501,0.4952849275898035,0.9314014481293328,0.5187696684515402,0.93697121951999,0.5451488644886874,0.9125696485946335,0.5616757816638575,0.09419778982798259,0.2533814211686452
smd,./data/SMD,machine-3-2,machine-3-2,gate_noTTA,100,256,128,0.15,50,64,0.001,1,1,1,0,0.001,adam,0.1,0.99,fixed,gated,5000,unc,8,0.95,"[0.5, 1.0, 2.0]",0,0,4,38,2.01569,8,0.008319107815623283,0.0010485926177352667,32.08447241783142,0.48376497091841053,0.04762730089950935,0.015293118096856417,0.1323529411764706,0.008115419296663661,0.09112845990063877,23604,23583,0,2018,2006,0.914938747882843,0.9940535426139832,0.9995830655097961,0.08518287558168541,0.5669709067570067,0.06263772415006637,0.5746935376205674,0.06955118071151328,0.5792760959463771,0.07721658991951218,0.5830080849285059,0.08713042792364153,0.0,0.0
smd,./data/SMD,machine-1-5,machine-1-5,gate_gbuf5k,100,256,128,0.15,50,64,0.001,1,1,1,1,0.001,adam,0.1,0.99,adaptive,gated,5000,unc,8,0.95,"[0.5, 1.0, 2.0]",0,0,7,38,2.01569,8,0.0008238714653998613,0.0003143138310406357,25.84803557395935,0.9490108447004998,0.551201230008475,0.05940594059405941,0.030791788856304986,0.84,0.5918367346938774,23607,21217,360,793,48,0.9977376461029053,0.06052963435649872,0.9278951287269592,0.08723268910062738,0.9609417097348132,0.547246262598995,0.9617643819367957,0.5357187597663511,0.9618283487249004,0.49610915753402646,0.9374620859103617,0.07078979909771844,0.008470986659328142,0.07333329257865746
smd,./data/SMD,machine-2-3,machine-2-3,gate_noTTA,100,256,128,0.15,50,64,0.001,1,1,1,0,0.001,adam,0.1,0.99,fixed,gated,5000,unc,8,0.95,"[0.5, 1.0, 2.0]",0,0,3,38,2.01569,8,0.0006876767729409039,0.0002329065027879551,32.10009026527405,0.9521757211927656,0.4772871262261057,0.2510775862068965,0.14681789540012602,0.8661710037174721,0.4796905222437138,23590,20484,0,1259,229,0.9888205528259277,0.18189038336277008,0.9070350527763367,0.08849028360545509,0.9541450925241033,0.49026089257609706,0.951234448363328,0.4801700453028378,0.947002688897425,0.4511255081911098,0.9120440064889096,0.1847130620851674,0.03574385245641073,0.01734752394258976
smd,./data/SMD,machine-3-2,machine-3-2,base_noTTA,100,256,128,0.15,50,64,0.001,1,0,1,0,0.001,adam,0.1,0.99,fixed,gated,5000,none,8,0.95,"[0.5, 1.0, 2.0]",0,0,0,38,2.015652,0,0.007199068553745747,inf,25.629348278045654,0.4783528355996424,0.04729269940632781,0.02348993288590604,0.1686746987951807,0.012623985572587917,0.09094884127678182,23604,23604,0,2018,2018,0.9145060181617737,1.0,1.0,0.00862223963437697,,,,,,,,,0.0,0.0
smd,./data/SMD,machine-1-3,machine-1-3,mask_noTTA,100,256,128,0.15,50,64,0.001,1,1,1,0,0.001,adam,0.1,0.99,fixed,gated,5000,none,8,0.95,"[0.5, 1.0, 2.0]",0,0,7,38,2.01569,8,0.0006681032828055322,0.00021686946274712682,28.332168579101562,0.812324050739063,0.2631991916813537,0.3008385744234801,0.26306141154903756,0.35128518971848227,0.3063063063063063,23604,22839,0,2005,1305,0.9428609013557434,0.6508728265762329,0.9969906210899353,0.07227770737966548,0.8753813671317073,0.29867057865946645,0.8918154385779509,0.3152029208257345,0.9004236420185366,0.3245258670115057,0.8940751621762959,0.2690110540644699,0.0,0.009537422825815156
smd,./data/SMD,machine-1-8,machine-1-8,mask_noTTA,100,256,128,0.15,50,64,0.001,1,1,1,0,0.001,adam,0.1,0.99,fixed,gated,5000,none,8,0.95,"[0.5, 1.0, 2.0]",0,0,2,38,2.01569,8,0.0006130127003416419,0.00017415391630493104,29.155673265457153,0.8237652918531981,0.33546269072683915,0.24607329842931938,0.15813084112149534,0.5543905635648755,0.3639143730886851,23600,22354,0,2691,1595,0.9286481142044067,0.5927164554595947,0.9928260445594788,0.07492911007444737,0.8968176762645936,0.3845976056582153,0.9148840742557444,0.3948879010541472,0.9259649393080113,0.38830597441088177,0.9194758587460417,0.2598254030800081,0.025393332665165264,0.0
smd,./data/SMD,machine-2-4,machine-2-4,gate_noTTA,100,256,128,0.15,50,64,0.001,1,1,1,0,0.001,adam,0.1,0.99,fixed,gated,5000,unc,8,0.95,"[0.5, 1.0, 2.0]",0,0,5,38,2.01569,8,0.0005767556722275913,0.0003326215664856136,27.585465908050537,0.7543666009743012,0.35910273776886986,0.26166275736252276,0.16789297658862876,0.5926800472255017,0.36416184971098264,23590,20437,0,3674,1694,0.9171110987663269,0.46107783913612366,0.9411026239395142,0.06437725109182812,0.7955358266730685,0.3820698257549027,0.8184741863356837,0.39828346031230816,0.8398359158046276,0.41650709969018646,0.825849225688032,0.3467948596449602,0.04528372983137766,0.04249188560061157
smd,./data/SMD,machine-1-6,machine-1-6,noMask_fixed,100,256,128,0.15,50,64,0.001,1,0,1,1,0.001,adam,0.1,0.99,fixed,gated,5000,none,8,0.95,"[0.5, 1.0, 2.0]",0,0,9,38,2.015652,0,0.0005847921129316092,inf,25.205883026123047,0.8878537631245909,0.644524745970713,0.5165627277881267,0.3691399467530964,0.860032362459547,0.633201581027668,23590,15855,294,6678,1139,0.9281614422798157,0.1705600470304489,0.8701514005661011,0.025530566902370867,,,,,,,,,0.12722027922670046,0.031219736983378727
smd,./data/SMD,machine-3-11,machine-3-11,mask_noTTA,100,256,128,0.15,50,64,0.001,1,1,1,0,0.001,adam,0.1,0.99,fixed,gated,5000,none,8,0.95,"[0.5, 1.0, 2.0]",0,0,4,38,2.01569,8,0.0004009345138911158,0.0002327903057448566,38.57024669647217,0.9000787579635218,0.5109377960058572,0.028199735140609177,0.01432075322414748,0.9141414141414141,0.5523809523809524,28597,13364,0,440,0,1.0,0.0,0.4746244251728058,0.08127313937974792,0.907589474646812,0.5187129572849448,0.9113274651207138,0.5240724685605856,0.9136987107370993,0.5323629656138971,0.9040997737923837,0.2700038644193854,0.13892773538827896,0.982430100440979
smd,./data/SMD,machine-1-4,machine-1-4,base_noTTA,100,256,128,0.15,50,64,0.001,1,0,1,0,0.001,adam,0.1,0.99,fixed,gated,5000,none,8,0.95,"[0.5, 1.0, 2.0]",0,0,9,38,2.015652,0,0.0009727817960083485,inf,26.31904172897339,0.8198413475249295,0.2741842742728124,0.3406844106463878,0.3764705882352941,0.3111111111111111,0.3457943925233645,23608,22998,0,1908,1298,0.9435603022575378,0.6802935004234314,1.0,0.008684978449558735,,,,,,,,,0.0,0.0
smd,./data/SMD,machine-2-8,machine-2-8,gate_noTTA,100,256,128,0.15,50,64,0.001,1,1,1,0,0.001,adam,0.1,0.99,fixed,gated,5000,unc,8,0.95,"[0.5, 1.0, 2.0]",0,0,3,38,2.01569,8,0.00011149680358357728,7.710978388786316e-05,31.82237672805786,0.9939336647440203,0.949823850184099,0.09778885082528808,0.05147540983606557,0.9751552795031055,0.9053254437869822,23604,20847,0,260,10,0.9995203018188477,0.03846153989434242,0.892606258392334,0.08083289810165149,0.9926833553986505,0.950819348865596,0.992149883042386,0.9522065498477312,0.9914417525754157,0.9537049971902084,0.9840169360323903,0.9136496796570932,0.03727234236430377,0.0
smd,./data/SMD,machine-1-5,machine-1-5,gate_gbuf5k,100,256,128,0.15,50,64,0.001,1,1,1,1,0.001,adam,0.1,0.99,adaptive,gated,5000,unc,8,0.95,"[0.5, 1.0, 2.0]",0,0,1,38,2.01569,8,0.0008458358352072537,0.0003280056989751756,31.64277219772339,0.9488553757519276,0.534917642425937,0.06400602409638555,0.03325508607198748,0.85,0.5368421052631579,23607,21319,361,793,50,0.9976546764373779,0.06305170059204102,0.9322784543037415,0.10745740580165906,0.9605574853850717,0.5377499127115336,0.9617008387698042,0.5298050118774008,0.9616114547149031,0.5026074246008296,0.9350770990426163,0.07131214983060387,0.007482705016930898,0.07998163998126984
smd,./data/SMD,machine-3-11,machine-3-11,mask_noTTA,100,256,128,0.15,50,64,0.001,1,1,1,0,0.001,adam,0.1,0.99,fixed,gated,5000,none,8,0.95,"[0.5, 1.0, 2.0]",0,0,9,38,2.01569,8,0.0004038751940242946,0.0002339517668588087,31.866293907165527,0.8902836350025627,0.5659069629310821,0.025989026855327748,0.013182950051267028,0.9090909090909091,0.6112759643916914,28597,13449,0,440,0,1.0,0.0,0.477643221616745,0.06132840018057801,0.8983779474866568,0.5737721346441385,0.9034222497272536,0.579702290195392,0.9072268761018849,0.5864554788181202,0.901540139977925,0.2514383021499372,0.13601398468017578,0.9815639654795328
smd,./data/SMD,machine-2-2,machine-2-2,mask_noTTA,100,256,128,0.15,50,64,0.001,1,1,1,0,0.001,adam,0.1,0.99,fixed,gated,5000,none,8,0.95,"[0.5, 1.0, 2.0]",0,0,7,38,2.01569,8,0.0007799901650287211,0.0004147815052419901,27.22150468826294,0.5852882722811853,0.1555476378373034,0.1384155981029334,0.13776223776223775,0.13907518531591953,0.23944875107665803,23601,21528,0,3922,2794,0.8702155351638794,0.7123916149139404,0.9519792795181274,0.06098417118289583,0.597284491051025,0.155248728604282,0.6019970901044385,0.15514329688719114,0.6052248849304634,0.15512354688675917,0.6028053709328562,0.14280194588039025,0.011158191909392675,0.04862350970506668
smd,./data/SMD,machine-1-6,machine-1-6,mask_noTTA,100,256,128,0.15,50,64,0.001,1,1,1,0,0.001,adam,0.1,0.99,fixed,gated,5000,none,8,0.95,"[0.5, 1.0, 2.0]",0,0,5,38,2.01569,8,0.0006028891657479107,0.0004111104644834995,28.403828144073486,0.8841464993145862,0.635689615894944,0.49490850623995103,0.3455575751095905,0.8716289104638619,0.6232895089884625,23590,15397,0,6678,1071,0.9304410219192505,0.1603773534297943,0.8470908403396606,0.07155279124778628,0.9120528849764343,0.6724601956122586,0.9239908509092268,0.6945662959492539,0.9324278574354374,0.7109537585380565,0.91394470377927,0.5958338827947203,0.13075396418571472,0.051945156107346215
smd,./data/SMD,machine-1-6,machine-1-6,gate_gbuf5k,100,256,128,0.15,50,64,0.001,1,1,1,1,0.001,adam,0.1,0.99,adaptive,gated,5000,unc,8,0.95,"[0.5, 1.0, 2.0]",0,0,4,38,2.01569,8,0.0006093215779401362,0.0003627022379077971,29.046661615371704,0.8889469470106632,0.6276280430277654,0.46866485013623976,0.5004594180704441,0.4406688241639698,0.6260657734470157,23590,19156,349,6678,2941,0.8464710712432861,0.4404013156890869,0.95878666639328,0.09610649891554576,0.9164649175616512,0.6701254008284002,0.9264681908978578,0.6917139702129189,0.9325470982762644,0.7044511346771114,0.912826482623433,0.5979247967890705,0.06424487133820851,0.00039777248942603666
smd,./data/SMD,machine-3-1,machine-3-1,base_noTTA,100,256,128,0.15,50,64,0.001,1,0,1,0,0.001,adam,0.1,0.99,fixed,gated,5000,none,8,0.95,"[0.5, 1.0, 2.0]",0,0,1,38,2.015652,0,0.00034794019302353263,inf,30.95958948135376,0.8816014571509077,0.308590685342842,0.052566657178100384,0.027074577265174468,0.8993506493506493,0.36400000000000005,28601,18102,0,704,35,0.9980664849281311,0.049715910106897354,0.647632360458374,0.009018492646152492,,,,,,,,,0.1039956056823333,0.47926168143749237
smd,./data/SMD,machine-3-6,machine-3-6,gate_noTTA,100,256,128,0.15,50,64,0.001,1,1,1,0,0.001,adam,0.1,0.99,fixed,gated,5000,unc,8,0.95,"[0.5, 1.0, 2.0]",0,0,4,38,2.01569,8,0.0003899031435139477,0.0003389403864275664,37.36952781677246,0.855775864649413,0.2966053226875075,0.26390141268409983,0.16080586080586082,0.7353433835845896,0.3325753268902785,28627,23953,0,2283,77,0.9967853426933289,0.033727552741765976,0.9063163995742798,0.07267480008646367,0.8936647892715551,0.31549571461917675,0.9059164533014241,0.3222719780817898,0.914020408351993,0.32308397806643535,0.9071330823569151,0.23743498300682123,0.002319902356248349,0.11376369620362918
smd,./data/SMD,machine-1-1,machine-1-1,fixed,100,256,128,0.15,50,64,0.001,1,1,1,1,0.001,adam,0.1,0.99,fixed,gated,5000,none,8,0.95,"[0.5, 1.0, 2.0]",0,0,9,38,2.01569,8,0.0001689157506916672,0.00019227842858526856,33.48213720321655,0.9143576191621683,0.4795896158745089,0.3910631506953416,0.24586717630195892,0.9550853749072011,0.5469559132260322,28380,20401,357,3486,70,0.9965687990188599,0.0200803205370903,0.8167028427124023,0.08486802515805482,0.9291027008071283,0.5037143948127069,0.9343141683722069,0.5192303659828335,0.9386639979765287,0.5389908894442983,0.9207960968427314,0.5712821412423517,0.07869391640027364,0.25638140738010406
smd,./data/SMD,machine-2-8,machine-2-8,mask_noTTA,100,256,128,0.15,50,64,0.001,1,1,1,0,0.001,adam,0.1,0.99,fixed,gated,5000,none,8,0.95,"[0.5, 1.0, 2.0]",0,0,6,38,2.01569,8,0.00011293332499917597,7.379231101367623e-05,26.89396357536316,0.9917470085181447,0.9620540738307537,0.10244698205546493,0.0540633608815427,0.9751552795031055,0.9290322580645162,23604,21824,0,260,11,0.9994959831237793,0.042307693511247635,0.9344156980514526,0.06630703102348418,0.9907726695410501,0.9621738329577924,0.9904331151777898,0.9621031679405757,0.9900648029080839,0.9622156330094561,0.987835141739542,0.9311748773705406,0.0400960030965507,0.0
smd,./data/SMD,machine-2-7,machine-2-7,mask_noTTA,100,256,128,0.15,50,64,0.001,1,1,1,0,0.001,adam,0.1,0.99,fixed,gated,5000,none,8,0.95,"[0.5, 1.0, 2.0]",0,0,1,38,2.01569,8,0.0032813369762152433,0.000807326752692461,26.769753456115723,0.8675194643889683,0.3260488072440848,0.3222591362126246,0.5243243243243243,0.23261390887290168,0.34869240348692404,23597,23464,0,2397,2264,0.9035117626190186,0.9445139765739441,1.0,0.06434260402012919,0.8618183162993209,0.3046431113159576,0.8555071145626563,0.27579115065852305,0.8474621737379631,0.2381366434301811,0.8110167735908786,0.08715224926409562,0.0,0.0
smd,./data/SMD,machine-2-9,machine-2-9,base_noTTA,100,256,128,0.15,50,64,0.001,1,0,1,0,0.001,adam,0.1,0.99,fixed,gated,5000,none,8,0.95,"[0.5, 1.0, 2.0]",0,0,9,38,2.015652,0,0.0007139095105230808,inf,30.831783056259155,0.973736117489594,0.6897364466088768,0.6199147617202635,0.4696213677722336,0.9116809116809117,0.7038735983690111,28623,25366,0,2745,279,0.9890010356903076,0.10163934528827667,0.9694334864616394,0.009327586523555207,,,,,,,,,0.0009314239335556825,0.057669179514050484
smd,./data/SMD,machine-2-8,machine-2-8,noMask_fixed,100,256,128,0.15,50,64,0.001,1,0,1,1,0.001,adam,0.1,0.99,fixed,gated,5000,none,8,0.95,"[0.5, 1.0, 2.0]",0,0,9,38,2.015652,0,0.0001014390290947631,inf,23.962661504745483,0.9943845570570056,0.9690736343949087,0.09849435382685069,0.05186653452262967,0.9751552795031055,0.9650793650793651,23604,20807,348,260,11,0.9994713068008423,0.042307693511247635,0.8908498883247375,0.026315162796385107,,,,,,,,,0.06565014893809955,0.0018361581314820796
smd,./data/SMD,machine-2-5,machine-2-5,gate_gbuf5k,100,256,128,0.15,50,64,0.001,1,1,1,1,0.001,adam,0.1,0.99,adaptive,gated,5000,unc,8,0.95,"[0.5, 1.0, 2.0]",0,0,6,38,2.01569,8,0.0025855558924376965,0.0006046711932867765,28.65626335144043,0.9243058807035958,0.4862235165084775,0.5109489051094891,0.4883720930232558,0.5357142857142857,0.5207226354941551,23590,22212,362,3016,1699,0.9235098361968994,0.5633289217948914,0.9970350861549377,0.08892077114077734,0.9433072475984978,0.48313784098716417,0.938055598742205,0.42143226032758035,0.9315114658307729,0.35842568125151714,0.9121986158504091,0.2431773019892909,0.003249150700867176,0.0
smd,./data/SMD,machine-1-4,machine-1-4,fixed,100,256,128,0.15,50,64,0.001,1,1,1,1,0.001,adam,0.1,0.99,fixed,gated,5000,none,8,0.95,"[0.5, 1.0, 2.0]",0,0,3,38,2.01569,8,0.000978787080384791,0.00027919409330934286,31.37616276741028,0.8174727986349771,0.26918745847422276,0.3318777292576419,0.3486238532110092,0.31666666666666665,0.33507073715562175,23608,23028,367,1908,1328,0.942331075668335,0.696016788482666,1.0,0.10835839626709108,0.9128292319813613,0.3308629301436846,0.9281813271269269,0.3603272304551789,0.9331407123833276,0.36616680016339115,0.9198437039292741,0.28996896641369685,0.0,0.0
smd,./data/SMD,machine-2-8,machine-2-8,noMask_fixed,100,256,128,0.15,50,64,0.001,1,0,1,1,0.001,adam,0.1,0.99,fixed,gated,5000,none,8,0.95,"[0.5, 1.0, 2.0]",0,0,7,38,2.015652,0,0.00010090044816024601,inf,26.47611713409424,0.9946900768337387,0.9359526662828499,0.10211382113821137,0.053877831159917636,0.9751552795031055,0.9058823529411766,23604,20662,344,260,11,0.9994676113128662,0.042307693511247635,0.8846384286880493,0.027662262110927514,,,,,,,,,0.0587321761995554,0.01412429412206014
smd,./data/SMD,machine-2-1,machine-2-1,gate_noTTA,100,256,128,0.15,50,64,0.001,1,1,1,0,0.001,adam,0.1,0.99,fixed,gated,5000,unc,8,0.95,"[0.5, 1.0, 2.0]",0,0,6,38,2.01569,8,0.0014044013805687428,0.00031006301287561655,26.782314777374268,0.7791210742729124,0.3100661853490066,0.29416987274341516,0.22498868266183794,0.4247863247863248,0.336231884057971,23595,21592,0,2457,1090,0.9495183229446411,0.4436304569244385,0.9699119925498962,0.06571808314015234,0.8234510918647839,0.37953372859052914,0.8287567335582785,0.40641656477203847,0.8280976834586318,0.4169902454033205,0.8034876378776218,0.34678893185056775,0.00014887598808854818,0.0
smd,./data/SMD,machine-1-8,machine-1-8,gate_gbuf5k,100,256,128,0.15,50,64,0.001,1,1,1,1,0.001,adam,0.1,0.99,adaptive,gated,5000,unc,8,0.95,"[0.5, 1.0, 2.0]",0,0,8,38,2.01569,8,0.000629992748145014,0.00017248773656319827,27.714467525482178,0.8216391408356765,0.3551672313575505,0.23699421965317918,0.15202076381164256,0.5373525557011796,0.3947001394700139,23600,21297,361,2691,934,0.9561440348625183,0.34708288311958313,0.9738868474960327,0.10145037861193641,0.8914557277392995,0.4010169792836959,0.9090292161766678,0.4065221938474165,0.920060195993547,0.3974640886956045,0.915163157290833,0.2695082417339131,0.013273502544810375,0.013854004442691803
smd,./data/SMD,machine-3-4,machine-3-4,fixed,100,256,128,0.15,50,64,0.001,1,1,1,1,0.001,adam,0.1,0.99,fixed,gated,5000,none,8,0.95,"[0.5, 1.0, 2.0]",0,0,1,38,2.01569,8,0.0016675631050020456,0.0002813141036313027,28.99877095222473,0.7519959283692249,0.3429372565009599,0.26193039110154287,0.20165745856353592,0.3735926305015353,0.3741648106904232,23588,22772,366,1769,978,0.9570525288581848,0.5528547167778015,0.9988542199134827,0.08847586316578829,0.7856181158273943,0.3937972010628794,0.7890120954566208,0.4099655429384896,0.7883316499659495,0.4200371509079795,0.7785240631395727,0.4050500339573214,0.004742636810988188,0.0
smd,./data/SMD,machine-2-5,machine-2-5,fixed,100,256,128,0.15,50,64,0.001,1,1,1,1,0.001,adam,0.1,0.99,fixed,gated,5000,none,8,0.95,"[0.5, 1.0, 2.0]",0,0,8,38,2.01569,8,0.002676789416000247,0.0006791680934838951,28.51684284210205,0.9293030228957142,0.48518108415014943,0.3256528417818741,0.6583850931677019,0.2163265306122449,0.5350023180343069,23590,23447,368,3016,2873,0.8774683475494385,0.9525862336158752,1.0,0.08853545073686692,0.942967006697875,0.4862448518603184,0.9378311529816911,0.4321904656315281,0.931457050652398,0.3701438979579524,0.910199093949086,0.2537594533619986,0.0,0.0
smd,./data/SMD,machine-1-6,machine-1-6,noMask_fixed,100,256,128,0.15,50,64,0.001,1,0,1,1,0.001,adam,0.1,0.99,fixed,gated,5000,none,8,0.95,"[0.5, 1.0, 2.0]",0,0,8,38,2.015652,0,0.0005843064282089472,inf,26.693955659866333,0.8895779132030877,0.6459740129489208,0.5195394843521971,0.3714351959193137,0.8640776699029126,0.6330463304633047,23590,15932,294,6678,1160,0.9271905422210693,0.17370469868183136,0.8734626173973083,0.025151987710510488,,,,,,,,,0.12548487012585005,0.03178889552752177
smd,./data/SMD,machine-1-8,machine-1-8,base_noTTA,100,256,128,0.15,50,64,0.001,1,0,1,0,0.001,adam,0.1,0.99,fixed,gated,5000,none,8,0.95,"[0.5, 1.0, 2.0]",0,0,4,38,2.015652,0,0.0005978973349556327,inf,25.56984233856201,0.849506901876599,0.36517958578461174,0.2966404574696212,0.20393120393120392,0.5439056356487549,0.39545454545454545,23600,22540,0,2691,1685,0.9252440333366394,0.6261612772941589,0.9974173903465271,0.009980050183958927,,,,,,,,,0.009498717729002237,0.0
smd,./data/SMD,machine-3-9,machine-3-9,mask_noTTA,100,256,128,0.15,50,64,0.001,1,1,1,0,0.001,adam,0.1,0.99,fixed,gated,5000,none,8,0.95,"[0.5, 1.0, 2.0]",0,0,0,38,2.01569,8,0.00023589178454130888,0.0001245651947101578,35.594995737075806,0.8408671701383443,0.2741111519125075,0.03086997193638915,0.015713350395809775,0.8712871287128713,0.33079847908745247,28614,5512,0,699,1,0.9998185634613037,0.0014306152006611228,0.19742074608802795,0.0656154776149437,0.8623787933175577,0.2838093807309177,0.8686569712937503,0.29227253250282553,0.8745768874669938,0.307095712493763,0.8505308292180855,0.23734172717719834,0.48358794550100964,0.9242892066637675
smd,./data/SMD,machine-3-11,machine-3-11,base_noTTA,100,256,128,0.15,50,64,0.001,1,0,1,0,0.001,adam,0.1,0.99,fixed,gated,5000,none,8,0.95,"[0.5, 1.0, 2.0]",0,0,5,38,2.015652,0,0.0003754221834242344,inf,32.0956916809082,0.8934055092294266,0.6103716353872705,0.026585474528442003,0.01349110642146518,0.9040404040404041,0.6441558441558441,28597,13530,0,440,0,1.0,0.0,0.48051995038986206,0.008741842265161937,,,,,,,,,0.13298367957274118,0.9771805802981058
smd,./data/SMD,machine-3-6,machine-3-6,base_noTTA,100,256,128,0.15,50,64,0.001,1,0,1,0,0.001,adam,0.1,0.99,fixed,gated,5000,none,8,0.95,"[0.5, 1.0, 2.0]",0,0,8,38,2.015652,0,0.00034245834103785455,inf,33.59705352783203,0.8725043810753121,0.3048133646553259,0.2862972845707111,0.17616380142939927,0.7638190954773869,0.33885209713024284,28627,24624,0,2283,65,0.9973602890968323,0.028471309691667557,0.9322426319122314,0.009800188739712782,,,,,,,,,0.01033313370620211,0.12332066893577576
smd,./data/SMD,machine-3-4,machine-3-4,base_noTTA,100,256,128,0.15,50,64,0.001,1,0,1,0,0.001,adam,0.1,0.99,fixed,gated,5000,none,8,0.95,"[0.5, 1.0, 2.0]",0,0,1,38,2.015652,0,0.0015715342015028,inf,30.70218849182129,0.7580451214570976,0.3361738436388962,0.23891023402025846,0.18133616118769882,0.3500511770726714,0.37769516728624536,23588,22754,0,1769,1017,0.9553045630455017,0.5749010443687439,0.9962418079376221,0.011128552064706415,,,,,,,,,0.018427771826585133,0.0
smd,./data/SMD,machine-2-8,machine-2-8,base_noTTA,100,256,128,0.15,50,64,0.001,1,0,1,0,0.001,adam,0.1,0.99,fixed,gated,5000,none,8,0.95,"[0.5, 1.0, 2.0]",0,0,0,38,2.015652,0,0.0001101291854865849,inf,25.66716194152832,0.993216563920911,0.9700916908706336,0.13282571912013535,0.07126645483431684,0.9751552795031055,0.9780564263322885,23604,22037,0,260,11,0.9995008111000061,0.042307693511247635,0.943540096282959,0.008643895685622256,,,,,,,,,0.03106028602148096,0.0
smd,./data/SMD,machine-2-4,machine-2-4,mask_noTTA,100,256,128,0.15,50,64,0.001,1,1,1,0,0.001,adam,0.1,0.99,fixed,gated,5000,none,8,0.95,"[0.5, 1.0, 2.0]",0,0,2,38,2.01569,8,0.0005648802034556866,0.00034931008121930063,29.332565784454346,0.7553867024087528,0.3614544355244264,0.2635243706480986,0.17041912019397298,0.5808736717827627,0.36245733788395906,23590,20577,0,3674,1770,0.9139816164970398,0.4817637503147125,0.9443161487579346,0.07519294468716779,0.7980573426449555,0.3859169141264875,0.8213850926192574,0.40350962767269316,0.8429632096808521,0.4237588230392868,0.8307489117549255,0.3601313916075702,0.048478017250696816,0.053120321710594
smd,./data/SMD,machine-3-3,machine-3-3,fixed,100,256,128,0.15,50,64,0.001,1,1,1,1,0.001,adam,0.1,0.99,fixed,gated,5000,none,8,0.95,"[0.5, 1.0, 2.0]",0,0,1,38,2.01569,8,0.0008444491541013122,0.0002952646464109421,26.543517351150513,0.8901986794754113,0.30037104383203217,0.25624636839047066,0.15693950177935942,0.6977848101265823,0.3635036496350365,23604,22336,358,3206,2413,0.8919681310653687,0.7526512742042542,0.9767134189605713,0.09157908728437451,0.9038180981219779,0.3299101963683665,0.9058472634558482,0.34136168243229253,0.9048633031001163,0.3263188020701585,0.8713019358512989,0.13283506849160723,0.006659378142406543,0.034479519352316856
smd,./data/SMD,machine-3-11,machine-3-11,base_noTTA,100,256,128,0.15,50,64,0.001,1,0,1,0,0.001,adam,0.1,0.99,fixed,gated,5000,none,8,0.95,"[0.5, 1.0, 2.0]",0,0,0,38,2.015652,0,0.0003717102808877826,inf,33.60202360153198,0.8829946244677105,0.5933558455097475,0.02738225629791895,0.01390654799745709,0.8838383838383839,0.6070460704607045,28597,13501,0,440,0,1.0,0.0,0.4794900119304657,0.00938165478386712,,,,,,,,,0.13286713138222694,0.9815639654795328
smd,./data/SMD,machine-1-5,machine-1-5,gate_noTTA,100,256,128,0.15,50,64,0.001,1,1,1,0,0.001,adam,0.1,0.99,fixed,gated,5000,unc,8,0.95,"[0.5, 1.0, 2.0]",0,0,3,38,2.01569,8,0.0008147303597070277,0.0002932272618636489,31.509158611297607,0.9411416589002796,0.5429736147104636,0.06823720552396427,0.03556308213378493,0.84,0.582010582010582,23607,21312,0,793,49,0.9977008104324341,0.06179066747426987,0.9320154190063477,0.08516368808601714,0.9571875794289587,0.5464452416302402,0.954668728289418,0.5356576744988706,0.9499241718207236,0.4962265159388215,0.9148080996356859,0.060322525864949975,0.0,0.08103629325826962
smd,./data/SMD,machine-1-3,machine-1-3,fixed,100,256,128,0.15,50,64,0.001,1,1,1,1,0.001,adam,0.1,0.99,fixed,gated,5000,none,8,0.95,"[0.5, 1.0, 2.0]",0,0,3,38,2.01569,8,0.0006597439642064273,0.0002067770401481539,31.231160879135132,0.8231731253551877,0.259264477554947,0.3111111111111111,0.291044776119403,0.33414932680538556,0.3220108695652174,23604,22921,366,2005,1374,0.9400549530982971,0.6852867603302002,0.9975925087928772,0.10547713089183193,0.8864269348014228,0.3065606054641963,0.9003048583843437,0.3261639009294523,0.9072761367048275,0.334549857249832,0.9044561084042657,0.2775035110300465,0.0,0.008009858429431915
smd,./data/SMD,machine-2-1,machine-2-1,mask_noTTA,100,256,128,0.15,50,64,0.001,1,1,1,0,0.001,adam,0.1,0.99,fixed,gated,5000,none,8,0.95,"[0.5, 1.0, 2.0]",0,0,0,38,2.01569,8,0.0013637166703119874,0.0003107447410002351,29.317840337753296,0.7485175546843101,0.30020244963472364,0.2969823722736779,0.2282958199356913,0.4247863247863248,0.3368509919797383,23595,22799,0,2457,1664,0.9270143508911133,0.6772486567497253,0.9998580813407898,0.06471529025146329,0.8023919594977134,0.3705806419544079,0.8126991607812066,0.39940568953760947,0.8167944695648478,0.4110158458654186,0.8028902883458023,0.3391986821475992,0.00014887598808854818,0.0
smd,./data/SMD,machine-3-2,machine-3-2,gate_noTTA,100,256,128,0.15,50,64,0.001,1,1,1,0,0.001,adam,0.1,0.99,fixed,gated,5000,unc,8,0.95,"[0.5, 1.0, 2.0]",0,0,9,38,2.01569,8,0.0072159538976848125,0.0010391094256192446,27.232374906539917,0.45854401844517245,0.04590132416160506,0.02666666666666667,0.17582417582417584,0.014427412082957619,0.0899312439363901,23604,23591,0,2018,2015,0.914586067199707,0.998513400554657,0.9995367527008057,0.06493539693819791,0.5645471682556067,0.06080197500797338,0.5751424785963828,0.06778307255618107,0.5816685055593411,0.07502771676143238,0.5866348327911373,0.08242181505963611,0.0,0.0
smd,./data/SMD,machine-3-3,machine-3-3,noMask_fixed,100,256,128,0.15,50,64,0.001,1,0,1,1,0.001,adam,0.1,0.99,fixed,gated,5000,none,8,0.95,"[0.5, 1.0, 2.0]",0,0,4,38,2.015652,0,0.0007851605769246817,inf,30.03092098236084,0.880234666349173,0.29958526122866974,0.2537355511700028,0.15437392795883362,0.7120253164556962,0.36597307221542225,23604,22132,360,3206,2378,0.8925537467002869,0.7417342662811279,0.9684282541275024,0.035187931833297915,,,,,,,,,0.011046133935451508,0.05220673233270645
smd,./data/SMD,machine-1-8,machine-1-8,noMask_fixed,100,256,128,0.15,50,64,0.001,1,0,1,1,0.001,adam,0.1,0.99,fixed,gated,5000,none,8,0.95,"[0.5, 1.0, 2.0]",0,0,7,38,2.015652,0,0.0005894112400710583,inf,26.02091336250305,0.8431889910999711,0.3672960391387951,0.30040695523492417,0.20927835051546392,0.5321100917431193,0.3991354466858789,23600,22477,364,2691,1632,0.9273924231529236,0.6064659953117371,0.9969391226768494,0.02839120767884335,,,,,,,,,0.009863422097017368,0.0013781222514808178
smd,./data/SMD,machine-3-6,machine-3-6,noMask_fixed,100,256,128,0.15,50,64,0.001,1,0,1,1,0.001,adam,0.1,0.99,fixed,gated,5000,none,8,0.95,"[0.5, 1.0, 2.0]",0,0,5,38,2.015652,0,0.0003657447232399136,inf,31.99829888343811,0.8650654052382111,0.2969633449481253,0.2862937299307081,0.179335168325217,0.7093802345058626,0.3302443133951138,28627,24720,411,2283,75,0.9969660043716431,0.032851509749889374,0.9355071187019348,0.02823967170268927,,,,,,,,,0.006786557933082804,0.1236487627029419
smd,./data/SMD,machine-2-3,machine-2-3,base_noTTA,100,256,128,0.15,50,64,0.001,1,0,1,0,0.001,adam,0.1,0.99,fixed,gated,5000,none,8,0.95,"[0.5, 1.0, 2.0]",0,0,6,38,2.015652,0,0.0005990552017465234,inf,25.81742787361145,0.9534268362756708,0.4902753482587953,0.22605363984674332,0.1297416162726773,0.8773234200743495,0.5091514143094842,23590,21941,0,1259,431,0.9803563952445984,0.34233519434928894,0.9632349610328674,0.008969137152153943,,,,,,,,,0.041795928652087845,0.035718649004896484
smd,./data/SMD,machine-1-6,machine-1-6,fixed,100,256,128,0.15,50,64,0.001,1,1,1,1,0.001,adam,0.1,0.99,fixed,gated,5000,none,8,0.95,"[0.5, 1.0, 2.0]",0,0,3,38,2.01569,8,0.0006092569674365222,0.00039383445982821286,32.23807501792908,0.8844646413553502,0.629592226223653,0.518348623853211,0.37223529411764705,0.8532901833872708,0.6234357224118318,23590,16369,295,6678,1198,0.9268128871917725,0.17939503490924835,0.8970553278923035,0.11077340551734527,0.9117492659018518,0.6683190461858679,0.9225651437366037,0.6897450115306749,0.9296792106222594,0.7033936584495902,0.9106512297794017,0.5888553767260017,0.12130252396066983,0.019526209061344463
smd,./data/SMD,machine-3-7,machine-3-7,base_noTTA,100,256,128,0.15,50,64,0.001,1,0,1,0,0.001,adam,0.1,0.99,fixed,gated,5000,none,8,0.95,"[0.5, 1.0, 2.0]",0,0,5,38,2.015652,0,0.0001586738071637228,inf,28.420344829559326,0.8410809011595638,0.4010946512253368,0.11942959001782533,0.06610754810064134,0.6175115207373272,0.4888123924268503,28606,27401,0,929,289,0.9894529581069946,0.3110871911048889,0.9795859456062317,0.009915057424147763,,,,,,,,,0.031341023122270904,0.025881265367691714
smd,./data/SMD,machine-1-4,machine-1-4,mask_noTTA,100,256,128,0.15,50,64,0.001,1,1,1,0,0.001,adam,0.1,0.99,fixed,gated,5000,none,8,0.95,"[0.5, 1.0, 2.0]",0,0,1,38,2.01569,8,0.0009402820724062622,0.00027254162705503404,31.433801412582397,0.7974619712591176,0.24627308565434589,0.2934415145368492,0.2859025032938076,0.3013888888888889,0.308263695450325,23608,22964,0,1908,1264,0.9449573159217834,0.6624737977981567,1.0,0.07018504486937154,0.9059516127473017,0.3178213372984204,0.925515992130818,0.35144841742256316,0.9337635885983866,0.36664604628620545,0.9217241145961729,0.30355139686813143,0.0,0.0
smd,./data/SMD,machine-3-4,machine-3-4,mask_noTTA,100,256,128,0.15,50,64,0.001,1,1,1,0,0.001,adam,0.1,0.99,fixed,gated,5000,none,8,0.95,"[0.5, 1.0, 2.0]",0,0,4,38,2.01569,8,0.0016986681148409843,0.000290451745968312,28.25615429878235,0.7494321395621983,0.3306085803973898,0.23487796250442164,0.17945945945945946,0.3398157625383828,0.37122969837587005,23588,22806,0,1769,1024,0.9550995230674744,0.5788581371307373,0.9983042478561401,0.0646213100828598,0.7931698326142402,0.3940018734473197,0.797303096719935,0.4130525745071639,0.7960931003570901,0.42385999359200943,0.7830210653033869,0.4002360418985776,0.007969617533187071,0.0
smd,./data/SMD,machine-3-2,machine-3-2,gate_noTTA,100,256,128,0.15,50,64,0.001,1,1,1,0,0.001,adam,0.1,0.99,fixed,gated,5000,unc,8,0.95,"[0.5, 1.0, 2.0]",0,0,1,38,2.01569,8,0.008476784452795982,0.0009988476522266865,27.304933071136475,0.47392963555602946,0.04740010574230452,0.020304568527918784,0.1643835616438356,0.010820559062218215,0.09127094325650283,23604,23570,0,2018,2005,0.9149342179298401,0.9935579895973206,0.9990271329879761,0.0629207478238655,0.5697632086784135,0.06487417292649422,0.5771707547340743,0.07308075770668698,0.5809873716243921,0.08135515174580349,0.5833926320680267,0.0897768902480787,0.0,0.0
smd,./data/SMD,machine-2-3,machine-2-3,noMask_fixed,100,256,128,0.15,50,64,0.001,1,0,1,1,0.001,adam,0.1,0.99,fixed,gated,5000,none,8,0.95,"[0.5, 1.0, 2.0]",0,0,8,38,2.015652,0,0.000649660883937031,inf,25.686484575271606,0.948254280172318,0.4418739189173414,0.2378490175801448,0.13813813813813813,0.8550185873605948,0.4666666666666666,23590,22080,361,1259,463,0.9790307879447937,0.36775219440460205,0.9680265188217163,0.02828099152555704,,,,,,,,,0.03937180433422327,0.023087528689454
smd,./data/SMD,machine-3-9,machine-3-9,gate_gbuf5k,100,256,128,0.15,50,64,0.001,1,1,1,1,0.001,adam,0.1,0.99,adaptive,gated,5000,unc,8,0.95,"[0.5, 1.0, 2.0]",0,0,5,38,2.01569,8,0.0002380234218435362,0.00012822718417737633,31.146713495254517,0.8537979352317492,0.2759232449896015,0.06226799185726261,0.03230616302186879,0.858085808580858,0.3127962085308057,28614,10928,328,699,17,0.9984443783760071,0.024320457130670547,0.39086511731147766,0.09080745759413261,0.8690405576988532,0.28923071520209254,0.8738217961183657,0.3002579557429782,0.878777054051762,0.32115459550658043,0.8603740257869503,0.28253388335924773,0.2851466437180837,0.33147960901260376
smd,./data/SMD,machine-3-9,machine-3-9,mask_noTTA,100,256,128,0.15,50,64,0.001,1,1,1,0,0.001,adam,0.1,0.99,fixed,gated,5000,none,8,0.95,"[0.5, 1.0, 2.0]",0,0,6,38,2.01569,8,0.0002418782823951915,0.0001278905401704833,29.889359951019287,0.8503510013092123,0.2358385029738668,0.03413012910648089,0.017402072606400313,0.8811881188118812,0.284375,28614,5403,0,699,0,1.0,0.0,0.19355185329914093,0.07024913361764616,0.8674262885633865,0.25048277917178835,0.871611469489082,0.26308568448492914,0.8747893585557078,0.2859347087305758,0.8474283912023728,0.24000554023764667,0.4877653618653615,0.9274322986602783
smd,./data/SMD,machine-3-2,machine-3-2,gate_noTTA,100,256,128,0.15,50,64,0.001,1,1,1,0,0.001,adam,0.1,0.99,fixed,gated,5000,unc,8,0.95,"[0.5, 1.0, 2.0]",0,0,0,38,2.01569,8,0.007416234351694584,0.0010278199333697557,27.35199546813965,0.4721481193128588,0.04575535764306107,0.023255813953488372,0.14736842105263157,0.012623985572587917,0.09106751865588274,23604,23581,0,2018,2011,0.9147194623947144,0.9965312480926514,0.9992587566375732,0.06355723775538161,0.5711406421248792,0.061948967696652396,0.58010665071993,0.06953893569876583,0.5851836667059641,0.07797901041686374,0.588621523321504,0.08773491477059758,0.0,0.0
smd,./data/SMD,machine-1-5,machine-1-5,gate_gbuf5k,100,256,128,0.15,50,64,0.001,1,1,1,1,0.001,adam,0.1,0.99,adaptive,gated,5000,unc,8,0.95,"[0.5, 1.0, 2.0]",0,0,5,38,2.01569,8,0.0008388505084440112,0.00026314755086787045,28.181438207626343,0.9566042531559773,0.5444505017978989,0.05849119308740445,0.030250945342041938,0.88,0.5604395604395604,23607,20832,359,793,44,0.9978878498077393,0.055485498160123825,0.9111948609352112,0.09706764990368302,0.9607053291536051,0.5441988127443383,0.9599131576717783,0.5274463530849849,0.9578293654155723,0.4822191569258862,0.9320685418961281,0.06653172353775376,0.009318085387349129,0.08690054838856061
smd,./data/SMD,machine-2-5,machine-2-5,mask_noTTA,100,256,128,0.15,50,64,0.001,1,1,1,0,0.001,adam,0.1,0.99,fixed,gated,5000,none,8,0.95,"[0.5, 1.0, 2.0]",0,0,2,38,2.01569,8,0.0028385058976709843,0.0006879806169308722,29.48056411743164,0.92193947198854,0.48576681865752525,0.2834394904458599,0.644927536231884,0.1816326530612245,0.5094798249878463,23590,23460,0,3016,2886,0.8769820928573608,0.9568965435028076,1.0,0.07307260609522064,0.9413660052069617,0.4789107577930867,0.936474076177655,0.42429947909206983,0.9307187836163134,0.36636407494524104,0.9136384163071191,0.2489983963576517,0.0,0.0
smd,./data/SMD,machine-3-5,machine-3-5,noMask_fixed,100,256,128,0.15,50,64,0.001,1,0,1,1,0.001,adam,0.1,0.99,fixed,gated,5000,none,8,0.95,"[0.5, 1.0, 2.0]",0,0,1,38,2.015652,0,0.0012273190077394247,inf,27.037371397018433,0.8208319333581545,0.3337099939514164,0.08593443907535589,0.04549854791868345,0.7723004694835681,0.40537513997760355,23592,15399,275,1515,563,0.9634391665458679,0.3716171681880951,0.6720116138458252,0.02586461601115033,,,,,,,,,0.051716829339663185,0.7348026037216187
smd,./data/SMD,machine-3-9,machine-3-9,fixed,100,256,128,0.15,50,64,0.001,1,1,1,1,0.001,adam,0.1,0.99,fixed,gated,5000,none,8,0.95,"[0.5, 1.0, 2.0]",0,0,5,38,2.01569,8,0.0002380234218435362,0.00012822718417737633,33.58224320411682,0.8571525156739538,0.2789453803871713,0.033794162826420886,0.01721763085399449,0.9075907590759076,0.3094688221709007,28614,5017,150,699,1,0.9998006820678711,0.0014306152006611228,0.17968833446502686,0.07192547102848372,0.8686215400843146,0.29124776825326626,0.8718373579702215,0.3010894480896778,0.8747340626354081,0.3185143294406473,0.8518504965596877,0.2657254803843157,0.46244995792706806,0.9670423865318298
smd,./data/SMD,machine-2-6,machine-2-6,noMask_fixed,100,256,128,0.15,50,64,0.001,1,0,1,1,0.001,adam,0.1,0.99,fixed,gated,5000,none,8,0.95,"[0.5, 1.0, 2.0]",0,0,2,38,2.015652,0,0.0003992268175352365,inf,33.073970556259155,0.8733235137153734,0.3197789073415536,0.11283301410412677,0.06091370558375635,0.7641509433962265,0.354632587859425,28644,24267,408,1121,117,0.9951786398887634,0.1043711006641388,0.8774479627609253,0.028493966724665833,,,,,,,,,0.048533148442705475,0.14638573179642358
smd,./data/SMD,machine-3-6,machine-3-6,noMask_fixed,100,256,128,0.15,50,64,0.001,1,0,1,1,0.001,adam,0.1,0.99,fixed,gated,5000,none,8,0.95,"[0.5, 1.0, 2.0]",0,0,8,38,2.015652,0,0.00034245834103785455,inf,32.9001727104187,0.8681673842114832,0.29034714090085384,0.28168120539254554,0.17374290745450988,0.7437185929648241,0.32664756446991405,28627,24565,405,2283,67,0.9972725510597229,0.02934735082089901,0.9299271106719971,0.02806441609923679,,,,,,,,,0.00887360431564351,0.12924139946699142
smd,./data/SMD,machine-2-5,machine-2-5,noMask_fixed,100,256,128,0.15,50,64,0.001,1,0,1,1,0.001,adam,0.1,0.99,fixed,gated,5000,none,8,0.95,"[0.5, 1.0, 2.0]",0,0,2,38,2.015652,0,0.002681978279724717,inf,27.469544887542725,0.9317445838699212,0.4831288605120914,0.2828125,0.6033333333333334,0.1846938775510204,0.5330296127562641,23590,23434,368,3016,2860,0.8779550790786743,0.9482758641242981,1.0,0.029445129109924757,,,,,,,,,0.0,0.0
smd,./data/SMD,machine-3-3,machine-3-3,gate_gbuf5k,100,256,128,0.15,50,64,0.001,1,1,1,1,0.001,adam,0.1,0.99,adaptive,gated,5000,unc,8,0.95,"[0.5, 1.0, 2.0]",0,0,0,38,2.01569,8,0.0008698359015397727,0.0002911796618718654,27.58719253540039,0.8905007876072157,0.286896988991741,0.25315515961395696,0.16537342386032977,0.5395569620253164,0.3446676970633694,23604,21207,362,3206,1921,0.909416675567627,0.599189043045044,0.9454848766326904,0.08836942615195505,0.9005029328835751,0.3156207432982283,0.901130124453462,0.32331762321312907,0.8987922670194212,0.3066118142079475,0.8642446761757457,0.1286135614124819,0.00909207109361887,0.017839261951545875
smd,./data/SMD,machine-3-4,machine-3-4,base_noTTA,100,256,128,0.15,50,64,0.001,1,0,1,0,0.001,adam,0.1,0.99,fixed,gated,5000,none,8,0.95,"[0.5, 1.0, 2.0]",0,0,5,38,2.015652,0,0.0015568931121379137,inf,26.932059049606323,0.7570820415122453,0.3280922534992864,0.2404293381037567,0.1848184818481848,0.34390992835209827,0.36579925650557615,23588,22743,0,1769,1015,0.9553709030151367,0.5737704634666443,0.9958293437957764,0.009073733232254615,,,,,,,,,0.020589552198847134,0.0
smd,./data/SMD,machine-3-5,machine-3-5,noMask_fixed,100,256,128,0.15,50,64,0.001,1,0,1,1,0.001,adam,0.1,0.99,fixed,gated,5000,none,8,0.95,"[0.5, 1.0, 2.0]",0,0,2,38,2.015652,0,0.0012658028863370419,inf,28.013463735580444,0.8108383808114106,0.30515883394067217,0.08680647730289356,0.04600450196961171,0.7676056338028169,0.37606837606837606,23592,15560,276,1515,568,0.9634961485862732,0.37491747736930847,0.6790777444839478,0.025607440866992286,,,,,,,,,0.05129292110602061,0.7206493814786276
smd,./data/SMD,machine-3-10,machine-3-10,mask_noTTA,100,256,128,0.15,50,64,0.001,1,1,1,0,0.001,adam,0.1,0.99,fixed,gated,5000,none,8,0.95,"[0.5, 1.0, 2.0]",0,0,8,38,2.01569,8,0.0012082670582458377,0.00010380287130828947,26.90280270576477,0.9639130351531536,0.714198300599776,0.680672268907563,0.6657534246575343,0.6962750716332379,0.6877394636015327,23594,22593,0,2334,1333,0.940999448299408,0.5711225271224976,1.0,0.06567251584262497,0.9728555388568088,0.6910919052837411,0.9700157677896272,0.6374342555555733,0.9664288550297123,0.5741715454086712,0.9566955367446519,0.46126507754449514,0.0,0.0
smd,./data/SMD,machine-3-10,machine-3-10,base_noTTA,100,256,128,0.15,50,64,0.001,1,0,1,0,0.001,adam,0.1,0.99,fixed,gated,5000,none,8,0.95,"[0.5, 1.0, 2.0]",0,0,4,38,2.015652,0,0.0012273115571588278,inf,29.37242031097412,0.9660688858314354,0.7754736607270026,0.7299539170506912,0.705253784505788,0.7564469914040115,0.7432232626909807,23594,22593,0,2334,1333,0.940999448299408,0.5711225271224976,1.0,0.011095942466291541,,,,,,,,,0.0,0.0
smd,./data/SMD,machine-2-1,machine-2-1,mask_noTTA,100,256,128,0.15,50,64,0.001,1,1,1,0,0.001,adam,0.1,0.99,fixed,gated,5000,none,8,0.95,"[0.5, 1.0, 2.0]",0,0,6,38,2.01569,8,0.0014044013805687428,0.00031006301287561655,28.39721918106079,0.7791210742729124,0.3100661853490066,0.29416987274341516,0.22498868266183794,0.4247863247863248,0.336231884057971,23595,22859,0,2457,1724,0.9245811104774475,0.7016686797142029,0.9998580813407898,0.06274288805593599,0.8234510918647839,0.37953372859052914,0.8287567335582785,0.40641656477203847,0.8280976834586318,0.4169902454033205,0.8034876378776218,0.34678893185056775,0.00014887598808854818,0.0
smd,./data/SMD,machine-1-7,machine-1-7,noMask_fixed,100,256,128,0.15,50,64,0.001,1,0,1,1,0.001,adam,0.1,0.99,fixed,gated,5000,none,8,0.95,"[0.5, 1.0, 2.0]",0,0,2,38,2.015652,0,0.0023009832948446274,inf,27.68381905555725,0.6626175266718541,0.24440074760695818,0.1371973587674248,0.5701219512195121,0.0779816513761468,0.26958993097848155,23598,23341,368,3677,3420,0.8534767031669617,0.9301060438156128,1.0,0.029085955283168777,,,,,,,,,0.0,0.0
smd,./data/SMD,machine-1-3,machine-1-3,fixed,100,256,128,0.15,50,64,0.001,1,1,1,1,0.001,adam,0.1,0.99,fixed,gated,5000,none,8,0.95,"[0.5, 1.0, 2.0]",0,0,5,38,2.01569,8,0.0006623190129175782,0.00020973736536689103,30.524096488952637,0.8118337807819952,0.2643347036562473,0.3159682899207248,0.2939936775553214,0.34149326805385555,0.3323529411764706,23604,22912,365,2005,1371,0.9401623606681824,0.6837905049324036,0.9973146915435791,0.09765995294234446,0.8828365243042227,0.3041939347664122,0.8982824881261827,0.32338722864189734,0.9052257418521967,0.33231867420041267,0.9010344070354139,0.2715013534371689,0.0,0.008780036742488543
smd,./data/SMD,machine-3-5,machine-3-5,fixed,100,256,128,0.15,50,64,0.001,1,1,1,1,0.001,adam,0.1,0.99,fixed,gated,5000,none,8,0.95,"[0.5, 1.0, 2.0]",0,0,8,38,2.01569,8,0.001222877181135118,0.00042738529737107456,25.728410959243774,0.8151197319312392,0.30521720724713897,0.07794994040524433,0.041059768960321444,0.7676056338028169,0.37971698113207547,23592,13910,266,1515,555,0.9601006507873535,0.3663366436958313,0.604928195476532,0.07829535973601602,0.8270992816992218,0.32221122598283986,0.833721895813595,0.33296111947845736,0.8403044529805093,0.3391599503809142,0.8271582067806221,0.143839117431166,0.05835800349207906,0.7291286190350851
smd,./data/SMD,machine-3-10,machine-3-10,base_noTTA,100,256,128,0.15,50,64,0.001,1,0,1,0,0.001,adam,0.1,0.99,fixed,gated,5000,none,8,0.95,"[0.5, 1.0, 2.0]",0,0,5,38,2.015652,0,0.0013290545903146267,inf,26.581329345703125,0.9610518177664263,0.7093011577180531,0.6618257261410788,0.7241770715096482,0.609360076408787,0.6639427987742594,23594,22641,0,2334,1381,0.9390044808387756,0.5916880965232849,1.0,0.009600728348553095,,,,,,,,,0.0,0.0
smd,./data/SMD,machine-3-6,machine-3-6,fixed,100,256,128,0.15,50,64,0.001,1,1,1,1,0.001,adam,0.1,0.99,fixed,gated,5000,none,8,0.95,"[0.5, 1.0, 2.0]",0,0,7,38,2.01569,8,0.0004114459443371743,0.00032733698026277125,33.519670724868774,0.857412151561235,0.2886520470936755,0.282619563406099,0.17640940295402538,0.7102177554438861,0.31491442542787285,28627,24951,412,2283,113,0.9954711198806763,0.049496278166770935,0.9428333044052124,0.08178429369214037,0.8961576856143763,0.3077095373789026,0.9071696318777285,0.3139675453615892,0.913649407140307,0.31500497116995824,0.9062510114619782,0.23088988415085931,0.010256410576403141,0.11422388255596161
smd,./data/SMD,machine-1-8,machine-1-8,fixed,100,256,128,0.15,50,64,0.001,1,1,1,1,0.001,adam,0.1,0.99,fixed,gated,5000,none,8,0.95,"[0.5, 1.0, 2.0]",0,0,8,38,2.01569,8,0.000629992748145014,0.00017248773656319827,27.16837167739868,0.821934966567178,0.3560250687408964,0.25602605863192185,0.17035110533159947,0.5150720838794234,0.39892183288409705,23600,22440,364,2691,1673,0.9254456162452698,0.6217019557952881,0.993208646774292,0.08006226208250401,0.8916047548800674,0.4018938935191655,0.9090985297969709,0.40759036480390387,0.9201294524715419,0.3990130144758244,0.9150469869774965,0.2718080046525416,0.019286335445940495,0.004134366909662883
smd,./data/SMD,machine-1-3,machine-1-3,gate_noTTA,100,256,128,0.15,50,64,0.001,1,1,1,0,0.001,adam,0.1,0.99,fixed,gated,5000,unc,8,0.95,"[0.5, 1.0, 2.0]",0,0,3,38,2.01569,8,0.0006597439642064273,0.0002067770401481539,31.90241551399231,0.8014972781380032,0.2376533979769127,0.26422764227642276,0.22589052997393572,0.3182374541003672,0.287913779830639,23604,22564,0,2005,1141,0.9494327306747437,0.5690773129463196,0.9918514490127563,0.08403076153451196,0.8745623430101259,0.2845390579663025,0.8923431994524293,0.30703186729699866,0.9025918578284511,0.3211645296762052,0.9027150537318117,0.2769857022956221,0.0,0.009088108316063881
smd,./data/SMD,machine-1-5,machine-1-5,base_noTTA,100,256,128,0.15,50,64,0.001,1,0,1,0,0.001,adam,0.1,0.99,fixed,gated,5000,none,8,0.95,"[0.5, 1.0, 2.0]",0,0,1,38,2.015652,0,0.0007073904853314161,inf,29.192219734191895,0.9390133864271795,0.5428604014617614,0.07681628875520592,0.04027171276079573,0.83,0.6033519553072625,23607,21862,0,793,47,0.9978501796722412,0.05926860123872757,0.9562110900878906,0.009574858626320699,,,,,,,,,0.0,0.09268621355295181
smd,./data/SMD,machine-2-6,machine-2-6,gate_noTTA,100,256,128,0.15,50,64,0.001,1,1,1,0,0.001,adam,0.1,0.99,fixed,gated,5000,unc,8,0.95,"[0.5, 1.0, 2.0]",0,0,4,38,2.01569,8,0.00042423317790962756,0.00016052948194555938,40.12611222267151,0.8625029732022037,0.33214629953677843,0.10699854533699692,0.05743536352594135,0.7806603773584906,0.3520871143375681,28644,21693,0,1121,72,0.9966809749603271,0.0642283707857132,0.7855611443519592,0.08818929612578301,0.9004089277350296,0.353742042383229,0.9066971671129522,0.36399402221662713,0.9099970884271976,0.3672330344011184,0.8998710446416733,0.23816269535344514,0.04315312206745148,0.14750223979353905
smd,./data/SMD,machine-1-7,machine-1-7,noMask_fixed,100,256,128,0.15,50,64,0.001,1,0,1,1,0.001,adam,0.1,0.99,fixed,gated,5000,none,8,0.95,"[0.5, 1.0, 2.0]",0,0,5,38,2.015652,0,0.0023176572285592556,inf,25.68568706512451,0.650979719981215,0.2402194720351108,0.13669590643274854,0.5532544378698225,0.0779816513761468,0.26744186046511625,23598,23308,368,3677,3387,0.8546850681304932,0.9211313724517822,1.0,0.02987501590734256,,,,,,,,,0.0,0.0
smd,./data/SMD,machine-3-3,machine-3-3,base_noTTA,100,256,128,0.15,50,64,0.001,1,0,1,0,0.001,adam,0.1,0.99,fixed,gated,5000,none,8,0.95,"[0.5, 1.0, 2.0]",0,0,1,38,2.015652,0,0.0007947321282699704,inf,25.86228656768799,0.8825075756786013,0.30774618842310764,0.24002087138012,0.1437050921587004,0.7278481012658228,0.3598265895953757,23604,22117,0,3206,2262,0.8977257609367371,0.7055521011352539,0.9733797311782837,0.009019371615165655,,,,,,,,,0.00828460045158863,0.0564475084344546
smd,./data/SMD,machine-1-6,machine-1-6,gate_gbuf5k,100,256,128,0.15,50,64,0.001,1,1,1,1,0.001,adam,0.1,0.99,adaptive,gated,5000,unc,8,0.95,"[0.5, 1.0, 2.0]",0,0,7,38,2.01569,8,0.0006061056046746671,0.0003793272189795971,26.363903999328613,0.8894175734477419,0.6410368559071324,0.46594161419576413,0.49634146341463414,0.43905070118662354,0.6347432827879755,23590,19328,351,6678,3028,0.8433361053466797,0.4534291625022888,0.9638126492500305,0.09338454504849901,0.9164853522928766,0.6802460354462885,0.9268174101966447,0.700798851683012,0.9334649807824444,0.7131312392853313,0.9143936537445201,0.5956415675066099,0.053481330474217735,0.00039777248942603666
smd,./data/SMD,machine-1-2,machine-1-2,fixed,100,256,128,0.15,50,64,0.001,1,1,1,1,0.001,adam,0.1,0.99,fixed,gated,5000,none,8,0.95,"[0.5, 1.0, 2.0]",0,0,7,38,2.01569,8,0.004269423428922892,0.0008125313906930387,24.44106936454773,0.8732100484014516,0.2182951622737357,0.25142135186355025,0.19116234390009607,0.3671586715867159,0.26007326007326004,23595,23275,368,1532,1214,0.9478410482406616,0.792428195476532,0.9999093413352966,0.08972808197661714,0.8880550674891685,0.25356910132937066,0.8812305233885097,0.26928884999644365,0.8704951968317195,0.2712191598590583,0.8231808175459087,0.17889099463744165,0.0003203588033405443,0.0
smd,./data/SMD,machine-3-2,machine-3-2,gate_gbuf5k,100,256,128,0.15,50,64,0.001,1,1,1,1,0.001,adam,0.1,0.99,adaptive,gated,5000,unc,8,0.95,"[0.5, 1.0, 2.0]",0,0,9,38,2.01569,8,0.0072159538976848125,0.0010391094256192446,24.934781551361084,0.45975534891881015,0.0459801832370358,0.023125000000000003,0.017694882831181254,0.033363390441839495,0.08985901884140719,23604,22906,366,2018,1953,0.9147384762763977,0.967789888381958,0.9706754088401794,0.0855458770600684,0.5708724309213975,0.062263714688994984,0.5802472715331832,0.0690526129162429,0.5854943415238356,0.07603116199771319,0.5886416975292801,0.08452603944194495,0.0,0.07958786065379779
smd,./data/SMD,machine-1-1,machine-1-1,gate_gbuf5k,100,256,128,0.15,50,64,0.001,1,1,1,1,0.001,adam,0.1,0.99,adaptive,gated,5000,unc,8,0.95,"[0.5, 1.0, 2.0]",0,0,9,38,2.01569,8,0.0001689157506916672,0.00019227842858526856,33.25468873977661,0.9215533077980945,0.49420657400304013,0.3673846153846154,0.3137151865475565,0.44320712694877507,0.5606992554224668,28380,23834,425,3486,760,0.9681127667427063,0.2180149108171463,0.9268900156021118,0.08687280785289762,0.9365113030644733,0.5194893257907521,0.9422272924167769,0.5357098563678985,0.9473790102870822,0.5561589933968111,0.9408377251266433,0.5838791718800734,0.04933051516612371,0.03243593180862566
smd,./data/SMD,machine-2-2,machine-2-2,gate_noTTA,100,256,128,0.15,50,64,0.001,1,1,1,0,0.001,adam,0.1,0.99,fixed,gated,5000,unc,8,0.95,"[0.5, 1.0, 2.0]",0,0,6,38,2.01569,8,0.0007844958454370499,0.0003955076972488314,28.30364489555359,0.5689977914856552,0.15108191381046354,0.13519163763066203,0.13347093223254214,0.13695728909283444,0.2325555800132071,23601,20810,0,3922,2578,0.8761172294616699,0.6573176980018616,0.9264698624610901,0.06384457790681373,0.5889040486711843,0.15267620717388697,0.5972818014334512,0.15372841761659214,0.6039416920681876,0.15464438059475194,0.6072229663027625,0.14444732070834262,0.011158191909392675,0.048436557253201805
smd,./data/SMD,machine-2-9,machine-2-9,mask_noTTA,100,256,128,0.15,50,64,0.001,1,1,1,0,0.001,adam,0.1,0.99,fixed,gated,5000,none,8,0.95,"[0.5, 1.0, 2.0]",0,0,1,38,2.01569,8,0.0007339836447499692,0.0004037834005430341,33.8468177318573,0.9722925255168368,0.6855359387199499,0.6137380813387819,0.466016548463357,0.8985754985754986,0.6820181112548512,28623,25549,0,2745,280,0.9890406727790833,0.10200364142656326,0.9764664769172668,0.060594294700333354,0.97532994056152,0.702242269612601,0.9748161121691733,0.7060714315647468,0.972888315432907,0.705010441060542,0.9581283106703065,0.6566200916408048,0.0009314239335556825,0.04571319743990898
smd,./data/SMD,machine-3-4,machine-3-4,mask_noTTA,100,256,128,0.15,50,64,0.001,1,1,1,0,0.001,adam,0.1,0.99,fixed,gated,5000,none,8,0.95,"[0.5, 1.0, 2.0]",0,0,6,38,2.01569,8,0.0016979629872366786,0.00027529013459570706,28.199609994888306,0.7552603765965511,0.3357507757069641,0.2633204633204633,0.21140731556106634,0.3490276356192426,0.3724235963041933,23588,22803,0,1769,1021,0.9552251696586609,0.5771622657775879,0.9983042478561401,0.06592279776731183,0.7915515464219542,0.39748250084692455,0.7933674423677656,0.41463544728050755,0.7914271304738172,0.42366593618151643,0.7810682013929359,0.40021804068728717,0.007860698271542788,0.0
smd,./data/SMD,machine-2-8,machine-2-8,fixed,100,256,128,0.15,50,64,0.001,1,1,1,1,0.001,adam,0.1,0.99,fixed,gated,5000,none,8,0.95,"[0.5, 1.0, 2.0]",0,0,7,38,2.01569,8,0.0001065009055309929,8.181609882740304e-05,27.846211910247803,0.9945111973789675,0.9652287409071234,0.11387387387387389,0.060443764345830146,0.9813664596273292,0.9487179487179486,23604,21640,353,260,12,0.9994454979896545,0.04615384712815285,0.9264907240867615,0.08588661644099588,0.9936840777761538,0.9650687887304976,0.9932482240014014,0.9649783123338673,0.9928041913725225,0.9654534887737649,0.9863304964142321,0.9443257102670156,0.038825357953707375,0.0002824858723518749
smd,./data/SMD,machine-2-2,machine-2-2,base_noTTA,100,256,128,0.15,50,64,0.001,1,0,1,0,0.001,adam,0.1,0.99,fixed,gated,5000,none,8,0.95,"[0.5, 1.0, 2.0]",0,0,4,38,2.015652,0,0.0007533530588261783,inf,26.903192281723022,0.5693854601067041,0.15178017963258858,0.11967467079783115,0.13256113256113256,0.10907165548888105,0.23371851851851852,23601,21646,0,3922,2877,0.8670886158943176,0.7335543036460876,0.9537578225135803,0.009598153551010442,,,,,,,,,0.008757062256336212,0.048436557253201805
smd,./data/SMD,machine-1-7,machine-1-7,base_noTTA,100,256,128,0.15,50,64,0.001,1,0,1,0,0.001,adam,0.1,0.99,fixed,gated,5000,none,8,0.95,"[0.5, 1.0, 2.0]",0,0,2,38,2.015652,0,0.0023009832948446274,inf,27.638318300247192,0.6440464358670019,0.24249481575705434,0.14243759177679882,0.5950920245398773,0.08090075062552127,0.2634953464322648,23598,23361,0,3677,3440,0.8527460098266602,0.9355452656745911,1.0,0.010018692611486127,,,,,,,,,0.0,0.0
smd,./data/SMD,machine-2-6,machine-2-6,gate_gbuf5k,100,256,128,0.15,50,64,0.001,1,1,1,1,0.001,adam,0.1,0.99,adaptive,gated,5000,unc,8,0.95,"[0.5, 1.0, 2.0]",0,0,8,38,2.01569,8,0.0004370217502582818,0.00016023681382648647,32.516560554504395,0.8586965248346499,0.34490970433531887,0.10680419231409083,0.05745480579917666,0.7570754716981132,0.3823008849557522,28644,21456,407,1121,79,0.9963180422782898,0.07047279179096222,0.7766958475112915,0.08502672078505923,0.8995789712487183,0.3624897987796161,0.9054503376958066,0.367093308426838,0.9084575193532977,0.36487339485545084,0.8989611781409508,0.2506095729635329,0.06389697423825662,0.1491105668246746
smd,./data/SMD,machine-3-1,machine-3-1,gate_noTTA,100,256,128,0.15,50,64,0.001,1,1,1,0,0.001,adam,0.1,0.99,fixed,gated,5000,unc,8,0.95,"[0.5, 1.0, 2.0]",0,0,2,38,2.01569,8,0.0004183404380455613,0.00020678646978922188,35.16999650001526,0.8666837969722585,0.27610931244784914,0.04580929759077028,0.023519163763066203,0.8766233766233766,0.32698412698412693,28601,14840,0,704,29,0.998045802116394,0.04119318351149559,0.5309172868728638,0.07745460306721581,0.891618454805268,0.28449415296747455,0.8922932607685355,0.2888643042850947,0.8893685298218266,0.29555762333042823,0.841179196261614,0.18472350542798271,0.18340308095018068,0.4673574815193812
smd,./data/SMD,machine-3-9,machine-3-9,noMask_fixed,100,256,128,0.15,50,64,0.001,1,0,1,1,0.001,adam,0.1,0.99,fixed,gated,5000,none,8,0.95,"[0.5, 1.0, 2.0]",0,0,8,38,2.015652,0,0.00017491936159785837,inf,32.43111777305603,0.854294436835447,0.31500573556476863,0.029091670154876518,0.014780158434791855,0.9174917491749175,0.35059760956175295,28614,5468,185,699,3,0.9994513392448425,0.004291845485568047,0.19577288627624512,0.01876434373632287,,,,,,,,,0.44291942318280536,0.9952722390492758
smd,./data/SMD,machine-1-4,machine-1-4,gate_noTTA,100,256,128,0.15,50,64,0.001,1,1,1,0,0.001,adam,0.1,0.99,fixed,gated,5000,unc,8,0.95,"[0.5, 1.0, 2.0]",0,0,6,38,2.01569,8,0.0009373695938847959,0.0002713470021262765,28.15651297569275,0.7818705802313384,0.24031423643159303,0.28627195836044245,0.2692778457772338,0.3055555555555556,0.3154981549815498,23608,22656,0,1908,973,0.9570533037185669,0.5099580883979797,0.999216616153717,0.07197947592623796,0.9035775051599212,0.3014734403728244,0.9268657284552139,0.33938456888026275,0.9365233006095233,0.3606964574569845,0.9237142491166507,0.29872242410849276,0.0,0.0
smd,./data/SMD,machine-3-5,machine-3-5,base_noTTA,100,256,128,0.15,50,64,0.001,1,0,1,0,0.001,adam,0.1,0.99,fixed,gated,5000,none,8,0.95,"[0.5, 1.0, 2.0]",0,0,4,38,2.015652,0,0.0012432117946445942,inf,27.09303617477417,0.8106708882855121,0.2659078147157492,0.08039068369646883,0.04246031746031746,0.7535211267605634,0.3783783783783784,23592,14699,0,1515,554,0.9623103737831116,0.3656765818595886,0.6407120823860168,0.009750493221987948,,,,,,,,,0.051858132084210716,0.773015558719635
smd,./data/SMD,machine-2-7,machine-2-7,mask_noTTA,100,256,128,0.15,50,64,0.001,1,1,1,0,0.001,adam,0.1,0.99,fixed,gated,5000,none,8,0.95,"[0.5, 1.0, 2.0]",0,0,0,38,2.01569,8,0.003330853534862399,0.0008358260965906084,27.218062162399292,0.8877682595536183,0.2998900802911068,0.3295269168026101,0.5153061224489796,0.2422062350119904,0.3716129032258065,23597,23446,0,2397,2246,0.9042053818702698,0.937004566192627,1.0,0.06497146244972961,0.8697033781540427,0.2737903802370291,0.8602790691541445,0.24210162458721327,0.8495703716248617,0.20393500341434972,0.8050582945302334,0.09486674109392022,0.0,0.0
smd,./data/SMD,machine-2-8,machine-2-8,gate_gbuf5k,100,256,128,0.15,50,64,0.001,1,1,1,1,0.001,adam,0.1,0.99,adaptive,gated,5000,unc,8,0.95,"[0.5, 1.0, 2.0]",0,0,5,38,2.01569,8,0.00011294935393380001,7.82887073000893e-05,27.332099676132202,0.9919013514105358,0.967269834305178,0.1429225836005497,0.0771513353115727,0.968944099378882,0.9592476489028213,23604,21811,366,260,13,0.9994039535522461,0.05000000074505806,0.9337731599807739,0.08645761297872724,0.991016715994831,0.9672983262552308,0.9908512920742683,0.9670240782534402,0.9907536734927559,0.9668160181612301,0.9891582692700398,0.9320650961585721,0.02823662292212248,0.006920903921127319
smd,./data/SMD,machine-3-3,machine-3-3,base_noTTA,100,256,128,0.15,50,64,0.001,1,0,1,0,0.001,adam,0.1,0.99,fixed,gated,5000,none,8,0.95,"[0.5, 1.0, 2.0]",0,0,6,38,2.015652,0,0.000792978797107935,inf,26.453672170639038,0.8811567991269658,0.29171584669794887,0.2487534626038781,0.15077233042310276,0.7104430379746836,0.3615560640732265,23604,22229,0,3206,2309,0.8961266875267029,0.7202121019363403,0.9765663146972656,0.00889819267543165,,,,,,,,,0.005523066967725754,0.04537870269268751
smd,./data/SMD,machine-2-5,machine-2-5,fixed,100,256,128,0.15,50,64,0.001,1,1,1,1,0.001,adam,0.1,0.99,fixed,gated,5000,none,8,0.95,"[0.5, 1.0, 2.0]",0,0,5,38,2.01569,8,0.002939517144113779,0.0006498931907117367,28.165176391601562,0.9238472834199513,0.43397609812266147,0.2884160756501182,0.6332179930795848,0.186734693877551,0.4933214603739982,23590,23451,368,3016,2877,0.8773186802864075,0.9539124965667725,1.0,0.08641498075697876,0.9411127342301577,0.4459576392178485,0.9364442848785117,0.39999958479044134,0.9309133032754252,0.3498129059189529,0.9126608527950351,0.25758457378991134,0.0,0.0
smd,./data/SMD,machine-3-3,machine-3-3,fixed,100,256,128,0.15,50,64,0.001,1,1,1,1,0.001,adam,0.1,0.99,fixed,gated,5000,none,8,0.95,"[0.5, 1.0, 2.0]",0,0,2,38,2.01569,8,0.0008422932005487382,0.0002902231353800744,29.39705753326416,0.8930700440961281,0.27840138510728424,0.2566501023092663,0.15740408748655432,0.694620253164557,0.3375,23604,22390,358,3206,2433,0.8913354277610779,0.7588895559310913,0.9783802628517151,0.0958063606083787,0.906339620840235,0.3086397484978602,0.9075159908131694,0.31888709046293345,0.90524647634243,0.3026254255346014,0.8674477082029114,0.12719293694804376,0.0064975676747659845,0.026915312744677067
smd,./data/SMD,machine-3-11,machine-3-11,gate_noTTA,100,256,128,0.15,50,64,0.001,1,1,1,0,0.001,adam,0.1,0.99,fixed,gated,5000,unc,8,0.95,"[0.5, 1.0, 2.0]",0,0,0,38,2.01569,8,0.00041290989611297846,0.00022892079141456634,37.83154106140137,0.8837433922352161,0.5526970060016198,0.025993316004455997,0.013190623351172081,0.8838383838383839,0.5921450151057402,28597,13161,0,440,0,1.0,0.0,0.46741485595703125,0.06852357726115949,0.900314110293758,0.5606319924636962,0.9068252884661053,0.5648627839684507,0.9116661385417087,0.5708439669511641,0.9071074277053643,0.22848397702442544,0.13356643915176392,0.9816877047220866
smd,./data/SMD,machine-3-2,machine-3-2,fixed,100,256,128,0.15,50,64,0.001,1,1,1,1,0.001,adam,0.1,0.99,fixed,gated,5000,none,8,0.95,"[0.5, 1.0, 2.0]",0,0,4,38,2.01569,8,0.008319107815623283,0.0010485926177352667,31.512176036834717,0.47766625402995266,0.04736305453273227,0.017123287671232876,0.1694915254237288,0.009017132551848512,0.09114503145207407,23604,23604,369,2018,2018,0.9145060181617737,1.0,1.0,0.11126126622450673,0.5689238538795102,0.06446813266473209,0.5765308871311543,0.0715951668391148,0.5811904307127509,0.08035244190114364,0.5848035495111775,0.09293859757084756,0.0,0.0
smd,./data/SMD,machine-3-6,machine-3-6,base_noTTA,100,256,128,0.15,50,64,0.001,1,0,1,0,0.001,adam,0.1,0.99,fixed,gated,5000,none,8,0.95,"[0.5, 1.0, 2.0]",0,0,7,38,2.015652,0,0.0003379661065991968,inf,32.5604350566864,0.8613524728100768,0.29923882946363306,0.2707450030284676,0.16524953789279112,0.7487437185929648,0.32301213772603415,28627,24638,0,2283,66,0.9973211884498596,0.02890932932496071,0.9327360987663269,0.009451376536899645,,,,,,,,,0.014870839814345041,0.12280332172910373
smd,./data/SMD,machine-3-11,machine-3-11,base_noTTA,100,256,128,0.15,50,64,0.001,1,0,1,0,0.001,adam,0.1,0.99,fixed,gated,5000,none,8,0.95,"[0.5, 1.0, 2.0]",0,0,6,38,2.015652,0,0.00037024685298092663,inf,29.034687995910645,0.8906931976796528,0.589724542610959,0.02646053218373718,0.013427881713940857,0.898989898989899,0.6047904191616766,28597,13526,0,440,0,1.0,0.0,0.4803778827190399,0.009828678156048383,,,,,,,,,0.1315850851436456,0.9810690482457479
smd,./data/SMD,machine-1-2,machine-1-2,fixed,100,256,128,0.15,50,64,0.001,1,1,1,1,0.001,adam,0.1,0.99,fixed,gated,5000,none,8,0.95,"[0.5, 1.0, 2.0]",0,0,8,38,2.01569,8,0.004014172591269016,0.0007981091621331871,27.01494312286377,0.8734416718519292,0.2266235319838067,0.23947051744885678,0.17767857142857144,0.3671586715867159,0.2624179943767573,23595,23209,367,1532,1151,0.9504071474075317,0.7513054609298706,0.999773383140564,0.08281213445515925,0.8841553621565931,0.2611390789699986,0.8773784735946877,0.2752457002050567,0.8664769503387846,0.2744172922405658,0.8168531501745564,0.17116247080042896,0.0008008969792475303,0.0
smd,./data/SMD,machine-2-7,machine-2-7,mask_noTTA,100,256,128,0.15,50,64,0.001,1,1,1,0,0.001,adam,0.1,0.99,fixed,gated,5000,none,8,0.95,"[0.5, 1.0, 2.0]",0,0,5,38,2.01569,8,0.003275214694440365,0.0008197042043320835,26.73966336250305,0.8918151959810219,0.31952110941354783,0.3164763458401305,0.49489795918367346,0.23261390887290168,0.35207823960880197,23597,23464,0,2397,2264,0.9035117626190186,0.9445139765739441,1.0,0.06183722354943719,0.8818120468185785,0.2938722857889146,0.8737246638961866,0.26052559166665284,0.8641047297906337,0.22147846920924558,0.8166963915872757,0.08706290753787774,0.0,0.0
smd,./data/SMD,machine-3-2,machine-3-2,noMask_fixed,100,256,128,0.15,50,64,0.001,1,0,1,1,0.001,adam,0.1,0.99,fixed,gated,5000,none,8,0.95,"[0.5, 1.0, 2.0]",0,0,1,38,2.015652,0,0.007686620578169823,inf,27.026568174362183,0.4732178711473549,0.046894296238720816,0.018723404255319147,0.16666666666666666,0.009918845807033363,0.09144727342734756,23604,23604,369,2018,2018,0.9145060181617737,1.0,1.0,0.02755838579049536,,,,,,,,,0.0,0.0
smd,./data/SMD,machine-1-2,machine-1-2,mask_noTTA,100,256,128,0.15,50,64,0.001,1,1,1,0,0.001,adam,0.1,0.99,fixed,gated,5000,none,8,0.95,"[0.5, 1.0, 2.0]",0,0,0,38,2.01569,8,0.004222489893436432,0.0008267947123385966,33.09548211097717,0.8555812844108055,0.21294931318942706,0.23674475955610355,0.17777777777777778,0.35424354243542433,0.243048403707518,23595,23251,0,1532,1205,0.9481742978096008,0.7865535020828247,0.9992294907569885,0.08293252093328665,0.8766164631238573,0.25134449589480967,0.8725464569780459,0.2707716592756765,0.8636773468201164,0.2827179355006128,0.8169392967253791,0.19054504339587955,0.0019221527812381585,0.0
smd,./data/SMD,machine-3-2,machine-3-2,mask_noTTA,100,256,128,0.15,50,64,0.001,1,1,1,0,0.001,adam,0.1,0.99,fixed,gated,5000,none,8,0.95,"[0.5, 1.0, 2.0]",0,0,4,38,2.01569,8,0.008319107815623283,0.0010485926177352667,31.787229537963867,0.48376497091841053,0.04762730089950935,0.015293118096856417,0.1323529411764706,0.008115419296663661,0.09112845990063877,23604,23604,0,2018,2018,0.9145060181617737,1.0,1.0,0.08059430780945703,0.5669709067570067,0.06263772415006637,0.5746935376205674,0.06955118071151328,0.5792760959463771,0.07721658991951218,0.5830080849285059,0.08713042792364153,0.0,0.0
smd,./data/SMD,machine-3-3,machine-3-3,mask_noTTA,100,256,128,0.15,50,64,0.001,1,1,1,0,0.001,adam,0.1,0.99,fixed,gated,5000,none,8,0.95,"[0.5, 1.0, 2.0]",0,0,9,38,2.01569,8,0.0008228679653257132,0.0002892024931497872,27.0038161277771,0.8715985573427982,0.2703175016295786,0.23020063357972542,0.13814955640050697,0.689873417721519,0.3400576368876081,23604,22223,0,3206,2260,0.8983035683631897,0.7049282789230347,0.9786743521690369,0.0715783401538388,0.8888073360770192,0.2971056496894301,0.8926874881008489,0.3078236920275917,0.8932137940721241,0.29872891573077487,0.8594691044541095,0.12878232557880448,0.005685510113835335,0.03643933217972517
smd,./data/SMD,machine-1-7,machine-1-7,noMask_fixed,100,256,128,0.15,50,64,0.001,1,0,1,1,0.001,adam,0.1,0.99,fixed,gated,5000,none,8,0.95,"[0.5, 1.0, 2.0]",0,0,3,38,2.015652,0,0.002275304403156042,inf,30.867496013641357,0.6481751973303889,0.23659035540976286,0.14024835646457268,0.5647058823529412,0.08006672226855713,0.25437572928821467,23598,23361,368,3677,3440,0.8527460098266602,0.9355452656745911,1.0,0.03532572655023503,,,,,,,,,0.0,0.0
smd,./data/SMD,machine-1-6,machine-1-6,base_noTTA,100,256,128,0.15,50,64,0.001,1,0,1,0,0.001,adam,0.1,0.99,fixed,gated,5000,none,8,0.95,"[0.5, 1.0, 2.0]",0,0,0,38,2.015652,0,0.0005722983041778207,inf,27.66780185699463,0.8929594428083163,0.6406250565594078,0.5124510571652311,0.361068196866034,0.8824163969795038,0.6380926130099229,23590,14791,0,6678,1032,0.9302278161048889,0.15453729033470154,0.8135643601417542,0.010760692581881805,,,,,,,,,0.1393330618739128,0.06452311699589093
smd,./data/SMD,machine-2-5,machine-2-5,noMask_fixed,100,256,128,0.15,50,64,0.001,1,0,1,1,0.001,adam,0.1,0.99,fixed,gated,5000,none,8,0.95,"[0.5, 1.0, 2.0]",0,0,5,38,2.015652,0,0.002791202859953046,inf,23.765106916427612,0.9269563627115385,0.47929853431312036,0.29264475743348983,0.62751677852349,0.19081632653061226,0.5227386306846576,23590,23443,368,3016,2869,0.8776180744171143,0.951259970664978,1.0,0.028738555083491126,,,,,,,,,0.0,0.0
smd,./data/SMD,machine-2-4,machine-2-4,base_noTTA,100,256,128,0.15,50,64,0.001,1,0,1,0,0.001,adam,0.1,0.99,fixed,gated,5000,none,8,0.95,"[0.5, 1.0, 2.0]",0,0,4,38,2.015652,0,0.0005626926431432366,inf,27.03273606300354,0.75916498409937,0.3454942389751352,0.2685502674530243,0.17491513310702161,0.577922077922078,0.32996632996632996,23590,20624,0,3674,1676,0.9187354445457458,0.45617854595184326,0.9513958692550659,0.010811064697110385,,,,,,,,,0.04641112188498179,0.05680627686281999
smd,./data/SMD,machine-3-8,machine-3-8,noMask_fixed,100,256,128,0.15,50,64,0.001,1,0,1,1,0.001,adam,0.1,0.99,fixed,gated,5000,none,8,0.95,"[0.5, 1.0, 2.0]",0,0,3,38,2.015652,0,0.0006233032327145338,inf,32.23790907859802,0.8809805627399576,0.3077625174082145,0.34269885239414327,0.23513440130328536,0.6316557257476295,0.35517661388550553,28605,24813,427,1965,305,0.9877080321311951,0.1552162915468216,0.9199699759483337,0.027053319914027166,,,,,,,,,0.016893859952688217,0.19465541591246924
smd,./data/SMD,machine-1-5,machine-1-5,gate_noTTA,100,256,128,0.15,50,64,0.001,1,1,1,0,0.001,adam,0.1,0.99,fixed,gated,5000,unc,8,0.95,"[0.5, 1.0, 2.0]",0,0,6,38,2.01569,8,0.0008353665471076965,0.00031899684108793736,25.50346326828003,0.9508044564941117,0.5416122953144925,0.06927104309303263,0.0360889634913974,0.86,0.5780346820809248,23607,21531,0,793,50,0.997677743434906,0.06305170059204102,0.9415709376335144,0.06387259689811306,0.9608201304753028,0.5461039825768046,0.9586901635177497,0.5403121230205299,0.9541519105312208,0.5088540788399397,0.9065207997966619,0.06509132333610773,0.0,0.07512244582176208
smd,./data/SMD,machine-1-3,machine-1-3,noMask_fixed,100,256,128,0.15,50,64,0.001,1,0,1,1,0.001,adam,0.1,0.99,fixed,gated,5000,none,8,0.95,"[0.5, 1.0, 2.0]",0,0,4,38,2.015652,0,0.0006558469613082707,inf,26.341959238052368,0.824071436616657,0.2643317554033909,0.32423009877977915,0.3086283185840708,0.34149326805385555,0.3352601156069364,23604,22889,366,2005,1351,0.9409760236740112,0.6738154888153076,0.9971758127212524,0.027899003962180792,,,,,,,,,0.0,0.00939617988963922
smd,./data/SMD,machine-1-2,machine-1-2,fixed,100,256,128,0.15,50,64,0.001,1,1,1,1,0.001,adam,0.1,0.99,fixed,gated,5000,none,8,0.95,"[0.5, 1.0, 2.0]",0,0,4,38,2.01569,8,0.004180619027465582,0.0008277143933810294,27.578223943710327,0.8812849527078548,0.2125942231294795,0.2460220318237454,0.18406593406593408,0.37084870848708484,0.2559652928416486,23595,23295,368,1532,1234,0.9470272660255432,0.8054830431938171,0.9999093413352966,0.09397893518834681,0.8970325581365696,0.24343966269150463,0.8896892221341011,0.2562696090029657,0.8772861111040273,0.2582456345010364,0.8227224716744403,0.16641538806935174,0.0003203588033405443,0.0
smd,./data/SMD,machine-2-8,machine-2-8,mask_noTTA,100,256,128,0.15,50,64,0.001,1,1,1,0,0.001,adam,0.1,0.99,fixed,gated,5000,none,8,0.95,"[0.5, 1.0, 2.0]",0,0,3,38,2.01569,8,0.00011149680358357728,7.710978388786316e-05,31.63695788383484,0.9939336647440203,0.949823850184099,0.09778885082528808,0.05147540983606557,0.9751552795031055,0.9053254437869822,23604,21821,0,260,10,0.999541699886322,0.03846153989434242,0.9343300461769104,0.08324342670127145,0.9926833553986505,0.950819348865596,0.992149883042386,0.9522065498477312,0.9914417525754157,0.9537049971902084,0.9840169360323903,0.9136496796570932,0.03727234236430377,0.0
smd,./data/SMD,machine-2-8,machine-2-8,gate_gbuf5k,100,256,128,0.15,50,64,0.001,1,1,1,1,0.001,adam,0.1,0.99,adaptive,gated,5000,unc,8,0.95,"[0.5, 1.0, 2.0]",0,0,7,38,2.01569,8,0.0001065009055309929,8.181609882740304e-05,27.751593351364136,0.9942431420308147,0.9614927893896034,0.159471813103098,0.0868362831858407,0.9751552795031055,0.934984520123839,23604,21750,364,260,14,0.9993563294410706,0.05384615436196327,0.9311171770095825,0.09021811961238818,0.9933941242056619,0.962224341082726,0.9929421765566602,0.963018958968449,0.9925469532185374,0.9640067111251243,0.9869602681819885,0.943617197925959,0.0295072707037131,0.00014124293617593744
smd,./data/SMD,machine-2-4,machine-2-4,gate_noTTA,100,256,128,0.15,50,64,0.001,1,1,1,0,0.001,adam,0.1,0.99,fixed,gated,5000,unc,8,0.95,"[0.5, 1.0, 2.0]",0,0,3,38,2.01569,8,0.0005792417796328664,0.0003672029124572873,32.04051733016968,0.7652968247318204,0.378267319800587,0.2745867189688988,0.18001469507714915,0.5785123966942148,0.3757009345794392,23590,20509,0,3674,1731,0.9155980348587036,0.47114861011505127,0.9428600072860718,0.08048638290851588,0.8047897276213628,0.4013918509700984,0.8261571334904116,0.41804408667803605,0.8458183852560672,0.43565997193063016,0.8255812808159416,0.3568448990951143,0.046974822878837585,0.042345194650503494
smd,./data/SMD,machine-3-8,machine-3-8,gate_gbuf5k,100,256,128,0.15,50,64,0.001,1,1,1,1,0.001,adam,0.1,0.99,adaptive,gated,5000,unc,8,0.95,"[0.5, 1.0, 2.0]",0,0,6,38,2.01569,8,0.0006481048767454922,0.00018169271061196923,34.437501192092896,0.8537051860828851,0.26989055935579986,0.2722396066160036,0.19626168224299065,0.4442013129102845,0.31357454452142675,28605,20996,432,1965,354,0.9831396341323853,0.18015266954898834,0.7748498320579529,0.09631809707372219,0.8914518704569782,0.3174544106390267,0.8894959705304619,0.3377815231388528,0.8824059683921535,0.34638533959799067,0.8430234499043763,0.2914738476366709,0.010136316142355403,0.07822202200380464
smd,./data/SMD,machine-1-6,machine-1-6,gate_noTTA,100,256,128,0.15,50,64,0.001,1,1,1,0,0.001,adam,0.1,0.99,fixed,gated,5000,unc,8,0.95,"[0.5, 1.0, 2.0]",0,0,4,38,2.01569,8,0.0006093215779401362,0.0003627022379077971,29.33052635192871,0.8924254741033107,0.6450364563690436,0.5027531355154482,0.3508753202391119,0.8864617044228694,0.6317980022197559,23590,15004,0,6678,819,0.9454145431518555,0.12264151126146317,0.8387535214424133,0.06282324505943826,0.91973291563339,0.6853751945310629,0.930077687881157,0.7066894789567091,0.9361458784982735,0.7186954097720716,0.9142145259139658,0.6046170471328663,0.1311513086160024,0.051149612913529076
smd,./data/SMD,machine-3-4,machine-3-4,mask_noTTA,100,256,128,0.15,50,64,0.001,1,1,1,0,0.001,adam,0.1,0.99,fixed,gated,5000,none,8,0.95,"[0.5, 1.0, 2.0]",0,0,1,38,2.01569,8,0.0016675631050020456,0.0002813141036313027,30.83339762687683,0.7462103726979894,0.32936160248417834,0.22514812376563526,0.16593886462882096,0.3500511770726714,0.37205770690964307,23588,22781,0,1769,1020,0.9552258253097534,0.5765969753265381,0.9973417520523071,0.07326784468675561,0.7906273619537337,0.39487241288722186,0.794989694726846,0.41550878287266535,0.794207638747106,0.4273791412876357,0.7812114791683851,0.4082278962122995,0.012813782940308252,0.0
smd,./data/SMD,machine-2-7,machine-2-7,fixed,100,256,128,0.15,50,64,0.001,1,1,1,1,0.001,adam,0.1,0.99,fixed,gated,5000,none,8,0.95,"[0.5, 1.0, 2.0]",0,0,4,38,2.01569,8,0.0033671001438051462,0.0008528704638592899,30.80105423927307,0.8795084298556257,0.22267119674740699,0.2926829268292682,0.45454545454545453,0.2158273381294964,0.34745762711864403,23597,23444,368,2397,2244,0.9042825698852539,0.936170220375061,1.0,0.10275663943362852,0.8714704940373488,0.2116062232212265,0.86282497692726,0.18707655063789808,0.8523666568699592,0.162418212685845,0.8103869926096152,0.09268174046697256,0.0,0.0
smd,./data/SMD,machine-3-2,machine-3-2,fixed,100,256,128,0.15,50,64,0.001,1,1,1,1,0.001,adam,0.1,0.99,fixed,gated,5000,none,8,0.95,"[0.5, 1.0, 2.0]",0,0,0,38,2.01569,8,0.007416234351694584,0.0010278199333697557,27.20274543762207,0.4672480417050163,0.04549247233741295,0.021812080536912755,0.1566265060240964,0.011722272317403066,0.08978736966716752,23604,23604,369,2018,2018,0.9145060181617737,1.0,1.0,0.08643377516112516,0.5736608217204261,0.06330750493346879,0.5827887428000427,0.07140911335765013,0.5879937682251318,0.08018806930896666,0.591448167291954,0.09087988220546686,0.0,0.0
smd,./data/SMD,machine-3-1,machine-3-1,gate_noTTA,100,256,128,0.15,50,64,0.001,1,1,1,0,0.001,adam,0.1,0.99,fixed,gated,5000,unc,8,0.95,"[0.5, 1.0, 2.0]",0,0,7,38,2.01569,8,0.0004014355654362589,0.00020436284830793738,30.989993810653687,0.8726828345647026,0.30502221665616697,0.04806836389531778,0.02471169686985173,0.8766233766233766,0.3515439429928741,28601,14375,0,704,31,0.9978435039520264,0.044034089893102646,0.514177143573761,0.0657639067171587,0.8946367277411233,0.3106360712291746,0.8956161741189214,0.314226831799665,0.8927964206123548,0.3178275747560739,0.845652973400226,0.2276686917025578,0.19644757732748985,0.49794700741767883
smd,./data/SMD,machine-3-11,machine-3-11,base_noTTA,100,256,128,0.15,50,64,0.001,1,0,1,0,0.001,adam,0.1,0.99,fixed,gated,5000,none,8,0.95,"[0.5, 1.0, 2.0]",0,0,3,38,2.015652,0,0.0003725572023540735,inf,31.76609969139099,0.8938259711296415,0.5721186901646156,0.02688898903409944,0.013647453491918267,0.9040404040404041,0.6136986301369862,28597,13526,0,440,0,1.0,0.0,0.4803778827190399,0.009604249379224418,,,,,,,,,0.13100232928991318,0.9808448751767477
smd,./data/SMD,machine-2-5,machine-2-5,gate_noTTA,100,256,128,0.15,50,64,0.001,1,1,1,0,0.001,adam,0.1,0.99,fixed,gated,5000,unc,8,0.95,"[0.5, 1.0, 2.0]",0,0,3,38,2.01569,8,0.002646320965141058,0.0006963153136894107,32.043039321899414,0.9255727972636939,0.49386817703485253,0.3056426332288401,0.6587837837837838,0.1989795918367347,0.5153374233128833,23590,23034,0,3016,2475,0.8925501704216003,0.8206233382225037,0.9992709159851074,0.08331445780483632,0.9417905873873614,0.49019324919476487,0.9369999397883245,0.43919412733362656,0.9310663487729847,0.37901223869595435,0.9109787902126371,0.24910970442273198,0.0,0.0
smd,./data/SMD,machine-2-4,machine-2-4,mask_noTTA,100,256,128,0.15,50,64,0.001,1,1,1,0,0.001,adam,0.1,0.99,fixed,gated,5000,none,8,0.95,"[0.5, 1.0, 2.0]",0,0,8,38,2.01569,8,0.000577559694647789,0.0003287270956207067,25.449088096618652,0.7564133927615296,0.35896652948636965,0.26271970397779837,0.16924910607866508,0.5867768595041323,0.35946745562130183,23590,20670,0,3674,1812,0.9123367071151733,0.49319541454315186,0.9468768835067749,0.05935875729718113,0.8012953598716892,0.3837850050706714,0.8250524496685814,0.4019111639638172,0.8462862521346889,0.4221593727982286,0.8311694082024115,0.3565054085638937,0.05016911029815674,0.036206057586241513
smd,./data/SMD,machine-3-2,machine-3-2,base_noTTA,100,256,128,0.15,50,64,0.001,1,0,1,0,0.001,adam,0.1,0.99,fixed,gated,5000,none,8,0.95,"[0.5, 1.0, 2.0]",0,0,2,38,2.015652,0,0.008208573795855045,inf,27.498845100402832,0.4731029919048547,0.04699553384497533,0.018755328218243817,0.171875,0.009918845807033363,0.09096339278095401,23604,23604,0,2018,2018,0.9145060181617737,1.0,1.0,0.01006417508004904,,,,,,,,,0.0,0.0
smd,./data/SMD,machine-1-6,machine-1-6,mask_noTTA,100,256,128,0.15,50,64,0.001,1,1,1,0,0.001,adam,0.1,0.99,fixed,gated,5000,none,8,0.95,"[0.5, 1.0, 2.0]",0,0,7,38,2.01569,8,0.0006061056046746671,0.0003793272189795971,26.9683518409729,0.8924423523274835,0.6462352630623613,0.5084326164319974,0.3564764591017574,0.8861920172599784,0.6422295442064799,23590,15356,0,6678,1088,0.9291481971740723,0.16292303800582886,0.8436613082885742,0.06287076706702348,0.9183805453908289,0.6823787250819152,0.9286518524853196,0.7020909888525801,0.9350630064580769,0.7133385271133984,0.91312878572292,0.5894495216887486,0.12953048944473267,0.053742008904616036
smd,./data/SMD,machine-3-2,machine-3-2,gate_gbuf5k,100,256,128,0.15,50,64,0.001,1,1,1,1,0.001,adam,0.1,0.99,adaptive,gated,5000,unc,8,0.95,"[0.5, 1.0, 2.0]",0,0,7,38,2.01569,8,0.008310867473483086,0.0009978003799915314,28.36469054222107,0.4631277940080488,0.046099183774278636,0.02311777569509528,0.01768642447418738,0.033363390441839495,0.08990755983284791,23604,22858,365,2018,1938,0.9152156710624695,0.9603567719459534,0.9691466689109802,0.09204370251067148,0.5701973831717814,0.06486528887219845,0.5795093065955172,0.07283738662148563,0.5847778877592485,0.08079753923518805,0.5884554802127938,0.08971570042595987,0.0,0.08240782345334689
smd,./data/SMD,machine-1-6,machine-1-6,noMask_fixed,100,256,128,0.15,50,64,0.001,1,0,1,1,0.001,adam,0.1,0.99,fixed,gated,5000,none,8,0.95,"[0.5, 1.0, 2.0]",0,0,4,38,2.015652,0,0.000578245148062706,inf,26.304016590118408,0.883707888189573,0.6342754029688944,0.508183568677792,0.3616948378254911,0.8540992448759439,0.624663435648896,23590,15673,292,6678,1127,0.928092896938324,0.16876310110092163,0.8600993156433105,0.02465462371321642,,,,,,,,,0.1277710348367691,0.04027274499336878
smd,./data/SMD,machine-2-7,machine-2-7,gate_noTTA,100,256,128,0.15,50,64,0.001,1,1,1,0,0.001,adam,0.1,0.99,fixed,gated,5000,unc,8,0.95,"[0.5, 1.0, 2.0]",0,0,1,38,2.01569,8,0.0032813369762152433,0.000807326752692461,27.26701259613037,0.8675194643889683,0.3260488072440848,0.3222591362126246,0.5243243243243243,0.23261390887290168,0.34869240348692404,23597,23364,0,2397,2165,0.9073360562324524,0.9032123684883118,0.9999528527259827,0.06705713245824933,0.8618183162993209,0.3046431113159576,0.8555071145626563,0.27579115065852305,0.8474621737379631,0.2381366434301811,0.8110167735908786,0.08715224926409562,0.0,0.0
smd,./data/SMD,machine-3-6,machine-3-6,gate_gbuf5k,100,256,128,0.15,50,64,0.001,1,1,1,1,0.001,adam,0.1,0.99,adaptive,gated,5000,unc,8,0.95,"[0.5, 1.0, 2.0]",0,0,5,38,2.01569,8,0.00037478868034668267,0.0003259548684582114,30.362229108810425,0.8550912950144689,0.273230234955266,0.2525458248472505,0.18141916605705927,0.4154103852596315,0.32147780534877307,28627,24997,437,2283,655,0.9737968444824219,0.2869032025337219,0.9240054488182068,0.09072093861682802,0.8894493959944524,0.2907869254764939,0.9009772639165607,0.2972385513652734,0.9088986995123811,0.2992806877256072,0.9056807598455251,0.2356733566864628,0.017843933155139286,0.021955571525419753
smd,./data/SMD,machine-1-2,machine-1-2,gate_noTTA,100,256,128,0.15,50,64,0.001,1,1,1,0,0.001,adam,0.1,0.99,fixed,gated,5000,unc,8,0.95,"[0.5, 1.0, 2.0]",0,0,6,38,2.01569,8,0.0044030253775417805,0.0008122834260575473,27.35662865638733,0.8692002890571408,0.23036622088888495,0.2592825676526117,0.19675262655205347,0.3800738007380074,0.27916666666666673,23595,22268,0,1532,808,0.9637147188186646,0.5274151563644409,0.9726691842079163,0.06609080226321826,0.8838047193965376,0.2682347449230235,0.8764879206756823,0.28536767326552265,0.8648435527634475,0.288478221809993,0.8115333416637553,0.18365337070287394,0.0016017939584950607,0.0
smd,./data/SMD,machine-3-11,machine-3-11,base_noTTA,100,256,128,0.15,50,64,0.001,1,0,1,0,0.001,adam,0.1,0.99,fixed,gated,5000,none,8,0.95,"[0.5, 1.0, 2.0]",0,0,1,38,2.015652,0,0.00037857776624150574,inf,32.93856143951416,0.8992231246424524,0.5773303326021458,0.02586392700625045,0.01311857736316595,0.9090909090909091,0.6239554317548746,28597,13575,0,440,0,1.0,0.0,0.4821181297302246,0.010107465401793641,,,,,,,,,0.12832167620460191,0.9814473787943522
smd,./data/SMD,machine-3-11,machine-3-11,noMask_fixed,100,256,128,0.15,50,64,0.001,1,0,1,1,0.001,adam,0.1,0.99,fixed,gated,5000,none,8,0.95,"[0.5, 1.0, 2.0]",0,0,9,38,2.015652,0,0.00036852603079751134,inf,32.417400598526,0.8954815897057458,0.5761680088087119,0.026340820955586448,0.01336402108545549,0.9090909090909091,0.6184971098265897,28597,12592,226,440,0,1.0,0.0,0.4472067356109619,0.02015950517453993,,,,,,,,,0.21969696631034216,0.9828012784322103
smd,./data/SMD,machine-2-5,machine-2-5,noMask_fixed,100,256,128,0.15,50,64,0.001,1,0,1,1,0.001,adam,0.1,0.99,fixed,gated,5000,none,8,0.95,"[0.5, 1.0, 2.0]",0,0,3,38,2.015652,0,0.002656936878338456,inf,30.3340003490448,0.9280740082373167,0.45873565406224165,0.2918918918918919,0.6,0.19285714285714287,0.5127982646420824,23590,23437,368,3016,2863,0.8778427243232727,0.9492705464363098,1.0,0.03167388296673085,,,,,,,,,0.0,0.0
smd,./data/SMD,machine-3-11,machine-3-11,noMask_fixed,100,256,128,0.15,50,64,0.001,1,0,1,1,0.001,adam,0.1,0.99,fixed,gated,5000,none,8,0.95,"[0.5, 1.0, 2.0]",0,0,6,38,2.015652,0,0.00037024685298092663,inf,32.06458306312561,0.8824703984188861,0.5867401200352264,0.02522445489525438,0.012792714657415438,0.8939393939393939,0.6180758017492711,28597,12691,227,440,0,1.0,0.0,0.45072272419929504,0.019903119954253493,,,,,,,,,0.2108391597867012,0.9823063611984253
smd,./data/SMD,machine-1-7,machine-1-7,base_noTTA,100,256,128,0.15,50,64,0.001,1,0,1,0,0.001,adam,0.1,0.99,fixed,gated,5000,none,8,0.95,"[0.5, 1.0, 2.0]",0,0,0,38,2.015652,0,0.0023097607772797346,inf,26.82404661178589,0.6486838708298044,0.2472504123163642,0.14952589350838805,0.5959302325581395,0.08548790658882402,0.2732750242954325,23598,23354,0,3677,3433,0.8530016541481018,0.9336415529251099,1.0,0.010496742170294903,,,,,,,,,0.0,0.0
smd,./data/SMD,machine-1-7,machine-1-7,gate_gbuf5k,100,256,128,0.15,50,64,0.001,1,1,1,1,0.001,adam,0.1,0.99,adaptive,gated,5000,unc,8,0.95,"[0.5, 1.0, 2.0]",0,0,8,38,2.01569,8,0.002518935827538371,0.0006769538158550858,27.499104261398315,0.6505205912669372,0.22817398376805517,0.20335700451904457,0.45,0.13135946622185155,0.2624434389140271,23598,22752,365,3677,2846,0.8749120831489563,0.7740005254745483,0.9992470145225525,0.08793196058624912,0.702777681731662,0.28817008400083244,0.7076426154618654,0.2999847355883566,0.7102796099743667,0.3032243518370064,0.7095673535166969,0.28897412608912015,0.0,0.0
smd,./data/SMD,machine-3-1,machine-3-1,gate_gbuf5k,100,256,128,0.15,50,64,0.001,1,1,1,1,0.001,adam,0.1,0.99,adaptive,gated,5000,unc,8,0.95,"[0.5, 1.0, 2.0]",0,0,0,38,2.01569,8,0.00039924803422763944,0.0001951724843820557,33.46473550796509,0.8716516999484032,0.28219880104048345,0.065048427597752,0.03376784605834885,0.8831168831168831,0.31762652705061084,28601,16134,346,704,35,0.9978306889533997,0.049715910106897354,0.5770871639251709,0.08781725433105264,0.8926940733259414,0.29025042627170594,0.8907809223743289,0.2958818103196578,0.8847974369952392,0.3048516022247674,0.8322958520417311,0.2341126779159846,0.13831603527069092,0.2595104300417006
smd,./data/SMD,machine-2-9,machine-2-9,base_noTTA,100,256,128,0.15,50,64,0.001,1,0,1,0,0.001,adam,0.1,0.99,fixed,gated,5000,none,8,0.95,"[0.5, 1.0, 2.0]",0,0,7,38,2.015652,0,0.0007111645536497235,inf,27.473488569259644,0.9725744359704384,0.6940440483281181,0.6137586471944658,0.46303276311974484,0.90997150997151,0.6966860612193271,28623,25349,0,2745,272,0.9892697930335999,0.09908924996852875,0.9690470695495605,0.009783816213474182,,,,,,,,,0.0012807078698339562,0.05948185424009959
smd,./data/SMD,machine-3-6,machine-3-6,noMask_fixed,100,256,128,0.15,50,64,0.001,1,0,1,1,0.001,adam,0.1,0.99,fixed,gated,5000,none,8,0.95,"[0.5, 1.0, 2.0]",0,0,6,38,2.015652,0,0.0003411448560655117,inf,30.85395574569702,0.8661906833066004,0.2880857753087892,0.27197295636140134,0.16654121189311252,0.7412060301507538,0.3262347077480743,28627,24575,405,2283,66,0.9973143339157104,0.02890932932496071,0.9303446412086487,0.02750107964447626,,,,,,,,,0.01129859033972025,0.12630327915151915
smd,./data/SMD,machine-3-2,machine-3-2,fixed,100,256,128,0.15,50,64,0.001,1,1,1,1,0.001,adam,0.1,0.99,fixed,gated,5000,none,8,0.95,"[0.5, 1.0, 2.0]",0,0,6,38,2.01569,8,0.006780791562050581,0.0010373026598244905,27.579956531524658,0.4678976671591754,0.04674211630078891,0.019851116625310174,0.12,0.010820559062218215,0.09025739716141448,23604,23604,369,2018,2018,0.9145060181617737,1.0,1.0,0.08273821647965975,0.5675284611976351,0.06099655403554735,0.5762184962085659,0.06685845722306073,0.5811596406013775,0.07367049438916497,0.5845284539341222,0.08314653662472032,0.0,0.0
smd,./data/SMD,machine-1-3,machine-1-3,gate_noTTA,100,256,128,0.15,50,64,0.001,1,1,1,0,0.001,adam,0.1,0.99,fixed,gated,5000,unc,8,0.95,"[0.5, 1.0, 2.0]",0,0,5,38,2.01569,8,0.0006623190129175782,0.00020973736536689103,29.78441095352173,0.801658446297229,0.2455646208674751,0.27296587926509186,0.23897058823529413,0.3182374541003672,0.31265108783239326,23604,22513,0,2005,1094,0.9514058828353882,0.5456359386444092,0.9916662573814392,0.0721129436166463,0.8763793154532855,0.28575483204839913,0.8939959552594836,0.307376440002889,0.9029462833772117,0.3207507738625984,0.9011047359318407,0.26878356743607584,0.0,0.009550215676426888
smd,./data/SMD,machine-1-5,machine-1-5,mask_noTTA,100,256,128,0.15,50,64,0.001,1,1,1,0,0.001,adam,0.1,0.99,fixed,gated,5000,none,8,0.95,"[0.5, 1.0, 2.0]",0,0,1,38,2.01569,8,0.0008458358352072537,0.0003280056989751756,32.04036593437195,0.9319630602389221,0.5382773498798946,0.07264573991031391,0.038028169014084505,0.81,0.5945945945945946,23607,22141,0,793,53,0.9976062774658203,0.06683480739593506,0.9681774377822876,0.06365007491084891,0.9564669999152757,0.546812096853388,0.9587952215538422,0.5442740214882495,0.9597051597051596,0.5190505069486362,0.9348737609082436,0.06899149714990058,0.0,0.0697844320287307
smd,./data/SMD,machine-3-7,machine-3-7,noMask_fixed,100,256,128,0.15,50,64,0.001,1,0,1,1,0.001,adam,0.1,0.99,fixed,gated,5000,none,8,0.95,"[0.5, 1.0, 2.0]",0,0,1,38,2.015652,0,0.0001487379049649462,inf,33.00320219993591,0.8550590100063458,0.39711654477116104,0.13410237923576063,0.07485913603434398,0.6428571428571429,0.4840336134453782,28606,26721,439,929,265,0.9900826811790466,0.28525295853614807,0.9558839201927185,0.030821698083499507,,,,,,,,,0.04602120444178581,0.04454112487534682
smd,./data/SMD,machine-1-1,machine-1-1,gate_noTTA,100,256,128,0.15,50,64,0.001,1,1,1,0,0.001,adam,0.1,0.99,fixed,gated,5000,unc,8,0.95,"[0.5, 1.0, 2.0]",0,0,6,38,2.01569,8,0.0001602282136445865,0.00019400002202019095,32.55772852897644,0.9063259818391448,0.47798993353865266,0.3852446365179812,0.24318004676539362,0.9265033407572383,0.5547240411599625,28380,20417,0,3486,95,0.9953470230102539,0.027251863852143288,0.8163412809371948,0.0666464105973032,0.9281154020619654,0.511816913592186,0.9345377276746968,0.5315715726668437,0.939174270878815,0.5536435760963805,0.913216882970495,0.5632727226845975,0.09290580327312152,0.24594663083553314
smd,./data/SMD,machine-1-3,machine-1-3,noMask_fixed,100,256,128,0.15,50,64,0.001,1,0,1,1,0.001,adam,0.1,0.99,fixed,gated,5000,none,8,0.95,"[0.5, 1.0, 2.0]",0,0,0,38,2.015652,0,0.0006563803763128817,inf,30.722534894943237,0.8253404319702435,0.262444151614203,0.3425692695214106,0.3527885862516213,0.3329253365973072,0.34615384615384615,23604,22917,366,2005,1380,0.9397826790809631,0.6882793307304382,0.997129499912262,0.03210153039926756,,,,,,,,,0.0,0.009550215676426888
smd,./data/SMD,machine-3-7,machine-3-7,base_noTTA,100,256,128,0.15,50,64,0.001,1,0,1,0,0.001,adam,0.1,0.99,fixed,gated,5000,none,8,0.95,"[0.5, 1.0, 2.0]",0,0,8,38,2.015652,0,0.00017354880401398987,inf,27.844965934753418,0.8505891057371486,0.39684792547690456,0.14916467780429593,0.08567511994516792,0.576036866359447,0.4888123924268503,28606,27564,0,929,317,0.9884994626045227,0.34122711420059204,0.984463632106781,0.009351065715092892,,,,,,,,,0.028428288797537487,0.017309838052218158
smd,./data/SMD,machine-3-4,machine-3-4,fixed,100,256,128,0.15,50,64,0.001,1,1,1,1,0.001,adam,0.1,0.99,fixed,gated,5000,none,8,0.95,"[0.5, 1.0, 2.0]",0,0,2,38,2.01569,8,0.0016890004044398665,0.0002897075319197029,28.96897292137146,0.7625715994514071,0.33224816512525823,0.25962596259625964,0.2022857142857143,0.3623336745138178,0.3585049580472921,23588,22791,366,1769,992,0.9564740657806396,0.5607687830924988,0.9990833401679993,0.09748053101941814,0.785330185639141,0.3873973850849257,0.7865491284123118,0.40388069648825353,0.7847396774875414,0.41405030457737163,0.775944364595291,0.4008384936529118,0.003420828841626644,0.0002827254744867484
smd,./data/SMD,machine-3-6,machine-3-6,mask_noTTA,100,256,128,0.15,50,64,0.001,1,1,1,0,0.001,adam,0.1,0.99,fixed,gated,5000,none,8,0.95,"[0.5, 1.0, 2.0]",0,0,4,38,2.01569,8,0.0003899031435139477,0.0003389403864275664,35.261927127838135,0.855775864649413,0.2966053226875075,0.26390141268409983,0.16080586080586082,0.7353433835845896,0.3325753268902785,28627,24995,0,2283,77,0.9969193935394287,0.033727552741765976,0.945870041847229,0.07795627090422654,0.8936647892715551,0.31549571461917675,0.9059164533014241,0.3222719780817898,0.914020408351993,0.32308397806643535,0.9071330823569151,0.23743498300682123,0.002319902356248349,0.11376369620362918
smd,./data/SMD,machine-3-7,machine-3-7,mask_noTTA,100,256,128,0.15,50,64,0.001,1,1,1,0,0.001,adam,0.1,0.99,fixed,gated,5000,none,8,0.95,"[0.5, 1.0, 2.0]",0,0,9,38,2.01569,8,0.0001726494956528768,0.00025398912839591503,33.87293219566345,0.8243993657828192,0.42026070798901183,0.11318327974276528,0.06239659654927913,0.6082949308755761,0.5168918918918919,28606,27475,0,929,330,0.987989068031311,0.3552206754684448,0.9807782769203186,0.06064893248730803,0.8807639751340182,0.4541897334758086,0.8871827589686195,0.48587104659248553,0.888117507201123,0.5248570089140839,0.8609913889711608,0.49699792659172626,0.024933006924887497,0.027468864107504487
smd,./data/SMD,machine-3-7,machine-3-7,gate_gbuf5k,100,256,128,0.15,50,64,0.001,1,1,1,1,0.001,adam,0.1,0.99,adaptive,gated,5000,unc,8,0.95,"[0.5, 1.0, 2.0]",0,0,0,38,2.01569,8,0.0001507573906565085,0.00026332109700888395,33.07761216163635,0.8536336187919197,0.4044732015023699,0.15352697095435686,0.09031733116354759,0.511520737327189,0.4906303236797274,28606,26338,441,929,322,0.9877743124961853,0.3466092646121979,0.9399862885475159,0.09668828523768284,0.8759201389709569,0.4378447080265146,0.8779966509133865,0.4709134802105291,0.8762192111341074,0.5129858440758617,0.8417099348031649,0.48762748673769424,0.030525457734862965,0.01395478161672751
smd,./data/SMD,machine-3-11,machine-3-11,mask_noTTA,100,256,128,0.15,50,64,0.001,1,1,1,0,0.001,adam,0.1,0.99,fixed,gated,5000,none,8,0.95,"[0.5, 1.0, 2.0]",0,0,7,38,2.01569,8,0.00041180613334290683,0.00022690059267915785,32.23261857032776,0.8816234490316882,0.6049552459252955,0.0238111815080415,0.012072008471584893,0.8636363636363636,0.6334310850439883,28597,13355,0,440,0,1.0,0.0,0.47430479526519775,0.07020030258610377,0.8937171561215353,0.6154974843472302,0.900614857962742,0.6240703783459746,0.9056398428810527,0.6303662973606954,0.8990719533038292,0.27808406986674256,0.13939393932620683,0.9830487569173177
smd,./data/SMD,machine-1-5,machine-1-5,mask_noTTA,100,256,128,0.15,50,64,0.001,1,1,1,0,0.001,adam,0.1,0.99,fixed,gated,5000,none,8,0.95,"[0.5, 1.0, 2.0]",0,0,4,38,2.01569,8,0.0008110709022730589,0.0002872488694265485,29.46842932701111,0.9447559942387528,0.5410799932591907,0.06809890555330361,0.035487959442332066,0.84,0.5966850828729282,23607,22027,0,793,50,0.9977300763130188,0.06305170059204102,0.963312029838562,0.06471371243686493,0.963463526222147,0.5507227741422154,0.963435990849784,0.548109825145298,0.9607836990595611,0.5264883077285245,0.923680632042701,0.08171568262323102,0.0,0.08009598031640053
smd,./data/SMD,machine-3-4,machine-3-4,noMask_fixed,100,256,128,0.15,50,64,0.001,1,0,1,1,0.001,adam,0.1,0.99,fixed,gated,5000,none,8,0.95,"[0.5, 1.0, 2.0]",0,0,3,38,2.015652,0,0.001558506628498435,inf,29.04101252555847,0.7476927275374117,0.33390144909657,0.2606635071090047,0.1947395042994436,0.3940634595701126,0.36574746008708275,23588,22683,365,1769,920,0.9594410061836243,0.5200678110122681,0.9974334239959717,0.029593822368630236,,,,,,,,,0.01128152726838986,0.0
smd,./data/SMD,machine-3-8,machine-3-8,noMask_fixed,100,256,128,0.15,50,64,0.001,1,0,1,1,0.001,adam,0.1,0.99,fixed,gated,5000,none,8,0.95,"[0.5, 1.0, 2.0]",0,0,9,38,2.015652,0,0.0006196501199156046,inf,32.723129987716675,0.8792848997491377,0.31880274275203363,0.3469178783534712,0.24117312072892938,0.6177972283005105,0.359684738476236,28605,24596,427,1965,318,0.9870710968971252,0.1618320643901825,0.911336362361908,0.027632759159583558,,,,,,,,,0.01701036871721347,0.22391635179519653
smd,./data/SMD,machine-2-4,machine-2-4,base_noTTA,100,256,128,0.15,50,64,0.001,1,0,1,0,0.001,adam,0.1,0.99,fixed,gated,5000,none,8,0.95,"[0.5, 1.0, 2.0]",0,0,3,38,2.015652,0,0.0005657922592945397,inf,29.563533067703247,0.7661855235425674,0.3734118638070813,0.2735648476257973,0.1800037306472673,0.5696576151121606,0.376551724137931,23590,20694,0,3674,1705,0.9176089763641357,0.4640718698501587,0.9534544944763184,0.010748473503368291,,,,,,,,,0.04453213016192118,0.05739741260185838
smd,./data/SMD,machine-1-3,machine-1-3,noMask_fixed,100,256,128,0.15,50,64,0.001,1,0,1,1,0.001,adam,0.1,0.99,fixed,gated,5000,none,8,0.95,"[0.5, 1.0, 2.0]",0,0,9,38,2.015652,0,0.0006605153321288526,inf,23.923672914505005,0.8258750118061626,0.26471833828389596,0.3103850641773629,0.29654403567447046,0.32558139534883723,0.3198231392778187,23604,22893,365,2005,1355,0.9408115744590759,0.6758104562759399,0.9971758127212524,0.0287941140131392,,,,,,,,,0.0,0.009370594188415756
smd,./data/SMD,machine-1-5,machine-1-5,gate_noTTA,100,256,128,0.15,50,64,0.001,1,1,1,0,0.001,adam,0.1,0.99,fixed,gated,5000,unc,8,0.95,"[0.5, 1.0, 2.0]",0,0,4,38,2.01569,8,0.0008110709022730589,0.0002872488694265485,28.140441417694092,0.9447559942387528,0.5410799932591907,0.06809890555330361,0.035487959442332066,0.84,0.5966850828729282,23607,21349,0,793,47,0.997798502445221,0.05926860123872757,0.9337248802185059,0.060476856633245035,0.963463526222147,0.5507227741422154,0.963435990849784,0.548109825145298,0.9607836990595611,0.5264883077285245,0.923680632042701,0.08171568262323102,0.0,0.08009598031640053
smd,./data/SMD,machine-1-2,machine-1-2,base_noTTA,100,256,128,0.15,50,64,0.001,1,0,1,0,0.001,adam,0.1,0.99,fixed,gated,5000,none,8,0.95,"[0.5, 1.0, 2.0]",0,0,1,38,2.015652,0,0.004997563548386097,inf,29.6283700466156,0.8815943550978357,0.24358632303404718,0.267595818815331,0.21500559910414332,0.35424354243542433,0.2846371347785108,23595,23283,0,1532,1226,0.9473435282707214,0.8002610802650452,0.9997280240058899,0.010498925573013929,,,,,,,,,0.0009610763906190792,0.0
smd,./data/SMD,machine-1-4,machine-1-4,noMask_fixed,100,256,128,0.15,50,64,0.001,1,0,1,1,0.001,adam,0.1,0.99,fixed,gated,5000,none,8,0.95,"[0.5, 1.0, 2.0]",0,0,7,38,2.015652,0,0.0009476492996327579,inf,26.432172536849976,0.8181528327605458,0.26452952656289463,0.3363363363363363,0.3660130718954248,0.3111111111111111,0.3388804841149773,23608,22981,367,1908,1281,0.9442582726478577,0.6713836193084717,1.0,0.0275162893487251,,,,,,,,,0.0,0.0
smd,./data/SMD,machine-3-2,machine-3-2,base_noTTA,100,256,128,0.15,50,64,0.001,1,0,1,0,0.001,adam,0.1,0.99,fixed,gated,5000,none,8,0.95,"[0.5, 1.0, 2.0]",0,0,4,38,2.015652,0,0.006663316860795021,inf,29.844987630844116,0.4786402631850121,0.046865917933409995,0.023198011599005797,0.14285714285714285,0.012623985572587917,0.09133784730329207,23604,23604,0,2018,2018,0.9145060181617737,1.0,1.0,0.012619781041626121,,,,,,,,,0.0,0.0
smd,./data/SMD,machine-1-8,machine-1-8,noMask_fixed,100,256,128,0.15,50,64,0.001,1,0,1,1,0.001,adam,0.1,0.99,fixed,gated,5000,none,8,0.95,"[0.5, 1.0, 2.0]",0,0,1,38,2.015652,0,0.0005974891246296465,inf,27.475478887557983,0.8426527105339788,0.3703239364236712,0.3162684869169511,0.2225186766275347,0.546526867627785,0.3941798941798942,23600,22571,363,2691,1690,0.9251251816749573,0.6280193328857422,0.9986608624458313,0.029365056652133747,,,,,,,,,0.00489924995539089,0.0
smd,./data/SMD,machine-3-1,machine-3-1,gate_gbuf5k,100,256,128,0.15,50,64,0.001,1,1,1,1,0.001,adam,0.1,0.99,adaptive,gated,5000,unc,8,0.95,"[0.5, 1.0, 2.0]",0,0,9,38,2.01569,8,0.00039897908573038876,0.00020911928731948137,31.78418517112732,0.8629335408181562,0.25785415832825725,0.0627688015808439,0.0325497287522604,0.8766233766233766,0.3017241379310345,28601,16783,344,704,31,0.9981529116630554,0.044034089893102646,0.6004946827888489,0.08431525794089555,0.8905468386924431,0.2709347061370847,0.8922247624170703,0.2826413517776557,0.8911074045002617,0.30445438423358223,0.8418154647550253,0.2927048005723605,0.11178230370084445,0.23852821191151938
smd,./data/SMD,machine-3-9,machine-3-9,noMask_fixed,100,256,128,0.15,50,64,0.001,1,0,1,1,0.001,adam,0.1,0.99,fixed,gated,5000,none,8,0.95,"[0.5, 1.0, 2.0]",0,0,7,38,2.015652,0,0.00016901374328881502,inf,29.571961164474487,0.8429718420627703,0.3050305061534856,0.02940215615811826,0.014947683109118086,0.8910891089108911,0.3629032258064516,28614,5777,196,699,2,0.9996538162231445,0.0028612304013222456,0.20687802135944366,0.020538726559206567,,,,,,,,,0.4316105941931407,0.9917270938555399
smd,./data/SMD,machine-1-8,machine-1-8,mask_noTTA,100,256,128,0.15,50,64,0.001,1,1,1,0,0.001,adam,0.1,0.99,fixed,gated,5000,none,8,0.95,"[0.5, 1.0, 2.0]",0,0,0,38,2.01569,8,0.0006104807835072279,0.00016616348875686526,29.095640659332275,0.8252023923427478,0.35722548952068023,0.2542423340279846,0.1644838212634823,0.5596330275229358,0.3901135604542418,23600,22350,0,2691,1585,0.9290827512741089,0.5890003442764282,0.9931130409240723,0.07036509150165622,0.8957237439092013,0.4032303169904984,0.9126259245054104,0.40730823394206567,0.9221446331258079,0.3951881712460423,0.9124779830685052,0.25640241438068007,0.02249746521313985,0.00034453056287020445
smd,./data/SMD,machine-1-8,machine-1-8,mask_noTTA,100,256,128,0.15,50,64,0.001,1,1,1,0,0.001,adam,0.1,0.99,fixed,gated,5000,none,8,0.95,"[0.5, 1.0, 2.0]",0,0,7,38,2.01569,8,0.0006024190224707127,0.00017005298286676407,27.53689408302307,0.8293276098835164,0.3505131111011473,0.2639349201566737,0.17136150234741784,0.5740498034076016,0.38282387190684136,23600,22300,0,2691,1539,0.9309865236282349,0.571906328201294,0.9929217100143433,0.05982160568237305,0.8928947424961862,0.3951855188033461,0.9101419769227358,0.39953240657772804,0.9211210429522733,0.38809418293921333,0.9126764383061923,0.2570157621285924,0.02580157481133938,0.0
smd,./data/SMD,machine-3-8,machine-3-8,noMask_fixed,100,256,128,0.15,50,64,0.001,1,0,1,1,0.001,adam,0.1,0.99,fixed,gated,5000,none,8,0.95,"[0.5, 1.0, 2.0]",0,0,8,38,2.015652,0,0.0006104132044129074,inf,29.14531683921814,0.8675544636918905,0.2821960158373512,0.320607553366174,0.22307912025135676,0.5696571845368344,0.32659251769464104,28605,24604,423,1965,301,0.9877662062644958,0.15318065881729126,0.9122747778892517,0.0281132803244975,,,,,,,,,0.02236980013549328,0.22665797422329584
smd,./data/SMD,machine-1-6,machine-1-6,mask_noTTA,100,256,128,0.15,50,64,0.001,1,1,1,0,0.001,adam,0.1,0.99,fixed,gated,5000,none,8,0.95,"[0.5, 1.0, 2.0]",0,0,6,38,2.01569,8,0.0006158447940833867,0.0003843167796730995,28.416584730148315,0.8884590846741297,0.646610798983365,0.5003857429409041,0.3504430516533391,0.8745954692556634,0.6334829680485873,23590,15578,0,6678,1099,0.9294517636299133,0.16457022726535797,0.8561376333236694,0.0588299208346339,0.9159367526442462,0.6842326666107711,0.9270644153477627,0.7054094975832408,0.9343073060723761,0.7188129173544331,0.9136880886356601,0.5994644174982067,0.12907955050468445,0.044339353839556374
smd,./data/SMD,machine-3-3,machine-3-3,gate_noTTA,100,256,128,0.15,50,64,0.001,1,1,1,0,0.001,adam,0.1,0.99,fixed,gated,5000,unc,8,0.95,"[0.5, 1.0, 2.0]",0,0,8,38,2.01569,8,0.0008288226672448218,0.0002912127529270947,27.528181076049805,0.8745676527439512,0.28407657187879026,0.24080830760595004,0.14636642784032752,0.6787974683544303,0.3632218844984803,23604,20954,0,3206,1701,0.918822169303894,0.5305677056312561,0.943867027759552,0.06478666309743912,0.8919489177327664,0.3126860009409055,0.8955970534546905,0.3224799045400824,0.895804311292219,0.30755388454543975,0.8590055519313249,0.12953439716001142,0.007634827867150307,0.04336125900348028
smd,./data/SMD,machine-3-3,machine-3-3,fixed,100,256,128,0.15,50,64,0.001,1,1,1,1,0.001,adam,0.1,0.99,fixed,gated,5000,none,8,0.95,"[0.5, 1.0, 2.0]",0,0,3,38,2.01569,8,0.0008393939351662993,0.00029042037203907967,33.30172657966614,0.8941612339783246,0.2919108936310638,0.2478825522303783,0.1508591065292096,0.694620253164557,0.3525377229080933,23604,22275,359,3206,2378,0.8932435512542725,0.7417342662811279,0.9754387736320496,0.10739457019404464,0.9054797271384042,0.3196361104040358,0.9065767808674269,0.3277134720328036,0.9044210113085143,0.3117418414498921,0.8666900374682667,0.12911072544077604,0.002761533483862877,0.04173577080170313
smd,./data/SMD,machine-2-3,machine-2-3,gate_noTTA,100,256,128,0.15,50,64,0.001,1,1,1,0,0.001,adam,0.1,0.99,fixed,gated,5000,unc,8,0.95,"[0.5, 1.0, 2.0]",0,0,7,38,2.01569,8,0.0006601694040000439,0.0002454401692375541,26.242122411727905,0.9518127041673148,0.48558473411452,0.24867162592986183,0.14507129572225666,0.8698884758364313,0.5,23590,20651,0,1259,243,0.9882330298423767,0.1930103302001953,0.913886547088623,0.06272803933603271,0.9568312915279097,0.4982383055401699,0.9536349321743878,0.488266425335698,0.9487022181022798,0.44757997236341907,0.9079324061346227,0.1695606543723764,0.03695625811815262,0.02139189513400197
smd,./data/SMD,machine-3-10,machine-3-10,gate_gbuf5k,100,256,128,0.15,50,64,0.001,1,1,1,1,0.001,adam,0.1,0.99,adaptive,gated,5000,unc,8,0.95,"[0.5, 1.0, 2.0]",0,0,2,38,2.01569,8,0.0012886007316410542,0.00010034134174929932,31.98184895515442,0.9612462686145407,0.6474321794268293,0.4879267277268943,0.3438967136150235,0.839541547277937,0.660722665415298,23594,20587,351,2334,368,0.9821246266365051,0.15766923129558563,0.9510347843170166,0.11660537952546943,0.9693961652715383,0.6047230681339515,0.9666606945942032,0.5596506684960167,0.9633051152909433,0.500008390059239,0.9558497251117464,0.4226632948926983,0.009337483594814936,0.011085863826641193
smd,./data/SMD,machine-3-6,machine-3-6,gate_gbuf5k,100,256,128,0.15,50,64,0.001,1,1,1,1,0.001,adam,0.1,0.99,adaptive,gated,5000,unc,8,0.95,"[0.5, 1.0, 2.0]",0,0,7,38,2.01569,8,0.0004114459443371743,0.00032733698026277125,34.162190437316895,0.8437874849330191,0.274438220329028,0.25740090316106373,0.18373925501432664,0.4296482412060301,0.29675278502014696,28627,24953,438,2283,689,0.9723880887031555,0.3017958700656891,0.921044647693634,0.0851334388512506,0.88610065071836,0.29378074108569224,0.8996268328907844,0.301823161122912,0.9086927263076972,0.306203115738476,0.9059911341783254,0.23463193978413807,0.022856008882323902,0.03406571907301744
smd,./data/SMD,machine-2-8,machine-2-8,base_noTTA,100,256,128,0.15,50,64,0.001,1,0,1,0,0.001,adam,0.1,0.99,fixed,gated,5000,none,8,0.95,"[0.5, 1.0, 2.0]",0,0,3,38,2.015652,0,0.00010536142508499324,inf,29.391377687454224,0.9930680253766099,0.9668028375161313,0.1322175732217573,0.0708838043965904,0.9813664596273292,0.9538461538461539,23604,22024,0,260,9,0.9995913505554199,0.03461538627743721,0.9430688619613647,0.011165189330930568,,,,,,,,,0.03077791937782119,0.00014124293617593744
smd,./data/SMD,machine-1-5,machine-1-5,mask_noTTA,100,256,128,0.15,50,64,0.001,1,1,1,0,0.001,adam,0.1,0.99,fixed,gated,5000,none,8,0.95,"[0.5, 1.0, 2.0]",0,0,0,38,2.01569,8,0.0008198069990612566,0.0002962397993542254,31.57285761833191,0.9505778191985089,0.5398230293732176,0.07069461570078094,0.036862408915559364,0.86,0.588888888888889,23607,22027,0,793,50,0.9977300763130188,0.06305170059204102,0.963312029838562,0.07499098025359248,0.9575082606117089,0.542630408831747,0.9565199525544352,0.5343596415663905,0.953756672032534,0.5021689061337185,0.9158095399474709,0.06207279204325853,0.0,0.07798714252809684
smd,./data/SMD,machine-3-8,machine-3-8,mask_noTTA,100,256,128,0.15,50,64,0.001,1,1,1,0,0.001,adam,0.1,0.99,fixed,gated,5000,none,8,0.95,"[0.5, 1.0, 2.0]",0,0,9,38,2.01569,8,0.0006538305897265673,0.00018298104987479746,34.14294719696045,0.8497622175730755,0.2795042037649056,0.3037703513281919,0.21504397937518957,0.5171407731582787,0.31150442477876106,28605,25259,0,1965,501,0.9801654815673828,0.2549618184566498,0.9293543696403503,0.059698328565955264,0.8914493620205592,0.3313322034836806,0.8903520812003284,0.35459147171474115,0.8838254098364812,0.36232146815236144,0.8436591784235614,0.29711002753759147,0.0008155656202385823,0.2279297336935997
smd,./data/SMD,machine-1-5,machine-1-5,gate_gbuf5k,100,256,128,0.15,50,64,0.001,1,1,1,1,0.001,adam,0.1,0.99,adaptive,gated,5000,unc,8,0.95,"[0.5, 1.0, 2.0]",0,0,6,38,2.01569,8,0.0008353665471076965,0.00031899684108793736,27.529102563858032,0.9535656189104463,0.5507874607903052,0.0617283950617284,0.03202712886209495,0.85,0.577319587628866,23607,21270,360,793,48,0.9977433085441589,0.06052963435649872,0.9302182793617249,0.0888767239199805,0.961019656019656,0.5523733084388507,0.9578674913157671,0.5428547730646797,0.9528081843599084,0.5090065542569698,0.9163195797678556,0.0676233158385962,0.008894536023338636,0.0784904733300209
smd,./data/SMD,machine-3-4,machine-3-4,fixed,100,256,128,0.15,50,64,0.001,1,1,1,1,0.001,adam,0.1,0.99,fixed,gated,5000,none,8,0.95,"[0.5, 1.0, 2.0]",0,0,0,38,2.01569,8,0.0016803231555968523,0.0002761228824965656,27.821451902389526,0.7548462276570727,0.34108155856626476,0.27319587628865977,0.21334100057504313,0.3797338792221085,0.37481031866464337,23588,22761,366,1769,966,0.9575589895248413,0.5460712313652039,0.9989000558853149,0.0877850476575945,0.7860836446548918,0.39208351565880717,0.7902226777304692,0.40789196990502097,0.7910186603640671,0.41815090078261197,0.7868566640841512,0.4076817852340542,0.004524798908581336,0.0
smd,./data/SMD,machine-3-9,machine-3-9,gate_noTTA,100,256,128,0.15,50,64,0.001,1,1,1,0,0.001,adam,0.1,0.99,fixed,gated,5000,unc,8,0.95,"[0.5, 1.0, 2.0]",0,0,6,38,2.01569,8,0.0002418782823951915,0.0001278905401704833,29.566755056381226,0.8503510013092123,0.2358385029738668,0.03413012910648089,0.017402072606400313,0.8811881188118812,0.284375,28614,4917,0,699,0,1.0,0.0,0.1761418581008911,0.06414403820084502,0.8674262885633865,0.25048277917178835,0.871611469489082,0.26308568448492914,0.8747893585557078,0.2859347087305758,0.8474283912023728,0.24000554023764667,0.4877653618653615,0.9274322986602783
smd,./data/SMD,machine-2-2,machine-2-2,noMask_fixed,100,256,128,0.15,50,64,0.001,1,0,1,1,0.001,adam,0.1,0.99,fixed,gated,5000,none,8,0.95,"[0.5, 1.0, 2.0]",0,0,3,38,2.015652,0,0.0007175771752372384,inf,29.45943784713745,0.5812045193491849,0.14566881959649025,0.1104889884285181,0.11722772277227722,0.1044828803388634,0.24413866414693206,23601,21702,361,3922,2967,0.8632844686508179,0.7565017938613892,0.9520300626754761,0.03001597073011381,,,,,,,,,0.00847457597653071,0.04972317814826965
smd,./data/SMD,machine-1-6,machine-1-6,gate_noTTA,100,256,128,0.15,50,64,0.001,1,1,1,0,0.001,adam,0.1,0.99,fixed,gated,5000,unc,8,0.95,"[0.5, 1.0, 2.0]",0,0,2,38,2.01569,8,0.0006085451459512115,0.0003863985475618392,29.076232194900513,0.8937901200315056,0.6541570754783351,0.5033071835102292,0.3520550893049279,0.8824163969795038,0.6425916091343601,23590,15105,0,6678,859,0.9431313872337341,0.1286313235759735,0.8423604369163513,0.07666238741937356,0.9192279118776645,0.6901604347966093,0.9296160370690882,0.7101032270780653,0.9362685813658898,0.7223296016062858,0.9158246923034272,0.6003915326498322,0.12858239064613977,0.0533029834429423
smd,./data/SMD,machine-3-2,machine-3-2,fixed,100,256,128,0.15,50,64,0.001,1,1,1,1,0.001,adam,0.1,0.99,fixed,gated,5000,none,8,0.95,"[0.5, 1.0, 2.0]",0,0,5,38,2.01569,8,0.006678337696939707,0.0010436497395858169,25.353777408599854,0.4656927719185884,0.04694465167107817,0.021541010770505388,0.1326530612244898,0.011722272317403066,0.09044080391825705,23604,23604,369,2018,2018,0.9145060181617737,1.0,1.0,0.09233373602534367,0.5723584578779704,0.06379096932718875,0.5823714699426654,0.07215306881100336,0.5885501453381058,0.0821609345904458,0.5931272959385867,0.09803193099910268,0.0,0.0
smd,./data/SMD,machine-1-1,machine-1-1,base_noTTA,100,256,128,0.15,50,64,0.001,1,0,1,0,0.001,adam,0.1,0.99,fixed,gated,5000,none,8,0.95,"[0.5, 1.0, 2.0]",0,0,2,38,2.015652,0,0.00013608096924144775,inf,33.142547845840454,0.9061524406825386,0.4791238421650877,0.3867172381763294,0.24430317848410757,0.9272457312546399,0.5379288130133676,28380,19778,0,3486,50,0.9974719285964966,0.014343086630105972,0.7924801111221313,0.010326456401951302,,,,,,,,,0.11205073942740758,0.27144190669059753
smd,./data/SMD,machine-2-1,machine-2-1,noMask_fixed,100,256,128,0.15,50,64,0.001,1,0,1,1,0.001,adam,0.1,0.99,fixed,gated,5000,none,8,0.95,"[0.5, 1.0, 2.0]",0,0,9,38,2.015652,0,0.001344420132227242,inf,24.39702296257019,0.7710264416910662,0.3148709955840499,0.32392559332905707,0.25924024640657084,0.43162393162393164,0.34628297362110316,23595,22815,364,2457,1678,0.9264519214630127,0.6829466819763184,0.9999526739120483,0.0274824929404092,,,,,,,,,0.00014887598808854818,0.0
smd,./data/SMD,machine-3-7,machine-3-7,base_noTTA,100,256,128,0.15,50,64,0.001,1,0,1,0,0.001,adam,0.1,0.99,fixed,gated,5000,none,8,0.95,"[0.5, 1.0, 2.0]",0,0,1,38,2.015652,0,0.0001487379049649462,inf,33.103745460510254,0.8465169319915036,0.39442772164775486,0.13556815380823267,0.07590394700524428,0.6336405529953917,0.48080133555926546,28606,27248,0,929,267,0.9902011156082153,0.2874058187007904,0.9748527407646179,0.010293029967049807,,,,,,,,,0.034719795609513916,0.029797695732365053
smd,./data/SMD,machine-2-5,machine-2-5,mask_noTTA,100,256,128,0.15,50,64,0.001,1,1,1,0,0.001,adam,0.1,0.99,fixed,gated,5000,none,8,0.95,"[0.5, 1.0, 2.0]",0,0,4,38,2.01569,8,0.002820385852828622,0.0006824890151619911,30.3493390083313,0.9302816198917807,0.4986584315693681,0.2863961813842482,0.6498194945848376,0.1836734693877551,0.511358574610245,23590,23464,0,3016,2890,0.8768326044082642,0.9582228064537048,1.0,0.12236154903138578,0.9422597891153467,0.4903433045779057,0.9369292584707493,0.4356244645611976,0.9306746583436757,0.37851577657384927,0.9113587528454511,0.25089892717491613,0.0,0.0
smd,./data/SMD,machine-3-10,machine-3-10,gate_gbuf5k,100,256,128,0.15,50,64,0.001,1,1,1,1,0.001,adam,0.1,0.99,adaptive,gated,5000,unc,8,0.95,"[0.5, 1.0, 2.0]",0,0,0,38,2.01569,8,0.0012471855152398348,0.0001086146803572774,29.451279401779175,0.961970804157271,0.7108574039841749,0.5021471514457486,0.35854456255110384,0.8376313276026743,0.7099311701081613,23594,20702,350,2334,415,0.9799536466598511,0.17780634760856628,0.9542332887649536,0.09659643828833499,0.9725312080853089,0.6889135499280052,0.970002566810241,0.646249640274493,0.966703502881989,0.5833082302460749,0.9570942442802012,0.4600028979983652,0.009041055416067442,0.011714020278304815
smd,./data/SMD,machine-3-2,machine-3-2,mask_noTTA,100,256,128,0.15,50,64,0.001,1,1,1,0,0.001,adam,0.1,0.99,fixed,gated,5000,none,8,0.95,"[0.5, 1.0, 2.0]",0,0,5,38,2.01569,8,0.006678337696939707,0.0010436497395858169,26.310903549194336,0.47347654400136396,0.047126482507050746,0.02452984464431725,0.13157894736842105,0.013525698827772768,0.09148748432638276,23604,23604,0,2018,2018,0.9145060181617737,1.0,1.0,0.0630305431956175,0.5684808993154977,0.06292336722992341,0.5778076291310932,0.07049780562974056,0.5836235080165637,0.07929188251881282,0.5881314756513076,0.09192094343647321,0.0,0.0
smd,./data/SMD,machine-1-5,machine-1-5,noMask_fixed,100,256,128,0.15,50,64,0.001,1,0,1,1,0.001,adam,0.1,0.99,fixed,gated,5000,none,8,0.95,"[0.5, 1.0, 2.0]",0,0,5,38,2.015652,0,0.000731474778149277,inf,26.9366238117218,0.959661103109379,0.56900964789382,0.09067222511724857,0.04782847718526663,0.87,0.6170212765957446,23607,22062,362,793,50,0.9977336525917053,0.06305170059204102,0.964846134185791,0.028208714304710832,,,,,,,,,0.0,0.06571573453644912
smd,./data/SMD,machine-1-3,machine-1-3,fixed,100,256,128,0.15,50,64,0.001,1,1,1,1,0.001,adam,0.1,0.99,fixed,gated,5000,none,8,0.95,"[0.5, 1.0, 2.0]",0,0,6,38,2.01569,8,0.0006432501832023263,0.0002082599385175854,26.28078055381775,0.8167471767627764,0.2652715292766799,0.31267448352875493,0.2874743326488706,0.3427172582619339,0.32965606748864373,23604,22878,366,2005,1340,0.9414284229278564,0.6683291792869568,0.9971758127212524,0.09737650512982336,0.8824349543279334,0.30463181583728544,0.8972042899878072,0.32402499609546886,0.9045915784382194,0.3342461485945469,0.9010103401126823,0.27316973589224575,0.0,0.00924214410285155
smd,./data/SMD,machine-3-8,machine-3-8,base_noTTA,100,256,128,0.15,50,64,0.001,1,0,1,0,0.001,adam,0.1,0.99,fixed,gated,5000,none,8,0.95,"[0.5, 1.0, 2.0]",0,0,3,38,2.015652,0,0.0006233032327145338,inf,33.01148772239685,0.8596255096562394,0.27128198298365835,0.29641185647425894,0.21341463414634146,0.4850474106491612,0.30294906166219837,28605,25251,0,1965,442,0.9824957251548767,0.224936380982399,0.9312687516212463,0.00901845676293429,,,,,,,,,0.003728300022582213,0.21391945083936056
smd,./data/SMD,machine-2-4,machine-2-4,fixed,100,256,128,0.15,50,64,0.001,1,1,1,1,0.001,adam,0.1,0.99,fixed,gated,5000,none,8,0.95,"[0.5, 1.0, 2.0]",0,0,3,38,2.01569,8,0.0005792417796328664,0.0003672029124572873,34.59478449821472,0.8011347164067824,0.41269902793571267,0.3491411501120239,0.2553249590387766,0.551948051948052,0.41558441558441556,23590,21522,352,3674,2094,0.9027042388916016,0.5699509978294373,0.9754970669746399,0.1130037562429728,0.8408587413743545,0.44007800238847733,0.858174955508027,0.45620501793522283,0.8694128857771422,0.464988714845453,0.8263174817288356,0.35387133696922357,0.03419767071803411,0.027887696846543502
smd,./data/SMD,machine-1-2,machine-1-2,base_noTTA,100,256,128,0.15,50,64,0.001,1,0,1,0,0.001,adam,0.1,0.99,fixed,gated,5000,none,8,0.95,"[0.5, 1.0, 2.0]",0,0,6,38,2.015652,0,0.0052323173731565475,inf,26.85742497444153,0.8850602595521463,0.25335481675825017,0.27793696275071633,0.22716627634660422,0.35793357933579334,0.3065693430656934,23595,23302,0,1532,1239,0.9468286037445068,0.8087467551231384,1.0,0.009005866482187616,,,,,,,,,0.0,0.0
smd,./data/SMD,machine-3-10,machine-3-10,gate_noTTA,100,256,128,0.15,50,64,0.001,1,1,1,0,0.001,adam,0.1,0.99,fixed,gated,5000,unc,8,0.95,"[0.5, 1.0, 2.0]",0,0,5,38,2.01569,8,0.0011757668107748032,0.00010721902071963996,24.615931034088135,0.9626743362248118,0.7344285801199291,0.7012278308321965,0.6692708333333334,0.7363896848137536,0.7108376715570278,23594,20799,0,2334,457,0.9780277609825134,0.19580119848251343,0.9568203091621399,0.07590380949398881,0.9715971860741729,0.6833797878721255,0.9686061309397133,0.6050987808087694,0.9650187964232684,0.5202182611215397,0.9554012292178415,0.4099233278179308,0.0,0.0
smd,./data/SMD,machine-3-7,machine-3-7,mask_noTTA,100,256,128,0.15,50,64,0.001,1,1,1,0,0.001,adam,0.1,0.99,fixed,gated,5000,none,8,0.95,"[0.5, 1.0, 2.0]",0,0,0,38,2.01569,8,0.0001507573906565085,0.00026332109700888395,32.93946552276611,0.8427441564176346,0.3992091919306164,0.11136712749615975,0.06074570590699623,0.6682027649769585,0.4897959183673469,28606,27076,0,929,264,0.9902496933937073,0.2841765284538269,0.9687466025352478,0.06281323577277037,0.8690662966251423,0.4319939920343342,0.872793838502173,0.4668823494731006,0.8722692498720823,0.5090504539273191,0.8434120258387917,0.4898827551038405,0.03541885130107403,0.039802664114783205
smd,./data/SMD,machine-1-7,machine-1-7,base_noTTA,100,256,128,0.15,50,64,0.001,1,0,1,0,0.001,adam,0.1,0.99,fixed,gated,5000,none,8,0.95,"[0.5, 1.0, 2.0]",0,0,3,38,2.015652,0,0.002275304403156042,inf,32.46342921257019,0.6502987116867855,0.24053379815328774,0.14426949835225192,0.5915915915915916,0.08215179316096748,0.25766618645811895,23598,23371,0,3677,3450,0.85238116979599,0.9382649064064026,1.0,0.011733289754676642,,,,,,,,,0.0,0.0
smd,./data/SMD,machine-2-5,machine-2-5,gate_noTTA,100,256,128,0.15,50,64,0.001,1,1,1,0,0.001,adam,0.1,0.99,fixed,gated,5000,unc,8,0.95,"[0.5, 1.0, 2.0]",0,0,6,38,2.01569,8,0.0025855558924376965,0.0006046711932867765,25.245304107666016,0.9233468525020647,0.47541150282972294,0.3194549583648751,0.6187683284457478,0.2153061224489796,0.5056710775047258,23590,22728,0,3016,2188,0.903731107711792,0.7254641652107239,0.9983474016189575,0.07155322583866806,0.940465526119735,0.47755282784087216,0.9358063107228006,0.423933977760275,0.9297927370340447,0.3637585624901985,0.9111110312282913,0.24048965657369092,0.0,0.0
smd,./data/SMD,machine-1-4,machine-1-4,fixed,100,256,128,0.15,50,64,0.001,1,1,1,1,0.001,adam,0.1,0.99,fixed,gated,5000,none,8,0.95,"[0.5, 1.0, 2.0]",0,0,5,38,2.01569,8,0.0009263224783353508,0.00028320890851318836,28.540371417999268,0.8203271897642628,0.2656176083659667,0.33121916842847077,0.3361945636623748,0.3263888888888889,0.337722695584818,23608,22969,367,1908,1269,0.9447516202926636,0.6650943160057068,1.0,0.08709718113792261,0.9129756915744648,0.32918317949740716,0.9272614835438387,0.3585107017933173,0.9324543340922163,0.36664243301568233,0.9188267644030684,0.29830574568010054,0.0,0.0
smd,./data/SMD,machine-2-2,machine-2-2,gate_gbuf5k,100,256,128,0.15,50,64,0.001,1,1,1,1,0.001,adam,0.1,0.99,adaptive,gated,5000,unc,8,0.95,"[0.5, 1.0, 2.0]",0,0,7,38,2.01569,8,0.0007799901650287211,0.0004147815052419901,25.079651355743408,0.5815207862357755,0.14577981042099836,0.09724238026124818,0.10003732736095558,0.09459936463113307,0.24290780141843968,23601,20818,360,3922,2665,0.8719857931137085,0.6795002818107605,0.9224554300308228,0.08607358226563576,0.5839203902970034,0.1443246906885448,0.5811134529579374,0.1426275654053516,0.5771312711499728,0.14040567320844785,0.5672757511471769,0.1315027014177318,0.01242937877153357,0.045478047182162605
smd,./data/SMD,machine-1-6,machine-1-6,gate_gbuf5k,100,256,128,0.15,50,64,0.001,1,1,1,1,0.001,adam,0.1,0.99,adaptive,gated,5000,unc,8,0.95,"[0.5, 1.0, 2.0]",0,0,9,38,2.01569,8,0.0006174812442623079,0.0004154276684857905,25.49207329750061,0.8983727502292227,0.6495305894439525,0.44334401398194007,0.4819506016466118,0.4104638619201726,0.6485577544948906,23590,19777,353,6678,3410,0.8275774717330933,0.5106319189071655,0.9677743911743164,0.09054004665955288,0.9225741666017452,0.6848592010671888,0.9321330317739285,0.704570812230561,0.9379779317860059,0.717223822222853,0.9136627611765158,0.5955300017426008,0.05179953078428904,0.00019888624471301833
smd,./data/SMD,machine-1-6,machine-1-6,mask_noTTA,100,256,128,0.15,50,64,0.001,1,1,1,0,0.001,adam,0.1,0.99,fixed,gated,5000,none,8,0.95,"[0.5, 1.0, 2.0]",0,0,0,38,2.01569,8,0.0006204384844750166,0.00039610188105143607,28.88445734977722,0.8936568016314527,0.6492183411218817,0.5096319498825372,0.35908188037960714,0.877562028047465,0.6362293541023231,23590,15753,0,6678,1116,0.9291563630104065,0.16711589694023132,0.8654801249504089,0.06426722885138304,0.919839853794222,0.6863916268551846,0.9302886420632502,0.7074456937534026,0.9369979622496819,0.7212159941132431,0.9161137344231065,0.6074594335406368,0.12763428936402002,0.041342311849196754
smd,./data/SMD,machine-3-10,machine-3-10,base_noTTA,100,256,128,0.15,50,64,0.001,1,0,1,0,0.001,adam,0.1,0.99,fixed,gated,5000,none,8,0.95,"[0.5, 1.0, 2.0]",0,0,7,38,2.015652,0,0.0012255944311618805,inf,25.196296215057373,0.9637638809563517,0.6738237962726441,0.6797066014669926,0.6963927855711423,0.6638013371537727,0.6830154405086286,23594,22615,0,2334,1355,0.9400840401649475,0.5805484056472778,1.0,0.009258136796155015,,,,,,,,,0.0,0.0
smd,./data/SMD,machine-3-5,machine-3-5,gate_noTTA,100,256,128,0.15,50,64,0.001,1,1,1,0,0.001,adam,0.1,0.99,fixed,gated,5000,unc,8,0.95,"[0.5, 1.0, 2.0]",0,0,8,38,2.01569,8,0.001222877181135118,0.00042738529737107456,27.042232513427734,0.8072541416562993,0.27500725900239287,0.07370675081708553,0.03871196874630046,0.7676056338028169,0.36406067677946324,23592,12147,0,1515,430,0.9646003246307373,0.28382837772369385,0.5307333469390869,0.06601512533157468,0.8197610910826374,0.29196709839895263,0.8267987032446129,0.3040096269319961,0.833636434265742,0.3133520689737685,0.8216473999812328,0.14151778389886094,0.059347003077467285,0.7667134006818136
smd,./data/SMD,machine-1-7,machine-1-7,noMask_fixed,100,256,128,0.15,50,64,0.001,1,0,1,1,0.001,adam,0.1,0.99,fixed,gated,5000,none,8,0.95,"[0.5, 1.0, 2.0]",0,0,1,38,2.015652,0,0.0023554451763629913,inf,27.643888473510742,0.653130321952802,0.2361429203250851,0.13739897134459958,0.5771604938271605,0.0779816513761468,0.26727066817667045,23598,23353,368,3677,3432,0.8530381321907043,0.9333695769309998,1.0,0.029154910567615263,,,,,,,,,0.0,0.0
smd,./data/SMD,machine-3-7,machine-3-7,noMask_fixed,100,256,128,0.15,50,64,0.001,1,0,1,1,0.001,adam,0.1,0.99,fixed,gated,5000,none,8,0.95,"[0.5, 1.0, 2.0]",0,0,5,38,2.015652,0,0.0001586738071637228,inf,32.04592275619507,0.8605382369812123,0.4027778781529106,0.11993382961124896,0.06587914584279873,0.6682027649769585,0.4882154882154882,28606,26821,438,929,305,0.9886283278465271,0.3283100128173828,0.9580518007278442,0.026976362955301016,,,,,,,,,0.033787719905376434,0.07131095603108406
smd,./data/SMD,machine-1-8,machine-1-8,noMask_fixed,100,256,128,0.15,50,64,0.001,1,0,1,1,0.001,adam,0.1,0.99,fixed,gated,5000,none,8,0.95,"[0.5, 1.0, 2.0]",0,0,3,38,2.015652,0,0.0005874795606359839,inf,30.868356466293335,0.8380380976914051,0.3602599607012011,0.2933634992458522,0.20592906299629435,0.509829619921363,0.3920994879297732,23600,22483,363,2691,1643,0.9269225597381592,0.6105536818504333,0.9966999888420105,0.031064061795250845,,,,,,,,,0.010962749365717173,0.0010335917274157207
smd,./data/SMD,machine-3-7,machine-3-7,mask_noTTA,100,256,128,0.15,50,64,0.001,1,1,1,0,0.001,adam,0.1,0.99,fixed,gated,5000,none,8,0.95,"[0.5, 1.0, 2.0]",0,0,6,38,2.01569,8,0.00014708368689753115,0.0002517576504033059,33.38547492027283,0.8364478295731228,0.4080376371285437,0.0943549699040182,0.050761421319796954,0.6682027649769585,0.49747899159663866,28606,26931,0,929,259,0.9903828501701355,0.27879440784454346,0.9636882543563843,0.06625212748250886,0.8728874437288735,0.4406022382785057,0.8756693568355126,0.4768491074095987,0.8726898009994446,0.519266433685035,0.8403078532054878,0.48966919735464165,0.038797623167435326,0.04706757624323169
smd,./data/SMD,machine-2-4,machine-2-4,gate_gbuf5k,100,256,128,0.15,50,64,0.001,1,1,1,1,0.001,adam,0.1,0.99,adaptive,gated,5000,unc,8,0.95,"[0.5, 1.0, 2.0]",0,0,5,38,2.01569,8,0.0005767556722275913,0.0003326215664856136,27.74422788619995,0.7997610275813999,0.40434416404120344,0.3380216739681808,0.2773363601967461,0.43270365997638727,0.40646492434663,23590,21929,363,3674,2732,0.875416100025177,0.7436037063598633,0.9638983607292175,0.08750661241144081,0.8403668537955256,0.43187067142708047,0.8573870362830666,0.4467071594076613,0.8673392283799609,0.4545883510830145,0.8236821156895967,0.34234988255311183,0.008831266313791275,0.018717948347330093
smd,./data/SMD,machine-3-1,machine-3-1,fixed,100,256,128,0.15,50,64,0.001,1,1,1,1,0.001,adam,0.1,0.99,fixed,gated,5000,none,8,0.95,"[0.5, 1.0, 2.0]",0,0,4,38,2.01569,8,0.0003969859972130507,0.0002033631899394095,38.746564865112305,0.8765868975346998,0.20115620456437952,0.05082495732979329,0.02617698769290877,0.8701298701298701,0.24920127795527156,28601,18164,340,704,39,0.9978529214859009,0.055397726595401764,0.6497114300727844,0.10724178723807785,0.8978352233846739,0.21295519638951935,0.8976278414808634,0.2222727808347006,0.8945214583950848,0.23721075061664734,0.8411606708310005,0.23162632658179189,0.13829375679294267,0.42484163741270703
smd,./data/SMD,machine-3-3,machine-3-3,gate_gbuf5k,100,256,128,0.15,50,64,0.001,1,1,1,1,0.001,adam,0.1,0.99,adaptive,gated,5000,unc,8,0.95,"[0.5, 1.0, 2.0]",0,0,9,38,2.01569,8,0.0008228679653257132,0.0002892024931497872,26.52508854866028,0.8814799279494395,0.2702193780092409,0.23795079204583752,0.1511777301927195,0.5585443037974683,0.34281650071123754,23604,21218,362,3206,1931,0.908992350101471,0.6023081541061401,0.9455338716506958,0.09048753745514262,0.895857668869187,0.2992926312194679,0.8984620741475544,0.3112134822550554,0.8977327281934853,0.2978241775172343,0.86058985361095,0.12767948335642298,0.006492822431027889,0.014090909312168757
smd,./data/SMD,machine-1-5,machine-1-5,gate_gbuf5k,100,256,128,0.15,50,64,0.001,1,1,1,1,0.001,adam,0.1,0.99,adaptive,gated,5000,unc,8,0.95,"[0.5, 1.0, 2.0]",0,0,4,38,2.01569,8,0.0008110709022730589,0.0002872488694265485,29.261788845062256,0.9598945183427942,0.5497742037540301,0.06232091690544413,0.03231797919762259,0.87,0.5656565656565656,23607,21100,361,793,48,0.9977251291275024,0.06052963435649872,0.9227667450904846,0.09888468892772159,0.9654303990510886,0.551052941235709,0.963534270948064,0.5409219344241665,0.9598055579090061,0.5126237825024014,0.9251982546810134,0.07493413032907312,0.008188620830575625,0.08276010925571124
smd,./data/SMD,machine-3-2,machine-3-2,gate_gbuf5k,100,256,128,0.15,50,64,0.001,1,1,1,1,0.001,adam,0.1,0.99,adaptive,gated,5000,unc,8,0.95,"[0.5, 1.0, 2.0]",0,0,6,38,2.01569,8,0.006780791562050581,0.0010373026598244905,25.17560076713562,0.46684826912480976,0.046489878214348634,0.024193548387096774,0.018439716312056736,0.0351668169522092,0.09057971014492754,23604,22891,365,2018,1950,0.9148136973381042,0.966303288936615,0.9701195359230042,0.08645457264690597,0.567008920471956,0.06074319114007447,0.5758130365371465,0.06657859605744444,0.5807789247654105,0.07342859148023484,0.584245775568783,0.08273515947238629,0.0,0.08081469032913446
smd,./data/SMD,machine-1-7,machine-1-7,gate_noTTA,100,256,128,0.15,50,64,0.001,1,1,1,0,0.001,adam,0.1,0.99,fixed,gated,5000,unc,8,0.95,"[0.5, 1.0, 2.0]",0,0,8,38,2.01569,8,0.002518935827538371,0.0006769538158550858,25.12476682662964,0.6486778992196613,0.2343344486863326,0.1407942238267148,0.5241935483870968,0.08131776480400334,0.26321117635148816,23598,23006,0,3677,3101,0.8652091026306152,0.8433505296707153,0.9991968274116516,0.05922436522208934,0.7049049454760667,0.2940717974622289,0.7098960270231609,0.30404971746818266,0.7123662276116994,0.3053301274296131,0.712518973567539,0.28731006110202434,0.0,0.0
smd,./data/SMD,machine-3-7,machine-3-7,gate_gbuf5k,100,256,128,0.15,50,64,0.001,1,1,1,1,0.001,adam,0.1,0.99,adaptive,gated,5000,unc,8,0.95,"[0.5, 1.0, 2.0]",0,0,9,38,2.01569,8,0.0001726494956528768,0.00025398912839591503,32.7958242893219,0.8412085335365889,0.42119885658492173,0.14251290877796902,0.08377175232699312,0.4769585253456221,0.5177664974619289,28606,26300,442,929,304,0.9884410500526428,0.32723358273506165,0.939263641834259,0.09260507327713667,0.88883334064136,0.45730368995099374,0.8925149560532222,0.488502552057494,0.8909153132282728,0.527500347639951,0.859339014250978,0.4948887446578121,0.026331119239330292,0.003029022734457006
smd,./data/SMD,machine-2-4,machine-2-4,base_noTTA,100,256,128,0.15,50,64,0.001,1,0,1,0,0.001,adam,0.1,0.99,fixed,gated,5000,none,8,0.95,"[0.5, 1.0, 2.0]",0,0,5,38,2.015652,0,0.0005821382510475814,inf,24.04050326347351,0.7484978339769717,0.35930346251107037,0.2649906082935992,0.17543524009948344,0.5413223140495868,0.35345773874862785,23590,20877,0,3674,1797,0.9139243960380554,0.4891126751899719,0.958023726940155,0.009116342179903593,,,,,,,,,0.0422773410876592,0.05080971934755022
smd,./data/SMD,machine-2-6,machine-2-6,gate_gbuf5k,100,256,128,0.15,50,64,0.001,1,1,1,1,0.001,adam,0.1,0.99,adaptive,gated,5000,unc,8,0.95,"[0.5, 1.0, 2.0]",0,0,1,38,2.01569,8,0.00041870775748975575,0.00015932723181322217,34.23149371147156,0.8728481344946757,0.32184672376769186,0.10942452043369474,0.05887632381978101,0.7735849056603774,0.3678571428571429,28644,21605,406,1121,86,0.9960194230079651,0.07671722024679184,0.7818551659584045,0.09279355308959944,0.9026840104017105,0.3396368973906628,0.9065658715030313,0.3481192537073164,0.9073185413886403,0.35248895487380516,0.8908275129638279,0.26044153639139395,0.06512399048854907,0.1496017687022686
smd,./data/SMD,machine-2-4,machine-2-4,gate_noTTA,100,256,128,0.15,50,64,0.001,1,1,1,0,0.001,adam,0.1,0.99,fixed,gated,5000,unc,8,0.95,"[0.5, 1.0, 2.0]",0,0,1,38,2.01569,8,0.0005676366272382438,0.00032319597085006535,29.684014797210693,0.75245786782603,0.35345545385097027,0.2568173089233133,0.1639692659800556,0.5920897284533648,0.36100815418828763,23590,20094,0,3674,1569,0.9219169616699219,0.4270549714565277,0.9301566481590271,0.06251830375512912,0.7940874052893313,0.3762465461391321,0.816827466691072,0.39209352035757167,0.8376506627968737,0.4084784710775338,0.8236050749969204,0.3414158560233627,0.05186020334561666,0.050890945519010224
smd,./data/SMD,machine-2-6,machine-2-6,noMask_fixed,100,256,128,0.15,50,64,0.001,1,0,1,1,0.001,adam,0.1,0.99,fixed,gated,5000,none,8,0.95,"[0.5, 1.0, 2.0]",0,0,8,38,2.015652,0,0.0004039439372718334,inf,32.43267107009888,0.8637564652573412,0.33857143932792433,0.1151557577878894,0.06219281663516068,0.7759433962264151,0.3709677419354839,28644,24275,407,1121,121,0.9950154423713684,0.10793934017419815,0.8775932788848877,0.025069359011064777,,,,,,,,,0.05147411270687977,0.1455072040359179
smd,./data/SMD,machine-3-1,machine-3-1,noMask_fixed,100,256,128,0.15,50,64,0.001,1,0,1,1,0.001,adam,0.1,0.99,fixed,gated,5000,none,8,0.95,"[0.5, 1.0, 2.0]",0,0,5,38,2.015652,0,0.00035328365629538894,inf,28.95813226699829,0.8809943490575359,0.30296439242107,0.054636091724825524,0.02818350133717342,0.8896103896103896,0.35582822085889565,28601,19801,342,704,60,0.9969698786735535,0.08522727340459824,0.7076388001441956,0.023080620672822745,,,,,,,,,0.06921270675957203,0.36982907727360725
smd,./data/SMD,machine-1-7,machine-1-7,mask_noTTA,100,256,128,0.15,50,64,0.001,1,1,1,0,0.001,adam,0.1,0.99,fixed,gated,5000,none,8,0.95,"[0.5, 1.0, 2.0]",0,0,0,38,2.01569,8,0.0024933419190347195,0.0006812465726397932,29.38883638381958,0.6388660249097984,0.23119802859112754,0.14456089627755692,0.5420054200542005,0.08340283569641367,0.25646084040244627,23598,23369,0,3677,3448,0.8524541258811951,0.9377209544181824,1.0,0.06772560713220242,0.7050145587855288,0.29998759269463054,0.7104211958719062,0.3136221220752994,0.713230554547996,0.31743772186240177,0.7134757625658048,0.29428420529748384,0.0,0.0
smd,./data/SMD,machine-1-6,machine-1-6,fixed,100,256,128,0.15,50,64,0.001,1,1,1,1,0.001,adam,0.1,0.99,fixed,gated,5000,none,8,0.95,"[0.5, 1.0, 2.0]",0,0,4,38,2.01569,8,0.0006093215779401362,0.0003627022379077971,28.094265699386597,0.8872207588579161,0.6335573120756229,0.5145301905069422,0.36716589861751153,0.8594929881337648,0.6293471234647705,23590,16182,295,6678,1175,0.9273884296417236,0.17595088481903076,0.8873580694198608,0.0840501797406438,0.9148276218394531,0.6753496410503113,0.9249387646419438,0.6967336155323307,0.931009000081901,0.7080507234142025,0.9101645754405197,0.5889068772655282,0.1215243029097716,0.025198149184385937
smd,./data/SMD,machine-3-1,machine-3-1,fixed,100,256,128,0.15,50,64,0.001,1,1,1,1,0.001,adam,0.1,0.99,fixed,gated,5000,none,8,0.95,"[0.5, 1.0, 2.0]",0,0,9,38,2.01569,8,0.00039897908573038876,0.00020911928731948137,34.234214544296265,0.8608729297259518,0.26186491559437686,0.0484629294755877,0.02492559523809524,0.8701298701298701,0.3181148748159058,28601,18168,340,704,37,0.9979634284973145,0.05255681648850441,0.6499265432357788,0.08226045340634089,0.8887073320452441,0.27433816110905224,0.8908186593626154,0.284421826945052,0.8902701007783426,0.3052331353307989,0.8424477308405882,0.2702809504961166,0.13457984973986944,0.41757891078790027
smd,./data/SMD,machine-1-4,machine-1-4,gate_gbuf5k,100,256,128,0.15,50,64,0.001,1,1,1,1,0.001,adam,0.1,0.99,adaptive,gated,5000,unc,8,0.95,"[0.5, 1.0, 2.0]",0,0,3,38,2.01569,8,0.000978787080384791,0.00027919409330934286,32.256470680236816,0.8213653369295688,0.26755046637004604,0.30917874396135264,0.23703703703703705,0.4444444444444444,0.33813495072024263,23608,22531,362,1908,864,0.9616528153419495,0.4528301954269409,0.9984792470932007,0.12378796041314782,0.9136858151708938,0.3302518708023436,0.9284551231855686,0.359302221462615,0.9331376913521168,0.36469024986848864,0.9197171529318502,0.289516693716644,0.0009053870259473721,0.0
smd,./data/SMD,machine-2-7,machine-2-7,gate_noTTA,100,256,128,0.15,50,64,0.001,1,1,1,0,0.001,adam,0.1,0.99,fixed,gated,5000,unc,8,0.95,"[0.5, 1.0, 2.0]",0,0,8,38,2.01569,8,0.003351918887346983,0.0008195972186513245,28.210833072662354,0.8811280285449892,0.32992914597361506,0.298811544991511,0.5116279069767442,0.21103117505995203,0.38678090575275403,23597,23386,0,2397,2187,0.9064825177192688,0.9123904705047607,0.9999528527259827,0.0607890588083262,0.8728519225085587,0.2948260527517621,0.8642053752504677,0.25322261924914535,0.8540878796597586,0.2109401681838929,0.8131665894570739,0.0868861441296042,0.0,0.0
smd,./data/SMD,machine-1-1,machine-1-1,gate_noTTA,100,256,128,0.15,50,64,0.001,1,1,1,0,0.001,adam,0.1,0.99,fixed,gated,5000,unc,8,0.95,"[0.5, 1.0, 2.0]",0,0,7,38,2.01569,8,0.0001602703850949183,0.00019531050929799676,32.94973349571228,0.8911236109689529,0.4632330069527158,0.35736540830374613,0.2220221481948321,0.9153674832962138,0.5337796713329277,28380,20400,0,3486,79,0.9961274266242981,0.022662077099084854,0.8163011074066162,0.06410723592799847,0.921161123498682,0.5046931390420563,0.9298475673790995,0.5290645879923094,0.9359249556501934,0.5557130734418803,0.9122621186935136,0.5657043612908524,0.08961709961295128,0.24704451858997345
smd,./data/SMD,machine-2-9,machine-2-9,gate_noTTA,100,256,128,0.15,50,64,0.001,1,1,1,0,0.001,adam,0.1,0.99,fixed,gated,5000,unc,8,0.95,"[0.5, 1.0, 2.0]",0,0,1,38,2.01569,8,0.0007339836447499692,0.0004037834005430341,33.50728225708008,0.9722925255168368,0.6855359387199499,0.6137380813387819,0.466016548463357,0.8985754985754986,0.6820181112548512,28623,24763,0,2745,215,0.9913176894187927,0.07832422852516174,0.9486050009727478,0.06260461403764411,0.97532994056152,0.702242269612601,0.9748161121691733,0.7060714315647468,0.972888315432907,0.705010441060542,0.9581283106703065,0.6566200916408048,0.0009314239335556825,0.04571319743990898
smd,./data/SMD,machine-3-4,machine-3-4,gate_gbuf5k,100,256,128,0.15,50,64,0.001,1,1,1,1,0.001,adam,0.1,0.99,adaptive,gated,5000,unc,8,0.95,"[0.5, 1.0, 2.0]",0,0,9,38,2.01569,8,0.0016986370319500566,0.0002855105558410287,27.75100564956665,0.7469857132362253,0.3318832219750177,0.2208333333333333,0.1556861099454469,0.3797338792221085,0.3676366217175302,23588,21418,363,1769,629,0.9706321954727173,0.3555681109428406,0.9527934193611145,0.08844790548434879,0.7773286469467051,0.39007885086661226,0.7827188704356969,0.4082070002694028,0.7851893416478612,0.4188004426221814,0.784312413155595,0.40469204048565965,0.011327687030037245,0.011026293660203615
smd,./data/SMD,machine-3-10,machine-3-10,gate_noTTA,100,256,128,0.15,50,64,0.001,1,1,1,0,0.001,adam,0.1,0.99,fixed,gated,5000,unc,8,0.95,"[0.5, 1.0, 2.0]",0,0,3,38,2.01569,8,0.0011326620588079095,0.00010460303747095168,27.381649017333984,0.9580949459987157,0.6720164302316912,0.6322701688555347,0.6211981566820276,0.6437440305635148,0.6498455200823894,23594,20697,0,2334,455,0.9780161380767822,0.19494430720806122,0.9521166682243347,0.0718750771379192,0.9701379928319948,0.6742257574272624,0.9680950042011168,0.6365327524940035,0.9653964583079753,0.5796970726451618,0.9570592806638718,0.44801103323473956,0.0,0.0
smd,./data/SMD,machine-3-9,machine-3-9,noMask_fixed,100,256,128,0.15,50,64,0.001,1,0,1,1,0.001,adam,0.1,0.99,fixed,gated,5000,none,8,0.95,"[0.5, 1.0, 2.0]",0,0,9,38,2.015652,0,0.00017709862731862813,inf,32.51791262626648,0.8310290268731203,0.30474446213223855,0.027573434847471576,0.014005016722408026,0.8844884488448845,0.3544857768052516,28614,5981,196,699,11,0.9981608390808105,0.015736766159534454,0.21386350691318512,0.019854908345455044,,,,,,,,,0.4132126222054164,0.9965626001358032
smd,./data/SMD,machine-1-3,machine-1-3,base_noTTA,100,256,128,0.15,50,64,0.001,1,0,1,0,0.001,adam,0.1,0.99,fixed,gated,5000,none,8,0.95,"[0.5, 1.0, 2.0]",0,0,4,38,2.015652,0,0.0006558469613082707,inf,27.646132707595825,0.8225175691210043,0.2562460294324644,0.31646305991855733,0.30155210643015523,0.3329253365973072,0.3290453622207177,23604,22881,0,2005,1351,0.940955400466919,0.6738154888153076,0.9968054294586182,0.010109143708847555,,,,,,,,,0.0,0.010012323036789894
smd,./data/SMD,machine-3-9,machine-3-9,fixed,100,256,128,0.15,50,64,0.001,1,1,1,1,0.001,adam,0.1,0.99,fixed,gated,5000,none,8,0.95,"[0.5, 1.0, 2.0]",0,0,3,38,2.01569,8,0.00024273170856758952,0.00012882422015536577,32.90897870063782,0.8396113951416261,0.15642123061834357,0.03255813953488372,0.016586643387167175,0.8778877887788779,0.22270742358078605,28614,5119,134,699,3,0.9994139671325684,0.004291845485568047,0.1832706481218338,0.07981488962480755,0.8528929872923934,0.16610391951734182,0.8565852678192846,0.17393961622241852,0.859669177054981,0.18854694345362774,0.8385078000936314,0.21551383421801829,0.45864564180374146,0.969538946946462
smd,./data/SMD,machine-2-8,machine-2-8,fixed,100,256,128,0.15,50,64,0.001,1,1,1,1,0.001,adam,0.1,0.99,fixed,gated,5000,none,8,0.95,"[0.5, 1.0, 2.0]",0,0,4,38,2.01569,8,0.00010495087917661294,7.058833580231294e-05,30.598117351531982,0.9947774058890916,0.967238575838389,0.09952456418383518,0.05243820975283901,0.9751552795031055,0.9627329192546584,23604,21457,355,260,10,0.9995339512825012,0.03846153989434242,0.9187371730804443,0.10288245515123583,0.9937463426011183,0.967313714444962,0.9934128564199519,0.967629065840065,0.9930120925677433,0.9675673284530465,0.9883494861305102,0.9450862843375879,0.05619088063637415,0.0
smd,./data/SMD,machine-1-3,machine-1-3,noMask_fixed,100,256,128,0.15,50,64,0.001,1,0,1,1,0.001,adam,0.1,0.99,fixed,gated,5000,none,8,0.95,"[0.5, 1.0, 2.0]",0,0,8,38,2.015652,0,0.000664475024677813,inf,23.51330804824829,0.833345758996403,0.2882265827572559,0.33059788980070337,0.3172103487064117,0.34516523867809057,0.33875739644970415,23604,22887,366,2005,1349,0.9410582184791565,0.6728179454803467,0.9971758127212524,0.02936932257203162,,,,,,,,,0.0,0.00924214410285155
smd,./data/SMD,machine-2-9,machine-2-9,noMask_fixed,100,256,128,0.15,50,64,0.001,1,0,1,1,0.001,adam,0.1,0.99,fixed,gated,5000,none,8,0.95,"[0.5, 1.0, 2.0]",0,0,3,38,2.015652,0,0.0007042334182187915,inf,36.73215985298157,0.9713343849510275,0.6148015962824649,0.5681739730755955,0.40752661549888586,0.9378917378917379,0.6734039930983485,28623,25025,413,2745,162,0.9935264587402344,0.0590163916349411,0.9607775211334229,0.02928568632752708,,,,,,,,,0.0029106996953487396,0.059707349787155785
smd,./data/SMD,machine-2-6,machine-2-6,gate_gbuf5k,100,256,128,0.15,50,64,0.001,1,1,1,1,0.001,adam,0.1,0.99,adaptive,gated,5000,unc,8,0.95,"[0.5, 1.0, 2.0]",0,0,4,38,2.01569,8,0.00042423317790962756,0.00016052948194555938,38.90735864639282,0.8601060059017647,0.31241309040975823,0.10720705997712045,0.05759438103599649,0.7735849056603774,0.36429872495446264,28644,21618,406,1121,73,0.996623158454895,0.06512042880058289,0.7827998399734497,0.11611232010450231,0.9003200231593298,0.32976428465458385,0.9066987494894753,0.3386903497556709,0.9099875941680597,0.34125585022676,0.9004680586472046,0.2409057451921587,0.06543554986516635,0.14910102635622025
smd,./data/SMD,machine-3-8,machine-3-8,noMask_fixed,100,256,128,0.15,50,64,0.001,1,0,1,1,0.001,adam,0.1,0.99,fixed,gated,5000,none,8,0.95,"[0.5, 1.0, 2.0]",0,0,0,38,2.015652,0,0.0006019564461894333,inf,31.81067991256714,0.8657886445378276,0.2809565904022437,0.31822565091610416,0.21630833770319874,0.6017505470459519,0.3371143375680581,28605,24450,425,1965,305,0.9875255823135376,0.1552162915468216,0.9063438177108765,0.026899900204692347,,,,,,,,,0.01980659489830335,0.22620715200901031
smd,./data/SMD,machine-3-3,machine-3-3,mask_noTTA,100,256,128,0.15,50,64,0.001,1,1,1,0,0.001,adam,0.1,0.99,fixed,gated,5000,none,8,0.95,"[0.5, 1.0, 2.0]",0,0,3,38,2.01569,8,0.0008393939351662993,0.00029042037203907967,30.7258939743042,0.8881636845862169,0.26920143949709113,0.24746227709190674,0.14968469963491537,0.7136075949367089,0.3414330218068536,23604,22276,0,3206,2290,0.8971987962722778,0.7142857313156128,0.9798019528388977,0.06466832247412299,0.9006483974346664,0.2968572657063359,0.9024532963460621,0.30488324485486545,0.9009124419993539,0.29266813054186186,0.864622431360758,0.13070853910424604,0.00812215730547905,0.03417484648525715
smd,./data/SMD,machine-2-4,machine-2-4,gate_gbuf5k,100,256,128,0.15,50,64,0.001,1,1,1,1,0.001,adam,0.1,0.99,adaptive,gated,5000,unc,8,0.95,"[0.5, 1.0, 2.0]",0,0,1,38,2.01569,8,0.0005676366272382438,0.00032319597085006535,31.3102023601532,0.7920922378784702,0.4026080102918017,0.3252032520325203,0.26335040234089246,0.42502951593860683,0.40640640640640646,23590,21869,363,3674,2729,0.8752114772796631,0.7427871823310852,0.9610363245010376,0.09582352971767864,0.8347781359560897,0.429198850936824,0.8527811274055255,0.44312836372879016,0.8637605332112347,0.4489570514326766,0.8209774787819385,0.33792424024484663,0.0037579856192072234,0.020512820531924564
smd,./data/SMD,machine-3-11,machine-3-11,noMask_fixed,100,256,128,0.15,50,64,0.001,1,0,1,1,0.001,adam,0.1,0.99,fixed,gated,5000,none,8,0.95,"[0.5, 1.0, 2.0]",0,0,4,38,2.015652,0,0.00036813595215789974,inf,35.695836782455444,0.8794097547869743,0.5973140819333304,0.02557988293951875,0.012975588299978007,0.8939393939393939,0.6390532544378699,28597,12666,227,440,0,1.0,0.0,0.4498348534107208,0.022902415174493658,,,,,,,,,0.2156177187959353,0.9821826219558716
smd,./data/SMD,machine-3-7,machine-3-7,noMask_fixed,100,256,128,0.15,50,64,0.001,1,0,1,1,0.001,adam,0.1,0.99,fixed,gated,5000,none,8,0.95,"[0.5, 1.0, 2.0]",0,0,8,38,2.015652,0,0.00017354880401398987,inf,32.2406530380249,0.8586255443732784,0.40358685062788136,0.14336525307797537,0.08134119838559453,0.6036866359447005,0.4888123924268503,28606,26796,439,929,336,0.9874607920646667,0.36167922616004944,0.9560284614562988,0.02789983280653688,,,,,,,,,0.035651871003210545,0.08351224412520726
smd,./data/SMD,machine-3-2,machine-3-2,mask_noTTA,100,256,128,0.15,50,64,0.001,1,1,1,0,0.001,adam,0.1,0.99,fixed,gated,5000,none,8,0.95,"[0.5, 1.0, 2.0]",0,0,0,38,2.01569,8,0.007416234351694584,0.0010278199333697557,27.17038106918335,0.4721481193128588,0.04575535764306107,0.023255813953488372,0.14736842105263157,0.012623985572587917,0.09106751865588274,23604,23604,0,2018,2018,0.9145060181617737,1.0,1.0,0.06012745053863913,0.5711406421248792,0.061948967696652396,0.58010665071993,0.06953893569876583,0.5851836667059641,0.07797901041686374,0.588621523321504,0.08773491477059758,0.0,0.0
smd,./data/SMD,machine-2-6,machine-2-6,gate_gbuf5k,100,256,128,0.15,50,64,0.001,1,1,1,1,0.001,adam,0.1,0.99,adaptive,gated,5000,unc,8,0.95,"[0.5, 1.0, 2.0]",0,0,0,38,2.01569,8,0.00041784188942983747,0.0001712084049358964,36.33381772041321,0.8488824590730804,0.312188916143557,0.10900962861072903,0.05879080118694362,0.7476415094339622,0.35100548446069474,28644,22095,408,1121,78,0.9964697957038879,0.06958073377609253,0.7999491095542908,0.09794830193883829,0.8969466462612274,0.3324704058221468,0.9046191319648719,0.34634497956282223,0.9074754465133416,0.3510227548429961,0.8944591503670779,0.24470239751279407,0.05904943682253361,0.14610153312484422
smd,./data/SMD,machine-3-8,machine-3-8,base_noTTA,100,256,128,0.15,50,64,0.001,1,0,1,0,0.001,adam,0.1,0.99,fixed,gated,5000,none,8,0.95,"[0.5, 1.0, 2.0]",0,0,5,38,2.015652,0,0.000617250450886786,inf,29.988621950149536,0.8646241429586736,0.2704062365497595,0.31010613751730504,0.22679716503543706,0.49015317286652077,0.31210762331838565,28605,25415,0,1965,516,0.979697048664093,0.26259541511535645,0.9346471428871155,0.009492768459523439,,,,,,,,,0.004194337564210097,0.2053399458527565
smd,./data/SMD,machine-2-8,machine-2-8,gate_gbuf5k,100,256,128,0.15,50,64,0.001,1,1,1,1,0.001,adam,0.1,0.99,adaptive,gated,5000,unc,8,0.95,"[0.5, 1.0, 2.0]",0,0,4,38,2.01569,8,0.00010495087917661294,7.058833580231294e-05,30.89607810974121,0.9936853969461742,0.9658949246042958,0.14490078449469312,0.07826520438683948,0.9751552795031055,0.9597523219814242,23604,21705,366,260,14,0.9993549585342407,0.05384615436196327,0.9291895031929016,0.10913188246180902,0.992536663692378,0.9660663456304405,0.9922343099236939,0.966233741417774,0.9918459462696774,0.9667196952533084,0.9879844717858554,0.94358733747992,0.03487222890059153,0.006638418262203534
smd,./data/SMD,machine-2-4,machine-2-4,gate_gbuf5k,100,256,128,0.15,50,64,0.001,1,1,1,1,0.001,adam,0.1,0.99,adaptive,gated,5000,unc,8,0.95,"[0.5, 1.0, 2.0]",0,0,3,38,2.01569,8,0.0005792417796328664,0.0003672029124572873,33.82537078857422,0.8023268141063508,0.40779424578755746,0.338785046728972,0.2803557617942769,0.4279811097992916,0.4166375393219154,23590,22127,363,3674,2807,0.8731414079666138,0.7640174031257629,0.9700742959976196,0.11384010112806113,0.8417590076954808,0.4355333420964325,0.858992840221012,0.4520690251461612,0.8701081038864421,0.46183695693682775,0.8260682837384155,0.35527722194772327,0.003006388433277607,0.020512820531924564
smd,./data/SMD,machine-3-9,machine-3-9,noMask_fixed,100,256,128,0.15,50,64,0.001,1,0,1,1,0.001,adam,0.1,0.99,fixed,gated,5000,none,8,0.95,"[0.5, 1.0, 2.0]",0,0,2,38,2.015652,0,0.00016821800090838224,inf,31.34352970123291,0.844784235551327,0.3458420553134589,0.028046471160243617,0.014244125597837389,0.9042904290429042,0.3805970149253731,28614,5451,174,699,0,1.0,0.0,0.1952713578939438,0.018459258943081668,,,,,,,,,0.4327941983938217,1.0
smd,./data/SMD,machine-1-4,machine-1-4,base_noTTA,100,256,128,0.15,50,64,0.001,1,0,1,0,0.001,adam,0.1,0.99,fixed,gated,5000,none,8,0.95,"[0.5, 1.0, 2.0]",0,0,6,38,2.015652,0,0.0009513837867416441,inf,26.29115343093872,0.8065015612689298,0.273021857316699,0.30626450116009285,0.34554973821989526,0.275,0.31446540880503143,23608,22998,0,1908,1298,0.9435603022575378,0.6802935004234314,1.0,0.008875133626867416,,,,,,,,,0.0,0.0
smd,./data/SMD,machine-1-3,machine-1-3,gate_noTTA,100,256,128,0.15,50,64,0.001,1,1,1,0,0.001,adam,0.1,0.99,fixed,gated,5000,unc,8,0.95,"[0.5, 1.0, 2.0]",0,0,9,38,2.01569,8,0.0006648455746471882,0.00020818295888602734,27.56399917602539,0.8124074559968407,0.24829924044423007,0.29596907785753723,0.26961770623742454,0.32802937576499386,0.3038327526132404,23604,22572,0,2005,1150,0.9490519165992737,0.5735660791397095,0.9918051958084106,0.06874612460114596,0.8782568295776276,0.2925814251004921,0.8939545601523854,0.312706572554724,0.9024692234866213,0.32500598692789273,0.9021359768298645,0.2753318369303902,0.0,0.009550215676426888
smd,./data/SMD,machine-3-2,machine-3-2,gate_noTTA,100,256,128,0.15,50,64,0.001,1,1,1,0,0.001,adam,0.1,0.99,fixed,gated,5000,unc,8,0.95,"[0.5, 1.0, 2.0]",0,0,6,38,2.01569,8,0.006780791562050581,0.0010373026598244905,25.25684118270874,0.47314545551924425,0.046899380278400425,0.024038461538461536,0.1079136690647482,0.013525698827772768,0.0906955736224029,23604,23585,0,2018,2012,0.9146915674209595,0.9970267415046692,0.9993977546691895,0.06826882280751499,0.5614498586528354,0.05977636015247047,0.5712908411970173,0.06537546073583486,0.5772756566235695,0.07183853087461652,0.5817775380729804,0.07967046413883608,0.0,0.0
smd,./data/SMD,machine-2-1,machine-2-1,fixed,100,256,128,0.15,50,64,0.001,1,1,1,1,0.001,adam,0.1,0.99,fixed,gated,5000,none,8,0.95,"[0.5, 1.0, 2.0]",0,0,1,38,2.01569,8,0.0013761433074250817,0.0003181587962899357,29.600247383117676,0.7571236834555961,0.29718074697185176,0.30612244897959184,0.24892933618843682,0.3974358974358974,0.32601880877742945,23595,23008,365,2457,1870,0.9187239408493042,0.7610907554626465,1.0,0.09046658845138793,0.8102678700174705,0.36927209416097145,0.8193479092386924,0.39826868502838186,0.8220514641931798,0.40956365874063033,0.8030050946606622,0.33363769635671925,0.0,0.0
smd,./data/SMD,machine-3-1,machine-3-1,mask_noTTA,100,256,128,0.15,50,64,0.001,1,1,1,0,0.001,adam,0.1,0.99,fixed,gated,5000,none,8,0.95,"[0.5, 1.0, 2.0]",0,0,0,38,2.01569,8,0.00039924803422763944,0.0001951724843820557,33.476399183273315,0.877668691198911,0.2814654246803619,0.05011473152822396,0.025786341739869652,0.8863636363636364,0.3413566739606127,28601,16376,0,704,34,0.9979237914085388,0.04829545319080353,0.5857977271080017,0.059488557326260585,0.8936992494684801,0.2885484069061405,0.8922379131857153,0.29253758366462373,0.886912309302419,0.29669339989006627,0.8299045277067256,0.20012676723386608,0.20402909939487776,0.5067896296580633
smd,./data/SMD,machine-2-4,machine-2-4,mask_noTTA,100,256,128,0.15,50,64,0.001,1,1,1,0,0.001,adam,0.1,0.99,fixed,gated,5000,none,8,0.95,"[0.5, 1.0, 2.0]",0,0,0,38,2.01569,8,0.0005679897149093449,0.0003561358025763184,28.130221366882324,0.7585753094577413,0.36490496430251285,0.26386078510724403,0.17100891764294457,0.577331759149941,0.3684582743988685,23590,20529,0,3674,1739,0.9152905941009521,0.47332608699798584,0.9434625506401062,0.062255254990471375,0.7992023785592572,0.38962286224037446,0.8215135429781321,0.4079107168233268,0.8423658054731232,0.4293666516195799,0.8282744441489198,0.3573193571718056,0.050357008973757424,0.045428014476783574
smd,./data/SMD,machine-3-10,machine-3-10,noMask_fixed,100,256,128,0.15,50,64,0.001,1,0,1,1,0.001,adam,0.1,0.99,fixed,gated,5000,none,8,0.95,"[0.5, 1.0, 2.0]",0,0,1,38,2.015652,0,0.0011212896788492799,inf,27.29762315750122,0.9628904442707369,0.708530015653168,0.6622264509990485,0.6597156398104266,0.664756446991404,0.6660386245878475,23594,22590,358,2334,1330,0.9411243796348572,0.569837212562561,1.0,0.02866722198121576,,,,,,,,,0.0,0.0
smd,./data/SMD,machine-1-2,machine-1-2,gate_gbuf5k,100,256,128,0.15,50,64,0.001,1,1,1,1,0.001,adam,0.1,0.99,adaptive,gated,5000,unc,8,0.95,"[0.5, 1.0, 2.0]",0,0,4,38,2.01569,8,0.004180619027465582,0.0008277143933810294,29.148369073867798,0.8874809696611132,0.22852563750896634,0.2508169934640523,0.16107030430220357,0.566420664206642,0.2693935119887165,23595,21963,362,1532,660,0.96994948387146,0.4308094084262848,0.9655531644821167,0.09766909297580158,0.9009996028173827,0.2583186814890155,0.8929615956923218,0.2705766240990745,0.8795067157651536,0.2723404748088826,0.8228392596209997,0.16670276954239804,0.017762310298470158,0.0
smd,./data/SMD,machine-1-5,machine-1-5,gate_noTTA,100,256,128,0.15,50,64,0.001,1,1,1,0,0.001,adam,0.1,0.99,fixed,gated,5000,unc,8,0.95,"[0.5, 1.0, 2.0]",0,0,1,38,2.01569,8,0.0008458358352072537,0.0003280056989751756,31.236685514450073,0.9319630602389221,0.5382773498798946,0.07264573991031391,0.038028169014084505,0.81,0.5945945945945946,23607,21577,0,793,51,0.9976363778114319,0.06431273370981216,0.9435434341430664,0.06876782813076042,0.9564669999152757,0.546812096853388,0.9587952215538422,0.5442740214882495,0.9597051597051596,0.5190505069486362,0.9348737609082436,0.06899149714990058,0.0,0.0697844320287307
smd,./data/SMD,machine-3-2,machine-3-2,noMask_fixed,100,256,128,0.15,50,64,0.001,1,0,1,1,0.001,adam,0.1,0.99,fixed,gated,5000,none,8,0.95,"[0.5, 1.0, 2.0]",0,0,4,38,2.015652,0,0.006663316860795021,inf,29.92688012123108,0.4718284848319889,0.04654640390323277,0.023255813953488372,0.14736842105263157,0.012623985572587917,0.09038089089735313,23604,23604,369,2018,2018,0.9145060181617737,1.0,1.0,0.03193741308553929,,,,,,,,,0.0,0.0
smd,./data/SMD,machine-2-9,machine-2-9,gate_noTTA,100,256,128,0.15,50,64,0.001,1,1,1,0,0.001,adam,0.1,0.99,fixed,gated,5000,unc,8,0.95,"[0.5, 1.0, 2.0]",0,0,7,38,2.01569,8,0.0007677989196963608,0.0003939842281397432,29.076308727264404,0.9618536615977933,0.6019425560091607,0.5779116465863454,0.4462015503875969,0.81994301994302,0.5968194574368569,28623,24807,0,2745,223,0.9910106062889099,0.08123861253261566,0.9499961137771606,0.060501386171133105,0.9682259851837484,0.6354533112672583,0.9685193161590241,0.6462635008559163,0.9672148094479093,0.6505092057324321,0.9521300751990114,0.596716935008849,0.0008149959612637758,0.037302579109867416
smd,./data/SMD,machine-1-5,machine-1-5,gate_gbuf5k,100,256,128,0.15,50,64,0.001,1,1,1,1,0.001,adam,0.1,0.99,adaptive,gated,5000,unc,8,0.95,"[0.5, 1.0, 2.0]",0,0,3,38,2.01569,8,0.0008147303597070277,0.0002932272618636489,31.92871379852295,0.9452567143946453,0.5321681268280303,0.057279236276849645,0.029650547123190964,0.84,0.5792349726775956,23607,21098,361,793,47,0.9977722764015198,0.05926860123872757,0.9227228760719299,0.11352331901831786,0.9547437092264678,0.5244903107997185,0.9523349995763789,0.5066024258863749,0.9485791747860712,0.46231516753693463,0.9212996695755316,0.05928155026074955,0.007906254380941391,0.0803029052913189
smd,./data/SMD,machine-1-6,machine-1-6,mask_noTTA,100,256,128,0.15,50,64,0.001,1,1,1,0,0.001,adam,0.1,0.99,fixed,gated,5000,none,8,0.95,"[0.5, 1.0, 2.0]",0,0,8,38,2.01569,8,0.0006029137875884771,0.00035587220918387175,27.41923213005066,0.8871435617342409,0.6378277330266744,0.5006939090208173,0.3505722306197366,0.8756742179072277,0.6304377286895242,23590,15241,0,6678,1071,0.9297290444374084,0.1603773534297943,0.8378666043281555,0.06138152518278464,0.9161519786839569,0.677429815809834,0.9269912673782271,0.698678169735187,0.9334551750808359,0.7107948437027933,0.9140793921431402,0.594360914835832,0.1313657065232595,0.0562931535144647
smd,./data/SMD,machine-3-3,machine-3-3,gate_gbuf5k,100,256,128,0.15,50,64,0.001,1,1,1,1,0.001,adam,0.1,0.99,adaptive,gated,5000,unc,8,0.95,"[0.5, 1.0, 2.0]",0,0,6,38,2.01569,8,0.0008429564186371863,0.00028945214580744505,25.66567897796631,0.883999118845567,0.29018644509642044,0.260217472815898,0.1705159705159705,0.5490506329113924,0.3640226628895184,23604,21180,363,3206,1926,0.9090651273727417,0.600748598575592,0.9439160823822021,0.09886242942958742,0.8984099853561571,0.32079750953280173,0.900974166702787,0.33172497252411465,0.9003952575675859,0.3132337392310948,0.8628112913960152,0.12693539834899967,0.010227433095375696,0.012575758000214895
smd,./data/SMD,machine-2-9,machine-2-9,gate_noTTA,100,256,128,0.15,50,64,0.001,1,1,1,0,0.001,adam,0.1,0.99,fixed,gated,5000,unc,8,0.95,"[0.5, 1.0, 2.0]",0,0,6,38,2.01569,8,0.0007254161755554378,0.00040044818888418376,34.08695721626282,0.9688972181574251,0.6654820524051457,0.6010823347506765,0.45481134834747,0.886039886039886,0.6614372469635628,28623,24777,0,2745,219,0.9911611676216125,0.0797814205288887,0.9489914178848267,0.07025434115987293,0.9726695823332454,0.6855905381120141,0.97238695347495,0.6910046713670029,0.9706082362773876,0.6920918895445055,0.9556842767730149,0.6344459574759722,0.0012807078504314025,0.04453128824631373
smd,./data/SMD,machine-2-1,machine-2-1,mask_noTTA,100,256,128,0.15,50,64,0.001,1,1,1,0,0.001,adam,0.1,0.99,fixed,gated,5000,none,8,0.95,"[0.5, 1.0, 2.0]",0,0,1,38,2.01569,8,0.0013761433074250817,0.0003181587962899357,30.045612335205078,0.7650967552938783,0.3038106418002007,0.30126728110599077,0.22719374456993918,0.44700854700854703,0.33023819136051674,23595,22774,0,2457,1643,0.9278563261032104,0.6687016487121582,0.9996688365936279,0.06400938129041073,0.8125408111689412,0.3753047543749217,0.8209731082666618,0.405929056994581,0.82318922494069,0.418907742676221,0.799846886967292,0.34524419030723197,0.00014887598808854818,0.0
smd,./data/SMD,machine-2-2,machine-2-2,noMask_fixed,100,256,128,0.15,50,64,0.001,1,0,1,1,0.001,adam,0.1,0.99,fixed,gated,5000,none,8,0.95,"[0.5, 1.0, 2.0]",0,0,2,38,2.015652,0,0.0006764787249267101,inf,27.136919021606445,0.5874994931593298,0.14772863029546818,0.11046299671892089,0.11421032793064455,0.10695375926579598,0.24706609017912293,23601,21581,360,3922,2856,0.8676613569259644,0.7281998991966248,0.9515219330787659,0.02858525721442219,,,,,,,,,0.009463276714086533,0.04862350970506668
smd,./data/SMD,machine-3-8,machine-3-8,noMask_fixed,100,256,128,0.15,50,64,0.001,1,0,1,1,0.001,adam,0.1,0.99,fixed,gated,5000,none,8,0.95,"[0.5, 1.0, 2.0]",0,0,6,38,2.015652,0,0.0006268253782764077,inf,31.65252685546875,0.9003300942214083,0.36094156434160185,0.37782340862423,0.26293226636181766,0.6710430342815463,0.3963698798135884,28605,24692,425,1965,283,0.9885388016700745,0.14402034878730774,0.9162537455558777,0.02713896890262523,,,,,,,,,0.017359897804756958,0.2103316659728686
smd,./data/SMD,machine-2-6,machine-2-6,mask_noTTA,100,256,128,0.15,50,64,0.001,1,1,1,0,0.001,adam,0.1,0.99,fixed,gated,5000,none,8,0.95,"[0.5, 1.0, 2.0]",0,0,8,38,2.01569,8,0.0004370217502582818,0.00016023681382648647,29.961209774017334,0.8544937327895732,0.35126385842928265,0.10538448872056644,0.0566471941936626,0.7547169811320755,0.37847222222222227,28644,24355,0,1121,119,0.9951139688491821,0.10615521669387817,0.8805726170539856,0.06827373708398161,0.8962504005911092,0.368981634978804,0.9023187312738231,0.3759846808041954,0.9056945233781973,0.3745332124911894,0.897032927423218,0.2381806491564833,0.04327302177747091,0.14738523215055466
smd,./data/SMD,machine-2-2,machine-2-2,base_noTTA,100,256,128,0.15,50,64,0.001,1,0,1,0,0.001,adam,0.1,0.99,fixed,gated,5000,none,8,0.95,"[0.5, 1.0, 2.0]",0,0,2,38,2.015652,0,0.0006764787249267101,inf,27.4853036403656,0.5782412627899985,0.15423814170263211,0.12699564586357037,0.13064576334453154,0.12354394634662902,0.2394340203014457,23601,21468,0,3922,2761,0.8713899850845337,0.7039775848388672,0.9506072402000427,0.010298145084551626,,,,,,,,,0.009604519853989283,0.04976724833250046
smd,./data/SMD,machine-2-9,machine-2-9,mask_noTTA,100,256,128,0.15,50,64,0.001,1,1,1,0,0.001,adam,0.1,0.99,fixed,gated,5000,none,8,0.95,"[0.5, 1.0, 2.0]",0,0,2,38,2.01569,8,0.0006990582915022969,0.0004081728111486882,35.762823820114136,0.9683137256393457,0.6716059813696674,0.5904907975460123,0.44495810459404794,0.8774928774928775,0.6442708333333333,28623,25515,0,2745,258,0.9898883104324341,0.09398907423019409,0.9760027527809143,0.07504476956325278,0.9725213374117591,0.6933385927725765,0.972289334954815,0.7002772942270714,0.9704906608974543,0.7031532549993379,0.9550083002154053,0.64494460199507,0.0013971358227233093,0.04884463424483935
smd,./data/SMD,machine-1-7,machine-1-7,gate_gbuf5k,100,256,128,0.15,50,64,0.001,1,1,1,1,0.001,adam,0.1,0.99,adaptive,gated,5000,unc,8,0.95,"[0.5, 1.0, 2.0]",0,0,3,38,2.01569,8,0.0024281791411340237,0.0006619528867304325,33.372408866882324,0.6476770671492094,0.2298638160709684,0.20337881741390512,0.4602941176470588,0.1305254378648874,0.25741746761387385,23598,22744,365,3677,2836,0.8753077983856201,0.7712809443473816,0.999347448348999,0.12492956736500217,0.7053265019940674,0.29127133224442814,0.7101603637724772,0.3037708520838953,0.7122039662377301,0.306947103687781,0.708695341803413,0.28711984340546376,0.0,0.0
smd,./data/SMD,machine-2-2,machine-2-2,gate_gbuf5k,100,256,128,0.15,50,64,0.001,1,1,1,1,0.001,adam,0.1,0.99,adaptive,gated,5000,unc,8,0.95,"[0.5, 1.0, 2.0]",0,0,0,38,2.01569,8,0.0007796758436597884,0.00041587711893953383,29.534329414367676,0.5841338681195247,0.14613691531530804,0.09642921877832154,0.09910581222056632,0.09389339922343805,0.24620429976922142,23601,20869,360,3922,2670,0.8720590472221375,0.6807751059532166,0.9247929453849792,0.10298228931600757,0.5835784198009578,0.1442732520546678,0.5800498445341837,0.1426668800370939,0.5759419696231884,0.1407740362734941,0.5650601152364112,0.1307829559215023,0.015112994549175104,0.04564296081662178
smd,./data/SMD,machine-2-3,machine-2-3,noMask_fixed,100,256,128,0.15,50,64,0.001,1,0,1,1,0.001,adam,0.1,0.99,fixed,gated,5000,none,8,0.95,"[0.5, 1.0, 2.0]",0,0,4,38,2.015652,0,0.0006462572491727769,inf,27.420872688293457,0.9507463515757193,0.44899800872715256,0.2529989094874591,0.14824281150159743,0.862453531598513,0.4684931506849316,23590,22095,361,1259,463,0.979045033454895,0.36775219440460205,0.9686982035636902,0.02797591883330691,,,,,,,,,0.03899355077495178,0.02238101481149594
smd,./data/SMD,machine-3-5,machine-3-5,gate_gbuf5k,100,256,128,0.15,50,64,0.001,1,1,1,1,0.001,adam,0.1,0.99,adaptive,gated,5000,unc,8,0.95,"[0.5, 1.0, 2.0]",0,0,7,38,2.01569,8,0.0015578684397041798,0.0004480683128349483,27.821788787841797,0.8164360112966647,0.3097473803823829,0.1534313725490196,0.08565955117679255,0.7347417840375586,0.38164251207729466,23592,18531,356,1515,653,0.9647617340087891,0.43102309107780457,0.8098020553588867,0.09052591349723663,0.8256287780411243,0.3307570275353328,0.8298275936873479,0.34155611002648073,0.8328660695457218,0.3414210280626491,0.8160597080585095,0.14539251541465883,0.047053838769594826,0.08532570923368137
smd,./data/SMD,machine-1-6,machine-1-6,fixed,100,256,128,0.15,50,64,0.001,1,1,1,1,0.001,adam,0.1,0.99,fixed,gated,5000,none,8,0.95,"[0.5, 1.0, 2.0]",0,0,9,38,2.01569,8,0.0006174812442623079,0.0004154276684857905,27.647048473358154,0.8890537164567395,0.6394445399371534,0.5201750121536218,0.37178596247394025,0.8656957928802589,0.6314937255431117,23590,16384,295,6678,1187,0.92755126953125,0.17774783074855804,0.8985927104949951,0.08746614492561111,0.9144726864847386,0.675825991178985,0.9247808071389502,0.6962872392488044,0.9315858425806566,0.70988464962168,0.9107152806493028,0.5875925204650043,0.12040802836418152,0.017729357816278934
smd,./data/SMD,machine-3-9,machine-3-9,fixed,100,256,128,0.15,50,64,0.001,1,1,1,1,0.001,adam,0.1,0.99,fixed,gated,5000,none,8,0.95,"[0.5, 1.0, 2.0]",0,0,4,38,2.01569,8,0.00023342766507994384,0.00012907039490528405,37.15348672866821,0.8390785329852943,0.23989266106117874,0.03220439691027926,0.01639741029829975,0.8943894389438944,0.2877094972067039,28614,4947,148,699,6,0.9987871646881104,0.008583690971136093,0.17700161039829254,0.09273585345315644,0.8563589727504958,0.2522532399504379,0.8612084017271844,0.2619826414248346,0.8649005660861757,0.28045647663923756,0.8405121029526396,0.2448073368104013,0.4612187594175339,0.9796497424443563
smd,./data/SMD,machine-2-2,machine-2-2,base_noTTA,100,256,128,0.15,50,64,0.001,1,0,1,0,0.001,adam,0.1,0.99,fixed,gated,5000,none,8,0.95,"[0.5, 1.0, 2.0]",0,0,3,38,2.015652,0,0.0007175771752372384,inf,29.522432565689087,0.5652260680238793,0.1507929946953405,0.12125834127740706,0.1318407960199005,0.11224849982350865,0.23241820233170365,23601,21570,0,3922,2821,0.8692165017127991,0.7192758917808533,0.9527415037155151,0.01197840964297643,,,,,,,,,0.00847457597653071,0.04862350970506668
smd,./data/SMD,machine-2-4,machine-2-4,gate_noTTA,100,256,128,0.15,50,64,0.001,1,1,1,0,0.001,adam,0.1,0.99,fixed,gated,5000,unc,8,0.95,"[0.5, 1.0, 2.0]",0,0,2,38,2.01569,8,0.0005648802034556866,0.00034931008121930063,29.484861850738525,0.7553867024087528,0.3614544355244264,0.2635243706480986,0.17041912019397298,0.5808736717827627,0.36245733788395906,23590,20441,0,3674,1719,0.9159042835235596,0.4678824245929718,0.9400482177734375,0.07362287900568117,0.7980573426449555,0.3859169141264875,0.8213850926192574,0.40350962767269316,0.8429632096808521,0.4237588230392868,0.8307489117549255,0.3601313916075702,0.048478017250696816,0.053120321710594
smd,./data/SMD,machine-2-1,machine-2-1,noMask_fixed,100,256,128,0.15,50,64,0.001,1,0,1,1,0.001,adam,0.1,0.99,fixed,gated,5000,none,8,0.95,"[0.5, 1.0, 2.0]",0,0,2,38,2.015652,0,0.0013319794088602066,inf,27.210577249526978,0.774104487976358,0.3263992997251522,0.31782209559987334,0.2523881347410759,0.42905982905982903,0.36111111111111105,23595,22805,364,2457,1668,0.926858127117157,0.6788766980171204,0.9999526739120483,0.02939781412074919,,,,,,,,,0.00014887598808854818,0.0
smd,./data/SMD,machine-3-8,machine-3-8,mask_noTTA,100,256,128,0.15,50,64,0.001,1,1,1,0,0.001,adam,0.1,0.99,fixed,gated,5000,none,8,0.95,"[0.5, 1.0, 2.0]",0,0,1,38,2.01569,8,0.0006636909092776477,0.00018415437079966068,35.56558036804199,0.8535519179491515,0.27072353285955164,0.2996116901696301,0.20812038614423622,0.5346462436177972,0.3172097759674134,28605,25219,0,1965,479,0.981006383895874,0.2437659054994583,0.9286786913871765,0.07652496253875268,0.8931531507442465,0.31903727661807796,0.8927867055431615,0.3412407728918348,0.8870323790840914,0.35103933538104626,0.8491402454259529,0.2950925787135253,0.0013981126248836517,0.22624352077643076
smd,./data/SMD,machine-3-5,machine-3-5,base_noTTA,100,256,128,0.15,50,64,0.001,1,0,1,0,0.001,adam,0.1,0.99,fixed,gated,5000,none,8,0.95,"[0.5, 1.0, 2.0]",0,0,7,38,2.015652,0,0.0012362818233668804,inf,26.013185739517212,0.8182726273826063,0.2750387437965657,0.08316683316683317,0.043919810076496965,0.7816901408450704,0.35448577680525156,23592,14647,0,1515,558,0.96190345287323,0.3683168292045593,0.6381754875183105,0.008626787005217854,,,,,,,,,0.05157552659511566,0.7747770547866821
smd,./data/SMD,machine-2-5,machine-2-5,gate_noTTA,100,256,128,0.15,50,64,0.001,1,1,1,0,0.001,adam,0.1,0.99,fixed,gated,5000,unc,8,0.95,"[0.5, 1.0, 2.0]",0,0,5,38,2.01569,8,0.002939517144113779,0.0006498931907117367,26.971619367599487,0.9302073438473103,0.502748255509704,0.2971071149335418,0.6354515050167224,0.19387755102040816,0.5348293595137915,23590,22897,0,3016,2354,0.8971917629241943,0.7805039882659912,0.9984932541847229,0.06067754859487704,0.9441112981367632,0.49332232964440154,0.9386145113732667,0.4365112019609314,0.9322325231118472,0.37552836556629865,0.9123894509144537,0.25195601974893145,0.0,0.0
smd,./data/SMD,machine-3-9,machine-3-9,gate_gbuf5k,100,256,128,0.15,50,64,0.001,1,1,1,1,0.001,adam,0.1,0.99,adaptive,gated,5000,unc,8,0.95,"[0.5, 1.0, 2.0]",0,0,3,38,2.01569,8,0.00024273170856758952,0.00012882422015536577,33.39891719818115,0.8381961216184977,0.14663759019836167,0.059449970743124636,0.030817762678961417,0.8382838283828383,0.21461187214611874,28614,10824,329,699,15,0.9986141920089722,0.021459227427840233,0.3872111737728119,0.09015106076654951,0.8545847985009695,0.1557219886188759,0.8596993807089263,0.1639099397393694,0.8643344799105044,0.18020444657947726,0.8465352343048456,0.21539710050885458,0.28117382029692334,0.3100559860467911
smd,./data/SMD,machine-3-9,machine-3-9,noMask_fixed,100,256,128,0.15,50,64,0.001,1,0,1,1,0.001,adam,0.1,0.99,fixed,gated,5000,none,8,0.95,"[0.5, 1.0, 2.0]",0,0,3,38,2.015652,0,0.00017856036720331758,inf,31.156700134277344,0.8391009533899535,0.33086561668097253,0.02903713298791019,0.014759945130315501,0.8877887788778878,0.39232409381663114,28614,5938,199,699,7,0.9988211393356323,0.01001430582255125,0.21246641874313354,0.019047214790419428,,,,,,,,,0.4210587541262309,0.9959713021914164
smd,./data/SMD,machine-2-9,machine-2-9,fixed,100,256,128,0.15,50,64,0.001,1,1,1,1,0.001,adam,0.1,0.99,fixed,gated,5000,none,8,0.95,"[0.5, 1.0, 2.0]",0,0,7,38,2.01569,8,0.0007677989196963608,0.0003939842281397432,33.81546425819397,0.9579930604219549,0.5593749801104372,0.5541773075519884,0.40756640729809496,0.8655270655270655,0.5742821473158553,28623,25300,419,2745,174,0.9931225180625916,0.06338797509670258,0.9709405899047852,0.07916762094737907,0.9647644472504486,0.5894536322702494,0.9657661780775215,0.6018245092910595,0.9650671491810662,0.610317835309713,0.9488303473581776,0.5636807029319599,0.010944230598397553,0.03450450301170349
smd,./data/SMD,machine-1-8,machine-1-8,gate_gbuf5k,100,256,128,0.15,50,64,0.001,1,1,1,1,0.001,adam,0.1,0.99,adaptive,gated,5000,unc,8,0.95,"[0.5, 1.0, 2.0]",0,0,4,38,2.01569,8,0.000612300296779722,0.0001774907868821174,28.680577754974365,0.8348426140823334,0.3474314282150129,0.2647237401335762,0.17226392730146187,0.5714285714285714,0.3926739926739926,23600,21494,363,2691,1016,0.9527310132980347,0.3775548040866852,0.9793868660926819,0.09782798209432829,0.8969356179894958,0.3912164071353935,0.9126698097983975,0.3961128672691977,0.9224612586576312,0.38713771248121936,0.9171313669674483,0.2668282811133616,0.005156758862237136,0.01055678011228641
smd,./data/SMD,machine-1-2,machine-1-2,gate_gbuf5k,100,256,128,0.15,50,64,0.001,1,1,1,1,0.001,adam,0.1,0.99,adaptive,gated,5000,unc,8,0.95,"[0.5, 1.0, 2.0]",0,0,8,38,2.01569,8,0.004014172591269016,0.0007981091621331871,31.424355268478394,0.8755824654393746,0.24789153419358523,0.24045034177724167,0.15372750642673522,0.551660516605166,0.288135593220339,23595,21798,361,1532,643,0.9705018997192383,0.41971278190612793,0.9588451385498047,0.08305337222407091,0.8849857878114027,0.281374286567249,0.8778909698651237,0.29366430354809075,0.8665346071653529,0.2928798896662472,0.8171094381555426,0.17519255123278557,0.01648087500749777,0.0
smd,./data/SMD,machine-1-8,machine-1-8,mask_noTTA,100,256,128,0.15,50,64,0.001,1,1,1,0,0.001,adam,0.1,0.99,fixed,gated,5000,none,8,0.95,"[0.5, 1.0, 2.0]",0,0,8,38,2.01569,8,0.000629992748145014,0.00017248773656319827,27.230247497558594,0.8091890317852948,0.33464077001772025,0.23508975101331786,0.1508732813080639,0.5321100917431193,0.38172439204126757,23600,22364,0,2691,1604,0.9282776117324829,0.5960609316825867,0.9928739070892334,0.07028287750179485,0.8844814518352053,0.38126159726923564,0.9047446573084328,0.3909836212097809,0.9182698703235308,0.3855136587361161,0.9174894206729901,0.2696692235792671,0.020597943648075063,0.00017226528143510222
smd,./data/SMD,machine-1-2,machine-1-2,mask_noTTA,100,256,128,0.15,50,64,0.001,1,1,1,0,0.001,adam,0.1,0.99,fixed,gated,5000,none,8,0.95,"[0.5, 1.0, 2.0]",0,0,5,38,2.01569,8,0.0044484976679086685,0.0008250322425737977,31.500487327575684,0.8623455418641953,0.21850498979242902,0.2389210019267823,0.1832512315270936,0.34317343173431736,0.2634146341463415,23595,23288,0,1532,1234,0.9470113515853882,0.8054830431938171,0.9995920658111572,0.07890621265331349,0.8844416141552569,0.2512419549386458,0.8785091371127948,0.2657846263237172,0.8678639416836462,0.2674538854034897,0.8197223642502491,0.16675889882060255,0.0014416145471235116,0.0
smd,./data/SMD,machine-1-2,machine-1-2,base_noTTA,100,256,128,0.15,50,64,0.001,1,0,1,0,0.001,adam,0.1,0.99,fixed,gated,5000,none,8,0.95,"[0.5, 1.0, 2.0]",0,0,2,38,2.015652,0,0.004633475095033646,inf,27.207101106643677,0.8761705889778317,0.2621628304097376,0.27874116891457934,0.21379310344827587,0.4003690036900369,0.31144465290806755,23595,23230,0,1532,1176,0.9493758082389832,0.767624020576477,0.9995920658111572,0.01055112605530419,,,,,,,,,0.0014416145471235116,0.0
smd,./data/SMD,machine-2-6,machine-2-6,gate_gbuf5k,100,256,128,0.15,50,64,0.001,1,1,1,1,0.001,adam,0.1,0.99,adaptive,gated,5000,unc,8,0.95,"[0.5, 1.0, 2.0]",0,0,5,38,2.01569,8,0.00042657970334403217,0.00017207826022058725,30.64168429374695,0.8557495567680076,0.31635604276782653,0.10929519918283961,0.05889908256880734,0.7570754716981132,0.3522935779816514,28644,22096,408,1121,84,0.9961984157562256,0.07493309676647186,0.7997674942016602,0.08234675079396843,0.8912366822194846,0.33585961169505163,0.8970899762610208,0.3480718458992671,0.8998322347753724,0.35413385597387786,0.8878662202255035,0.24319394203964692,0.06368409904340903,0.14771717165907225
smd,./data/SMD,machine-3-6,machine-3-6,gate_noTTA,100,256,128,0.15,50,64,0.001,1,1,1,0,0.001,adam,0.1,0.99,fixed,gated,5000,unc,8,0.95,"[0.5, 1.0, 2.0]",0,0,6,38,2.01569,8,0.00040533349965699017,0.00032158452086150646,34.080047845840454,0.8346011895157905,0.27965777506393624,0.2452356330329443,0.14887892376681613,0.695142378559464,0.29804784162771514,28627,23949,0,2283,83,0.9965342879295349,0.03635567054152489,0.9059368371963501,0.058784783688118576,0.881539094085372,0.3015841906495907,0.8971159279617614,0.3103524305580671,0.9081141396361437,0.3135977229428461,0.9064202069965305,0.23095711046620176,0.0010989011110117037,0.11210501690705617
smd,./data/SMD,machine-3-10,machine-3-10,gate_noTTA,100,256,128,0.15,50,64,0.001,1,1,1,0,0.001,adam,0.1,0.99,fixed,gated,5000,unc,8,0.95,"[0.5, 1.0, 2.0]",0,0,1,38,2.01569,8,0.0014203498139977455,9.936682909028605e-05,29.317313194274902,0.9600441781529948,0.6592721640403298,0.6709677419354838,0.6983471074380165,0.6456542502387774,0.6746756367131187,23594,20589,0,2334,423,0.9794550538063049,0.18123392760753632,0.9485418796539307,0.07499377889391466,0.971083950552927,0.6307116767688,0.9679757314544586,0.5779295322267675,0.9645312880503469,0.5285760177659753,0.95590801186418,0.4433487947714014,0.0,0.0
smd,./data/SMD,machine-3-6,machine-3-6,fixed,100,256,128,0.15,50,64,0.001,1,1,1,1,0.001,adam,0.1,0.99,fixed,gated,5000,none,8,0.95,"[0.5, 1.0, 2.0]",0,0,3,38,2.01569,8,0.00038514798507094383,0.000328199501382187,34.43935561180115,0.859632698457662,0.2895507592145193,0.2774457376533501,0.1707978311386522,0.7386934673366834,0.3246753246753247,28627,24877,411,2283,82,0.9967038035392761,0.035917650908231735,0.9412010312080383,0.0853613052823897,0.892888807809691,0.3068183760341989,0.903631887706244,0.31275449557907076,0.9106294402420354,0.31332045417339494,0.9038299517345555,0.23061620928478355,0.012210012413561344,0.1177326428393523
smd,./data/SMD,machine-2-3,machine-2-3,gate_gbuf5k,100,256,128,0.15,50,64,0.001,1,1,1,1,0.001,adam,0.1,0.99,adaptive,gated,5000,unc,8,0.95,"[0.5, 1.0, 2.0]",0,0,2,38,2.01569,8,0.0006620982312597334,0.0002216320572188124,29.292264699935913,0.9491430131524227,0.460365107635509,0.27146171693735505,0.16082474226804125,0.8698884758364313,0.48888888888888893,23590,20461,362,1259,208,0.9898343086242676,0.16521048545837402,0.906945526599884,0.10488944924853019,0.9562990676160877,0.47266085377959716,0.9532750897621898,0.46017342254291266,0.9483799948571264,0.422500172549139,0.9087009800031112,0.18684242402975018,0.030544400215148926,0.012575950541455919
smd,./data/SMD,machine-1-5,machine-1-5,gate_gbuf5k,100,256,128,0.15,50,64,0.001,1,1,1,1,0.001,adam,0.1,0.99,adaptive,gated,5000,unc,8,0.95,"[0.5, 1.0, 2.0]",0,0,9,38,2.01569,8,0.000819576031062752,0.0003524787025526166,25.76658797264099,0.9583779547572651,0.5126398303247799,0.06564714658709436,0.03409531189461449,0.88,0.5070422535211268,23607,21417,361,793,50,0.9976654052734375,0.06305170059204102,0.9365740418434143,0.08960482620418302,0.9641777514191308,0.5129935791904419,0.9616572057951368,0.5039602271676454,0.9575285944251462,0.4818754471189463,0.9268575785817165,0.07509306540237291,0.007482705016930898,0.06395331164821982
smd,./data/SMD,machine-2-2,machine-2-2,fixed,100,256,128,0.15,50,64,0.001,1,1,1,1,0.001,adam,0.1,0.99,fixed,gated,5000,none,8,0.95,"[0.5, 1.0, 2.0]",0,0,0,38,2.01569,8,0.0007796758436597884,0.00041587711893953383,28.312960386276245,0.5873763797209534,0.1452773270245531,0.11389927033279944,0.11486001435750179,0.11295446523120367,0.24811600822105503,23601,21778,363,3922,3041,0.8603636622428894,0.7753697037696838,0.9521316885948181,0.09025131704989017,0.5855269885277322,0.14368178241333945,0.5811083274602968,0.14194392640306117,0.5760534026783279,0.1398772817118615,0.5632912095803975,0.1302149891857008,0.011016948769489924,0.04841452340284983
smd,./data/SMD,machine-3-8,machine-3-8,mask_noTTA,100,256,128,0.15,50,64,0.001,1,1,1,0,0.001,adam,0.1,0.99,fixed,gated,5000,none,8,0.95,"[0.5, 1.0, 2.0]",0,0,0,38,2.01569,8,0.0006635029567405581,0.00018357826047576964,36.13267230987549,0.850190880002993,0.27987041428771886,0.3004474749627104,0.21222155328115594,0.5142231947483589,0.3050213675213675,28605,25209,0,1965,444,0.9823872447013855,0.22595420479774475,0.9296171069145203,0.06951693991767925,0.8920514001038011,0.3296035995797114,0.8907461592302602,0.35342034218821916,0.8845433029911263,0.3628419137315136,0.8454405018495315,0.2956538888701777,0.00011650937570569415,0.2274456446369489
smd,./data/SMD,machine-1-8,machine-1-8,gate_noTTA,100,256,128,0.15,50,64,0.001,1,1,1,0,0.001,adam,0.1,0.99,fixed,gated,5000,unc,8,0.95,"[0.5, 1.0, 2.0]",0,0,9,38,2.01569,8,0.000606205256190151,0.00015917459677439183,24.544726848602295,0.8284029901884371,0.34429112208685636,0.2415985467756585,0.15708661417322833,0.5229357798165137,0.38088235294117645,23600,21264,0,2691,838,0.960590660572052,0.3114084005355835,0.9768999218940735,0.06490672038773358,0.8988762850733775,0.39251432728004515,0.9160837198820033,0.3973761359605662,0.9260801382021019,0.3859473809202947,0.9165548582162182,0.2551833900468039,0.026315977796912193,0.0
smd,./data/SMD,machine-3-5,machine-3-5,fixed,100,256,128,0.15,50,64,0.001,1,1,1,1,0.001,adam,0.1,0.99,fixed,gated,5000,none,8,0.95,"[0.5, 1.0, 2.0]",0,0,6,38,2.01569,8,0.0014701617183163762,0.0004215830995235592,24.927953958511353,0.8311107276944856,0.31817509020345364,0.09652173913043478,0.05143651529193698,0.7816901408450704,0.38515546639919757,23592,16415,300,1515,620,0.9622296690940857,0.4092409312725067,0.7154504656791687,0.08040776734596271,0.8414041524020547,0.33866605267403926,0.8457538122206987,0.3471017015110921,0.8484571012290519,0.3420201700542722,0.8177860918646055,0.13748131767751262,0.050727710127830505,0.6173988183339437
smd,./data/SMD,machine-3-7,machine-3-7,base_noTTA,100,256,128,0.15,50,64,0.001,1,0,1,0,0.001,adam,0.1,0.99,fixed,gated,5000,none,8,0.95,"[0.5, 1.0, 2.0]",0,0,7,38,2.015652,0,0.0001563095866004005,inf,32.29019618034363,0.8606224287088413,0.4086646947427228,0.14882434301521438,0.08456460232631248,0.619815668202765,0.4846416382252561,28606,27405,0,929,288,0.9894909858703613,0.31001076102256775,0.9797666072845459,0.009580157915462208,,,,,,,,,0.03134102250138918,0.023629304487258196
smd,./data/SMD,machine-3-1,machine-3-1,base_noTTA,100,256,128,0.15,50,64,0.001,1,0,1,0,0.001,adam,0.1,0.99,fixed,gated,5000,none,8,0.95,"[0.5, 1.0, 2.0]",0,0,7,38,2.015652,0,0.0003537479497026652,inf,29.50012230873108,0.8888367813505176,0.24649189980391217,0.056820512820512814,0.029337004871849183,0.8993506493506493,0.2934782608695652,28601,18277,0,704,35,0.9980850219726562,0.049715910106897354,0.65390545129776,0.009231911493820693,,,,,,,,,0.10070712802310784,0.4695362051328023
smd,./data/SMD,machine-3-2,machine-3-2,noMask_fixed,100,256,128,0.15,50,64,0.001,1,0,1,1,0.001,adam,0.1,0.99,fixed,gated,5000,none,8,0.95,"[0.5, 1.0, 2.0]",0,0,0,38,2.015652,0,0.007199068553745747,inf,27.19793200492859,0.46546562750007525,0.046589670874689175,0.02192242833052277,0.16883116883116883,0.011722272317403066,0.08982993769994949,23604,23604,369,2018,2018,0.9145060181617737,1.0,1.0,0.029133540293944528,,,,,,,,,0.0,0.0
smd,./data/SMD,machine-3-4,machine-3-4,gate_gbuf5k,100,256,128,0.15,50,64,0.001,1,1,1,1,0.001,adam,0.1,0.99,adaptive,gated,5000,unc,8,0.95,"[0.5, 1.0, 2.0]",0,0,5,38,2.01569,8,0.0016709516057744622,0.00027323735412210226,25.70852255821228,0.7481628309777457,0.34315693205131015,0.2144102266124346,0.14969574036511157,0.37768679631525076,0.3848484848484849,23588,21177,364,1769,607,0.971336841583252,0.3431317210197449,0.9427562952041626,0.08838724964692347,0.7841765268728083,0.4013078436159223,0.7884508377851303,0.41715281698974166,0.7888272405349458,0.426127121050255,0.7844130095679267,0.4094474331853103,0.01916621532291174,0.008764489709089199
smd,./data/SMD,machine-3-11,machine-3-11,gate_noTTA,100,256,128,0.15,50,64,0.001,1,1,1,0,0.001,adam,0.1,0.99,fixed,gated,5000,unc,8,0.95,"[0.5, 1.0, 2.0]",0,0,1,38,2.01569,8,0.00040818453999236226,0.00023394040181301534,35.555351972579956,0.8897285721273369,0.5411935075833232,0.024723756906077345,0.012533258647248285,0.9040404040404041,0.5898876404494382,28597,13087,0,440,0,1.0,0.0,0.46478673815727234,0.0754135382084987,0.9012666846725378,0.5463282722575963,0.9061624739216149,0.5499743381563175,0.9093579843632479,0.5527448698744615,0.895257756879625,0.22238586027482912,0.14160839095711708,0.9819351633389791
smd,./data/SMD,machine-1-2,machine-1-2,gate_gbuf5k,100,256,128,0.15,50,64,0.001,1,1,1,1,0.001,adam,0.1,0.99,adaptive,gated,5000,unc,8,0.95,"[0.5, 1.0, 2.0]",0,0,5,38,2.01569,8,0.0044484976679086685,0.0008250322425737977,31.048293352127075,0.8715987652274588,0.23105620424012357,0.23468984591070724,0.1493212669683258,0.5479704797047971,0.27237354085603116,23595,21911,361,1532,658,0.9699694514274597,0.4295039176940918,0.9632869362831116,0.10611865954470852,0.8880788155670086,0.26205316779631527,0.8820751739825622,0.2746738251357905,0.8719931984867532,0.27539697753569964,0.824233144283758,0.1722143234090787,0.017922489088959992,0.0
smd,./data/SMD,machine-3-4,machine-3-4,noMask_fixed,100,256,128,0.15,50,64,0.001,1,0,1,1,0.001,adam,0.1,0.99,fixed,gated,5000,none,8,0.95,"[0.5, 1.0, 2.0]",0,0,5,38,2.015652,0,0.0015568931121379137,inf,26.368201732635498,0.7566369068946851,0.3351009851437458,0.2539239623299616,0.1925925925925926,0.3725690890481064,0.3658712942877802,23588,22708,365,1769,952,0.9580764770507812,0.5381571650505066,0.9971126317977905,0.02858887208767497,,,,,,,,,0.010729542002081871,0.0
smd,./data/SMD,machine-3-7,machine-3-7,gate_gbuf5k,100,256,128,0.15,50,64,0.001,1,1,1,1,0.001,adam,0.1,0.99,adaptive,gated,5000,unc,8,0.95,"[0.5, 1.0, 2.0]",0,0,1,38,2.01569,8,0.00014956938684917986,0.000253025209531188,35.28078079223633,0.842962011681867,0.4147542456567199,0.13987022350396539,0.0829059829059829,0.4470046082949309,0.5108514190317195,28606,26154,442,929,304,0.9883765578269958,0.32723358273506165,0.9339885115623474,0.10195010476684783,0.878653232285873,0.4471332999709527,0.8816073186980455,0.47870598278683296,0.8791990522277229,0.5230299045022307,0.8442021077435689,0.49701200223911407,0.02936036263902982,0.011659582145512104
smd,./data/SMD,machine-2-5,machine-2-5,noMask_fixed,100,256,128,0.15,50,64,0.001,1,0,1,1,0.001,adam,0.1,0.99,fixed,gated,5000,none,8,0.95,"[0.5, 1.0, 2.0]",0,0,7,38,2.015652,0,0.0029033957980573177,inf,25.10388684272766,0.9279850162796194,0.46913010109311953,0.28391167192429023,0.625,0.1836734693877551,0.5176695319961795,23590,23449,368,3016,2875,0.8773934841156006,0.9532493352890015,1.0,0.028800721793116123,,,,,,,,,0.0,0.0
smd,./data/SMD,machine-2-3,machine-2-3,gate_gbuf5k,100,256,128,0.15,50,64,0.001,1,1,1,1,0.001,adam,0.1,0.99,adaptive,gated,5000,unc,8,0.95,"[0.5, 1.0, 2.0]",0,0,7,38,2.01569,8,0.0006601694040000439,0.0002454401692375541,26.669044017791748,0.9509203203819695,0.4613413502913945,0.27898550724637683,0.1665465032444124,0.8587360594795539,0.4875,23590,20706,362,1259,233,0.988747239112854,0.18506751954555511,0.9167972803115845,0.08859663709031672,0.955513509566697,0.47414781235876935,0.952195721256258,0.46311873404381776,0.9470601493972997,0.4288919613160581,0.9061601782862803,0.1677376085446957,0.030967416241765022,0.012858555962642034
smd,./data/SMD,machine-3-1,machine-3-1,base_noTTA,100,256,128,0.15,50,64,0.001,1,0,1,0,0.001,adam,0.1,0.99,fixed,gated,5000,none,8,0.95,"[0.5, 1.0, 2.0]",0,0,4,38,2.015652,0,0.0003585857921279967,inf,36.26029396057129,0.8809779391853568,0.25827013482747446,0.05283664354271595,0.0272148800783162,0.9025974025974026,0.2819383259911894,28601,18185,0,704,33,0.9981853365898132,0.046875,0.6506792902946472,0.013271172869176716,,,,,,,,,0.10439071183403333,0.4721079021692276
smd,./data/SMD,machine-1-2,machine-1-2,gate_noTTA,100,256,128,0.15,50,64,0.001,1,1,1,0,0.001,adam,0.1,0.99,fixed,gated,5000,unc,8,0.95,"[0.5, 1.0, 2.0]",0,0,9,38,2.01569,8,0.0043657878413796425,0.0007967401761561632,27.645095825195312,0.876096555540538,0.2301513057104808,0.25206874602164225,0.1924198250728863,0.36531365313653136,0.27156549520766776,23595,22189,0,1532,793,0.9642615914344788,0.517624020576477,0.9697684049606323,0.06684761831482024,0.892766590502809,0.2693121006402439,0.8863402650094226,0.28744262735524706,0.8746015423181184,0.29075577816449266,0.8223424625832297,0.18408709466721868,0.0012814352133621771,0.0
smd,./data/SMD,machine-1-3,machine-1-3,gate_gbuf5k,100,256,128,0.15,50,64,0.001,1,1,1,1,0.001,adam,0.1,0.99,adaptive,gated,5000,unc,8,0.95,"[0.5, 1.0, 2.0]",0,0,4,38,2.01569,8,0.0006630768184550107,0.00020554961520247161,28.315523386001587,0.8203780464311909,0.26723834790616735,0.35264227642276424,0.3014769765421373,0.42472460220318237,0.3316892725030826,23604,22488,364,2005,1073,0.952285647392273,0.535162091255188,0.9914810657501221,0.09589060103159965,0.8842761273989508,0.3097758154538491,0.8987516326732973,0.32766885032719495,0.9059018084527524,0.3338722436816437,0.9023935998671934,0.2722547537508052,0.0001578282875319322,0.011064987222198397
smd,./data/SMD,machine-1-3,machine-1-3,gate_noTTA,100,256,128,0.15,50,64,0.001,1,1,1,0,0.001,adam,0.1,0.99,fixed,gated,5000,unc,8,0.95,"[0.5, 1.0, 2.0]",0,0,1,38,2.01569,8,0.0006622082437388599,0.0001969602017197758,32.11544179916382,0.7989629242102654,0.2381271532236153,0.28831908831908837,0.2697228144989339,0.30966952264381886,0.31561996779388085,23604,22471,0,2005,1079,0.9519825577735901,0.5381546020507812,0.9904162287712097,0.07294701471346512,0.8794939763701325,0.2875374760258977,0.894871830800762,0.3110028120988833,0.9010172392971987,0.3223531956313378,0.8932277658269164,0.2712048871722576,0.0,0.009986737335566431
smd,./data/SMD,machine-2-9,machine-2-9,gate_gbuf5k,100,256,128,0.15,50,64,0.001,1,1,1,1,0.001,adam,0.1,0.99,adaptive,gated,5000,unc,8,0.95,"[0.5, 1.0, 2.0]",0,0,7,38,2.01569,8,0.0007677989196963608,0.0003939842281397432,30.519789695739746,0.9575088345288961,0.5445601824756359,0.45705896745779295,0.40051457975986277,0.5321937321937322,0.5689324525889622,28623,24946,435,2745,396,0.9841257333755493,0.14426229894161224,0.9486822485923767,0.08309565095895159,0.9644768318183974,0.5742313582774867,0.9657711435217275,0.5871437119931235,0.9655868727178106,0.5958272342744284,0.9493716547300557,0.5456560462771357,0.018861334305256605,0.009904588883121809
smd,./data/SMD,machine-3-6,machine-3-6,mask_noTTA,100,256,128,0.15,50,64,0.001,1,1,1,0,0.001,adam,0.1,0.99,fixed,gated,5000,none,8,0.95,"[0.5, 1.0, 2.0]",0,0,0,38,2.01569,8,0.0003718996304087341,0.0003277758660260588,33.274768590927124,0.8531582466791803,0.29474259818296045,0.2401486002388218,0.14267696673498345,0.7579564489112228,0.3247045582442319,28627,24807,0,2283,65,0.9973797798156738,0.028471309691667557,0.9391891956329346,0.06344316141210692,0.8923755783128924,0.3148264677370335,0.9052297846927504,0.3229257014039447,0.913810510979032,0.32541058475745327,0.9066575735474312,0.23801690530505143,0.008013231214135885,0.11908830205599467
smd,./data/SMD,machine-3-1,machine-3-1,gate_gbuf5k,100,256,128,0.15,50,64,0.001,1,1,1,1,0.001,adam,0.1,0.99,adaptive,gated,5000,unc,8,0.95,"[0.5, 1.0, 2.0]",0,0,3,38,2.01569,8,0.0004022846114821732,0.00019910273840650916,40.706664085388184,0.874688383960362,0.31631221807869825,0.06098675194152582,0.03160511363636364,0.8668831168831169,0.36666666666666664,28601,16313,344,704,33,0.997977077960968,0.046875,0.5835753083229065,0.11344877290857418,0.89436799464272,0.32325350909717715,0.8943718826960585,0.3271351266270286,0.8909953370805019,0.3337337488969067,0.8392235626095517,0.2493984544301134,0.1355439027150472,0.2513083980108301
smd,./data/SMD,machine-1-2,machine-1-2,mask_noTTA,100,256,128,0.15,50,64,0.001,1,1,1,0,0.001,adam,0.1,0.99,fixed,gated,5000,none,8,0.95,"[0.5, 1.0, 2.0]",0,0,4,38,2.01569,8,0.004180619027465582,0.0008277143933810294,29.17982268333435,0.871087822941982,0.21130462785117243,0.24238733252131545,0.1809090909090909,0.3671586715867159,0.25187202178352625,23595,23269,0,1532,1214,0.9478275775909424,0.792428195476532,0.9996374249458313,0.06254137155994012,0.8911961890869772,0.24467765115245682,0.8865827663546157,0.25909240077325185,0.8769612087102212,0.2628915265769369,0.8279816747718272,0.16819627768082793,0.0012814352133621771,0.0
smd,./data/SMD,machine-2-9,machine-2-9,gate_gbuf5k,100,256,128,0.15,50,64,0.001,1,1,1,1,0.001,adam,0.1,0.99,adaptive,gated,5000,unc,8,0.95,"[0.5, 1.0, 2.0]",0,0,1,38,2.01569,8,0.0007339836447499692,0.0004037834005430341,33.283756494522095,0.9665519860350579,0.6059076975991728,0.5315020710704165,0.4304378531073446,0.6945868945868946,0.6218651083515949,28623,24852,429,2745,267,0.9892563819885254,0.0972677618265152,0.9500347971916199,0.09488692112206888,0.9703871894920213,0.6258284090837428,0.9708572797162556,0.6342078073511903,0.9700459050034457,0.6395847706084827,0.9578375152410082,0.6054589845315462,0.018861333761985104,0.021669508268435795
smd,./data/SMD,machine-3-2,machine-3-2,gate_gbuf5k,100,256,128,0.15,50,64,0.001,1,1,1,1,0.001,adam,0.1,0.99,adaptive,gated,5000,unc,8,0.95,"[0.5, 1.0, 2.0]",0,0,3,38,2.01569,8,0.006939989980310202,0.0010106670670211315,32.69590353965759,0.4632868529696554,0.04583014765874291,0.023492063492063488,0.018128368446839783,0.033363390441839495,0.08967503085150143,23604,22892,366,2018,1947,0.9149484634399414,0.9648166298866272,0.9703048467636108,0.11962672407961239,0.5613861233218391,0.061720268757276056,0.5700473038278793,0.06880381463364481,0.5749378031768371,0.07733436062438982,0.5786300822940058,0.0864759449571165,0.0,0.08077483794962366
smd,./data/SMD,machine-2-7,machine-2-7,fixed,100,256,128,0.15,50,64,0.001,1,1,1,1,0.001,adam,0.1,0.99,fixed,gated,5000,none,8,0.95,"[0.5, 1.0, 2.0]",0,0,2,38,2.01569,8,0.003300015116110444,0.0008499365067109466,29.59013605117798,0.8875328707350715,0.26916785044494085,0.31017770597738287,0.4752475247524752,0.2302158273381295,0.3986095017381228,23597,23461,368,2397,2261,0.9036272764205933,0.9432623982429504,1.0,0.09513599476420426,0.8846285744719229,0.2580992664602412,0.877085109694795,0.22226367627767893,0.8667277956491286,0.18140083335409224,0.8200890810183589,0.08999817000126496,0.0,0.0
smd,./data/SMD,machine-3-9,machine-3-9,gate_gbuf5k,100,256,128,0.15,50,64,0.001,1,1,1,1,0.001,adam,0.1,0.99,adaptive,gated,5000,unc,8,0.95,"[0.5, 1.0, 2.0]",0,0,6,38,2.01569,8,0.0002418782823951915,0.0001278905401704833,34.41171216964722,0.8434544616024434,0.23877761691953733,0.05771166536181635,0.029868025005788376,0.8514851485148515,0.28846153846153844,28614,10781,319,699,14,0.9987013936042786,0.0200286116451025,0.3857066035270691,0.08180781031351482,0.8694718891107696,0.252180741690766,0.8756228632366932,0.2642508784394372,0.8801528304889622,0.2868733639678855,0.8548830595836775,0.24671470804097062,0.31283772985140484,0.30534498890240985
smd,./data/SMD,machine-3-11,machine-3-11,fixed,100,256,128,0.15,50,64,0.001,1,1,1,1,0.001,adam,0.1,0.99,fixed,gated,5000,none,8,0.95,"[0.5, 1.0, 2.0]",0,0,4,38,2.01569,8,0.0004009345138911158,0.0002327903057448566,37.506887912750244,0.8978299735370406,0.47006262182504,0.02876211663753377,0.014610913787536326,0.9141414141414141,0.519047619047619,28597,13560,234,440,0,1.0,0.0,0.48158538341522217,0.09249727113282684,0.9052719276419186,0.4775167999230985,0.9093859856194055,0.4834707821174373,0.9118967058471584,0.4905788784673926,0.9022587798115905,0.24457200514555053,0.13892773911356926,0.9805741111437479
smd,./data/SMD,machine-3-7,machine-3-7,gate_noTTA,100,256,128,0.15,50,64,0.001,1,1,1,0,0.001,adam,0.1,0.99,fixed,gated,5000,unc,8,0.95,"[0.5, 1.0, 2.0]",0,0,4,38,2.01569,8,0.00015999452443793416,0.0002631241222843528,37.1058030128479,0.8297990466529753,0.41104777810732673,0.10444360045575388,0.05691225165562914,0.6336405529953917,0.5141903171953256,28606,26171,0,929,261,0.990027129650116,0.2809472680091858,0.9361563920974731,0.08111650823905052,0.869644635927422,0.4425968297226615,0.8745024089592385,0.4791729213366765,0.8742067598866599,0.5280168737764528,0.8492713788714136,0.4960161567727819,0.03949668010075887,0.03635182480017344
smd,./data/SMD,machine-2-1,machine-2-1,mask_noTTA,100,256,128,0.15,50,64,0.001,1,1,1,0,0.001,adam,0.1,0.99,fixed,gated,5000,none,8,0.95,"[0.5, 1.0, 2.0]",0,0,5,38,2.01569,8,0.0013748763594776392,0.00030824533314444125,29.045681953430176,0.7657069685972191,0.29586863895810095,0.2854656222802437,0.2160737812911726,0.4205128205128205,0.3299565846599132,23595,22818,0,2457,1687,0.9260671138763428,0.68660968542099,0.9996688365936279,0.06780272748768898,0.8135781472222602,0.37225232856911056,0.8208340922579068,0.40442511616248145,0.8220238393387035,0.4182221049121282,0.7989097669039064,0.35046255592206393,0.00014887598808854818,0.0
smd,./data/SMD,machine-2-3,machine-2-3,mask_noTTA,100,256,128,0.15,50,64,0.001,1,1,1,0,0.001,adam,0.1,0.99,fixed,gated,5000,none,8,0.95,"[0.5, 1.0, 2.0]",0,0,3,38,2.01569,8,0.0006876767729409039,0.0002329065027879551,33.97739934921265,0.9521757211927656,0.4772871262261057,0.2510775862068965,0.14681789540012602,0.8661710037174721,0.4796905222437138,23590,22139,0,1259,458,0.979312539100647,0.36378076672554016,0.9708924889564514,0.08485668945635916,0.9541450925241033,0.49026089257609706,0.951234448363328,0.4801700453028378,0.947002688897425,0.4511255081911098,0.9120440064889096,0.1847130620851674,0.03574385245641073,0.01734752394258976
smd,./data/SMD,machine-3-8,machine-3-8,gate_gbuf5k,100,256,128,0.15,50,64,0.001,1,1,1,1,0.001,adam,0.1,0.99,adaptive,gated,5000,unc,8,0.95,"[0.5, 1.0, 2.0]",0,0,5,38,2.01569,8,0.0006427807966247201,0.00018179777543991804,31.511778354644775,0.8562187060881861,0.27790026223325903,0.2626799557032115,0.18861323155216286,0.4325309992706054,0.3035538005923001,28605,20886,432,1965,356,0.9829550981521606,0.1811704784631729,0.7706456184387207,0.08991100095906597,0.8912003463350129,0.32462296506265764,0.889191849300185,0.34654075312314714,0.8823741592835244,0.3560414658130963,0.8443074891530805,0.2974115120892225,0.012932540460800132,0.06463786986811708
smd,./data/SMD,machine-2-5,machine-2-5,noMask_fixed,100,256,128,0.15,50,64,0.001,1,0,1,1,0.001,adam,0.1,0.99,fixed,gated,5000,none,8,0.95,"[0.5, 1.0, 2.0]",0,0,8,38,2.015652,0,0.0027094499673694372,inf,26.292838096618652,0.9257474111226243,0.4725049591466126,0.296583850931677,0.6201298701298701,0.19489795918367347,0.5183752417794972,23590,23442,368,3016,2868,0.8776555061340332,0.9509283900260925,1.0,0.027366197932923733,,,,,,,,,0.0,0.0
smd,./data/SMD,machine-1-7,machine-1-7,noMask_fixed,100,256,128,0.15,50,64,0.001,1,0,1,1,0.001,adam,0.1,0.99,fixed,gated,5000,none,8,0.95,"[0.5, 1.0, 2.0]",0,0,8,38,2.015652,0,0.0022497326135635376,inf,23.72671103477478,0.6556023531824824,0.2362343012377956,0.13805832410483576,0.6012861736334405,0.0779816513761468,0.26523423740753793,23598,23334,368,3677,3413,0.8537327647209167,0.9282023310661316,1.0,0.0296750203241018,,,,,,,,,0.0,0.0
smd,./data/SMD,machine-1-4,machine-1-4,base_noTTA,100,256,128,0.15,50,64,0.001,1,0,1,0,0.001,adam,0.1,0.99,fixed,gated,5000,none,8,0.95,"[0.5, 1.0, 2.0]",0,0,5,38,2.015652,0,0.000972044887021184,inf,22.891008853912354,0.8097531273715095,0.2559719964864215,0.31076923076923074,0.3482758620689655,0.28055555555555556,0.3145539906103286,23608,22997,0,1908,1297,0.9436013102531433,0.6797693967819214,1.0,0.00936317064123047,,,,,,,,,0.0,0.0
smd,./data/SMD,machine-2-8,machine-2-8,base_noTTA,100,256,128,0.15,50,64,0.001,1,0,1,0,0.001,adam,0.1,0.99,fixed,gated,5000,none,8,0.95,"[0.5, 1.0, 2.0]",0,0,8,38,2.015652,0,0.00010051266144728288,inf,25.786362409591675,0.9934621933787163,0.9524535255310579,0.12495025865499404,0.06675170068027211,0.9751552795031055,0.9079365079365079,23604,21641,0,260,11,0.9994916915893555,0.042307693511247635,0.9265764355659485,0.009598792195219122,,,,,,,,,0.04757871044178804,0.0
smd,./data/SMD,machine-3-3,machine-3-3,gate_noTTA,100,256,128,0.15,50,64,0.001,1,1,1,0,0.001,adam,0.1,0.99,fixed,gated,5000,unc,8,0.95,"[0.5, 1.0, 2.0]",0,0,1,38,2.01569,8,0.0008444491541013122,0.0002952646464109421,26.895718574523926,0.8848501653399056,0.27697145004981594,0.2591865357643759,0.1575178997613365,0.7310126582278481,0.34504391468005013,23604,21023,0,3206,1751,0.9167102575302124,0.5461634397506714,0.9447985291481018,0.06394534974840814,0.9000821075721672,0.3063792872247783,0.902913419718656,0.31749756905712323,0.9028702810092566,0.3083647474083567,0.8701871191242884,0.13557973794970313,0.008447043597698212,0.03394098083178202
smd,./data/SMD,machine-3-6,machine-3-6,gate_noTTA,100,256,128,0.15,50,64,0.001,1,1,1,0,0.001,adam,0.1,0.99,fixed,gated,5000,unc,8,0.95,"[0.5, 1.0, 2.0]",0,0,5,38,2.01569,8,0.00037478868034668267,0.0003259548684582114,34.87034463882446,0.8516102991834567,0.2908168172951868,0.2581597991434057,0.15671507979200286,0.7319932998324958,0.32588235294117646,28627,23848,0,2283,69,0.997106671333313,0.030223390087485313,0.9026343822479248,0.061667327355833794,0.8917252006558046,0.310810778825566,0.9045586302377304,0.3173876760414984,0.913146201003565,0.31797151071394897,0.907629550483786,0.2345688739119149,0.00462846050504595,0.11712061986327171
smd,./data/SMD,machine-3-3,machine-3-3,base_noTTA,100,256,128,0.15,50,64,0.001,1,0,1,0,0.001,adam,0.1,0.99,fixed,gated,5000,none,8,0.95,"[0.5, 1.0, 2.0]",0,0,3,38,2.015652,0,0.0007703269366174936,inf,29.41056227684021,0.8785635042952163,0.281003282131188,0.2541939152686949,0.15493934142114385,0.7072784810126582,0.3527885862516213,23604,22139,0,3206,2259,0.8979628682136536,0.704616367816925,0.9746053814888,0.010148364999419127,,,,,,,,,0.006335282698273659,0.05208323026696841
smd,./data/SMD,machine-2-3,machine-2-3,mask_noTTA,100,256,128,0.15,50,64,0.001,1,1,1,0,0.001,adam,0.1,0.99,fixed,gated,5000,none,8,0.95,"[0.5, 1.0, 2.0]",0,0,8,38,2.01569,8,0.0007021236815489829,0.00021833684877492487,25.20977520942688,0.9501276194527603,0.47595945603568324,0.2537634408602151,0.14833438089252043,0.8773234200743495,0.4959742351046699,23590,22157,0,1259,464,0.979058563709259,0.3685464560985565,0.9714298248291016,0.06112552083311772,0.9513317502595248,0.4913841012545815,0.9487739643617916,0.4803903014294109,0.9445099825713734,0.44395877947076495,0.905908431455338,0.1736653321796842,0.03652418032288551,0.01571219724913438
smd,./data/SMD,machine-1-7,machine-1-7,fixed,100,256,128,0.15,50,64,0.001,1,1,1,1,0.001,adam,0.1,0.99,fixed,gated,5000,none,8,0.95,"[0.5, 1.0, 2.0]",0,0,2,38,2.01569,8,0.002461969153955579,0.0006689847796224058,29.121768712997437,0.6655826464774295,0.24710362998121005,0.13333333333333333,0.5273775216138329,0.07631359466221851,0.27921048840224755,23598,23377,368,3677,3456,0.8521623611450195,0.9398966431617737,1.0,0.09791167451826352,0.7134325711822782,0.3073890516162246,0.7169405397184321,0.31818479910716413,0.7182744505815193,0.3196645510276509,0.7140134032691766,0.29586411282745373,0.0,0.0
smd,./data/SMD,machine-3-2,machine-3-2,mask_noTTA,100,256,128,0.15,50,64,0.001,1,1,1,0,0.001,adam,0.1,0.99,fixed,gated,5000,none,8,0.95,"[0.5, 1.0, 2.0]",0,0,9,38,2.01569,8,0.0072159538976848125,0.0010391094256192446,27.648727655410767,0.45854401844517245,0.04590132416160506,0.02666666666666667,0.17582417582417584,0.014427412082957619,0.0899312439363901,23604,23604,0,2018,2018,0.9145060181617737,1.0,1.0,0.06298367562202696,0.5645471682556067,0.06080197500797338,0.5751424785963828,0.06778307255618107,0.5816685055593411,0.07502771676143238,0.5866348327911373,0.08242181505963611,0.0,0.0
smd,./data/SMD,machine-1-4,machine-1-4,fixed,100,256,128,0.15,50,64,0.001,1,1,1,1,0.001,adam,0.1,0.99,fixed,gated,5000,none,8,0.95,"[0.5, 1.0, 2.0]",0,0,9,38,2.01569,8,0.0009173704893328249,0.0002697443123906851,24.970054149627686,0.8017816229463028,0.2679611892596739,0.33191489361702126,0.3391304347826087,0.325,0.3412816691505216,23608,22991,367,1908,1291,0.9438475966453552,0.6766247153282166,1.0,0.08428736041659463,0.9081462710807557,0.32824162468807694,0.926033132253496,0.35708924802426534,0.9334104904704592,0.3650964558341132,0.9244595979369983,0.2950515705292075,0.0,0.0
smd,./data/SMD,machine-1-6,machine-1-6,gate_gbuf5k,100,256,128,0.15,50,64,0.001,1,1,1,1,0.001,adam,0.1,0.99,adaptive,gated,5000,unc,8,0.95,"[0.5, 1.0, 2.0]",0,0,6,38,2.01569,8,0.0006158447940833867,0.0003843167796730995,25.196093559265137,0.8885864575661875,0.6394565672671859,0.4550775534094235,0.49744081893793984,0.41936353829557715,0.6321083172147002,23590,19401,353,6678,3117,0.8393381834030151,0.46675652265548706,0.9628666043281555,0.08596710958638501,0.9164854130301888,0.678798940215975,0.9268995810313216,0.6993776162500637,0.9331612874733693,0.7109635284794,0.9120762688415915,0.5907652315546867,0.05835856000582377,0.00019888624471301833
smd,./data/SMD,machine-2-8,machine-2-8,base_noTTA,100,256,128,0.15,50,64,0.001,1,0,1,0,0.001,adam,0.1,0.99,fixed,gated,5000,none,8,0.95,"[0.5, 1.0, 2.0]",0,0,2,38,2.015652,0,9.972075349651277e-05,inf,27.90638303756714,0.9938896044653377,0.9677367112384506,0.1184407796101949,0.06302353410450738,0.9813664596273292,0.9565217391304348,23604,21609,0,260,10,0.9995372295379639,0.03846153989434242,0.9252484440803528,0.009999984685616298,,,,,,,,,0.050402370591958366,0.00014124293617593744
smd,./data/SMD,machine-3-5,machine-3-5,gate_gbuf5k,100,256,128,0.15,50,64,0.001,1,1,1,1,0.001,adam,0.1,0.99,adaptive,gated,5000,unc,8,0.95,"[0.5, 1.0, 2.0]",0,0,8,38,2.01569,8,0.001222877181135118,0.00042738529737107456,25.3559467792511,0.8179406693041694,0.2985852950727091,0.15266072718516735,0.08505500402468473,0.744131455399061,0.3769889840881273,23592,17943,356,1515,577,0.9678426384925842,0.38085809350013733,0.78661048412323,0.08577529799538008,0.8296396186417164,0.3156433089275684,0.8362263126722221,0.326750770067287,0.8426471285626216,0.3334634364222603,0.829557587663671,0.14289981146990424,0.0469125360250473,0.07076765596866608
smd,./data/SMD,machine-3-9,machine-3-9,fixed,100,256,128,0.15,50,64,0.001,1,1,1,1,0.001,adam,0.1,0.99,fixed,gated,5000,none,8,0.95,"[0.5, 1.0, 2.0]",0,0,7,38,2.01569,8,0.00023759616306051612,0.00013130958541296422,29.49590539932251,0.8443422166926303,0.23789145014661853,0.033217649975210706,0.016926672140466115,0.8844884488448845,0.2799188640973631,28614,5090,176,699,3,0.9994106292724609,0.004291845485568047,0.18223176896572113,0.06813462895234526,0.8613467576958329,0.24934229423350332,0.865457939669363,0.2590694046797544,0.8684295145459636,0.2769399279017895,0.8397955212627914,0.2490923690756656,0.4582651952902476,0.9650643865267435
smd,./data/SMD,machine-2-2,machine-2-2,gate_noTTA,100,256,128,0.15,50,64,0.001,1,1,1,0,0.001,adam,0.1,0.99,fixed,gated,5000,unc,8,0.95,"[0.5, 1.0, 2.0]",0,0,2,38,2.01569,8,0.0008101370185613632,0.0003923302283510566,29.362861394882202,0.5628045241262163,0.14790187152513928,0.12302607418288651,0.1282051282051282,0.11824920578891635,0.23161401134648416,23601,20823,0,3922,2589,0.8756663203239441,0.6601223945617676,0.9265714883804321,0.07610612792244635,0.5865269765005745,0.15072282944971171,0.5958846550567999,0.1522078658216538,0.6031891742858825,0.15351111493491687,0.609563534104038,0.14442593440763524,0.011158191909392675,0.048436557253201805
smd,./data/SMD,machine-3-2,machine-3-2,mask_noTTA,100,256,128,0.15,50,64,0.001,1,1,1,0,0.001,adam,0.1,0.99,fixed,gated,5000,none,8,0.95,"[0.5, 1.0, 2.0]",0,0,3,38,2.01569,8,0.006939989980310202,0.0010106670670211315,33.08785104751587,0.4619534994687658,0.04603495402124823,0.02642444260941371,0.1568627450980392,0.014427412082957619,0.09066737569795268,23604,23604,0,2018,2018,0.9145060181617737,1.0,1.0,0.09242328945367423,0.5568411796168584,0.06099305407262867,0.5664125740828438,0.06779975419570836,0.5720300233717499,0.07537932056151768,0.576295301871999,0.08355093077954362,0.0,0.0
smd,./data/SMD,machine-3-5,machine-3-5,gate_gbuf5k,100,256,128,0.15,50,64,0.001,1,1,1,1,0.001,adam,0.1,0.99,adaptive,gated,5000,unc,8,0.95,"[0.5, 1.0, 2.0]",0,0,5,38,2.01569,8,0.0012307511642575264,0.0004481020732782781,28.463398218154907,0.8072508119856038,0.3105332247358119,0.1508339376359681,0.08407437348423606,0.7323943661971831,0.3971462544589774,23592,18242,357,1515,594,0.9674378037452698,0.3920792043209076,0.7993839979171753,0.09069035683053354,0.8176180948431473,0.3247818530460353,0.823381250321616,0.3322740301696832,0.8292162459678192,0.3325026561989604,0.8136822222827618,0.12776931531133132,0.04493429263432821,0.056403022880355515
smd,./data/SMD,machine-2-7,machine-2-7,base_noTTA,100,256,128,0.15,50,64,0.001,1,0,1,0,0.001,adam,0.1,0.99,fixed,gated,5000,none,8,0.95,"[0.5, 1.0, 2.0]",0,0,3,38,2.015652,0,0.0032640905119478703,inf,30.21033477783203,0.8786666959228698,0.31208546329228726,0.32673267326732675,0.5238095238095238,0.23741007194244604,0.34936708860759497,23597,23460,0,2397,2260,0.9036658406257629,0.9428452253341675,1.0,0.011467532535253422,,,,,,,,,0.0,0.0
smd,./data/SMD,machine-1-8,machine-1-8,gate_gbuf5k,100,256,128,0.15,50,64,0.001,1,1,1,1,0.001,adam,0.1,0.99,adaptive,gated,5000,unc,8,0.95,"[0.5, 1.0, 2.0]",0,0,5,38,2.01569,8,0.0006132894777692854,0.00017005781410261989,25.56970191001892,0.8356151209519818,0.3580050642588381,0.24079164376030784,0.15234782608695652,0.5740498034076016,0.38641188959660294,23600,21237,361,2691,855,0.9597401022911072,0.3177257478237152,0.9747955203056335,0.09377001705816236,0.9032793285184463,0.4052669500903184,0.9181953567531468,0.4119357720263718,0.9258823686721178,0.40166625699024766,0.9139801400763695,0.26640128672416025,0.008216965477913618,0.014248277060687542
smd,./data/SMD,machine-2-1,machine-2-1,noMask_fixed,100,256,128,0.15,50,64,0.001,1,0,1,1,0.001,adam,0.1,0.99,fixed,gated,5000,none,8,0.95,"[0.5, 1.0, 2.0]",0,0,3,38,2.015652,0,0.0013330678921192884,inf,29.4759840965271,0.7698960045656903,0.30278770494786583,0.31247908999665447,0.2567344694887301,0.39914529914529917,0.3409490333919156,23595,22912,364,2457,1774,0.9225733280181885,0.7220187187194824,1.0,0.031595276583804746,,,,,,,,,0.0,0.0
smd,./data/SMD,machine-3-5,machine-3-5,noMask_fixed,100,256,128,0.15,50,64,0.001,1,0,1,1,0.001,adam,0.1,0.99,fixed,gated,5000,none,8,0.95,"[0.5, 1.0, 2.0]",0,0,8,38,2.015652,0,0.0012450547656044364,inf,27.253310441970825,0.8067957569905427,0.32404566925434736,0.08275148694078097,0.043787629994526546,0.7511737089201878,0.4200700116686114,23592,15404,275,1515,567,0.9631913900375366,0.3742574155330658,0.6720569133758545,0.025582297368145022,,,,,,,,,0.051151618361473083,0.7311082283655802
smd,./data/SMD,machine-2-2,machine-2-2,fixed,100,256,128,0.15,50,64,0.001,1,1,1,1,0.001,adam,0.1,0.99,fixed,gated,5000,none,8,0.95,"[0.5, 1.0, 2.0]",0,0,7,38,2.01569,8,0.0007799901650287211,0.0004147815052419901,28.340595483779907,0.5794802968681467,0.1451028060426029,0.11834961997828447,0.12142591904938731,0.11542534415813625,0.24211825423538652,23601,21788,362,3922,3043,0.8603359460830688,0.7758796811103821,0.952538251876831,0.09659659907472451,0.5829147862673404,0.14417844124508156,0.5803805321690864,0.1430954125830039,0.5764304904453366,0.1418002109089496,0.5658322807596718,0.1310023385916837,0.011158191909392675,0.04783163468043009
smd,./data/SMD,machine-3-9,machine-3-9,gate_noTTA,100,256,128,0.15,50,64,0.001,1,1,1,0,0.001,adam,0.1,0.99,fixed,gated,5000,unc,8,0.95,"[0.5, 1.0, 2.0]",0,0,7,38,2.01569,8,0.00023759616306051612,0.00013130958541296422,29.350046634674072,0.8570886233290699,0.25156943268352094,0.035294117647058816,0.01800360072014403,0.8910891089108911,0.31601731601731603,28614,5009,0,699,1,0.9998003840446472,0.0014306152006611228,0.17940175533294678,0.06112119491106811,0.8701793516204842,0.2619549576501004,0.8727708251289754,0.2697912579358292,0.8741428841933824,0.28407445864255065,0.8416624555802992,0.23766196101671305,0.48322611053784686,0.9289179841677347
smd,./data/SMD,machine-3-7,machine-3-7,fixed,100,256,128,0.15,50,64,0.001,1,1,1,1,0.001,adam,0.1,0.99,fixed,gated,5000,none,8,0.95,"[0.5, 1.0, 2.0]",0,0,0,38,2.01569,8,0.0001507573906565085,0.00026332109700888395,33.35914349555969,0.8463000547531487,0.4046217629174152,0.1246483445141744,0.06878433245760687,0.663594470046083,0.4906303236797274,28606,26354,439,929,279,0.9894133806228638,0.30032292008399963,0.9421179890632629,0.087630771252106,0.8719043647175861,0.44020638581332244,0.8746879893695108,0.47496119616711546,0.8737692155596745,0.5150030648678081,0.8415985213552766,0.48765857153816533,0.04951648538311323,0.06669257705410321
smd,./data/SMD,machine-2-3,machine-2-3,gate_gbuf5k,100,256,128,0.15,50,64,0.001,1,1,1,1,0.001,adam,0.1,0.99,adaptive,gated,5000,unc,8,0.95,"[0.5, 1.0, 2.0]",0,0,4,38,2.01569,8,0.0006393729127012193,0.00023731612600386143,29.03652024269104,0.9519625459128442,0.4821003687861021,0.28658536585365857,0.1714077315827863,0.8736059479553904,0.4841815680880331,23590,20623,362,1259,216,0.9895262718200684,0.1715647280216217,0.913841724395752,0.09803807346332674,0.9547803326359767,0.49437028202555333,0.953073343089978,0.48605063423969525,0.9497247610309876,0.4487064675636906,0.916505607954311,0.1762645207995822,0.03017713502049446,0.01215204230781334
smd,./data/SMD,machine-2-8,machine-2-8,noMask_fixed,100,256,128,0.15,50,64,0.001,1,0,1,1,0.001,adam,0.1,0.99,fixed,gated,5000,none,8,0.95,"[0.5, 1.0, 2.0]",0,0,3,38,2.015652,0,0.00010536142508499324,inf,29.7050998210907,0.9921986923331422,0.9687803494256034,0.11472415052977712,0.060947204968944096,0.9751552795031055,0.9714285714285714,23604,21625,353,260,11,0.9994913339614868,0.042307693511247635,0.9258910417556763,0.0331694343255306,,,,,,,,,0.04828462369429568,0.00042372880852781236
smd,./data/SMD,machine-3-5,machine-3-5,mask_noTTA,100,256,128,0.15,50,64,0.001,1,1,1,0,0.001,adam,0.1,0.99,fixed,gated,5000,none,8,0.95,"[0.5, 1.0, 2.0]",0,0,6,38,2.01569,8,0.0014701617183163762,0.0004215830995235592,27.66236662864685,0.8227093631348951,0.2974578330331435,0.08928086838534599,0.047379032258064516,0.7723004694835681,0.38284518828451886,23592,15410,0,1515,609,0.9604802131652832,0.4019801914691925,0.6704262495040894,0.07256395576686607,0.8329562733518383,0.31663607300208557,0.8374406334849848,0.32384362862385735,0.840354095343607,0.3205717814018971,0.8115657120601684,0.13493070638951485,0.051716829339663185,0.6679886976877848
smd,./data/SMD,machine-3-7,machine-3-7,gate_gbuf5k,100,256,128,0.15,50,64,0.001,1,1,1,1,0.001,adam,0.1,0.99,adaptive,gated,5000,unc,8,0.95,"[0.5, 1.0, 2.0]",0,0,5,38,2.01569,8,0.00016744709864724427,0.000263979600276798,29.75691819190979,0.8428605822481456,0.42099560387550644,0.1411764705882353,0.08350906790383804,0.45622119815668205,0.5083056478405314,28606,26412,442,929,320,0.9878842830657959,0.34445640444755554,0.9427322149276733,0.08808484671208056,0.8764743128838445,0.4598657761823982,0.878201058321802,0.494806469924607,0.8762072710681852,0.5320597234874648,0.8441855628058064,0.4824086224204568,0.02842828817665577,0.009019303135573864
smd,./data/SMD,machine-2-8,machine-2-8,noMask_fixed,100,256,128,0.15,50,64,0.001,1,0,1,1,0.001,adam,0.1,0.99,fixed,gated,5000,none,8,0.95,"[0.5, 1.0, 2.0]",0,0,1,38,2.015652,0,0.00010836158617166802,inf,26.563859224319458,0.9933693238092776,0.9647162696936807,0.10816396830864623,0.05725747629467542,0.9751552795031055,0.9446254071661238,23604,21637,355,260,14,0.9993529319763184,0.05384615436196327,0.9262765645980835,0.026742172855337764,,,,,,,,,0.04997882122794787,0.014265537058236077
smd,./data/SMD,machine-1-1,machine-1-1,base_noTTA,100,256,128,0.15,50,64,0.001,1,0,1,0,0.001,adam,0.1,0.99,fixed,gated,5000,none,8,0.95,"[0.5, 1.0, 2.0]",0,0,7,38,2.015652,0,0.00013427299563772976,inf,27.832778930664062,0.9023605196244027,0.4871975565464668,0.3796211426825542,0.23898826697441816,0.9224201930215293,0.5389182058047494,28380,19769,0,3486,43,0.9978248476982117,0.012335054576396942,0.7923997640609741,0.009603362590851625,,,,,,,,,0.11193328599135081,0.2701193243265152
smd,./data/SMD,machine-2-5,machine-2-5,gate_gbuf5k,100,256,128,0.15,50,64,0.001,1,1,1,1,0.001,adam,0.1,0.99,adaptive,gated,5000,unc,8,0.95,"[0.5, 1.0, 2.0]",0,0,7,38,2.01569,8,0.002656007884070277,0.0005732861463911831,24.592586755752563,0.925621595681295,0.44430533523791754,0.5030487804878049,0.5010121457489879,0.5051020408163265,0.521553563807085,23590,22145,363,3016,1656,0.9252201318740845,0.5490716099739075,0.9958685636520386,0.09322764763340903,0.9409927377529903,0.44079592869328604,0.9354235172425569,0.38688855906657027,0.9294121902581103,0.3392070736104245,0.9130900631863119,0.2528979663282231,0.005759858215848605,0.0
smd,./data/SMD,machine-3-10,machine-3-10,base_noTTA,100,256,128,0.15,50,64,0.001,1,0,1,0,0.001,adam,0.1,0.99,fixed,gated,5000,none,8,0.95,"[0.5, 1.0, 2.0]",0,0,1,38,2.015652,0,0.0011212896788492799,inf,27.338037490844727,0.9618459642244179,0.68512756602241,0.6493887530562348,0.6653306613226453,0.6341929321872015,0.6588475267720552,23594,22592,0,2334,1332,0.9410410523414612,0.570694088935852,1.0,0.010428534146637353,,,,,,,,,0.0,0.0
smd,./data/SMD,machine-2-3,machine-2-3,fixed,100,256,128,0.15,50,64,0.001,1,1,1,1,0.001,adam,0.1,0.99,fixed,gated,5000,none,8,0.95,"[0.5, 1.0, 2.0]",0,0,7,38,2.01569,8,0.0006601694040000439,0.0002454401692375541,27.05437994003296,0.951257623040073,0.4670171766559166,0.24788135593220337,0.1445336627547869,0.8698884758364313,0.49056603773584906,23590,22122,361,1259,464,0.9790254235267639,0.3685464560985565,0.9698625206947327,0.08889066308875769,0.9558797012054008,0.479308937122305,0.9526230242000769,0.46731724893215704,0.9475555477953899,0.43121712966808645,0.9071716100686035,0.16772936493059062,0.03854869989057382,0.018569849897176027
smd,./data/SMD,machine-1-1,machine-1-1,gate_noTTA,100,256,128,0.15,50,64,0.001,1,1,1,0,0.001,adam,0.1,0.99,fixed,gated,5000,unc,8,0.95,"[0.5, 1.0, 2.0]",0,0,0,38,2.01569,8,0.00015585284563712776,0.00017956466763280332,36.89178276062012,0.8987380945080234,0.45578122703084656,0.3711493995673902,0.23224120227760664,0.9235337787676318,0.5390161833039577,28380,20309,0,3486,93,0.9954207539558411,0.026678141206502914,0.8120832443237305,0.0617655924796386,0.9249778916772079,0.49265544192361743,0.9326059288453906,0.5145473435554008,0.9381113007035652,0.54058502128527,0.9151566714590226,0.5594332867797558,0.09196617205937703,0.24852060774962106
smd,./data/SMD,machine-3-5,machine-3-5,noMask_fixed,100,256,128,0.15,50,64,0.001,1,0,1,1,0.001,adam,0.1,0.99,fixed,gated,5000,none,8,0.95,"[0.5, 1.0, 2.0]",0,0,6,38,2.015652,0,0.0012743084225803614,inf,27.205878973007202,0.8168676072481886,0.31991133443322317,0.08660785886126704,0.04591836734693878,0.7605633802816901,0.3977900552486188,23592,15709,277,1515,566,0.9639697074890137,0.3735973536968231,0.6859174966812134,0.02503040363199228,,,,,,,,,0.05129292110602061,0.7137531439463297
smd,./data/SMD,machine-2-4,machine-2-4,gate_gbuf5k,100,256,128,0.15,50,64,0.001,1,1,1,1,0.001,adam,0.1,0.99,adaptive,gated,5000,unc,8,0.95,"[0.5, 1.0, 2.0]",0,0,2,38,2.01569,8,0.0005648802034556866,0.00034931008121930063,29.58258295059204,0.7962415924194427,0.41164816588360553,0.33938836514141185,0.27796610169491526,0.43565525383707204,0.4136786188579017,23590,22092,364,3674,2829,0.8719446063041687,0.770005464553833,0.9672123193740845,0.10242265076291616,0.8379038329254287,0.4383049611818799,0.8560333020840576,0.4536716329463031,0.8677240561005466,0.46361511847162895,0.8284714541487774,0.3536256101618103,0.0056369782735904055,0.021025640269120533
smd,./data/SMD,machine-2-6,machine-2-6,gate_noTTA,100,256,128,0.15,50,64,0.001,1,1,1,0,0.001,adam,0.1,0.99,fixed,gated,5000,unc,8,0.95,"[0.5, 1.0, 2.0]",0,0,3,38,2.01569,8,0.0004302948946133256,0.0001638570538489148,38.51089954376221,0.8601812937110693,0.3326644216398683,0.103708359522313,0.05555555555555555,0.7783018867924528,0.35294117647058826,28644,21734,0,1121,81,0.9962731003761292,0.0722569152712822,0.7867238521575928,0.08464155875010092,0.8963980613055971,0.3534793414845558,0.9030630312204554,0.36532278917665356,0.9067642931907173,0.36764885422754273,0.8965074951346086,0.22614661654710083,0.04327517747879028,0.14562421043713888
smd,./data/SMD,machine-3-10,machine-3-10,fixed,100,256,128,0.15,50,64,0.001,1,1,1,1,0.001,adam,0.1,0.99,fixed,gated,5000,none,8,0.95,"[0.5, 1.0, 2.0]",0,0,2,38,2.01569,8,0.0012886007316410542,0.00010034134174929932,34.2490291595459,0.9624694047269291,0.6632926530877277,0.7031558185404339,0.7268093781855249,0.6809933142311366,0.7108376715570278,23594,22612,358,2334,1352,0.9402087330818176,0.5792630910873413,1.0,0.11024993890987227,0.9701608098602628,0.6252121729980323,0.9674021847494358,0.5909937151021226,0.9647038286467328,0.5604997222665236,0.9585669337313365,0.5027139416414192,0.0,0.0
smd,./data/SMD,machine-3-1,machine-3-1,mask_noTTA,100,256,128,0.15,50,64,0.001,1,1,1,0,0.001,adam,0.1,0.99,fixed,gated,5000,none,8,0.95,"[0.5, 1.0, 2.0]",0,0,7,38,2.01569,8,0.0004014355654362589,0.00020436284830793738,30.091447353363037,0.8726828345647026,0.30502221665616697,0.04806836389531778,0.02471169686985173,0.8766233766233766,0.3515439429928741,28601,16646,0,704,32,0.9980776309967041,0.04545454680919647,0.5955479145050049,0.07898793937918115,0.8946367277411233,0.3106360712291746,0.8956161741189214,0.314226831799665,0.8927964206123548,0.3178275747560739,0.845652973400226,0.2276686917025578,0.19644757732748985,0.49794700741767883
smd,./data/SMD,machine-3-10,machine-3-10,fixed,100,256,128,0.15,50,64,0.001,1,1,1,1,0.001,adam,0.1,0.99,fixed,gated,5000,none,8,0.95,"[0.5, 1.0, 2.0]",0,0,4,38,2.01569,8,0.0012489227810874581,0.00010603833652567118,31.762326955795288,0.9650693228555516,0.6880455789912256,0.7414500683994528,0.7094240837696335,0.7765042979942693,0.7420237010027347,23594,22594,358,2334,1334,0.94095778465271,0.5715509653091431,1.0,0.10923046049975112,0.9748588401982222,0.6999417500289616,0.9724019397088918,0.6837426015207483,0.9694450046777016,0.6662200431371939,0.9615818602853891,0.6221461120171854,0.0,0.0
smd,./data/SMD,machine-3-11,machine-3-11,gate_noTTA,100,256,128,0.15,50,64,0.001,1,1,1,0,0.001,adam,0.1,0.99,fixed,gated,5000,unc,8,0.95,"[0.5, 1.0, 2.0]",0,0,5,38,2.01569,8,0.00040089047979563475,0.00022997678024694324,30.31963062286377,0.8952405662350219,0.557315249745228,0.02727826882048156,0.013848058177317036,0.9040404040404041,0.5941176470588235,28597,12978,0,440,0,1.0,0.0,0.46091559529304504,0.0616089298987166,0.9064821844666044,0.5595771358037287,0.9113809865090657,0.5604767895778463,0.9149880976939017,0.559800140978002,0.9053011694600578,0.23795294832484148,0.14417249088486037,0.9821826219558716
smd,./data/SMD,machine-2-1,machine-2-1,base_noTTA,100,256,128,0.15,50,64,0.001,1,0,1,0,0.001,adam,0.1,0.99,fixed,gated,5000,none,8,0.95,"[0.5, 1.0, 2.0]",0,0,9,38,2.015652,0,0.001344420132227242,inf,25.709298372268677,0.7521661414908617,0.2828372046581227,0.2942295497780596,0.23387096774193547,0.39658119658119656,0.3121226196005573,23595,22817,0,2457,1680,0.9263706803321838,0.6837607026100159,0.9999526739120483,0.009132618872789438,,,,,,,,,0.00014887598808854818,0.0
smd,./data/SMD,machine-3-9,machine-3-9,base_noTTA,100,256,128,0.15,50,64,0.001,1,0,1,0,0.001,adam,0.1,0.99,fixed,gated,5000,none,8,0.95,"[0.5, 1.0, 2.0]",0,0,4,38,2.015652,0,0.0001793030824046582,inf,35.79023241996765,0.868674744982418,0.3269641330276863,0.03239677210343406,0.016492743192995082,0.9075907590759076,0.3716381418092909,28614,6282,0,699,3,0.9995224475860596,0.004291845485568047,0.22493283450603485,0.012479230377203665,,,,,,,,,0.44654814898967743,0.9250408013661703
smd,./data/SMD,machine-2-3,machine-2-3,noMask_fixed,100,256,128,0.15,50,64,0.001,1,0,1,1,0.001,adam,0.1,0.99,fixed,gated,5000,none,8,0.95,"[0.5, 1.0, 2.0]",0,0,6,38,2.015652,0,0.0005990552017465234,inf,24.909695863723755,0.9510304794618395,0.4681139222357072,0.22384428223844285,0.12877939529675253,0.8550185873605948,0.47035573122529645,23590,21967,361,1259,448,0.9796057939529419,0.35583797097206116,0.9636380076408386,0.02851714618936743,,,,,,,,,0.0465013658006986,0.03075236175209284
smd,./data/SMD,machine-1-7,machine-1-7,noMask_fixed,100,256,128,0.15,50,64,0.001,1,0,1,1,0.001,adam,0.1,0.99,fixed,gated,5000,none,8,0.95,"[0.5, 1.0, 2.0]",0,0,9,38,2.015652,0,0.0023546533193439245,inf,26.987536191940308,0.6569470521019264,0.2401162388917687,0.1312684365781711,0.5668789808917197,0.07422852376980818,0.26444769568397947,23598,23338,368,3677,3417,0.8535864353179932,0.9292901754379272,1.0,0.029044349735718136,,,,,,,,,0.0,0.0
smd,./data/SMD,machine-1-4,machine-1-4,gate_noTTA,100,256,128,0.15,50,64,0.001,1,1,1,0,0.001,adam,0.1,0.99,fixed,gated,5000,unc,8,0.95,"[0.5, 1.0, 2.0]",0,0,1,38,2.01569,8,0.0009402820724062622,0.00027254162705503404,31.389983892440796,0.7974619712591176,0.24627308565434589,0.2934415145368492,0.2859025032938076,0.3013888888888889,0.308263695450325,23608,22647,0,1908,968,0.9572570323944092,0.5073375105857849,0.9990322589874268,0.0666582515707504,0.9059516127473017,0.3178213372984204,0.925515992130818,0.35144841742256316,0.9337635885983866,0.36664604628620545,0.9217241145961729,0.30355139686813143,0.0,0.0
smd,./data/SMD,machine-1-2,machine-1-2,noMask_fixed,100,256,128,0.15,50,64,0.001,1,0,1,1,0.001,adam,0.1,0.99,fixed,gated,5000,none,8,0.95,"[0.5, 1.0, 2.0]",0,0,8,38,2.015652,0,0.005261749494820833,inf,25.90096926689148,0.8773081458138356,0.22981749986516992,0.2681721947776993,0.21714285714285714,0.3505535055350554,0.28258887876025524,23595,23342,369,1532,1279,0.9452060461044312,0.834856390953064,1.0,0.028194141327311715,,,,,,,,,0.0,0.0
smd,./data/SMD,machine-1-7,machine-1-7,mask_noTTA,100,256,128,0.15,50,64,0.001,1,1,1,0,0.001,adam,0.1,0.99,fixed,gated,5000,none,8,0.95,"[0.5, 1.0, 2.0]",0,0,6,38,2.01569,8,0.0024238242767751217,0.000666222651489079,26.249866247177124,0.6403982225982097,0.24269565495076095,0.16193181818181818,0.5454545454545454,0.0950792326939116,0.2588291064233231,23598,23282,0,3677,3361,0.8556395769119263,0.9140603542327881,1.0,0.06257642051993573,0.7011975545297091,0.30131249797782933,0.7073433301089249,0.31109071235266955,0.710721518914478,0.31102468898998537,0.7114091840857882,0.286938140564969,0.0,0.0
smd,./data/SMD,machine-2-2,machine-2-2,mask_noTTA,100,256,128,0.15,50,64,0.001,1,1,1,0,0.001,adam,0.1,0.99,fixed,gated,5000,none,8,0.95,"[0.5, 1.0, 2.0]",0,0,0,38,2.01569,8,0.0007796758436597884,0.00041587711893953383,28.158867120742798,0.5888867860627942,0.15500912657996058,0.129985754985755,0.13115343154868847,0.1288386869043417,0.2460395752335635,23601,21530,0,3922,2797,0.8700882196426392,0.7131565809249878,0.951928436756134,0.06489559561664496,0.5985704665679605,0.15463829486506278,0.6010838042377242,0.15424086739923482,0.6024720698016319,0.15364319949917354,0.5992095298529874,0.1413988563055637,0.011158191909392675,0.04862350970506668
smd,./data/SMD,machine-3-11,machine-3-11,mask_noTTA,100,256,128,0.15,50,64,0.001,1,1,1,0,0.001,adam,0.1,0.99,fixed,gated,5000,none,8,0.95,"[0.5, 1.0, 2.0]",0,0,6,38,2.01569,8,0.00040543501381762326,0.0002245288051199168,33.10575580596924,0.8885060869059745,0.4932813240011615,0.026575097043893697,0.01348689195332626,0.898989898989899,0.5337837837837839,28597,13358,0,440,0,1.0,0.0,0.47441133856773376,0.06101403815156785,0.8932567304031969,0.5025447385155641,0.8983543768090052,0.510740593891766,0.9033359420579578,0.5223486962813193,0.8988915401470668,0.23785021878295665,0.13962704439957938,0.982430100440979
smd,./data/SMD,machine-2-1,machine-2-1,noMask_fixed,100,256,128,0.15,50,64,0.001,1,0,1,1,0.001,adam,0.1,0.99,fixed,gated,5000,none,8,0.95,"[0.5, 1.0, 2.0]",0,0,4,38,2.015652,0,0.0013550638686865568,inf,26.951204538345337,0.7828006821214067,0.3140321108061477,0.3205417607223477,0.25737959606421545,0.4247863247863248,0.3471231573941988,23595,22839,364,2457,1701,0.9255221486091614,0.692307710647583,1.0,0.03035572227418208,,,,,,,,,0.0,0.0
smd,./data/SMD,machine-3-9,machine-3-9,gate_gbuf5k,100,256,128,0.15,50,64,0.001,1,1,1,1,0.001,adam,0.1,0.99,adaptive,gated,5000,unc,8,0.95,"[0.5, 1.0, 2.0]",0,0,4,38,2.01569,8,0.00023342766507994384,0.00012907039490528405,37.10616159439087,0.845476596234069,0.23272817082476907,0.06124379285883188,0.03175965665236052,0.8547854785478548,0.29285714285714287,28614,10855,331,699,24,0.9977890253067017,0.03433476388454437,0.3879992961883545,0.1032243711839909,0.8621425078093871,0.24446425537064975,0.8668492245211848,0.25400526051171557,0.8705295978383476,0.2705415790765338,0.8480349618911204,0.23452876931072347,0.3091530551513036,0.3069148163000743
smd,./data/SMD,machine-3-9,machine-3-9,noMask_fixed,100,256,128,0.15,50,64,0.001,1,0,1,1,0.001,adam,0.1,0.99,fixed,gated,5000,none,8,0.95,"[0.5, 1.0, 2.0]",0,0,1,38,2.015652,0,0.00017268543888349086,inf,35.381072998046875,0.8291587236865186,0.3628695388272075,0.028626361888485365,0.014548612996037132,0.8844884488448845,0.4008714596949891,28614,5600,195,699,4,0.9992856979370117,0.005722460802644491,0.20046569406986237,0.020362174826747525,,,,,,,,,0.4376455843448639,0.9951207041740417
smd,./data/SMD,machine-1-2,machine-1-2,fixed,100,256,128,0.15,50,64,0.001,1,1,1,1,0.001,adam,0.1,0.99,fixed,gated,5000,none,8,0.95,"[0.5, 1.0, 2.0]",0,0,1,38,2.01569,8,0.004631801508367062,0.0008335208985954523,29.211689233779907,0.8747269767963748,0.19800523133914916,0.23968042609853532,0.1875,0.33210332103321033,0.24379562043795622,23595,23320,367,1532,1260,0.9459691047668457,0.8224543333053589,0.9998640418052673,0.0930801693931882,0.8881926150809538,0.23599466623680138,0.8803690578802816,0.2522356209002467,0.8684265639304631,0.2594913473286567,0.8214510729030926,0.18423601655120042,0.0004805381953095396,0.0
smd,./data/SMD,machine-2-6,machine-2-6,gate_noTTA,100,256,128,0.15,50,64,0.001,1,1,1,0,0.001,adam,0.1,0.99,fixed,gated,5000,unc,8,0.95,"[0.5, 1.0, 2.0]",0,0,7,38,2.01569,8,0.00041960683302022517,0.00015518188592977822,32.89484238624573,0.8587257571588379,0.33509185839017985,0.10322375734476735,0.05533798739996595,0.7665094339622641,0.34662045060658586,28644,21501,0,1121,83,0.9961397051811218,0.07404103130102158,0.7781855463981628,0.06456820263307932,0.8912804057813043,0.3572915385151123,0.896698213147117,0.3681932627688559,0.8997262155483319,0.3702020429893976,0.8889899574057553,0.24745179190680314,0.04474253455797831,0.1460019958515962
smd,./data/SMD,machine-3-6,machine-3-6,gate_gbuf5k,100,256,128,0.15,50,64,0.001,1,1,1,1,0.001,adam,0.1,0.99,adaptive,gated,5000,unc,8,0.95,"[0.5, 1.0, 2.0]",0,0,1,38,2.01569,8,0.0003749963652808219,0.0003246828855480999,36.74200129508972,0.8690442533019593,0.3095999029093448,0.2595533498759305,0.18441466854724964,0.4380234505862647,0.3373676248108926,28627,24927,440,2283,643,0.9742046594619751,0.2816469669342041,0.9218038320541382,0.10648279945953729,0.8980927568736219,0.3245088319130219,0.9083954933756389,0.32953190317811715,0.9152755033825725,0.32984390631348226,0.9062864354461541,0.23929745095841162,0.024017303561170895,0.02198777161538601
smd,./data/SMD,machine-1-4,machine-1-4,gate_noTTA,100,256,128,0.15,50,64,0.001,1,1,1,0,0.001,adam,0.1,0.99,fixed,gated,5000,unc,8,0.95,"[0.5, 1.0, 2.0]",0,0,2,38,2.01569,8,0.0009402090799994767,0.00027194421272724867,29.207435846328735,0.8051789538048075,0.2505567629378459,0.28929068150208626,0.28969359331476324,0.28888888888888886,0.3064066852367688,23608,22666,0,1908,993,0.9561898708343506,0.5204402804374695,0.9987557530403137,0.07640419673693459,0.9094985450713687,0.3111141091380088,0.9273443202196409,0.3398727415037581,0.933935908218655,0.3516930446280706,0.9177638447818333,0.2879814769403818,0.0,0.0
smd,./data/SMD,machine-2-1,machine-2-1,noMask_fixed,100,256,128,0.15,50,64,0.001,1,0,1,1,0.001,adam,0.1,0.99,fixed,gated,5000,none,8,0.95,"[0.5, 1.0, 2.0]",0,0,8,38,2.015652,0,0.0013200833927839994,inf,26.213698625564575,0.7775776873139685,0.3103453993921205,0.31608304927176945,0.24793388429752067,0.4358974358974359,0.3471005423445974,23595,22811,364,2457,1674,0.9266143441200256,0.6813187003135681,0.9999526739120483,0.029375634473318465,,,,,,,,,0.00014887598808854818,0.0
smd,./data/SMD,machine-2-2,machine-2-2,noMask_fixed,100,256,128,0.15,50,64,0.001,1,0,1,1,0.001,adam,0.1,0.99,fixed,gated,5000,none,8,0.95,"[0.5, 1.0, 2.0]",0,0,4,38,2.015652,0,0.0007533530588261783,inf,26.274662017822266,0.5837504115410915,0.14626487852844808,0.1027318199307426,0.11289640591966173,0.09424638192728556,0.24546365356785038,23601,21769,362,3922,3018,0.8613625168800354,0.7695053815841675,0.9528431296348572,0.029113473419839865,,,,,,,,,0.008757062256336212,0.04932724187771479
smd,./data/SMD,machine-3-6,machine-3-6,fixed,100,256,128,0.15,50,64,0.001,1,1,1,1,0.001,adam,0.1,0.99,fixed,gated,5000,none,8,0.95,"[0.5, 1.0, 2.0]",0,0,0,38,2.01569,8,0.0003718996304087341,0.0003277758660260588,33.24256920814514,0.8504255045628647,0.28851541122215635,0.2626231993934799,0.1603406776522866,0.7252931323283082,0.31210040255742366,28627,24795,408,2283,67,0.9972978234291077,0.02934735082089901,0.9386577606201172,0.08558115974325262,0.8921523265998257,0.30910067200645425,0.9043920812352721,0.31675902769285075,0.9118269503846415,0.3194370999837705,0.9047844372231637,0.2382617240817184,0.012687068937035898,0.12351350610454877
smd,./data/SMD,machine-2-4,machine-2-4,fixed,100,256,128,0.15,50,64,0.001,1,1,1,1,0.001,adam,0.1,0.99,fixed,gated,5000,none,8,0.95,"[0.5, 1.0, 2.0]",0,0,2,38,2.01569,8,0.0005648802034556866,0.00034931008121930063,29.04352355003357,0.7996407362089646,0.41246488992225694,0.3472495968464433,0.24929251350656034,0.5720188902007084,0.4135723431498079,23590,21450,353,3674,2058,0.9040559530258179,0.5601524114608765,0.9736894965171814,0.09494457471264577,0.8405071668912624,0.4410468632417035,0.8582773454200844,0.4568617363140613,0.8696388011335623,0.46646810318886367,0.8300018277203175,0.35652237095986294,0.035137166579564415,0.03079387902592619
smd,./data/SMD,machine-1-7,machine-1-7,base_noTTA,100,256,128,0.15,50,64,0.001,1,0,1,0,0.001,adam,0.1,0.99,fixed,gated,5000,none,8,0.95,"[0.5, 1.0, 2.0]",0,0,9,38,2.015652,0,0.0023546533193439245,inf,22.745399951934814,0.6505768125080054,0.23949385887214802,0.13514506059493206,0.5661538461538461,0.07673060884070058,0.2663561295786576,23598,23359,0,3677,3438,0.85281902551651,0.9350013732910156,1.0,0.009705842738535881,,,,,,,,,0.0,0.0
smd,./data/SMD,machine-1-6,machine-1-6,fixed,100,256,128,0.15,50,64,0.001,1,1,1,1,0.001,adam,0.1,0.99,fixed,gated,5000,none,8,0.95,"[0.5, 1.0, 2.0]",0,0,1,38,2.01569,8,0.0006068061920814216,0.00040842778980731964,31.28910803794861,0.8856922504102738,0.629008536803392,0.5142255005268703,0.3675976358790126,0.8554476806903991,0.6247220405493786,23590,16275,294,6678,1163,0.9285407066345215,0.17415393888950348,0.8935667276382446,0.09598470229423364,0.9121079062326038,0.6661488189162732,0.9229096660165885,0.686685213567836,0.9301366638112032,0.6997110827660125,0.9098223004410824,0.5809580446734606,0.12192164858182271,0.019546833510200184
smd,./data/SMD,machine-2-5,machine-2-5,base_noTTA,100,256,128,0.15,50,64,0.001,1,0,1,0,0.001,adam,0.1,0.99,fixed,gated,5000,none,8,0.95,"[0.5, 1.0, 2.0]",0,0,9,38,2.015652,0,0.00276728393509984,inf,23.41846990585327,0.9280483508741026,0.5116491551220909,0.2909090909090909,0.6456140350877193,0.18775510204081633,0.5346437346437346,23590,23463,0,3016,2889,0.8768699765205383,0.9578912258148193,1.0,0.009030343719133133,,,,,,,,,0.0,0.0
smd,./data/SMD,machine-3-1,machine-3-1,gate_gbuf5k,100,256,128,0.15,50,64,0.001,1,1,1,1,0.001,adam,0.1,0.99,adaptive,gated,5000,unc,8,0.95,"[0.5, 1.0, 2.0]",0,0,1,38,2.01569,8,0.0003920056624338031,0.00020624585158657283,33.192761182785034,0.8723828826850804,0.3290398899439832,0.06406619385342789,0.03324337585868498,0.8798701298701299,0.37387387387387394,28601,16693,345,704,33,0.9980231523513794,0.046875,0.5971968173980713,0.08651623462972964,0.8931203869390683,0.3330189570940723,0.8931542358740161,0.33500741108814236,0.8904450631785799,0.33666713538848025,0.840294206709042,0.20459303183142338,0.12935737644632658,0.25061900246267516
smd,./data/SMD,machine-1-6,machine-1-6,noMask_fixed,100,256,128,0.15,50,64,0.001,1,0,1,1,0.001,adam,0.1,0.99,fixed,gated,5000,none,8,0.95,"[0.5, 1.0, 2.0]",0,0,0,38,2.015652,0,0.0005722983041778207,inf,27.307202339172363,0.8839796944097972,0.625480199544977,0.5151246269258691,0.3674761192312119,0.8611111111111112,0.6107631343474371,23590,15556,293,6678,1119,0.9280663132667542,0.16756513714790344,0.8536542057991028,0.02507069900208684,,,,,,,,,0.13028634960452715,0.03884616494178772
smd,./data/SMD,machine-1-5,machine-1-5,fixed,100,256,128,0.15,50,64,0.001,1,1,1,1,0.001,adam,0.1,0.99,fixed,gated,5000,none,8,0.95,"[0.5, 1.0, 2.0]",0,0,7,38,2.01569,8,0.0008238714653998613,0.0003143138310406357,27.574671745300293,0.9468493179700077,0.5704079659666758,0.0826044703595724,0.04341164453524004,0.85,0.6162162162162161,23607,22299,364,793,49,0.9978026151657104,0.06179066747426987,0.9752783179283142,0.08056333156231323,0.9598017453189867,0.5747618951337777,0.9613373718546131,0.5700860966965092,0.9618558840972634,0.5403151156403996,0.9389833093281369,0.07324428124550345,0.0,0.04796645149084119
smd,./data/SMD,machine-3-9,machine-3-9,gate_gbuf5k,100,256,128,0.15,50,64,0.001,1,1,1,1,0.001,adam,0.1,0.99,adaptive,gated,5000,unc,8,0.95,"[0.5, 1.0, 2.0]",0,0,2,38,2.01569,8,0.00023958292149472982,0.00012862717267125845,32.93270468711853,0.8380859944494977,0.2829910952484617,0.057898335992705725,0.029984653523787038,0.8382838283828383,0.31862745098039214,28614,10909,332,699,21,0.998075008392334,0.030042918398976326,0.39004120230674744,0.10985123950363397,0.8606866916892323,0.2948177259366283,0.8666219420252479,0.3041147500873152,0.8717227583370797,0.32404968483185026,0.8507003181838775,0.28944848136089946,0.30305923024813336,0.33331823348999023
smd,./data/SMD,machine-2-3,machine-2-3,mask_noTTA,100,256,128,0.15,50,64,0.001,1,1,1,0,0.001,adam,0.1,0.99,fixed,gated,5000,none,8,0.95,"[0.5, 1.0, 2.0]",0,0,2,38,2.01569,8,0.0006620982312597334,0.0002216320572188124,29.065174102783203,0.9503392074260554,0.4670123386800325,0.25889967637540456,0.15141955835962145,0.8921933085501859,0.4925619834710744,23590,22117,0,1259,455,0.9794275760650635,0.361397922039032,0.9700416326522827,0.07524794570062564,0.9578609773364358,0.48288843096698914,0.954826523258804,0.46863087334390363,0.9498215867351959,0.42747074951318653,0.910556541449338,0.19089581243516274,0.036062847512463726,0.019989773475875456
smd,./data/SMD,machine-2-5,machine-2-5,noMask_fixed,100,256,128,0.15,50,64,0.001,1,0,1,1,0.001,adam,0.1,0.99,fixed,gated,5000,none,8,0.95,"[0.5, 1.0, 2.0]",0,0,0,38,2.015652,0,0.002449042396619916,inf,26.356189966201782,0.9236933841747541,0.48072865102748213,0.2966948501152959,0.6012461059190031,0.19693877551020408,0.5315985130111525,23590,23440,368,3016,2866,0.8777303695678711,0.9502652287483215,1.0,0.027072151720953373,,,,,,,,,0.0,0.0
smd,./data/SMD,machine-1-2,machine-1-2,fixed,100,256,128,0.15,50,64,0.001,1,1,1,1,0.001,adam,0.1,0.99,fixed,gated,5000,none,8,0.95,"[0.5, 1.0, 2.0]",0,0,6,38,2.01569,8,0.0044030253775417805,0.0008122834260575473,24.898602724075317,0.8730626190591554,0.20987691310283674,0.2595419847328244,0.19805825242718447,0.3763837638376384,0.26427622841965476,23595,23299,367,1532,1242,0.9466930031776428,0.8107049465179443,0.9997280240058899,0.08119707214652949,0.883320513621515,0.2446083765983346,0.8752142108497796,0.26143615535848314,0.8632655806516601,0.2666283712785512,0.8106301974820025,0.1790855117877167,0.0009610763906190792,0.0
smd,./data/SMD,machine-2-9,machine-2-9,mask_noTTA,100,256,128,0.15,50,64,0.001,1,1,1,0,0.001,adam,0.1,0.99,fixed,gated,5000,none,8,0.95,"[0.5, 1.0, 2.0]",0,0,6,38,2.01569,8,0.0007254161755554378,0.00040044818888418376,31.761101722717285,0.9688972181574251,0.6654820524051457,0.6010823347506765,0.45481134834747,0.886039886039886,0.6614372469635628,28623,25581,0,2745,281,0.9890152812004089,0.10236794501543045,0.9776644110679626,0.07832879536690729,0.9726695823332454,0.6855905381120141,0.97238695347495,0.6910046713670029,0.9706082362773876,0.6920918895445055,0.9556842767730149,0.6344459574759722,0.0012807078504314025,0.04453128824631373
smd,./data/SMD,machine-3-7,machine-3-7,fixed,100,256,128,0.15,50,64,0.001,1,1,1,1,0.001,adam,0.1,0.99,fixed,gated,5000,none,8,0.95,"[0.5, 1.0, 2.0]",0,0,7,38,2.01569,8,0.00015267368871718645,0.0002530195633880794,32.810893535614014,0.8566923132219156,0.3921691795268307,0.12235586893405227,0.06722880583409298,0.6797235023041475,0.47877758913412555,28606,26104,436,929,226,0.991342306137085,0.2432723343372345,0.9350001811981201,0.08086621290419074,0.8847054194206924,0.42843327578062346,0.885657690616836,0.46502808861033806,0.8803900839912323,0.509383721862394,0.8328570483146414,0.4933200287621504,0.04392403612534205,0.08885250737269719
smd,./data/SMD,machine-3-7,machine-3-7,mask_noTTA,100,256,128,0.15,50,64,0.001,1,1,1,0,0.001,adam,0.1,0.99,fixed,gated,5000,none,8,0.95,"[0.5, 1.0, 2.0]",0,0,2,38,2.01569,8,0.00016588221478741616,0.0002598377177491784,33.02135682106018,0.8099170845961413,0.3857957520395387,0.1015921152388173,0.055349029326724496,0.6175115207373272,0.48986486486486486,28606,27173,0,929,295,0.9891436100006104,0.31754574179649353,0.9711312651634216,0.06316131222942346,0.8452542190813827,0.42047660769304396,0.852762238486068,0.46437773247847924,0.8559719971630729,0.5186713073489437,0.8453692186241555,0.5046417406499386,0.03378771928449472,0.03956663670639197
smd,./data/SMD,machine-1-7,machine-1-7,base_noTTA,100,256,128,0.15,50,64,0.001,1,0,1,0,0.001,adam,0.1,0.99,fixed,gated,5000,none,8,0.95,"[0.5, 1.0, 2.0]",0,0,6,38,2.015652,0,0.0022965276148170233,inf,26.09633159637451,0.6506951482840861,0.25176442128971094,0.14787701317715957,0.6047904191616766,0.08423686405337781,0.2825817128671908,23598,23361,0,3677,3440,0.8527460098266602,0.9355452656745911,1.0,0.009743043230452652,,,,,,,,,0.0,0.0
smd,./data/SMD,machine-2-7,machine-2-7,noMask_fixed,100,256,128,0.15,50,64,0.001,1,0,1,1,0.001,adam,0.1,0.99,fixed,gated,5000,none,8,0.95,"[0.5, 1.0, 2.0]",0,0,3,38,2.015652,0,0.0032640905119478703,inf,29.792478322982788,0.8842147640193615,0.26612823696640936,0.3396825396825397,0.5023474178403756,0.2565947242206235,0.3591240875912408,23597,23445,368,2397,2245,0.9042439460754395,0.936587393283844,1.0,0.03179100634117432,,,,,,,,,0.0,0.0
smd,./data/SMD,machine-1-1,machine-1-1,gate_gbuf5k,100,256,128,0.15,50,64,0.001,1,1,1,1,0.001,adam,0.1,0.99,adaptive,gated,5000,unc,8,0.95,"[0.5, 1.0, 2.0]",0,0,3,38,2.01569,8,0.0001613499625818804,0.0001706123584881425,37.75567102432251,0.9228978378830485,0.4994517935985719,0.38856785881618,0.3354003774602319,0.4617668893838159,0.5714730129102504,28380,23672,422,3486,686,0.9710206389427185,0.19678714871406555,0.9233550429344177,0.11538677941417089,0.9391716580443129,0.5279734093131354,0.9450332679332939,0.5458175731806892,0.9502171531793302,0.5679276279631547,0.9408018364411668,0.5906903563193435,0.05038759671151638,0.022704498609527946
smd,./data/SMD,machine-2-5,machine-2-5,fixed,100,256,128,0.15,50,64,0.001,1,1,1,1,0.001,adam,0.1,0.99,fixed,gated,5000,none,8,0.95,"[0.5, 1.0, 2.0]",0,0,2,38,2.01569,8,0.0028385058976709843,0.0006879806169308722,29.182309865951538,0.9171589345588956,0.4407774421894048,0.27444794952681384,0.6041666666666666,0.17755102040816326,0.4866494401378123,23590,23449,368,3016,2875,0.8773934841156006,0.9532493352890015,1.0,0.09803266634421613,0.9398310343557036,0.4575347074246579,0.9357923811560822,0.4090806357710422,0.9306850830516715,0.35753843535078833,0.9148634318318457,0.25718820266363973,0.0,0.0
smd,./data/SMD,machine-3-3,machine-3-3,noMask_fixed,100,256,128,0.15,50,64,0.001,1,0,1,1,0.001,adam,0.1,0.99,fixed,gated,5000,none,8,0.95,"[0.5, 1.0, 2.0]",0,0,9,38,2.015652,0,0.0007881405763328075,inf,24.06551241874695,0.8821978548333734,0.2928605410329348,0.2519954389965793,0.15368567454798332,0.6993670886075949,0.36669335468374703,23604,22206,360,3206,2390,0.892371416091919,0.7454772591590881,0.9714677929878235,0.029912642999496163,,,,,,,,,0.006660168990492821,0.0529741874585549
smd,./data/SMD,machine-2-4,machine-2-4,gate_gbuf5k,100,256,128,0.15,50,64,0.001,1,1,1,1,0.001,adam,0.1,0.99,adaptive,gated,5000,unc,8,0.95,"[0.5, 1.0, 2.0]",0,0,8,38,2.01569,8,0.000577559694647789,0.0003287270956207067,25.435216903686523,0.7953424667460915,0.40343762106532627,0.32330300909727083,0.2672580023139221,0.4090909090909091,0.39556962025316456,23590,21924,364,3674,2730,0.8754789233207703,0.7430593371391296,0.9637477397918701,0.08918704396337207,0.8404802341843818,0.43310051323870613,0.85909002341146,0.44968642476813364,0.8704615302447456,0.45910882922099916,0.8290937781555485,0.3481046384485609,0.009770762796203295,0.019999999552965164
smd,./data/SMD,machine-1-4,machine-1-4,gate_gbuf5k,100,256,128,0.15,50,64,0.001,1,1,1,1,0.001,adam,0.1,0.99,adaptive,gated,5000,unc,8,0.95,"[0.5, 1.0, 2.0]",0,0,1,38,2.01569,8,0.0009402820724062622,0.00027254162705503404,31.705093383789062,0.8045010948217108,0.2515350833513451,0.29485396383866486,0.22129436325678498,0.44166666666666665,0.32115548003398475,23608,22470,363,1908,805,0.9641744494438171,0.4219077527523041,0.9983870983123779,0.1052566521533745,0.9100761662388887,0.3210453605558162,0.9281295768622845,0.3530004328409116,0.9353432858185544,0.3643940350544538,0.9235718981259938,0.29999792830492167,0.0016598762013018131,0.0
smd,./data/SMD,machine-1-1,machine-1-1,fixed,100,256,128,0.15,50,64,0.001,1,1,1,1,0.001,adam,0.1,0.99,fixed,gated,5000,none,8,0.95,"[0.5, 1.0, 2.0]",0,0,3,38,2.01569,8,0.0001613499625818804,0.0001706123584881425,40.18838977813721,0.9013889698651647,0.4566632440838107,0.37819933754893104,0.237204910292729,0.9324424647364514,0.535806729939603,28380,20149,356,3486,71,0.9964762330055237,0.020367182791233063,0.8065397143363953,0.10406093920008072,0.9230947937796975,0.4900383797827044,0.9298394913451837,0.510451357702456,0.9351544213982365,0.5355986278456737,0.9182602077973603,0.5722249223304378,0.08468405157327652,0.26798022786776227
smd,./data/SMD,machine-2-1,machine-2-1,gate_gbuf5k,100,256,128,0.15,50,64,0.001,1,1,1,1,0.001,adam,0.1,0.99,adaptive,gated,5000,unc,8,0.95,"[0.5, 1.0, 2.0]",0,0,7,38,2.01569,8,0.0014055519131943583,0.0003111149126198143,28.77081274986267,0.7651199404395994,0.3059916574210912,0.2806663301362948,0.1991404011461318,0.4752136752136752,0.33432329232074676,23595,21227,361,2457,903,0.9574598670005798,0.36752137541770935,0.9614911675453186,0.08976534782614994,0.8166444491497767,0.3777006247031908,0.824843699484083,0.40453483523269057,0.827052720213349,0.4130150398898072,0.8077845739473338,0.3319495309208655,0.004615155669550101,0.009462596227725347
smd,./data/SMD,machine-1-4,machine-1-4,gate_noTTA,100,256,128,0.15,50,64,0.001,1,1,1,0,0.001,adam,0.1,0.99,fixed,gated,5000,unc,8,0.95,"[0.5, 1.0, 2.0]",0,0,0,38,2.01569,8,0.0009657125920057297,0.00028482702327892184,33.15350961685181,0.8219373993996607,0.25231979651412656,0.31719298245614036,0.32056737588652484,0.3138888888888889,0.321024868123587,23608,22704,0,1908,1017,0.9552061557769775,0.5330188870429993,0.9994009137153625,0.07781137938581859,0.9118078515392758,0.3198735475249318,0.9284775090268413,0.35129128637768486,0.9354988085052904,0.3650384891417611,0.9261820690921921,0.3012592842121636,0.0,0.0
smd,./data/SMD,machine-2-2,machine-2-2,gate_gbuf5k,100,256,128,0.15,50,64,0.001,1,1,1,1,0.001,adam,0.1,0.99,adaptive,gated,5000,unc,8,0.95,"[0.5, 1.0, 2.0]",0,0,2,38,2.01569,8,0.0008101370185613632,0.0003923302283510566,29.406786680221558,0.587179496331387,0.1492050104650056,0.1105472997462849,0.11359404096834265,0.107659724673491,0.2466139608996752,23601,20641,360,3922,2611,0.8735041618347168,0.6657317876815796,0.916205108165741,0.10326398509492571,0.5887031308552573,0.14642786417660006,0.5855553986705948,0.14417068204709804,0.5812460730949081,0.14165308967828932,0.5694547389040208,0.13148299589411788,0.014830508579810461,0.04670992990334829
smd,./data/SMD,machine-3-7,machine-3-7,gate_gbuf5k,100,256,128,0.15,50,64,0.001,1,1,1,1,0.001,adam,0.1,0.99,adaptive,gated,5000,unc,8,0.95,"[0.5, 1.0, 2.0]",0,0,2,38,2.01569,8,0.00016588221478741616,0.0002598377177491784,36.40224575996399,0.8232364930143686,0.39518872874347355,0.13046402151983863,0.07637795275590552,0.4470046082949309,0.4908789386401327,28606,26337,442,929,321,0.987811803817749,0.3455328345298767,0.9399862885475159,0.10408327011581002,0.8572447348384391,0.433592677427813,0.8625807625243956,0.474691458463481,0.863846531765384,0.5242374103825633,0.843365528858528,0.5041646486963364,0.027379704018433888,0.011354791310926279
smd,./data/SMD,machine-2-2,machine-2-2,noMask_fixed,100,256,128,0.15,50,64,0.001,1,0,1,1,0.001,adam,0.1,0.99,fixed,gated,5000,none,8,0.95,"[0.5, 1.0, 2.0]",0,0,8,38,2.015652,0,0.0006704414263367653,inf,25.160377740859985,0.5819408994260474,0.14669622697030607,0.11527904849039342,0.1196808510638298,0.11118955171196611,0.24468311356869418,23601,21556,360,3922,2837,0.8683893084526062,0.7233554124832153,0.9512170553207397,0.029162246137093468,,,,,,,,,0.009745762993892034,0.048810459673404694
smd,./data/SMD,machine-2-4,machine-2-4,gate_noTTA,100,256,128,0.15,50,64,0.001,1,1,1,0,0.001,adam,0.1,0.99,fixed,gated,5000,unc,8,0.95,"[0.5, 1.0, 2.0]",0,0,4,38,2.01569,8,0.0005665752105414867,0.00034136930480599403,29.2261700630188,0.7571739632786565,0.36555908436767165,0.2609402519983742,0.169333567786179,0.5684769775678866,0.3606020942408377,23590,20299,0,3674,1686,0.9169417023658752,0.4589003920555115,0.9345752000808716,0.06431203213926592,0.7991823031584133,0.38874656337684765,0.8220049877172364,0.4051157650234217,0.8431528121798637,0.42233872731667815,0.8264088140671662,0.34692074778573173,0.053927093744277954,0.045542701690768204
smd,./data/SMD,machine-2-6,machine-2-6,gate_gbuf5k,100,256,128,0.15,50,64,0.001,1,1,1,1,0.001,adam,0.1,0.99,adaptive,gated,5000,unc,8,0.95,"[0.5, 1.0, 2.0]",0,0,7,38,2.01569,8,0.00041960683302022517,0.00015518188592977822,33.55815625190735,0.8621500199546008,0.34064395472337655,0.10965276624023923,0.058981233243967826,0.7783018867924528,0.37305699481865284,28644,21309,405,1121,77,0.9963865280151367,0.06868866831064224,0.7714275121688843,0.08741002428416782,0.8951567702062819,0.3594368363553165,0.8996794105164411,0.363971615562727,0.9019348800425344,0.3628468372189668,0.8906254684667338,0.25227459855627965,0.06362787292649348,0.14960077653328577
smd,./data/SMD,machine-2-9,machine-2-9,base_noTTA,100,256,128,0.15,50,64,0.001,1,0,1,0,0.001,adam,0.1,0.99,fixed,gated,5000,none,8,0.95,"[0.5, 1.0, 2.0]",0,0,4,38,2.015652,0,0.0007064590463414788,inf,35.52716040611267,0.9752903437851708,0.6754873051553631,0.6133884919142535,0.4577603143418468,0.9293447293447293,0.7286902286902286,28623,25338,0,2745,288,0.9886336922645569,0.10491803288459778,0.9680036902427673,0.010483712140141854,,,,,,,,,0.0013971358615284164,0.05963786877691746
smd,./data/SMD,machine-3-10,machine-3-10,noMask_fixed,100,256,128,0.15,50,64,0.001,1,0,1,1,0.001,adam,0.1,0.99,fixed,gated,5000,none,8,0.95,"[0.5, 1.0, 2.0]",0,0,3,38,2.015652,0,0.0011337930336594582,inf,25.779640197753906,0.9635827576145821,0.7242204532245887,0.6711668273866924,0.6777020447906524,0.664756446991404,0.6755760368663594,23594,22589,358,2334,1331,0.9410775303840637,0.5702656507492065,0.9999059438705444,0.02759381291259393,,,,,,,,,0.0,0.0004084967464829485
smd,./data/SMD,machine-1-6,machine-1-6,gate_gbuf5k,100,256,128,0.15,50,64,0.001,1,1,1,1,0.001,adam,0.1,0.99,adaptive,gated,5000,unc,8,0.95,"[0.5, 1.0, 2.0]",0,0,0,38,2.01569,8,0.0006204384844750166,0.00039610188105143607,29.51945209503174,0.8867305817549326,0.6344381657990203,0.45844855188473294,0.4979449889345558,0.42475728155339804,0.6293399204062028,23590,19551,351,6678,3231,0.8347399234771729,0.48382750153541565,0.964995265007019,0.0978057492633349,0.914786030277847,0.6739261927088209,0.9256665461098507,0.6953698326650052,0.9327853302600793,0.7089793780992895,0.9142311206973485,0.5970927563134526,0.05516313513120016,0.00019888624471301833
smd,./data/SMD,machine-3-3,machine-3-3,fixed,100,256,128,0.15,50,64,0.001,1,1,1,1,0.001,adam,0.1,0.99,fixed,gated,5000,none,8,0.95,"[0.5, 1.0, 2.0]",0,0,9,38,2.01569,8,0.0008228679653257132,0.0002892024931497872,26.23747682571411,0.8777992153007036,0.2851120799413015,0.2514619883040936,0.15423242467718795,0.680379746835443,0.3649222065063649,23604,22359,359,3206,2422,0.8916767239570618,0.7554585337638855,0.9773997664451599,0.08487447886684349,0.8941806772599059,0.3139565570693786,0.8973731475044838,0.32421487750370265,0.896893752307818,0.3073471466106375,0.8598712066054759,0.12723449354774596,0.001299545168876648,0.032336910565694175
smd,./data/SMD,machine-3-6,machine-3-6,base_noTTA,100,256,128,0.15,50,64,0.001,1,0,1,0,0.001,adam,0.1,0.99,fixed,gated,5000,none,8,0.95,"[0.5, 1.0, 2.0]",0,0,4,38,2.015652,0,0.00033445883309468627,inf,33.510852336883545,0.863598770159578,0.30352642729783247,0.27286447328705105,0.16642120765832105,0.7571189279731994,0.3399105498553012,28627,24586,0,2283,66,0.997315526008606,0.02890932932496071,0.9307622313499451,0.010088977793066143,,,,,,,,,0.01715670929600795,0.12254482383529346
smd,./data/SMD,machine-2-4,machine-2-4,noMask_fixed,100,256,128,0.15,50,64,0.001,1,0,1,1,0.001,adam,0.1,0.99,fixed,gated,5000,none,8,0.95,"[0.5, 1.0, 2.0]",0,0,5,38,2.015652,0,0.0005821382510475814,inf,26.814579486846924,0.7982200929534001,0.40397095710440545,0.35151039623381725,0.26321974148061106,0.5289256198347108,0.3946188340807175,23590,21419,351,3674,2038,0.9048508405685425,0.5547087788581848,0.9731371998786926,0.028061745479077593,,,,,,,,,0.03494926790396372,0.032662096743782364
smd,./data/SMD,machine-2-9,machine-2-9,mask_noTTA,100,256,128,0.15,50,64,0.001,1,1,1,0,0.001,adam,0.1,0.99,fixed,gated,5000,none,8,0.95,"[0.5, 1.0, 2.0]",0,0,5,38,2.01569,8,0.0007034782902337611,0.00039493333315476775,29.87204647064209,0.9662297498356385,0.5883640770144462,0.5973823012307091,0.45451843043995244,0.8712250712250712,0.6469614566091274,28623,25496,0,2745,271,0.9893708825111389,0.09872495383024216,0.974766194820404,0.06585467167005254,0.9695788679991595,0.609920400207879,0.9689843775504028,0.6169976110109974,0.9673171926815268,0.621252910543556,0.9535714063099388,0.600489178174044,0.0013971358227233093,0.05042481670777003
smd,./data/SMD,machine-1-7,machine-1-7,mask_noTTA,100,256,128,0.15,50,64,0.001,1,1,1,0,0.001,adam,0.1,0.99,fixed,gated,5000,none,8,0.95,"[0.5, 1.0, 2.0]",0,0,1,38,2.01569,8,0.002437320537865162,0.0007249242626130581,28.4650559425354,0.6489636260807194,0.2320251375532275,0.1262848751835536,0.5276073619631901,0.07172643869891576,0.26221441124780315,23598,23377,0,3677,3456,0.8521623611450195,0.9398966431617737,1.0,0.06506450904285577,0.7074055719077603,0.2925520671707919,0.7129937459424867,0.3041532192663519,0.7159714746560363,0.3070599352200346,0.7137860709236976,0.28708494927875156,0.0,0.0
smd,./data/SMD,machine-1-6,machine-1-6,base_noTTA,100,256,128,0.15,50,64,0.001,1,0,1,0,0.001,adam,0.1,0.99,fixed,gated,5000,none,8,0.95,"[0.5, 1.0, 2.0]",0,0,1,38,2.015652,0,0.0005793800228275359,inf,29.614847421646118,0.8865372683877082,0.6378096174109699,0.5005811700891128,0.3512014787430684,0.8710895361380798,0.6284703320631465,23590,15158,0,6678,1074,0.9291463494300842,0.16082659363746643,0.8327814340591431,0.0091889289639268,,,,,,,,,0.13581604262193045,0.05715057378013929
smd,./data/SMD,machine-2-3,machine-2-3,gate_noTTA,100,256,128,0.15,50,64,0.001,1,1,1,0,0.001,adam,0.1,0.99,fixed,gated,5000,unc,8,0.95,"[0.5, 1.0, 2.0]",0,0,0,38,2.01569,8,0.0006586731760762632,0.00023393162700813264,27.994756937026978,0.9555450969685617,0.44896459312879883,0.23831535695942477,0.13825983313468415,0.862453531598513,0.4758735440931781,23590,20552,0,1259,239,0.988370954990387,0.18983319401741028,0.9096323251724243,0.06172023318793219,0.9555555731922959,0.46941572011556437,0.9528573106581292,0.46124722636259124,0.9488425360080509,0.42472868767354743,0.9116557512880994,0.16240622231737212,0.03725163514415423,0.02080198439459006
smd,./data/SMD,machine-2-7,machine-2-7,fixed,100,256,128,0.15,50,64,0.001,1,1,1,1,0.001,adam,0.1,0.99,fixed,gated,5000,none,8,0.95,"[0.5, 1.0, 2.0]",0,0,0,38,2.01569,8,0.003330853534862399,0.0008358260965906084,27.607635259628296,0.8942026669913694,0.27024412701347716,0.332794830371567,0.5099009900990099,0.24700239808153476,0.3932038834951456,23597,23441,368,2397,2241,0.9043982625007629,0.9349186420440674,1.0,0.09209256851759513,0.8818585064934864,0.2587259101096171,0.8722471741237536,0.22614643872416368,0.8601257831313882,0.19329484913340844,0.8047217966852516,0.09505017169427146,0.0,0.0
smd,./data/SMD,machine-3-11,machine-3-11,base_noTTA,100,256,128,0.15,50,64,0.001,1,0,1,0,0.001,adam,0.1,0.99,fixed,gated,5000,none,8,0.95,"[0.5, 1.0, 2.0]",0,0,9,38,2.015652,0,0.00036852603079751134,inf,29.12995982170105,0.9009757728878369,0.5930673271531024,0.026589851539995567,0.013492241960872498,0.9090909090909091,0.6289308176100629,28597,13516,0,440,0,1.0,0.0,0.48002272844314575,0.009695441546871825,,,,,,,,,0.1305361328025659,0.9819351633389791
smd,./data/SMD,machine-1-8,machine-1-8,mask_noTTA,100,256,128,0.15,50,64,0.001,1,1,1,0,0.001,adam,0.1,0.99,fixed,gated,5000,none,8,0.95,"[0.5, 1.0, 2.0]",0,0,1,38,2.01569,8,0.0006168573163449764,0.00018300751980859786,28.87065815925598,0.8239464044002321,0.34394294984149465,0.24567575491058338,0.15823262839879154,0.5491480996068152,0.3745082612116444,23600,22338,0,2691,1607,0.9280598163604736,0.5971757769584656,0.9914869070053101,0.061473927255404195,0.8894624897315271,0.38493081160389625,0.9073688321163547,0.3926298002757628,0.9187423800731511,0.3852302020815369,0.9121186150898666,0.259697962555259,0.02856682799756527,0.00017226528143510222
smd,./data/SMD,machine-1-3,machine-1-3,fixed,100,256,128,0.15,50,64,0.001,1,1,1,1,0.001,adam,0.1,0.99,fixed,gated,5000,none,8,0.95,"[0.5, 1.0, 2.0]",0,0,0,38,2.01569,8,0.000657468568533659,0.00021704897517338395,33.75422263145447,0.8224334953375952,0.27355995544576933,0.32984901277584205,0.3138121546961326,0.34761321909424725,0.34139599170697993,23604,22908,366,2005,1371,0.9401519298553467,0.6837905049324036,0.997129499912262,0.10626281929953464,0.8826537493965887,0.3116937605524236,0.8970330939441098,0.32598767273898865,0.9039142550094764,0.32839000437340793,0.9001773571759166,0.2677973371545837,0.0,0.009550215676426888
smd,./data/SMD,machine-2-6,machine-2-6,gate_noTTA,100,256,128,0.15,50,64,0.001,1,1,1,0,0.001,adam,0.1,0.99,fixed,gated,5000,unc,8,0.95,"[0.5, 1.0, 2.0]",0,0,6,38,2.01569,8,0.0004260974528733641,0.0001611298939678818,32.39648771286011,0.8541887505355095,0.34607686230285656,0.10041711725629537,0.053727888907257396,0.7665094339622641,0.3713355048859935,28644,21745,0,1121,81,0.996275007724762,0.0722569152712822,0.7871235013008118,0.0634150304635832,0.8894164495201901,0.3603949821800558,0.8942870877409458,0.3669192645751111,0.8964602736878433,0.368267636921404,0.8816546428259713,0.22652533059852173,0.04462209343910217,0.14649778231978416
smd,./data/SMD,machine-2-4,machine-2-4,noMask_fixed,100,256,128,0.15,50,64,0.001,1,0,1,1,0.001,adam,0.1,0.99,fixed,gated,5000,none,8,0.95,"[0.5, 1.0, 2.0]",0,0,3,38,2.015652,0,0.0005657922592945397,inf,33.79593229293823,0.8103434745419494,0.4179438858643827,0.36503551696921865,0.27415530527563725,0.5460448642266824,0.41444866920152096,23590,21330,351,3674,2003,0.9060947299003601,0.5451823472976685,0.9704257845878601,0.03091613839065791,,,,,,,,,0.035137166579564415,0.039981522830203176
smd,./data/SMD,machine-2-6,machine-2-6,noMask_fixed,100,256,128,0.15,50,64,0.001,1,0,1,1,0.001,adam,0.1,0.99,fixed,gated,5000,none,8,0.95,"[0.5, 1.0, 2.0]",0,0,4,38,2.015652,0,0.0003989027754869312,inf,38.332265853881836,0.882426093022419,0.32729594940725476,0.11921740720424209,0.06461843409316155,0.7688679245283019,0.3623693379790941,28644,24245,408,1121,116,0.9952155351638794,0.10347903519868851,0.8766849637031555,0.032133870310597605,,,,,,,,,0.055118222100039325,0.14589254558086395
smd,./data/SMD,machine-2-9,machine-2-9,fixed,100,256,128,0.15,50,64,0.001,1,1,1,1,0.001,adam,0.1,0.99,fixed,gated,5000,none,8,0.95,"[0.5, 1.0, 2.0]",0,0,2,38,2.01569,8,0.0006990582915022969,0.0004081728111486882,34.9988169670105,0.9649739467368422,0.6014650955165197,0.5504807692307692,0.39395428852297865,0.9133903133903134,0.6056963679122028,28623,25066,416,2745,139,0.9944546222686768,0.05063752457499504,0.9632506370544434,0.09531559644453273,0.9689282574660999,0.622241289322375,0.9694935997008901,0.6320748037127037,0.9687830129406871,0.6406152926881127,0.9507338768064839,0.599828507116698,0.013622074581993123,0.050349446634451546
smd,./data/SMD,machine-2-5,machine-2-5,gate_noTTA,100,256,128,0.15,50,64,0.001,1,1,1,0,0.001,adam,0.1,0.99,fixed,gated,5000,unc,8,0.95,"[0.5, 1.0, 2.0]",0,0,0,38,2.01569,8,0.002692374400794506,0.0006882042507641017,27.238876819610596,0.9251684803561654,0.4787320247132966,0.29070691024622713,0.6559139784946236,0.186734693877551,0.5168435625288417,23590,23023,0,3016,2460,0.8931503295898438,0.8156498670578003,0.9994653463363647,0.07027797448326845,0.940133598025057,0.46977606065958694,0.9347460235580428,0.41474875956324087,0.9288855178338895,0.3578584369854963,0.9102010485818356,0.23762257843066,0.0,0.0
smd,./data/SMD,machine-3-3,machine-3-3,fixed,100,256,128,0.15,50,64,0.001,1,1,1,1,0.001,adam,0.1,0.99,fixed,gated,5000,none,8,0.95,"[0.5, 1.0, 2.0]",0,0,7,38,2.01569,8,0.000842744717374444,0.00029859025380574167,24.364362239837646,0.8930034499994239,0.2920953542784994,0.2609727164887307,0.16058394160583941,0.6962025316455697,0.3525741029641186,23604,22314,359,3206,2400,0.8924441933631897,0.7485963702201843,0.9762721657752991,0.08007377471949687,0.9045659957785789,0.31902727286414345,0.9051931873484658,0.32545012516253174,0.9025510271264983,0.30734040364088844,0.8623973586764906,0.12460146666133176,0.0019491595836977165,0.03940706513822079
smd,./data/SMD,machine-1-2,machine-1-2,mask_noTTA,100,256,128,0.15,50,64,0.001,1,1,1,0,0.001,adam,0.1,0.99,fixed,gated,5000,none,8,0.95,"[0.5, 1.0, 2.0]",0,0,1,38,2.01569,8,0.004631801508367062,0.0008335208985954523,31.93935465812683,0.879194882783313,0.22219903376620256,0.2512953367875647,0.1936127744510978,0.35793357933579334,0.27040816326530615,23595,23283,0,1532,1228,0.9472576379776001,0.8015666007995605,0.9996374249458313,0.07775948951496464,0.8922484361332902,0.2593202290676696,0.8840988210115343,0.27518874380797237,0.8709947830732626,0.2769725414566024,0.8176970835447817,0.17945939593218624,0.0012814352133621771,0.0
smd,./data/SMD,machine-2-6,machine-2-6,mask_noTTA,100,256,128,0.15,50,64,0.001,1,1,1,0,0.001,adam,0.1,0.99,fixed,gated,5000,none,8,0.95,"[0.5, 1.0, 2.0]",0,0,1,38,2.01569,8,0.00041870775748975575,0.00015932723181322217,33.39388680458069,0.8507907218768385,0.33217887428390264,0.1007908202822143,0.05394190871369295,0.7665094339622641,0.35147744945567655,28644,24335,0,1121,118,0.9951510429382324,0.10526315867900848,0.879882276058197,0.06203533400871321,0.889773400350588,0.35428625924651047,0.8963277288332987,0.36212440419370284,0.8999173499757147,0.3648615653735102,0.8899487942957158,0.24905347459370758,0.044011279940605164,0.14750323196252188
smd,./data/SMD,machine-2-5,machine-2-5,gate_noTTA,100,256,128,0.15,50,64,0.001,1,1,1,0,0.001,adam,0.1,0.99,fixed,gated,5000,unc,8,0.95,"[0.5, 1.0, 2.0]",0,0,4,38,2.01569,8,0.002820385852828622,0.0006824890151619911,29.07762384414673,0.9302816198917807,0.4986584315693681,0.2863961813842482,0.6498194945848376,0.1836734693877551,0.511358574610245,23590,22994,0,3016,2433,0.8941897749900818,0.8066976070404053,0.9993681311607361,0.06719739217786477,0.9422597891153467,0.4903433045779057,0.9369292584707493,0.4356244645611976,0.9306746583436757,0.37851577657384927,0.9113587528454511,0.25089892717491613,0.0,0.0
smd,./data/SMD,machine-2-4,machine-2-4,base_noTTA,100,256,128,0.15,50,64,0.001,1,0,1,0,0.001,adam,0.1,0.99,fixed,gated,5000,none,8,0.95,"[0.5, 1.0, 2.0]",0,0,1,38,2.015652,0,0.0005658071604557335,inf,27.215775966644287,0.7625230108914418,0.36028252035777075,0.27176520389445463,0.17856480623029852,0.5684769775678866,0.36065573770491804,23590,20716,0,3674,1694,0.9182274341583252,0.46107783913612366,0.9551114439964294,0.010154327127376619,,,,,,,,,0.042841037114461265,0.053211563577254616
smd,./data/SMD,machine-2-7,machine-2-7,base_noTTA,100,256,128,0.15,50,64,0.001,1,0,1,0,0.001,adam,0.1,0.99,fixed,gated,5000,none,8,0.95,"[0.5, 1.0, 2.0]",0,0,2,38,2.015652,0,0.003504412481561303,inf,26.969942092895508,0.8702858238345961,0.28920011335312795,0.29519071310116085,0.478494623655914,0.21342925659472423,0.344206974128234,23597,23473,0,2397,2273,0.903165340423584,0.9482686519622803,1.0,0.010660473975144276,,,,,,,,,0.0,0.0
smd,./data/SMD,machine-3-4,machine-3-4,gate_noTTA,100,256,128,0.15,50,64,0.001,1,1,1,0,0.001,adam,0.1,0.99,fixed,gated,5000,unc,8,0.95,"[0.5, 1.0, 2.0]",0,0,7,38,2.01569,8,0.0017231543315574527,0.000279660482192412,25.062385082244873,0.7488372370780709,0.3354805818960958,0.2528111671190384,0.2034956304619226,0.3336745138178096,0.38248175182481753,23588,21438,0,1769,616,0.971265971660614,0.3482193350791931,0.95430588722229,0.07311002428256315,0.7873179563243908,0.402240255803127,0.7914748371505436,0.42058251486455206,0.7920946633873678,0.4304918739494948,0.7859801186875413,0.41291734654519646,0.006352432072162628,0.0
