dataset,data_root,train_entity,test_entity,tag,L,hidden,latent,p_m,epochs,batch,lr,train_stride,mask,revin,tta,lr_online,online_opt,val_frac,tau_quantile,tau_mode,tau_buffer,buf_size,gate,views,unc_quantile,fuse_lams,global_norm,drop_head,seed,C,params_M,views_used,tau0,u_thr,train_time_s,auroc,auprc,f1_unsup_tau,precision_unsup_tau,recall_unsup_tau,f1_best,n_windows,n_selected,n_updates,n_anomalous_windows,n_anomalous_selected,update_precision,anomaly_leak_rate,normal_kept_rate,ms_per_window,auroc_fused_0.5,auprc_fused_0.5,auroc_fused_1.0,auprc_fused_1.0,auroc_fused_2.0,auprc_fused_2.0,auroc_u_only,auprc_u_only,early_fpr,late_fpr,pair
smd,./data/SMD,machine-2-8,machine-2-9,shift_fixed,100,256,128,0.15,50,64,0.001,1,1,1,1,0.001,adam,0.1,0.99,fixed,gated,5000,none,8,0.95,"[0.5, 1.0, 2.0]",0,0,4,38,2.01569,8,0.00010495087917661294,7.058833580231294e-05,29.0131413936615,0.7842888168582536,0.23099370286690377,0.14975247524752475,0.08117303176961042,0.9652421652421652,0.2601584462049578,28623,1047,142,2745,0,1.0,0.0,0.040459077805280685,0.08391368581960233,0.8454101282595368,0.2631418554312772,0.8645677311416917,0.28566464251724943,0.8797618425051954,0.3156438271385357,0.8801497704749829,0.37606488997358734,0.9458610018094381,0.9879236022631327,2-8→2-9
smd,./data/SMD,machine-1-5,machine-1-6,shift_fixed,100,256,128,0.15,50,64,0.001,1,1,1,1,0.001,adam,0.1,0.99,fixed,gated,5000,none,8,0.95,"[0.5, 1.0, 2.0]",0,0,3,38,2.01569,8,0.0008147303597070277,0.0002932272618636489,29.47614336013794,0.8589862837333007,0.573040242792825,0.452769861680684,0.3049911040359584,0.8783710895361381,0.5646316300521907,23590,13258,279,6678,538,0.9594207406044006,0.08056304603815079,0.7521286606788635,0.08910380464936273,0.8886146396790003,0.59979555727514,0.8951752816740091,0.5986985705775263,0.8956441399804463,0.5802661837893103,0.8692691039227287,0.4189237257988548,0.17684129377206168,0.10520689189434052,1-5→1-6
smd,./data/SMD,machine-1-4,machine-1-5,shift_gate_gbuf5k,100,256,128,0.15,50,64,0.001,1,1,1,1,0.001,adam,0.1,0.99,adaptive,gated,5000,unc,8,0.95,"[0.5, 1.0, 2.0]",0,0,4,38,2.01569,8,0.0009352113120257854,0.0002775649481918663,30.706697463989258,0.8519622129966958,0.27598616373156565,0.023329493087557603,0.011835184102863822,0.81,0.35443037974683544,23607,1875,276,793,9,0.995199978351593,0.01134930644184351,0.08179188519716263,0.10432984730276991,0.876703380496484,0.28550038543616324,0.8865161399644159,0.29587588756108796,0.8949148521562316,0.31386321790977495,0.8244628484283655,0.045561868597845584,0.8312861720720927,0.5204113225142161,1-4→1-5
smd,./data/SMD,machine-2-3,machine-2-4,shift_noMask_fixed,100,256,128,0.15,50,64,0.001,1,0,1,1,0.001,adam,0.1,0.99,fixed,gated,5000,none,8,0.95,"[0.5, 1.0, 2.0]",0,0,2,38,2.015652,0,0.0006492261891253293,inf,28.648481845855713,0.7619507680316955,0.3607717157306189,0.19672593847022296,0.11171662125340599,0.8229043683589138,0.36233300749429787,23590,7353,169,3674,350,0.9524003863334656,0.0952640175819397,0.35162684321403503,0.02111513365017453,,,,,,,,,0.27254405832112144,0.6366590062777201,2-3→2-4
smd,./data/SMD,machine-2-8,machine-2-9,shift_gate_gbuf5k,100,256,128,0.15,50,64,0.001,1,1,1,1,0.001,adam,0.1,0.99,adaptive,gated,5000,unc,8,0.95,"[0.5, 1.0, 2.0]",0,0,3,38,2.01569,8,0.00011149680358357728,7.710978388786316e-05,29.565642833709717,0.8468239170022832,0.29383998227333324,0.27246614690192866,0.16614537720505443,0.7566951566951567,0.3383529411764706,28623,13563,362,2745,28,0.9979355335235596,0.010200364515185356,0.5230311751365662,0.0975559131198637,0.8802336442229646,0.32241214477268415,0.8910330944743374,0.341629718844464,0.898950896722247,0.36438892907664605,0.8938072141988039,0.4182113568400185,0.23914308845996857,0.160559244453907,2-8→2-9
smd,./data/SMD,machine-1-2,machine-1-3,shift_noMask_fixed,100,256,128,0.15,50,64,0.001,1,0,1,1,0.001,adam,0.1,0.99,fixed,gated,5000,none,8,0.95,"[0.5, 1.0, 2.0]",0,0,0,38,2.015652,0,0.004934453405439854,inf,27.488046646118164,0.7678847453254282,0.22025026820582264,0.19488188976377951,0.49748743718592964,0.1211750305997552,0.28285714285714286,23604,23482,368,2005,1883,0.9198108911514282,0.9391521215438843,1.0,0.029896047434106236,,,,,,,,,0.0,0.0,1-2→1-3
smd,./data/SMD,machine-1-2,machine-1-3,shift_gate_gbuf5k,100,256,128,0.15,50,64,0.001,1,1,1,1,0.001,adam,0.1,0.99,adaptive,gated,5000,unc,8,0.95,"[0.5, 1.0, 2.0]",0,0,2,38,2.01569,8,0.004306463059037924,0.0008025694987736642,29.45701789855957,0.7895225668046966,0.23717475485482803,0.31446540880503143,0.27497708524289644,0.3671970624235006,0.29867411025819957,23604,23079,366,2005,1512,0.934485912322998,0.7541146874427795,0.9985184669494629,0.0972673461065921,0.8562056185889061,0.2621370115153054,0.8727418674926577,0.2737500218068523,0.8828735606242041,0.28027218392452596,0.8842418988866213,0.2414239064702016,0.0,0.00015403573828128478,1-2→1-3
smd,./data/SMD,machine-3-8,machine-3-9,shift_noMask_fixed,100,256,128,0.15,50,64,0.001,1,0,1,1,0.001,adam,0.1,0.99,fixed,gated,5000,none,8,0.95,"[0.5, 1.0, 2.0]",0,0,4,38,2.015652,0,0.0006228138227015734,inf,33.92103910446167,0.8279102672674871,0.28481987829976607,0.023421879463010564,0.011857544207568996,0.9471947194719472,0.3474747474747475,28614,0,0,699,0,0.0,0.0,0.0,0.012416496978096386,,,,,,,,,1.0,1.0,3-8→3-9
smd,./data/SMD,machine-1-7,machine-1-8,shift_fixed,100,256,128,0.15,50,64,0.001,1,1,1,1,0.001,adam,0.1,0.99,fixed,gated,5000,none,8,0.95,"[0.5, 1.0, 2.0]",0,0,2,38,2.01569,8,0.002461969153955579,0.0006689847796224058,28.321706295013428,0.8170270993969886,0.3691057780984909,0.3602150537634409,0.3696551724137931,0.35124508519003933,0.3886178861788617,23600,23272,367,2691,2363,0.8984616994857788,0.8781121969223022,1.0,0.09249402304827156,0.8800190375315254,0.39989968940422227,0.9008631802848978,0.416264025206258,0.9163601172285889,0.423274186069095,0.9158232652395109,0.3144343315372935,0.0,0.0,1-7→1-8
smd,./data/SMD,machine-2-8,machine-2-9,shift_noMask_fixed,100,256,128,0.15,50,64,0.001,1,0,1,1,0.001,adam,0.1,0.99,fixed,gated,5000,none,8,0.95,"[0.5, 1.0, 2.0]",0,0,0,38,2.015652,0,0.0001101291854865849,inf,29.638866901397705,0.8293291040426428,0.2605447927858461,0.1602148546027042,0.08719318582732725,0.9857549857549858,0.296958174904943,28623,2160,142,2745,0,1.0,0.0,0.08346858620643616,0.019253139471193947,,,,,,,,,0.8860170046488444,0.9738844434420267,2-8→2-9
smd,./data/SMD,machine-3-7,machine-3-8,shift_gate_gbuf5k,100,256,128,0.15,50,64,0.001,1,1,1,1,0.001,adam,0.1,0.99,adaptive,gated,5000,unc,8,0.95,"[0.5, 1.0, 2.0]",0,0,1,38,2.01569,8,0.00014956938684917986,0.000253025209531188,35.417070388793945,0.7540354537600035,0.15720531146696004,0.15312864360668482,0.09310018903591682,0.4310722100656455,0.19698952879581152,28605,18480,417,1965,371,0.9799242615699768,0.18880407512187958,0.6797672510147095,0.0985810773769806,0.7715376419037827,0.1628680889274759,0.7808461959414941,0.16749083473921172,0.7910002931935206,0.17565486924366358,0.7827259087831647,0.22892390574874716,0.06571128809203704,0.2407458002368609,3-7→3-8
smd,./data/SMD,machine-3-6,machine-3-7,shift_noMask_fixed,100,256,128,0.15,50,64,0.001,1,0,1,1,0.001,adam,0.1,0.99,fixed,gated,5000,none,8,0.95,"[0.5, 1.0, 2.0]",0,0,2,38,2.015652,0,0.000335128657752648,inf,34.219443798065186,0.8622653491788738,0.3451432957092136,0.1398793198025233,0.07938978829389788,0.5875576036866359,0.4113475177304965,28606,23612,426,929,327,0.9861510992050171,0.3519913852214813,0.8413122892379761,0.027879621485334287,,,,,,,,,0.23115461568037668,0.1259636084238688,3-6→3-7
smd,./data/SMD,machine-1-1,machine-1-2,shift_noMask_fixed,100,256,128,0.15,50,64,0.001,1,0,1,1,0.001,adam,0.1,0.99,fixed,gated,5000,none,8,0.95,"[0.5, 1.0, 2.0]",0,0,1,38,2.015652,0,0.00013446553202811629,inf,33.24392557144165,0.8914708858128665,0.20079965511715403,0.044726852615943224,0.022874989448805606,1.0,0.28751123090745734,23595,0,0,1532,0,0.0,0.0,0.0,0.011932347179040183,,,,,,,,,1.0,1.0,1-1→1-2
smd,./data/SMD,machine-2-3,machine-2-4,shift_gate_gbuf5k,100,256,128,0.15,50,64,0.001,1,1,1,1,0.001,adam,0.1,0.99,adaptive,gated,5000,unc,8,0.95,"[0.5, 1.0, 2.0]",0,0,1,38,2.01569,8,0.0006326418952085078,0.0002312073193024844,29.52888822555542,0.7675227250585286,0.3537132197023735,0.27594818167629154,0.18756630596223212,0.5218417945690673,0.3566084788029925,23590,18010,360,3674,1204,0.9331482648849487,0.3277082145214081,0.8438441157341003,0.10073310290923206,0.8084739662577601,0.38302718962026616,0.8275330096756454,0.40508506195625477,0.8436132178800968,0.4315287375241198,0.8383541472476975,0.40921873427500616,0.09337614408771817,0.02641025682290395,2-3→2-4
smd,./data/SMD,machine-2-3,machine-2-4,shift_gate_gbuf5k,100,256,128,0.15,50,64,0.001,1,1,1,1,0.001,adam,0.1,0.99,adaptive,gated,5000,unc,8,0.95,"[0.5, 1.0, 2.0]",0,0,3,38,2.01569,8,0.0006876767729409039,0.0002329065027879551,29.505677700042725,0.7710044517469758,0.36123671275568786,0.30433299215284887,0.21401151631477927,0.526564344746163,0.3635851183765501,23590,17961,358,3674,1178,0.9344134330749512,0.3206314742565155,0.8426892757415771,0.10287139111527349,0.8131347201642104,0.3943619511193345,0.8314420364400733,0.4177365069788183,0.845411147161545,0.4437286017789611,0.8317140876441544,0.4054729849266342,0.09674727013528657,0.025641026596228283,2-3→2-4
smd,./data/SMD,machine-2-3,machine-2-4,shift_noMask_fixed,100,256,128,0.15,50,64,0.001,1,0,1,1,0.001,adam,0.1,0.99,fixed,gated,5000,none,8,0.95,"[0.5, 1.0, 2.0]",0,0,4,38,2.015652,0,0.0006462572491727769,inf,28.13675332069397,0.7567236623757734,0.33074749071126036,0.19485548333563824,0.11035401002506266,0.8317591499409681,0.32612966601178783,23590,7233,168,3674,373,0.9484307765960693,0.1015242263674736,0.34444668889045715,0.020282406986846212,,,,,,,,,0.27365055137003463,0.6614236235618591,2-3→2-4
smd,./data/SMD,machine-2-6,machine-2-7,shift_gate_gbuf5k,100,256,128,0.15,50,64,0.001,1,1,1,1,0.001,adam,0.1,0.99,adaptive,gated,5000,unc,8,0.95,"[0.5, 1.0, 2.0]",0,0,3,38,2.01569,8,0.0004302948946133256,0.0001638570538489148,36.22090458869934,0.7793408556800764,0.09160184462442456,0.09826589595375723,0.054153393776035286,0.5299760191846523,0.17798913043478262,23597,18609,358,2397,598,0.967864990234375,0.2494785189628601,0.8495754599571228,0.1012715777234566,0.7863178420706883,0.09184576239786106,0.787641994312965,0.0910371970094543,0.7871777066082861,0.08572413548822559,0.7639394734480899,0.05284152940207811,0.13584570586681366,0.0661049447953701,2-6→2-7
smd,./data/SMD,machine-2-8,machine-2-9,shift_noMask_fixed,100,256,128,0.15,50,64,0.001,1,0,1,1,0.001,adam,0.1,0.99,fixed,gated,5000,none,8,0.95,"[0.5, 1.0, 2.0]",0,0,1,38,2.015652,0,0.00010836158617166802,inf,27.412575244903564,0.7929168994878937,0.2264812003297962,0.15315355471361713,0.08307543520309478,0.978917378917379,0.2583882094700533,28623,1614,140,2745,0,1.0,0.0,0.06236958131194115,0.01757454706372003,,,,,,,,,0.9229246775309244,0.971546451250712,2-8→2-9
smd,./data/SMD,machine-2-3,machine-2-4,shift_fixed,100,256,128,0.15,50,64,0.001,1,1,1,1,0.001,adam,0.1,0.99,fixed,gated,5000,none,8,0.95,"[0.5, 1.0, 2.0]",0,0,4,38,2.01569,8,0.0006393729127012193,0.00023731612600386143,28.9732723236084,0.7442936612458612,0.3310953467768191,0.1937792458023672,0.10967440411279016,0.8311688311688312,0.3269936603269936,23590,6567,162,3674,359,0.9453327059745789,0.0977136641740799,0.3117091655731201,0.08574372987314623,0.7788756594621564,0.35390706828175533,0.7960687641524196,0.3716154766830024,0.8123862673522722,0.39593939935053585,0.8151790025263336,0.38593134034525917,0.28715806547552347,0.7520315647125244,2-3→2-4
smd,./data/SMD,machine-1-1,machine-1-2,shift_noMask_fixed,100,256,128,0.15,50,64,0.001,1,0,1,1,0.001,adam,0.1,0.99,fixed,gated,5000,none,8,0.95,"[0.5, 1.0, 2.0]",0,0,4,38,2.015652,0,0.00013485616364050657,inf,34.97415280342102,0.8904250140894636,0.21632897467708254,0.044726852615943224,0.022874989448805606,1.0,0.2952149229521493,23595,0,0,1532,0,0.0,0.0,0.0,0.012431262938444279,,,,,,,,,1.0,1.0,1-1→1-2
smd,./data/SMD,machine-2-3,machine-2-4,shift_noMask_fixed,100,256,128,0.15,50,64,0.001,1,0,1,1,0.001,adam,0.1,0.99,fixed,gated,5000,none,8,0.95,"[0.5, 1.0, 2.0]",0,0,0,38,2.015652,0,0.0006294177146628499,inf,29.436790227890015,0.7473506777997467,0.3384708279557086,0.19389387300924957,0.10989357508868743,0.8229043683589138,0.33755274261603374,23590,6476,159,3674,334,0.9484249353408813,0.09090909361839294,0.30839526653289795,0.020967089760955383,,,,,,,,,0.2789437274138133,0.7714999516805013,2-3→2-4
smd,./data/SMD,machine-3-4,machine-3-5,shift_fixed,100,256,128,0.15,50,64,0.001,1,1,1,1,0.001,adam,0.1,0.99,fixed,gated,5000,none,8,0.95,"[0.5, 1.0, 2.0]",0,0,4,38,2.01569,8,0.0016986681148409843,0.000290451745968312,30.49295949935913,0.8142323242413143,0.23744891453713937,0.06132524902555219,0.031837395449231046,0.8309859154929577,0.30612244897959184,23592,10406,220,1515,471,0.954737663269043,0.3108910918235779,0.4500158429145813,0.0853528407275697,0.8255195547523987,0.25429776543578636,0.8288157773923432,0.2533469763099872,0.8292171540598272,0.23311446700030325,0.7978039308276048,0.10412128141295542,0.10088655104239781,0.8609311978022257,3-4→3-5
smd,./data/SMD,machine-1-6,machine-1-7,shift_noMask_fixed,100,256,128,0.15,50,64,0.001,1,0,1,1,0.001,adam,0.1,0.99,fixed,gated,5000,none,8,0.95,"[0.5, 1.0, 2.0]",0,0,4,38,2.015652,0,0.000578245148062706,inf,27.97861075401306,0.629779485862771,0.2428807873613276,0.23324808184143223,0.30158730158730157,0.1901584653878232,0.24757643549589858,23598,21845,361,3677,2157,0.9012588858604431,0.5866195559501648,0.9883037805557251,0.02979811939892905,,,,,,,,,0.003186743085583051,0.014564565072456995,1-6→1-7
smd,./data/SMD,machine-1-4,machine-1-5,shift_noMask_fixed,100,256,128,0.15,50,64,0.001,1,0,1,1,0.001,adam,0.1,0.99,fixed,gated,5000,none,8,0.95,"[0.5, 1.0, 2.0]",0,0,4,38,2.015652,0,0.0009295197669416666,inf,28.852501153945923,0.8389994069304415,0.30301004981364743,0.010818120351588911,0.005439709882139619,0.96,0.35555555555555557,23607,0,0,793,0,0.0,0.0,0.0,0.012228013943266464,,,,,,,,,1.0,1.0,1-4→1-5
smd,./data/SMD,machine-3-3,machine-3-4,shift_gate_gbuf5k,100,256,128,0.15,50,64,0.001,1,1,1,1,0.001,adam,0.1,0.99,adaptive,gated,5000,unc,8,0.95,"[0.5, 1.0, 2.0]",0,0,4,38,2.01569,8,0.0008416348719038069,0.0002965376479551196,28.958646774291992,0.7051784842662614,0.22959397959423733,0.14624970608981896,0.09493284493284493,0.31832139201637666,0.25517241379310346,23588,20035,359,1769,573,0.9714000225067139,0.3239118158817291,0.8919748663902283,0.09619820738558407,0.7544574982411402,0.28164266979598973,0.7710988355244152,0.3214903543986775,0.7843982941877178,0.3577311267687664,0.7856888082434974,0.3327812187667098,0.09836978822325666,0.006078597779075305,3-3→3-4
smd,./data/SMD,machine-2-4,machine-2-5,shift_noMask_fixed,100,256,128,0.15,50,64,0.001,1,0,1,1,0.001,adam,0.1,0.99,fixed,gated,5000,none,8,0.95,"[0.5, 1.0, 2.0]",0,0,1,38,2.015652,0,0.0005658071604557335,inf,27.024991273880005,0.8303637369342911,0.28525040871396573,0.23993837858655884,0.14787562307144553,0.6357142857142857,0.32040164308534913,23590,20153,347,3016,788,0.9608991146087646,0.26127320528030396,0.9412364959716797,0.02861647547276761,,,,,,,,,0.07595627879103024,0.054746044178803764,2-4→2-5
smd,./data/SMD,machine-2-6,machine-2-7,shift_noMask_fixed,100,256,128,0.15,50,64,0.001,1,0,1,1,0.001,adam,0.1,0.99,fixed,gated,5000,none,8,0.95,"[0.5, 1.0, 2.0]",0,0,4,38,2.015652,0,0.0003989027754869312,inf,33.40852212905884,0.7996214824180006,0.09635501766977159,0.06235629541065023,0.03242157612853864,0.8129496402877698,0.1829896907216495,23597,14915,296,2397,1078,0.92772376537323,0.4497288167476654,0.6526886820793152,0.0267654939006384,,,,,,,,,0.2721325407425563,0.38539807001749676,2-6→2-7
smd,./data/SMD,machine-3-8,machine-3-9,shift_gate_gbuf5k,100,256,128,0.15,50,64,0.001,1,1,1,1,0.001,adam,0.1,0.99,adaptive,gated,5000,unc,8,0.95,"[0.5, 1.0, 2.0]",0,0,1,38,2.01569,8,0.0006636909092776477,0.00018415437079966068,34.8302481174469,0.8318810022501721,0.2267867259997665,0.03467987804878049,0.01768020205945211,0.900990099009901,0.3107142857142857,28614,499,166,699,1,0.9979959726333618,0.0014306152006611228,0.01783987134695053,0.08796257418456997,0.8522293200808994,0.24953021846419016,0.859042915907219,0.26718310602717904,0.8634193091959671,0.2879622969758769,0.8180346017706311,0.18895207130680416,0.975425104300181,0.5934852162996928,3-8→3-9
smd,./data/SMD,machine-3-7,machine-3-8,shift_gate_gbuf5k,100,256,128,0.15,50,64,0.001,1,1,1,1,0.001,adam,0.1,0.99,adaptive,gated,5000,unc,8,0.95,"[0.5, 1.0, 2.0]",0,0,0,38,2.01569,8,0.0001507573906565085,0.00026332109700888395,35.38840126991272,0.752610581817684,0.15601198988798387,0.15726724715338244,0.09632425336396455,0.42815463165572576,0.21083032490974732,28605,18846,425,1965,382,0.9797304272651672,0.1944020390510559,0.6930931210517883,0.09933366493794535,0.7733516817451715,0.16176701955258327,0.7840085337006965,0.1667548240928419,0.7953435174250805,0.1749167764298501,0.7789071078760821,0.23134208460493993,0.06396365072578192,0.22882088273763657,3-7→3-8
smd,./data/SMD,machine-3-8,machine-3-9,shift_gate_gbuf5k,100,256,128,0.15,50,64,0.001,1,1,1,1,0.001,adam,0.1,0.99,adaptive,gated,5000,unc,8,0.95,"[0.5, 1.0, 2.0]",0,0,4,38,2.01569,8,0.0006340171094052494,0.0001817675365600735,36.74584627151489,0.8242262346614808,0.26557154257369603,0.029676680376945902,0.01507617435463394,0.9405940594059405,0.3499005964214712,28614,122,82,699,0,1.0,0.0,0.004370409995317459,0.08220950737434121,0.8444331761581649,0.2923207209175752,0.8512126186219466,0.3170455665787587,0.8554388068162676,0.3422573251617883,0.8246831230113507,0.20688235172228037,1.0,0.7743181784947714,3-8→3-9
smd,./data/SMD,machine-3-1,machine-3-2,shift_noMask_fixed,100,256,128,0.15,50,64,0.001,1,0,1,1,0.001,adam,0.1,0.99,fixed,gated,5000,none,8,0.95,"[0.5, 1.0, 2.0]",0,0,1,38,2.015652,0,0.00034794019302353263,inf,31.955545663833618,0.5007755795584949,0.04958083117764296,0.09247408742676881,0.04866941795929984,0.9251577998196574,0.09272242073363789,23604,44,5,2018,0,1.0,0.0,0.0020383582450449467,0.012584872779917301,,,,,,,,,1.0,0.9968860745429993,3-1→3-2
smd,./data/SMD,machine-1-5,machine-1-6,shift_fixed,100,256,128,0.15,50,64,0.001,1,1,1,1,0.001,adam,0.1,0.99,fixed,gated,5000,none,8,0.95,"[0.5, 1.0, 2.0]",0,0,4,38,2.01569,8,0.0008110709022730589,0.0002872488694265485,30.342533111572266,0.8574082946220701,0.5705544575674119,0.4495425372115253,0.3009690985554946,0.8878101402373247,0.5629916183107673,23590,13192,276,6678,555,0.9579290747642517,0.08310871571302414,0.7472209334373474,0.09020384513204914,0.8866564349940426,0.5983853200180759,0.8929580188557771,0.5980888755006102,0.8933480603768835,0.5811223402342385,0.8678852042665991,0.4238424697686293,0.18639993170897165,0.1004129946231842,1-5→1-6
smd,./data/SMD,machine-2-8,machine-2-9,shift_fixed,100,256,128,0.15,50,64,0.001,1,1,1,1,0.001,adam,0.1,0.99,fixed,gated,5000,none,8,0.95,"[0.5, 1.0, 2.0]",0,0,2,38,2.01569,8,0.0001118963336921297,7.632860797457397e-05,28.506055116653442,0.7834903100412798,0.2386191774810219,0.14978664112165813,0.0810900004714535,0.98005698005698,0.2539341917024321,28623,2849,149,2745,0,1.0,0.0,0.11009351909160614,0.07939706853078862,0.8367344513189436,0.26558983195175706,0.8556406865117512,0.28534965718686633,0.8724818040240594,0.31513461178122876,0.8816735596540544,0.38490778962478184,0.8357201218605042,0.9746764699618021,2-8→2-9
smd,./data/SMD,machine-2-1,machine-2-2,shift_fixed,100,256,128,0.15,50,64,0.001,1,1,1,1,0.001,adam,0.1,0.99,fixed,gated,5000,none,8,0.95,"[0.5, 1.0, 2.0]",0,0,4,38,2.01569,8,0.0013828604714944959,0.00030627063824795187,28.53854727745056,0.542920578925466,0.1358976516708794,0.16046511627906976,0.1265539025881394,0.21920225908930463,0.22364420240526436,23601,0,0,3922,0,0.0,0.0,0.0,0.0739968594320396,0.49879641305157396,0.12664922086383332,0.486536890870763,0.12385580856689427,0.47822359589318064,0.12145197361340519,0.45859889430329015,0.10696187577414636,1.0,1.0,2-1→2-2
smd,./data/SMD,machine-3-3,machine-3-4,shift_gate_gbuf5k,100,256,128,0.15,50,64,0.001,1,1,1,1,0.001,adam,0.1,0.99,adaptive,gated,5000,unc,8,0.95,"[0.5, 1.0, 2.0]",0,0,1,38,2.01569,8,0.0008444491541013122,0.0002952646464109421,29.405751705169678,0.7188832806689481,0.24765485519312425,0.15835499881824627,0.10295021511985249,0.3428863868986694,0.273972602739726,23588,19896,357,1769,564,0.9716525673866272,0.3188242018222809,0.8860167860984802,0.0993220082820422,0.7606511634615082,0.2993123856583814,0.7758191373857642,0.33370084338546624,0.7881896116176237,0.36617560180043934,0.7897376335595401,0.34178411542587095,0.11401874121899407,0.006361323331172268,3-3→3-4
smd,./data/SMD,machine-2-1,machine-2-2,shift_noMask_fixed,100,256,128,0.15,50,64,0.001,1,0,1,1,0.001,adam,0.1,0.99,fixed,gated,5000,none,8,0.95,"[0.5, 1.0, 2.0]",0,0,1,38,2.015652,0,0.0013349888613447547,inf,28.086240768432617,0.5329320243477715,0.13678828776490257,0.19232582257000091,0.13120658605608437,0.3600423579244617,0.21724365625884348,23601,0,0,3922,0,0.0,0.0,0.0,0.011333676345428872,,,,,,,,,1.0,1.0,2-1→2-2
smd,./data/SMD,machine-3-4,machine-3-5,shift_gate_gbuf5k,100,256,128,0.15,50,64,0.001,1,1,1,1,0.001,adam,0.1,0.99,adaptive,gated,5000,unc,8,0.95,"[0.5, 1.0, 2.0]",0,0,4,38,2.01569,8,0.0016986681148409843,0.000290451745968312,28.771782636642456,0.8116628779050116,0.20013200392897834,0.08295936931473619,0.04373960864560685,0.8028169014084507,0.30324074074074076,23592,8245,299,1515,167,0.9797453284263611,0.11023101955652237,0.3659011721611023,0.10074999988099283,0.8229896608679947,0.2169850893953186,0.8269818855824249,0.21997257724609393,0.8281500450514535,0.20716916938817184,0.7973934732400421,0.1083885475420512,0.11388390138745308,0.4446534017721812,3-4→3-5
smd,./data/SMD,machine-1-4,machine-1-5,shift_fixed,100,256,128,0.15,50,64,0.001,1,1,1,1,0.001,adam,0.1,0.99,fixed,gated,5000,none,8,0.95,"[0.5, 1.0, 2.0]",0,0,1,38,2.01569,8,0.0009402820724062622,0.00027254162705503404,28.927713871002197,0.8673002626450902,0.31528861156408994,0.011386108947084557,0.0057273768613974796,0.95,0.38461538461538464,23607,0,0,793,0,0.0,0.0,0.0,0.06781511326557689,0.8822087604846225,0.3234935146168688,0.8884029484029484,0.3333079664116621,0.8955468948572398,0.3521042822863729,0.8185177497246463,0.05266865660700197,1.0,1.0,1-4→1-5
smd,./data/SMD,machine-3-6,machine-3-7,shift_gate_gbuf5k,100,256,128,0.15,50,64,0.001,1,1,1,1,0.001,adam,0.1,0.99,adaptive,gated,5000,unc,8,0.95,"[0.5, 1.0, 2.0]",0,0,2,38,2.01569,8,0.00038121192483231425,0.0003124845679849386,34.756746768951416,0.8024130995482011,0.3102907943894912,0.1459990641085634,0.0916030534351145,0.35944700460829493,0.40361445783132527,28606,26341,444,929,429,0.9837136268615723,0.4617868661880493,0.9362286329269409,0.10335362058398291,0.8458536674421868,0.34247957221567055,0.8460788579005011,0.3656698114573967,0.8427636761841082,0.4029551383735596,0.820100127029261,0.48633925112529575,0.061749969919522606,0.02890691002054761,3-6→3-7
smd,./data/SMD,machine-1-6,machine-1-7,shift_gate_gbuf5k,100,256,128,0.15,50,64,0.001,1,1,1,1,0.001,adam,0.1,0.99,adaptive,gated,5000,unc,8,0.95,"[0.5, 1.0, 2.0]",0,0,2,38,2.01569,8,0.0006085451459512115,0.0003863985475618392,29.78212308883667,0.6422831760241536,0.23990352403914209,0.21786492374727667,0.3139717425431711,0.16680567139282734,0.2558213716108453,23598,21900,362,3677,2218,0.89872145652771,0.6032091379165649,0.988002598285675,0.10226912312168561,0.7033227624739007,0.2905975103069539,0.7129235550494937,0.30991346633372147,0.7187855714621412,0.3214717362543378,0.7204347343931576,0.2937076257417333,0.007010834912459056,0.009759759530425072,1-6→1-7
smd,./data/SMD,machine-1-2,machine-1-3,shift_fixed,100,256,128,0.15,50,64,0.001,1,1,1,1,0.001,adam,0.1,0.99,fixed,gated,5000,none,8,0.95,"[0.5, 1.0, 2.0]",0,0,3,38,2.01569,8,0.004383048973977566,0.0008435866911895573,30.093905687332153,0.786872156827342,0.22482891186783818,0.20557156580211333,0.47767857142857145,0.13096695226438188,0.28378378378378377,23604,23411,368,2005,1812,0.922600507736206,0.903740644454956,1.0,0.09577944205587464,0.8596043226760365,0.2565263035645576,0.8758057739435663,0.27214650936082724,0.8854540963025613,0.28398418320677815,0.8847419025768829,0.2561690573127998,0.0,0.0,1-2→1-3
smd,./data/SMD,machine-2-8,machine-2-9,shift_fixed,100,256,128,0.15,50,64,0.001,1,1,1,1,0.001,adam,0.1,0.99,fixed,gated,5000,none,8,0.95,"[0.5, 1.0, 2.0]",0,0,1,38,2.01569,8,0.00011035853822249919,7.894731243140996e-05,28.091150283813477,0.7979924920370651,0.24436960311295086,0.1565731166912851,0.08518760359636346,0.9663817663817664,0.28633923245177967,28623,2602,144,2745,0,1.0,0.0,0.10054872930049896,0.08135422826317235,0.854953152090394,0.27878738984193935,0.8724547265059744,0.30191225310512587,0.8855112563978955,0.3301321249032084,0.8824375407866341,0.36506206576845884,0.8517871697743734,0.9710238774617513,2-8→2-9
smd,./data/SMD,machine-3-6,machine-3-7,shift_fixed,100,256,128,0.15,50,64,0.001,1,1,1,1,0.001,adam,0.1,0.99,fixed,gated,5000,none,8,0.95,"[0.5, 1.0, 2.0]",0,0,4,38,2.01569,8,0.0003899031435139477,0.0003389403864275664,36.44112586975098,0.8349068683008283,0.34258547803753453,0.15190691661279895,0.08834586466165413,0.5414746543778802,0.41274658573596357,28606,25070,432,929,487,0.980574369430542,0.5242195725440979,0.8882104158401489,0.09366497163013138,0.8472926695167426,0.3658118469163505,0.8441533694540024,0.3848003621035683,0.8396198935027622,0.42029978574477755,0.8231987575159251,0.47411668744030316,0.17289991676807404,0.1026725023984909,3-6→3-7
smd,./data/SMD,machine-3-10,machine-3-11,shift_fixed,100,256,128,0.15,50,64,0.001,1,1,1,1,0.001,adam,0.1,0.99,fixed,gated,5000,none,8,0.95,"[0.5, 1.0, 2.0]",0,0,1,38,2.01569,8,0.0014203498139977455,9.936682909028605e-05,28.370506763458252,0.8622169835061969,0.2111012109581977,0.017286245353159847,0.008723384297908263,0.9393939393939394,0.2446808510638298,28597,0,0,440,0,0.0,0.0,0.0,0.068597919970879,0.9284372959718598,0.26373712851020104,0.9393671786997635,0.2741420373193109,0.9380878048503847,0.228658444230661,0.8894893208880156,0.12294721290741886,1.0,1.0,3-10→3-11
smd,./data/SMD,machine-2-6,machine-2-7,shift_fixed,100,256,128,0.15,50,64,0.001,1,1,1,1,0.001,adam,0.1,0.99,fixed,gated,5000,none,8,0.95,"[0.5, 1.0, 2.0]",0,0,2,38,2.01569,8,0.0004267705080565065,0.000156191541464068,34.4731810092926,0.8038617776254532,0.10728930221531792,0.07923198444525459,0.04173067076292883,0.7817745803357314,0.14368036880522475,23597,17912,322,2397,1438,0.9197186231613159,0.5999165773391724,0.777075469493866,0.09630090852771295,0.8134583788787519,0.10918662852453562,0.8140108472524357,0.1088050607411268,0.8119739871147027,0.1058533725783801,0.7852997467999225,0.06688982712783442,0.18380626166860262,0.27153736849625904,2-6→2-7
smd,./data/SMD,machine-1-6,machine-1-7,shift_noMask_fixed,100,256,128,0.15,50,64,0.001,1,0,1,1,0.001,adam,0.1,0.99,fixed,gated,5000,none,8,0.95,"[0.5, 1.0, 2.0]",0,0,3,38,2.015652,0,0.0006001163274049759,inf,27.354852437973022,0.6223708713706952,0.22909554314335606,0.23433813892529493,0.31545518701482006,0.18640533778148458,0.24145454545454545,23598,21970,361,3677,2219,0.8989986181259155,0.603481113910675,0.9914662837982178,0.030497169381471515,,,,,,,,,0.00223072012886405,0.00855855830013752,1-6→1-7
smd,./data/SMD,machine-1-4,machine-1-5,shift_gate_gbuf5k,100,256,128,0.15,50,64,0.001,1,1,1,1,0.001,adam,0.1,0.99,adaptive,gated,5000,unc,8,0.95,"[0.5, 1.0, 2.0]",0,0,3,38,2.01569,8,0.000978787080384791,0.00027919409330934286,30.166107177734375,0.8650614250614251,0.25029026712773633,0.029001468428781204,0.014771877337322364,0.79,0.31147540983606553,23607,1901,280,793,5,0.9973698258399963,0.0063051702454686165,0.0831068605184555,0.0946787173539866,0.888014487842074,0.2563078054347953,0.8917567567567568,0.2620496744051026,0.8948263153435567,0.2742970357552488,0.807313818520715,0.03801609389979539,0.792602002620697,0.6199241280555725,1-4→1-5
smd,./data/SMD,machine-1-1,machine-1-2,shift_gate_gbuf5k,100,256,128,0.15,50,64,0.001,1,1,1,1,0.001,adam,0.1,0.99,adaptive,gated,5000,unc,8,0.95,"[0.5, 1.0, 2.0]",0,0,0,38,2.01569,8,0.00015585284563712776,0.00017956466763280332,34.997655630111694,0.8701714101194227,0.28488951961379344,0.07816022846836014,0.040739580068943904,0.959409594095941,0.32838427947598253,23595,3682,217,1532,15,0.9959261417388916,0.009791122749447823,0.16620586812496185,0.08353430175457902,0.8769604914863938,0.2870410650326771,0.8808448960439846,0.2884717765133642,0.8851813109959019,0.28779410257168875,0.8494584641337084,0.16624113541448732,0.7292135159174601,0.39592611292998,1-1→1-2
smd,./data/SMD,machine-1-6,machine-1-7,shift_gate_gbuf5k,100,256,128,0.15,50,64,0.001,1,1,1,1,0.001,adam,0.1,0.99,adaptive,gated,5000,unc,8,0.95,"[0.5, 1.0, 2.0]",0,0,3,38,2.01569,8,0.0006092569674365222,0.00039383445982821286,30.122828245162964,0.6326627554512871,0.23693538289908547,0.22476296709425544,0.3392255892255892,0.16805671392827357,0.24906890130353815,23598,21941,362,3677,2232,0.8982726335525513,0.6070165634155273,0.9893579483032227,0.10398417491510324,0.7023764091090982,0.2885085682428164,0.7135625662824252,0.3085269129671021,0.720364142129647,0.32026106421354555,0.7220950671719992,0.29651942162932443,0.007010834912459056,0.007807807996869087,1-6→1-7
smd,./data/SMD,machine-2-2,machine-2-3,shift_gate_gbuf5k,100,256,128,0.15,50,64,0.001,1,1,1,1,0.001,adam,0.1,0.99,adaptive,gated,5000,unc,8,0.95,"[0.5, 1.0, 2.0]",0,0,0,38,2.01569,8,0.0007796758436597884,0.00041587711893953383,31.863662242889404,0.9281194543474741,0.36483993759688116,0.20497803806734993,0.11797752808988764,0.7806691449814126,0.4122448979591837,23590,20675,362,1259,386,0.9813300967216492,0.30659252405166626,0.9085575938224792,0.1113418706042527,0.9332404229854699,0.3646247723700021,0.9322302610484476,0.3605617841379276,0.9298559677967231,0.348358853319765,0.8922780707240341,0.13432210422893806,0.07036945968866348,0.05562341461579005,2-2→2-3
smd,./data/SMD,machine-1-6,machine-1-7,shift_gate_gbuf5k,100,256,128,0.15,50,64,0.001,1,1,1,1,0.001,adam,0.1,0.99,adaptive,gated,5000,unc,8,0.95,"[0.5, 1.0, 2.0]",0,0,1,38,2.01569,8,0.0006068061920814216,0.00040842778980731964,28.217894315719604,0.6342381836813242,0.23599127272297876,0.22921108742004262,0.3175775480059084,0.1793160967472894,0.2529588411941353,23598,21966,362,3677,2239,0.8980697393417358,0.6089203357696533,0.9902615547180176,0.0989118646045733,0.6975807754251286,0.28387625315151843,0.7094151166161482,0.3043614777457345,0.7172169175832827,0.3173692299041923,0.7218860901855667,0.2958951678348594,0.005247598523662115,0.0054054055362939835,1-6→1-7
smd,./data/SMD,machine-2-4,machine-2-5,shift_noMask_fixed,100,256,128,0.15,50,64,0.001,1,0,1,1,0.001,adam,0.1,0.99,fixed,gated,5000,none,8,0.95,"[0.5, 1.0, 2.0]",0,0,0,38,2.015652,0,0.0005561292637139559,inf,29.52414321899414,0.8351169993736188,0.2762676593168719,0.2308925708177445,0.13986617742283616,0.6612244897959184,0.29468085106382974,23590,19907,347,3016,724,0.9636308550834656,0.24005305767059326,0.9323903918266296,0.03000848017389767,,,,,,,,,0.08207131860156854,0.0595128300289313,2-4→2-5
smd,./data/SMD,machine-3-4,machine-3-5,shift_noMask_fixed,100,256,128,0.15,50,64,0.001,1,0,1,1,0.001,adam,0.1,0.99,fixed,gated,5000,none,8,0.95,"[0.5, 1.0, 2.0]",0,0,3,38,2.015652,0,0.001558506628498435,inf,28.372299194335938,0.8211302920322999,0.26636660471062956,0.05435687788628965,0.028084174293984198,0.8427230046948356,0.34004474272930646,23592,8980,194,1515,417,0.9535634517669678,0.2752475142478943,0.3878697156906128,0.021177768788122654,,,,,,,,,0.15457228322823843,0.8731386860211691,3-4→3-5
smd,./data/SMD,machine-3-2,machine-3-3,shift_noMask_fixed,100,256,128,0.15,50,64,0.001,1,0,1,1,0.001,adam,0.1,0.99,fixed,gated,5000,none,8,0.95,"[0.5, 1.0, 2.0]",0,0,1,38,2.015652,0,0.007686620578169823,inf,27.983128786087036,0.8588415699692036,0.14794648759604787,0.15107102593010147,0.2627450980392157,0.1060126582278481,0.2237893747061589,23604,23604,369,3206,3206,0.86417555809021,1.0,1.0,0.029193357054893496,,,,,,,,,0.0,0.0,3-2→3-3
smd,./data/SMD,machine-2-4,machine-2-5,shift_gate_gbuf5k,100,256,128,0.15,50,64,0.001,1,1,1,1,0.001,adam,0.1,0.99,adaptive,gated,5000,unc,8,0.95,"[0.5, 1.0, 2.0]",0,0,2,38,2.01569,8,0.0005648802034556866,0.00034931008121930063,30.39346933364868,0.8340047010040972,0.2710262139206438,0.2697947214076246,0.19818094782192436,0.42244897959183675,0.30192962542565266,23590,21106,364,3016,1033,0.9510565996170044,0.34250661730766296,0.9756488800048828,0.10221127788613235,0.8862090998713987,0.309619043390169,0.9017118089474548,0.3297416124894847,0.9119526466626106,0.3368442744472835,0.903801715763147,0.23059376321600014,0.02780156520505746,0.011746223007018367,2-4→2-5
smd,./data/SMD,machine-3-3,machine-3-4,shift_noMask_fixed,100,256,128,0.15,50,64,0.001,1,0,1,1,0.001,adam,0.1,0.99,fixed,gated,5000,none,8,0.95,"[0.5, 1.0, 2.0]",0,0,0,38,2.015652,0,0.0007805148488841951,inf,27.838722705841064,0.7096578414948482,0.2465421176293167,0.11121448507836541,0.059787626962142196,0.7952917093142272,0.27997227997227997,23588,5867,146,1769,19,0.9967615604400635,0.010740531608462334,0.268023282289505,0.019803509300636884,,,,,,,,,0.9294311205546061,0.4273765782515208,3-3→3-4
smd,./data/SMD,machine-1-4,machine-1-5,shift_noMask_fixed,100,256,128,0.15,50,64,0.001,1,0,1,1,0.001,adam,0.1,0.99,fixed,gated,5000,none,8,0.95,"[0.5, 1.0, 2.0]",0,0,3,38,2.015652,0,0.0009603641810826957,inf,26.90358304977417,0.8593200881131915,0.31296705997540136,0.01250081385506869,0.006291369028114556,0.96,0.3974358974358974,23607,0,0,793,0,0.0,0.0,0.0,0.011883207372795567,,,,,,,,,1.0,1.0,1-4→1-5
smd,./data/SMD,machine-3-8,machine-3-9,shift_noMask_fixed,100,256,128,0.15,50,64,0.001,1,0,1,1,0.001,adam,0.1,0.99,fixed,gated,5000,none,8,0.95,"[0.5, 1.0, 2.0]",0,0,0,38,2.015652,0,0.0006019564461894333,inf,32.540771484375,0.8098755493289561,0.25070352710980165,0.023692574400462296,0.0119963216853369,0.9471947194719472,0.31578947368421056,28614,0,0,699,0,0.0,0.0,0.0,0.011395664845671453,,,,,,,,,1.0,1.0,3-8→3-9
smd,./data/SMD,machine-3-3,machine-3-4,shift_noMask_fixed,100,256,128,0.15,50,64,0.001,1,0,1,1,0.001,adam,0.1,0.99,fixed,gated,5000,none,8,0.95,"[0.5, 1.0, 2.0]",0,0,1,38,2.015652,0,0.0007947321282699704,inf,27.983797788619995,0.6950183367609128,0.2383721757361575,0.10771809634866263,0.057988072818581295,0.7563971340839304,0.2614980289093298,23588,6195,151,1769,15,0.9975786805152893,0.008479367010295391,0.28323936462402344,0.019340458938342464,,,,,,,,,0.9211579163869222,0.4046163062254588,3-3→3-4
smd,./data/SMD,machine-3-4,machine-3-5,shift_gate_gbuf5k,100,256,128,0.15,50,64,0.001,1,1,1,1,0.001,adam,0.1,0.99,adaptive,gated,5000,unc,8,0.95,"[0.5, 1.0, 2.0]",0,0,3,38,2.01569,8,0.0016659904504194856,0.0002830441517289728,28.08457612991333,0.8101133197926725,0.2185366250941661,0.0850050150451354,0.04490066225165563,0.795774647887324,0.30055955235811355,23592,7962,288,1515,143,0.9820396900177002,0.09438943862915039,0.35416948795318604,0.0996302046505788,0.8248990756632351,0.23575413869661332,0.8302188804436333,0.2361384934003147,0.8324451184505125,0.21464593635270698,0.8051889386321512,0.09990502588378998,0.11840445299943288,0.419309268395106,3-4→3-5
smd,./data/SMD,machine-1-6,machine-1-7,shift_fixed,100,256,128,0.15,50,64,0.001,1,1,1,1,0.001,adam,0.1,0.99,fixed,gated,5000,none,8,0.95,"[0.5, 1.0, 2.0]",0,0,1,38,2.01569,8,0.0006068061920814216,0.00040842778980731964,29.190455436706543,0.6350120162501414,0.23698124596715364,0.24437136352137617,0.3106109324758842,0.20141784820683903,0.2511288641889545,23598,21984,361,3677,2289,0.895878791809082,0.6225183606147766,0.9886552095413208,0.099742803566334,0.6959091749032139,0.2839068885408036,0.7079598548033341,0.30388676711564094,0.7161090664274472,0.3162089184306172,0.7217391004703241,0.29380339577602577,0.003972901351517066,0.011711711684862772,1-6→1-7
smd,./data/SMD,machine-3-10,machine-3-11,shift_gate_gbuf5k,100,256,128,0.15,50,64,0.001,1,1,1,1,0.001,adam,0.1,0.99,adaptive,gated,5000,unc,8,0.95,"[0.5, 1.0, 2.0]",0,0,1,38,2.01569,8,0.0014203498139977455,9.936682909028605e-05,29.249125719070435,0.8622169835061969,0.2111012109581977,0.017286245353159847,0.008723384297908263,0.9393939393939394,0.2446808510638298,28597,0,0,440,0,0.0,0.0,0.0,0.07217644969829334,0.9284372959718598,0.26373712851020104,0.9393671786997635,0.2741420373193109,0.9380878048503847,0.228658444230661,0.8894893208880156,0.12294721290741886,1.0,1.0,3-10→3-11
smd,./data/SMD,machine-3-6,machine-3-7,shift_noMask_fixed,100,256,128,0.15,50,64,0.001,1,0,1,1,0.001,adam,0.1,0.99,fixed,gated,5000,none,8,0.95,"[0.5, 1.0, 2.0]",0,0,4,38,2.015652,0,0.00033445883309468627,inf,33.0656201839447,0.8373752426115443,0.3278492259542942,0.15097276264591442,0.09082397003745318,0.4470046082949309,0.41566265060240964,28606,24343,422,929,326,0.98660808801651,0.35091495513916016,0.8677602410316467,0.027919277347718586,,,,,,,,,0.20354188481966654,0.12157090256611507,3-6→3-7
smd,./data/SMD,machine-3-10,machine-3-11,shift_noMask_fixed,100,256,128,0.15,50,64,0.001,1,0,1,1,0.001,adam,0.1,0.99,fixed,gated,5000,none,8,0.95,"[0.5, 1.0, 2.0]",0,0,1,38,2.015652,0,0.0011212896788492799,inf,28.215180158615112,0.8395784995721833,0.15659026931625,0.016097268601763852,0.008117443868739206,0.9494949494949495,0.22695035460992907,28597,0,0,440,0,0.0,0.0,0.0,0.012154270186392407,,,,,,,,,1.0,1.0,3-10→3-11
smd,./data/SMD,machine-1-7,machine-1-8,shift_gate_gbuf5k,100,256,128,0.15,50,64,0.001,1,1,1,1,0.001,adam,0.1,0.99,adaptive,gated,5000,unc,8,0.95,"[0.5, 1.0, 2.0]",0,0,2,38,2.01569,8,0.002461969153955579,0.0006689847796224058,28.22231149673462,0.8192043927806865,0.3708303311428261,0.2582532386126202,0.18957055214723925,0.40498034076015726,0.3967611336032389,23600,22995,366,2691,2149,0.9065449237823486,0.7985878586769104,0.9969869256019592,0.09688435974767652,0.8813153108015876,0.40191314899257324,0.9018668849350475,0.41788664506639556,0.917106052924749,0.42432946103819275,0.9159637781763009,0.3173037249186787,0.0,0.0,1-7→1-8
smd,./data/SMD,machine-1-3,machine-1-4,shift_noMask_fixed,100,256,128,0.15,50,64,0.001,1,0,1,1,0.001,adam,0.1,0.99,fixed,gated,5000,none,8,0.95,"[0.5, 1.0, 2.0]",0,0,3,38,2.015652,0,0.000668466032948345,inf,28.376737594604492,0.8060780126931647,0.257280018228093,0.25707656612529006,0.19303135888501743,0.38472222222222224,0.3322632423756019,23608,22489,363,1908,865,0.9615367650985718,0.4533542990684509,0.9964976906776428,0.029335483297660205,,,,,,,,,0.006770508674283822,0.0,1-3→1-4
smd,./data/SMD,machine-3-8,machine-3-9,shift_gate_gbuf5k,100,256,128,0.15,50,64,0.001,1,1,1,1,0.001,adam,0.1,0.99,adaptive,gated,5000,unc,8,0.95,"[0.5, 1.0, 2.0]",0,0,3,38,2.01569,8,0.0006292931502684951,0.0001813923881854862,36.01123929023743,0.8286460166608001,0.24075031852808285,0.03181792447489101,0.01618663594470046,0.9273927392739274,0.2984496124031008,28614,257,121,699,0,1.0,0.0,0.009206519462168217,0.09538637081132109,0.8493490531735327,0.26262798526511383,0.8571465911110647,0.2828028628598702,0.8637247146045122,0.30855678604877584,0.8325401389135745,0.20741158819279934,1.0,0.6881607174873352,3-8→3-9
smd,./data/SMD,machine-2-2,machine-2-3,shift_fixed,100,256,128,0.15,50,64,0.001,1,1,1,1,0.001,adam,0.1,0.99,fixed,gated,5000,none,8,0.95,"[0.5, 1.0, 2.0]",0,0,0,38,2.01569,8,0.0007796758436597884,0.00041587711893953383,32.30061864852905,0.9247694437125198,0.32215535273497015,0.13211719181868437,0.07136458644371454,0.8884758364312267,0.3448275862068966,23590,20327,351,1259,561,0.9724012613296509,0.4455917477607727,0.8851372599601746,0.10980941219418773,0.9304567633548042,0.3253118411648587,0.9301469211013369,0.32564727577584957,0.9289069965301477,0.31927122571899635,0.89418172756104,0.1363633020400917,0.12762594347198805,0.11522800972064336,2-2→2-3
smd,./data/SMD,machine-3-2,machine-3-3,shift_fixed,100,256,128,0.15,50,64,0.001,1,1,1,1,0.001,adam,0.1,0.99,fixed,gated,5000,none,8,0.95,"[0.5, 1.0, 2.0]",0,0,1,38,2.01569,8,0.008476784452795982,0.0009988476522266865,29.588805437088013,0.8527239660289178,0.14439738538704652,0.13411764705882354,0.26146788990825687,0.09018987341772151,0.2154011847065159,23604,23604,369,3206,3206,0.86417555809021,1.0,1.0,0.09922655209345932,0.8817674279014314,0.16919585280542376,0.8810420254700816,0.169915389290793,0.8767711560735189,0.1585950715684472,0.854028894842503,0.10809766824984769,0.0,0.0,3-2→3-3
smd,./data/SMD,machine-3-4,machine-3-5,shift_fixed,100,256,128,0.15,50,64,0.001,1,1,1,1,0.001,adam,0.1,0.99,fixed,gated,5000,none,8,0.95,"[0.5, 1.0, 2.0]",0,0,2,38,2.01569,8,0.0016890004044398665,0.0002897075319197029,30.051722049713135,0.8094784625800509,0.24394323749613828,0.06173383896287151,0.03207184092366902,0.8215962441314554,0.33295063145809417,23592,10552,222,1515,469,0.9555534720420837,0.30957096815109253,0.45671966671943665,0.08555607053537456,0.820381418823133,0.25758300588087,0.8241060086430179,0.25968960095213806,0.8258379419002733,0.24187799133275972,0.8014751450172487,0.10599323364236737,0.10328894667327404,0.8512148062388102,3-4→3-5
smd,./data/SMD,machine-1-2,machine-1-3,shift_gate_gbuf5k,100,256,128,0.15,50,64,0.001,1,1,1,1,0.001,adam,0.1,0.99,adaptive,gated,5000,unc,8,0.95,"[0.5, 1.0, 2.0]",0,0,1,38,2.01569,8,0.004631801508367062,0.0008335208985954523,29.609737634658813,0.7757929222068276,0.21380886238465818,0.3137450199203187,0.26448362720403024,0.38555691554467564,0.26799789805570157,23604,23064,366,2005,1508,0.93461674451828,0.7521197199821472,0.9980091452598572,0.10388064356178293,0.8522907859732839,0.24610063996147546,0.870031183244373,0.2598265380401521,0.8806287050359021,0.2680548765269436,0.8818302595237894,0.2455243561649879,0.0,0.0,1-2→1-3
smd,./data/SMD,machine-1-7,machine-1-8,shift_noMask_fixed,100,256,128,0.15,50,64,0.001,1,0,1,1,0.001,adam,0.1,0.99,fixed,gated,5000,none,8,0.95,"[0.5, 1.0, 2.0]",0,0,3,38,2.015652,0,0.002275304403156042,inf,27.343504905700684,0.8119456910356517,0.37075369016755166,0.36978131212723664,0.3739946380697051,0.3656618610747051,0.3936451897616946,23600,23272,367,2691,2363,0.8984616994857788,0.8781121969223022,1.0,0.029544203968371374,,,,,,,,,0.0,0.0,1-7→1-8
smd,./data/SMD,machine-2-1,machine-2-2,shift_noMask_fixed,100,256,128,0.15,50,64,0.001,1,0,1,1,0.001,adam,0.1,0.99,fixed,gated,5000,none,8,0.95,"[0.5, 1.0, 2.0]",0,0,0,38,2.015652,0,0.0013359957374632359,inf,30.118948459625244,0.5184049431043543,0.13180217569447117,0.171293440263212,0.12084723632670825,0.2940345923049771,0.2177070651945762,23601,0,0,3922,0,0.0,0.0,0.0,0.012734912067221148,,,,,,,,,1.0,1.0,2-1→2-2
smd,./data/SMD,machine-3-10,machine-3-11,shift_fixed,100,256,128,0.15,50,64,0.001,1,1,1,1,0.001,adam,0.1,0.99,fixed,gated,5000,none,8,0.95,"[0.5, 1.0, 2.0]",0,0,2,38,2.01569,8,0.0012886007316410542,0.00010034134174929932,30.484984397888184,0.8626841437038645,0.1996932459560107,0.017653167185877464,0.00890985324947589,0.9444444444444444,0.2264705882352941,28597,0,0,440,0,0.0,0.0,0.0,0.07520830997675537,0.9174143710953311,0.24417551511870633,0.9266905847016733,0.2752610284798774,0.925268723447543,0.2505981510671578,0.8737552732745378,0.11391269705162695,1.0,1.0,3-10→3-11
smd,./data/SMD,machine-1-6,machine-1-7,shift_gate_gbuf5k,100,256,128,0.15,50,64,0.001,1,1,1,1,0.001,adam,0.1,0.99,adaptive,gated,5000,unc,8,0.95,"[0.5, 1.0, 2.0]",0,0,4,38,2.01569,8,0.0006093215779401362,0.0003627022379077971,29.19584321975708,0.6532415211652856,0.24274028846042356,0.20586666666666667,0.28550295857988167,0.1609674728940784,0.2615165426626563,23598,21792,363,3677,2168,0.9005139470100403,0.5896111130714417,0.9850910902023315,0.10518774520301123,0.7090699477603544,0.2931199363936332,0.7175243967685013,0.31085454884092617,0.7222856006936622,0.3211475828353435,0.7196978377015042,0.2911469571649722,0.006373486171166102,0.01426426445444425,1-6→1-7
smd,./data/SMD,machine-3-7,machine-3-8,shift_fixed,100,256,128,0.15,50,64,0.001,1,1,1,1,0.001,adam,0.1,0.99,fixed,gated,5000,none,8,0.95,"[0.5, 1.0, 2.0]",0,0,3,38,2.01569,8,0.00016679010877851397,0.00025798380374908447,35.76931381225586,0.7434970853970226,0.1519082940569575,0.10543106131341426,0.05568569432457979,0.9883296863603209,0.19264747791393558,28605,0,0,1965,0,0.0,0.0,0.0,0.07863311454187509,0.7626104636009464,0.1577368758370894,0.7718199210573712,0.16248689756097578,0.7808420196617117,0.1706521224613863,0.7452435308825749,0.24076712405987072,1.0,1.0,3-7→3-8
smd,./data/SMD,machine-3-6,machine-3-7,shift_fixed,100,256,128,0.15,50,64,0.001,1,1,1,1,0.001,adam,0.1,0.99,fixed,gated,5000,none,8,0.95,"[0.5, 1.0, 2.0]",0,0,1,38,2.01569,8,0.0003749963652808219,0.0003246828855480999,34.249895334243774,0.8134476765120728,0.31708825408889774,0.13875748975086724,0.0803799780781878,0.5069124423963134,0.39517345399698345,28606,25032,432,929,445,0.9822227358818054,0.4790096879005432,0.8883549571037292,0.0954124799668518,0.8423132952674794,0.3468378585795275,0.8411393382057496,0.3633575703478766,0.8369921824761561,0.39519696905575763,0.8212619402696776,0.47542915959801857,0.17022020121415457,0.09632309526205063,3-6→3-7
smd,./data/SMD,machine-1-2,machine-1-3,shift_fixed,100,256,128,0.15,50,64,0.001,1,1,1,1,0.001,adam,0.1,0.99,fixed,gated,5000,none,8,0.95,"[0.5, 1.0, 2.0]",0,0,1,38,2.01569,8,0.004631801508367062,0.0008335208985954523,29.631129503250122,0.7761879941139795,0.21159407926708007,0.19634263715110684,0.4594594594594595,0.12484700122399021,0.2664319248826291,23604,23451,368,2005,1852,0.9210268259048462,0.9236907958984375,1.0,0.09546678281602082,0.8516660354001971,0.24400129106555532,0.8692598116298003,0.2577071842122048,0.879769622858485,0.2656576892580448,0.8811008980598959,0.24507613559085495,0.0,0.0,1-2→1-3
smd,./data/SMD,machine-3-2,machine-3-3,shift_fixed,100,256,128,0.15,50,64,0.001,1,1,1,1,0.001,adam,0.1,0.99,fixed,gated,5000,none,8,0.95,"[0.5, 1.0, 2.0]",0,0,3,38,2.01569,8,0.006939989980310202,0.0010106670670211315,30.328537940979004,0.8554469513208812,0.14788224376393677,0.16291532690246519,0.25249169435215946,0.12025316455696203,0.2236220472440945,23604,23604,369,3206,3206,0.86417555809021,1.0,1.0,0.09460325787338518,0.8849830449097967,0.17134995780960685,0.8836962563007208,0.1731256334043916,0.8782441818294545,0.16600642379379923,0.8504558575097566,0.10922489479626762,0.0,0.0,3-2→3-3
smd,./data/SMD,machine-3-3,machine-3-4,shift_fixed,100,256,128,0.15,50,64,0.001,1,1,1,1,0.001,adam,0.1,0.99,fixed,gated,5000,none,8,0.95,"[0.5, 1.0, 2.0]",0,0,0,38,2.01569,8,0.0008698359015397727,0.0002911796618718654,29.940659523010254,0.7207030301063609,0.2349029330003377,0.12286575159022432,0.06690365509069365,0.7512794268167861,0.26086956521739135,23588,8884,200,1769,44,0.9950472712516785,0.024872809648513794,0.40515148639678955,0.09306466274187082,0.7627726119957616,0.28805910637575177,0.777254078503962,0.3244835481352087,0.7884458350065598,0.3583348822095513,0.7884830178202579,0.3395242420130286,0.8544437487920126,0.2618270168701808,3-3→3-4
smd,./data/SMD,machine-3-10,machine-3-11,shift_noMask_fixed,100,256,128,0.15,50,64,0.001,1,0,1,1,0.001,adam,0.1,0.99,fixed,gated,5000,none,8,0.95,"[0.5, 1.0, 2.0]",0,0,0,38,2.015652,0,0.0012941068271175027,inf,27.612860441207886,0.8639671506276181,0.22323195185314107,0.01723025891458583,0.008694439278408034,0.9444444444444444,0.2768361581920904,28597,0,0,440,0,0.0,0.0,0.0,0.012100612041303844,,,,,,,,,1.0,1.0,3-10→3-11
smd,./data/SMD,machine-2-1,machine-2-2,shift_gate_gbuf5k,100,256,128,0.15,50,64,0.001,1,1,1,1,0.001,adam,0.1,0.99,adaptive,gated,5000,unc,8,0.95,"[0.5, 1.0, 2.0]",0,0,4,38,2.01569,8,0.0013828604714944959,0.00030627063824795187,28.515272617340088,0.4369372302971176,0.11520607896573355,0.12372469635627532,0.11430281268701377,0.13483939286974939,0.21363396425608933,23601,1052,233,3922,218,0.7927756905555725,0.0555838868021965,0.0423802025616169,0.09220590288773123,0.5101038021533552,0.13114385311642862,0.5257220223400312,0.1354150693171749,0.5348377960150389,0.13817653373338748,0.5526828334786207,0.13820868507049816,0.945480227470398,0.8892294764518738,2-1→2-2
smd,./data/SMD,machine-1-4,machine-1-5,shift_gate_gbuf5k,100,256,128,0.15,50,64,0.001,1,1,1,1,0.001,adam,0.1,0.99,adaptive,gated,5000,unc,8,0.95,"[0.5, 1.0, 2.0]",0,0,1,38,2.01569,8,0.0009402820724062622,0.00027254162705503404,29.508437871932983,0.857373549097687,0.3219550209490533,0.02507051081165779,0.012734797835084369,0.8,0.41558441558441556,23607,1762,279,793,6,0.9965947866439819,0.00756620429456234,0.07697027921676636,0.09708618246151127,0.8790316021350504,0.3286224939966772,0.8854270100821824,0.33300844375231375,0.8899356095907819,0.3408091137008033,0.7990354147250699,0.04130064658499718,0.7961315711339315,0.4725170433521271,1-4→1-5
smd,./data/SMD,machine-2-1,machine-2-2,shift_gate_gbuf5k,100,256,128,0.15,50,64,0.001,1,1,1,1,0.001,adam,0.1,0.99,adaptive,gated,5000,unc,8,0.95,"[0.5, 1.0, 2.0]",0,0,1,38,2.01569,8,0.0013761433074250817,0.0003181587962899357,28.89351749420166,0.4830254767173763,0.12304991743987642,0.12402586635715471,0.11694809255784866,0.13201553123896928,0.21375198128160613,23601,1074,220,3922,223,0.7923650145530701,0.056858744472265244,0.04324406757950783,0.09153232822569339,0.5107235306403518,0.130625470401967,0.5166518368371071,0.13259319151769858,0.5199777350412393,0.13378784577069314,0.523730047583733,0.128903164093426,0.9338998595873514,0.7860221664110819,2-1→2-2
smd,./data/SMD,machine-1-6,machine-1-7,shift_fixed,100,256,128,0.15,50,64,0.001,1,1,1,1,0.001,adam,0.1,0.99,fixed,gated,5000,none,8,0.95,"[0.5, 1.0, 2.0]",0,0,4,38,2.01569,8,0.0006093215779401362,0.0003627022379077971,30.80797576904297,0.6401746004826392,0.23009190381256184,0.2113821138211382,0.2582781456953642,0.17889908256880735,0.2528558196974374,23598,21948,361,3677,2282,0.8960269689559937,0.6206146478652954,0.9871994256973267,0.0940714764265663,0.7024817052381124,0.28082818932240106,0.7126319838421151,0.30023561109337743,0.7189194725826932,0.3128919865255789,0.719738219491406,0.2923467629084539,0.003505417456229528,0.012612612297137579,1-6→1-7
smd,./data/SMD,machine-1-5,machine-1-6,shift_fixed,100,256,128,0.15,50,64,0.001,1,1,1,1,0.001,adam,0.1,0.99,fixed,gated,5000,none,8,0.95,"[0.5, 1.0, 2.0]",0,0,2,38,2.01569,8,0.0008343053050339222,0.0002934804651886225,28.607722997665405,0.8567866549813477,0.5741654828014029,0.45751727084965454,0.31084873705603405,0.866235167206041,0.5643814824184163,23590,13704,284,6678,593,0.9567279815673828,0.08879904448986053,0.7752483487129211,0.08640611712434323,0.8873436439374688,0.603152956269285,0.8942125480371402,0.6024403539934967,0.8950899187561517,0.5838944568000188,0.8706358621596667,0.42516031165839024,0.16444574296474457,0.0952213282386462,1-5→1-6
smd,./data/SMD,machine-3-9,machine-3-10,shift_noMask_fixed,100,256,128,0.15,50,64,0.001,1,0,1,1,0.001,adam,0.1,0.99,fixed,gated,5000,none,8,0.95,"[0.5, 1.0, 2.0]",0,0,2,38,2.015652,0,0.00016821800090838224,inf,34.673070669174194,0.9640997045932913,0.5977178283120156,0.22398781018720068,0.12639724849527084,0.9828080229226361,0.7164307164307163,23594,16314,294,2334,40,0.9975481033325195,0.017137961462140083,0.7654750943183899,0.026563552412793144,,,,,,,,,0.25189859171708423,0.10477612415949504,3-9→3-10
smd,./data/SMD,machine-3-4,machine-3-5,shift_gate_gbuf5k,100,256,128,0.15,50,64,0.001,1,1,1,1,0.001,adam,0.1,0.99,adaptive,gated,5000,unc,8,0.95,"[0.5, 1.0, 2.0]",0,0,2,38,2.01569,8,0.0016890004044398665,0.0002897075319197029,29.128044843673706,0.8096690610025941,0.19015541797335045,0.08149568552253116,0.04294013639808032,0.7981220657276995,0.27104722792607805,23592,8402,286,1515,165,0.980361819267273,0.10891088843345642,0.37310323119163513,0.10157345957414866,0.8192208772370594,0.20521345892666812,0.8225736538292726,0.20923867955597314,0.8238830216055268,0.20230874092285397,0.7983687640565077,0.10374374314258727,0.11670989667375882,0.4419078727563222,3-4→3-5
smd,./data/SMD,machine-1-1,machine-1-2,shift_fixed,100,256,128,0.15,50,64,0.001,1,1,1,1,0.001,adam,0.1,0.99,fixed,gated,5000,none,8,0.95,"[0.5, 1.0, 2.0]",0,0,2,38,2.01569,8,0.00015716528287157416,0.00017596472753211856,35.016021966934204,0.8952547993430866,0.2685824946987938,0.044726852615943224,0.022874989448805606,1.0,0.34782608695652173,23595,0,0,1532,0,0.0,0.0,0.0,0.07739136799535248,0.8997159315494331,0.2740646766392887,0.9020818935729095,0.2781780198879268,0.9045768761937791,0.28541565620114995,0.8558101186575101,0.19242703616038345,1.0,1.0,1-1→1-2
smd,./data/SMD,machine-3-2,machine-3-3,shift_gate_gbuf5k,100,256,128,0.15,50,64,0.001,1,1,1,1,0.001,adam,0.1,0.99,adaptive,gated,5000,unc,8,0.95,"[0.5, 1.0, 2.0]",0,0,4,38,2.01569,8,0.008319107815623283,0.0010485926177352667,28.87541627883911,0.8488087680901388,0.1502908342140342,0.2142857142857143,0.15240641711229946,0.36075949367088606,0.22222222222222224,23604,23215,368,3206,3026,0.8696532249450684,0.9438552856445312,0.9897539019584656,0.09830148315817556,0.8811302575044895,0.17586301263663898,0.8803699806156998,0.1787352534571549,0.87570239283357,0.17057936820787775,0.8512247415655249,0.11330502183263567,0.0,0.0,3-2→3-3
smd,./data/SMD,machine-1-4,machine-1-5,shift_fixed,100,256,128,0.15,50,64,0.001,1,1,1,1,0.001,adam,0.1,0.99,fixed,gated,5000,none,8,0.95,"[0.5, 1.0, 2.0]",0,0,4,38,2.01569,8,0.0009352113120257854,0.0002775649481918663,30.139533042907715,0.852091417436245,0.2732883042445179,0.010835659169266132,0.0054476421064216145,0.99,0.34730538922155685,23607,0,0,793,0,0.0,0.0,0.0,0.0792015369942234,0.8709357790392273,0.28547372033189167,0.882885707023638,0.29655080618024005,0.89604083707532,0.3189699494495908,0.8370524442938234,0.05147394727410365,1.0,1.0,1-4→1-5
smd,./data/SMD,machine-2-8,machine-2-9,shift_fixed,100,256,128,0.15,50,64,0.001,1,1,1,1,0.001,adam,0.1,0.99,fixed,gated,5000,none,8,0.95,"[0.5, 1.0, 2.0]",0,0,3,38,2.01569,8,0.00011149680358357728,7.710978388786316e-05,28.566582202911377,0.7693236864260709,0.23467838434834384,0.15042325931835304,0.08155517108804305,0.9669515669515669,0.26318593500266385,28623,1926,148,2745,0,1.0,0.0,0.07442615181207657,0.08524031866164435,0.8316169694372684,0.26353086402186354,0.8531288267595607,0.28432063368019744,0.8715137008755134,0.3134452188604715,0.8805559438110334,0.3634547930502776,0.8992897868156433,0.9874268770217896,2-8→2-9
smd,./data/SMD,machine-3-6,machine-3-7,shift_gate_gbuf5k,100,256,128,0.15,50,64,0.001,1,1,1,1,0.001,adam,0.1,0.99,adaptive,gated,5000,unc,8,0.95,"[0.5, 1.0, 2.0]",0,0,3,38,2.01569,8,0.00038514798507094383,0.000328199501382187,40.963173627853394,0.8418001576903723,0.31096876479865726,0.1984924623115578,0.13644214162348878,0.3640552995391705,0.4042232277526395,28606,26545,444,929,457,0.9827839732170105,0.49192678928375244,0.9425877332687378,0.1049164432850216,0.8746285742974473,0.35221139087777487,0.8739689773451715,0.3746740790329181,0.8670621993487325,0.4077507277618773,0.8238911998372564,0.48422666022963406,0.0745660016934077,0.01303693667675058,3-6→3-7
smd,./data/SMD,machine-3-1,machine-3-2,shift_noMask_fixed,100,256,128,0.15,50,64,0.001,1,0,1,1,0.001,adam,0.1,0.99,fixed,gated,5000,none,8,0.95,"[0.5, 1.0, 2.0]",0,0,0,38,2.015652,0,0.00034894931013695896,inf,37.193280935287476,0.493214282493026,0.04870397412769423,0.09095068167261415,0.04790592317702058,0.8963029756537421,0.09154369532561635,23604,41,4,2018,0,1.0,0.0,0.0018993791891261935,0.014746568906390046,,,,,,,,,1.0,0.9970338940620422,3-1→3-2
smd,./data/SMD,machine-3-9,machine-3-10,shift_noMask_fixed,100,256,128,0.15,50,64,0.001,1,0,1,1,0.001,adam,0.1,0.99,fixed,gated,5000,none,8,0.95,"[0.5, 1.0, 2.0]",0,0,3,38,2.015652,0,0.00017856036720331758,inf,35.31954622268677,0.9594279918627983,0.6093882609759009,0.22910076818798011,0.1299167200512492,0.9684813753581661,0.7013674459638289,23594,16650,296,2334,52,0.9968768954277039,0.022279348224401474,0.7807149291038513,0.02810707878053941,,,,,,,,,0.23183378080526987,0.10522955345610778,3-9→3-10
smd,./data/SMD,machine-3-6,machine-3-7,shift_noMask_fixed,100,256,128,0.15,50,64,0.001,1,0,1,1,0.001,adam,0.1,0.99,fixed,gated,5000,none,8,0.95,"[0.5, 1.0, 2.0]",0,0,0,38,2.015652,0,0.0003299737290944904,inf,35.226186752319336,0.8556647340331978,0.3387956050765271,0.12545787545787546,0.06964921199796645,0.631336405529954,0.41255605381165916,28606,23735,420,929,307,0.9870654940605164,0.33046287298202515,0.8464789986610413,0.029509695794943586,,,,,,,,,0.21076546609401703,0.1488118271032969,3-6→3-7
smd,./data/SMD,machine-3-3,machine-3-4,shift_fixed,100,256,128,0.15,50,64,0.001,1,1,1,1,0.001,adam,0.1,0.99,fixed,gated,5000,none,8,0.95,"[0.5, 1.0, 2.0]",0,0,2,38,2.01569,8,0.0008422932005487382,0.0002902231353800744,30.174407243728638,0.7181565932790599,0.23223958265670192,0.12004840661557079,0.0651602732527588,0.7615148413510747,0.25421348314606745,23588,8154,186,1769,23,0.9971792697906494,0.013001696206629276,0.37265685200691223,0.08494448253456285,0.7541755849081945,0.2837661331817967,0.7679600426723491,0.31895056757696266,0.7792538378297496,0.351735634207034,0.7800701019980916,0.32107978426061684,0.8801988561948141,0.28760258853435516,3-3→3-4
smd,./data/SMD,machine-2-5,machine-2-6,shift_gate_gbuf5k,100,256,128,0.15,50,64,0.001,1,1,1,1,0.001,adam,0.1,0.99,adaptive,gated,5000,unc,8,0.95,"[0.5, 1.0, 2.0]",0,0,2,38,2.01569,8,0.0028385058976709843,0.0006879806169308722,28.55665373802185,0.7923446456042913,0.3207817455441899,0.13368630046326935,0.07775211701308699,0.47641509433962265,0.3954983922829582,28644,27727,443,1121,562,0.9797309637069702,0.5013380646705627,0.9869927167892456,0.10174095855380483,0.868971228730361,0.34488287045821464,0.8842439105154416,0.3539648849659015,0.8938945750802682,0.3608472512134294,0.8813490775910832,0.23917235215923666,0.01973764846722285,0.005724820114361743,2-5→2-6
smd,./data/SMD,machine-3-4,machine-3-5,shift_gate_gbuf5k,100,256,128,0.15,50,64,0.001,1,1,1,1,0.001,adam,0.1,0.99,adaptive,gated,5000,unc,8,0.95,"[0.5, 1.0, 2.0]",0,0,1,38,2.01569,8,0.0016675631050020456,0.0002813141036313027,30.494987964630127,0.8068661845707096,0.20545534237771945,0.07698385822327578,0.04043638088461995,0.8004694835680751,0.3022222222222222,23592,7876,287,1515,155,0.9803199768066406,0.10231023281812668,0.3497304916381836,0.09909030662709957,0.817056288587604,0.22252442251864668,0.8202819322987138,0.2247213882621837,0.8207768424430097,0.20935470420384922,0.7951468536125414,0.10127385975371485,0.12334980939825375,0.48431575298309326,3-4→3-5
smd,./data/SMD,machine-1-4,machine-1-5,shift_noMask_fixed,100,256,128,0.15,50,64,0.001,1,0,1,1,0.001,adam,0.1,0.99,fixed,gated,5000,none,8,0.95,"[0.5, 1.0, 2.0]",0,0,0,38,2.015652,0,0.0009756045765243471,inf,29.545378923416138,0.8238718969753452,0.29048609851409657,0.010235748897479175,0.005145891498330323,0.94,0.33576642335766427,23607,0,0,793,0,0.0,0.0,0.0,0.01502054217466987,,,,,,,,,1.0,1.0,1-4→1-5
smd,./data/SMD,machine-2-5,machine-2-6,shift_fixed,100,256,128,0.15,50,64,0.001,1,1,1,1,0.001,adam,0.1,0.99,fixed,gated,5000,none,8,0.95,"[0.5, 1.0, 2.0]",0,0,3,38,2.01569,8,0.002646320965141058,0.0006963153136894107,30.066428422927856,0.7897487985598042,0.3310911262636538,0.1985083189902467,0.13115996967399546,0.4080188679245283,0.4,28644,28275,444,1121,752,0.973404049873352,0.6708295941352844,1.0,0.0982066053798821,0.873934227770275,0.3524908567375499,0.8930884791662641,0.36082057058409894,0.9049501817900776,0.3670521566466615,0.8901529208671821,0.24984051560234402,0.0,0.0,2-5→2-6
smd,./data/SMD,machine-1-6,machine-1-7,shift_fixed,100,256,128,0.15,50,64,0.001,1,1,1,1,0.001,adam,0.1,0.99,fixed,gated,5000,none,8,0.95,"[0.5, 1.0, 2.0]",0,0,3,38,2.01569,8,0.0006092569674365222,0.00039383445982821286,29.899622678756714,0.6349343461601823,0.23013747224275471,0.22818455366098295,0.2861635220125786,0.1897414512093411,0.2427990235964198,23598,21939,361,3677,2290,0.8956196904182434,0.6227903366088867,0.9863460659980774,0.09730880831710281,0.699169204144133,0.27875080509279815,0.7106241131424723,0.29903621667104263,0.7180783272411815,0.31277840952170627,0.7219604905742343,0.29660613004122904,0.0044614402577281,0.014714714139699936,1-6→1-7
smd,./data/SMD,machine-1-5,machine-1-6,shift_gate_gbuf5k,100,256,128,0.15,50,64,0.001,1,1,1,1,0.001,adam,0.1,0.99,adaptive,gated,5000,unc,8,0.95,"[0.5, 1.0, 2.0]",0,0,2,38,2.01569,8,0.0008343053050339222,0.0002934804651886225,31.04889750480652,0.8518255705919544,0.5605676886456653,0.4570808464460119,0.38242237152714725,0.5679611650485437,0.5568238213399503,23590,16646,322,6678,992,0.940406084060669,0.1485474705696106,0.9256149530410767,0.10126006962031113,0.8854568663315371,0.5914678156061665,0.8930833401764039,0.5903160817262584,0.8943760596298954,0.5703499775073985,0.8699080199544476,0.420638447281934,0.09142909389144431,0.00039777248942603666,1-5→1-6
smd,./data/SMD,machine-3-3,machine-3-4,shift_gate_gbuf5k,100,256,128,0.15,50,64,0.001,1,1,1,1,0.001,adam,0.1,0.99,adaptive,gated,5000,unc,8,0.95,"[0.5, 1.0, 2.0]",0,0,2,38,2.01569,8,0.0008422932005487382,0.0002902231353800744,28.57625675201416,0.7173834611746074,0.24010955566129813,0.15903837263060563,0.10271722902358914,0.35209825997952915,0.270631970260223,23588,19918,359,1769,561,0.9718345403671265,0.31712833046913147,0.8871625661849976,0.1046666052658032,0.7572007110255382,0.29432470953113,0.7712880622435794,0.32958169562493467,0.7825036382819828,0.36218565551752274,0.7823465465278688,0.3308563299875511,0.1023873050386707,0.004947695725907882,3-3→3-4
smd,./data/SMD,machine-3-10,machine-3-11,shift_gate_gbuf5k,100,256,128,0.15,50,64,0.001,1,1,1,1,0.001,adam,0.1,0.99,adaptive,gated,5000,unc,8,0.95,"[0.5, 1.0, 2.0]",0,0,0,38,2.01569,8,0.0012471855152398348,0.0001086146803572774,28.93221640586853,0.8663459282274638,0.21875667102741586,0.01679790026246719,0.008472332539052158,0.9696969696969697,0.27672955974842767,28597,0,0,440,0,0.0,0.0,0.0,0.07658061953855194,0.9137894489849011,0.27701868439520727,0.9239388410031962,0.30964634075818104,0.9254914929348222,0.29352871298835476,0.8870503760320589,0.13224626990989988,1.0,1.0,3-10→3-11
smd,./data/SMD,machine-3-8,machine-3-9,shift_noMask_fixed,100,256,128,0.15,50,64,0.001,1,0,1,1,0.001,adam,0.1,0.99,fixed,gated,5000,none,8,0.95,"[0.5, 1.0, 2.0]",0,0,1,38,2.015652,0,0.0006275110063143075,inf,33.13611364364624,0.8156586197162483,0.24869010202064062,0.02317326914446575,0.011731658955717119,0.9372937293729373,0.31213872832369943,28614,0,0,699,0,0.0,0.0,0.0,0.012566677186027,,,,,,,,,1.0,1.0,3-8→3-9
smd,./data/SMD,machine-2-6,machine-2-7,shift_fixed,100,256,128,0.15,50,64,0.001,1,1,1,1,0.001,adam,0.1,0.99,fixed,gated,5000,none,8,0.95,"[0.5, 1.0, 2.0]",0,0,4,38,2.01569,8,0.00042423317790962756,0.00016052948194555938,34.65609574317932,0.8221911495246433,0.09068543509276734,0.08325,0.043914018198602134,0.7985611510791367,0.1552511415525114,23597,17592,322,2397,1369,0.9221805334091187,0.5711305737495422,0.7652358412742615,0.09768464966699744,0.8348417275458382,0.09254481864494159,0.8339105767664746,0.09315303951544279,0.829577774268407,0.0936750251424006,0.79189619651845,0.07350193775801886,0.20529035727183023,0.28495001792907715,2-6→2-7
smd,./data/SMD,machine-3-1,machine-3-2,shift_fixed,100,256,128,0.15,50,64,0.001,1,1,1,1,0.001,adam,0.1,0.99,fixed,gated,5000,none,8,0.95,"[0.5, 1.0, 2.0]",0,0,0,38,2.01569,8,0.00039924803422763944,0.0001951724843820557,39.03983807563782,0.4952055825604809,0.04897536170967304,0.09046754648481578,0.0478364636297603,0.8313796212804329,0.0917376541371299,23604,83,17,2018,0,1.0,0.0,0.0038450846914201975,0.09165380268132478,0.5146802182533997,0.05037750707949968,0.5235096368858111,0.0511361996493011,0.5318030920694969,0.051873819748779956,0.5507974379434584,0.05281486366393955,0.9990117152531942,0.993216892083486,3-1→3-2
smd,./data/SMD,machine-2-1,machine-2-2,shift_gate_gbuf5k,100,256,128,0.15,50,64,0.001,1,1,1,1,0.001,adam,0.1,0.99,adaptive,gated,5000,unc,8,0.95,"[0.5, 1.0, 2.0]",0,0,0,38,2.01569,8,0.0013637166703119874,0.0003107447410002351,31.651277780532837,0.7287508582036829,0.23425778940109404,0.30878119001919385,0.18599609798395839,0.9085774797034946,0.3299795858850977,23601,860,204,3922,198,0.7697674632072449,0.050484444946050644,0.03363991901278496,0.10770581787983485,0.7143270227518472,0.23236585895090694,0.7045563018238771,0.23059366700525963,0.6896983976188866,0.22606172392227247,0.5555834168735883,0.14563091408080436,0.9214689334233602,0.8137167096138,2-1→2-2
smd,./data/SMD,machine-3-7,machine-3-8,shift_gate_gbuf5k,100,256,128,0.15,50,64,0.001,1,1,1,1,0.001,adam,0.1,0.99,adaptive,gated,5000,unc,8,0.95,"[0.5, 1.0, 2.0]",0,0,2,38,2.01569,8,0.00016588221478741616,0.0002598377177491784,36.25743746757507,0.7700948639951125,0.1605359864333062,0.16378125858752404,0.10089724056204503,0.43471918307804525,0.20457187136768692,28605,18480,417,1965,378,0.9795454740524292,0.19236640632152557,0.6795045137405396,0.10227142691383036,0.7893182931755346,0.16674322322110036,0.7982412017993602,0.1719319933000374,0.8066010731891564,0.18073880636317732,0.7710719933794358,0.23147125601183238,0.06477921727734308,0.24829057355721793,3-7→3-8
smd,./data/SMD,machine-1-2,machine-1-3,shift_noMask_fixed,100,256,128,0.15,50,64,0.001,1,0,1,1,0.001,adam,0.1,0.99,fixed,gated,5000,none,8,0.95,"[0.5, 1.0, 2.0]",0,0,2,38,2.015652,0,0.004633475095033646,inf,26.57133173942566,0.7811824154012903,0.21651822762436967,0.19404418828049952,0.45089285714285715,0.12362301101591187,0.28408279800142755,23604,23480,368,2005,1881,0.9198892712593079,0.9381546378135681,1.0,0.029483895608074198,,,,,,,,,0.0,0.0,1-2→1-3
smd,./data/SMD,machine-3-4,machine-3-5,shift_gate_gbuf5k,100,256,128,0.15,50,64,0.001,1,1,1,1,0.001,adam,0.1,0.99,adaptive,gated,5000,unc,8,0.95,"[0.5, 1.0, 2.0]",0,0,0,38,2.01569,8,0.0016803231555968523,0.0002761228824965656,30.019712924957275,0.8014875556080232,0.15033842134656786,0.07364762111666305,0.038610478359908884,0.795774647887324,0.25153374233128833,23592,7480,279,1515,136,0.9818181991577148,0.08976897597312927,0.33265388011932373,0.10607294326476947,0.815291664018065,0.1622340413666015,0.8198152739057742,0.16443830073330207,0.8216632411418148,0.15621290445666672,0.7952588011772908,0.09454974324706313,0.12631722788016,0.514244019985199,3-4→3-5
smd,./data/SMD,machine-3-3,machine-3-4,shift_noMask_fixed,100,256,128,0.15,50,64,0.001,1,0,1,1,0.001,adam,0.1,0.99,fixed,gated,5000,none,8,0.95,"[0.5, 1.0, 2.0]",0,0,2,38,2.015652,0,0.0007852111593820155,inf,28.417232513427734,0.7060412607542839,0.24666367616095192,0.11054766734279918,0.05948390114602011,0.7809621289662231,0.28332063975628335,23588,5975,148,1769,15,0.9974895119667053,0.008479367010295391,0.27315643429756165,0.01984363655852366,,,,,,,,,0.9247999588648478,0.42320122321446735,3-3→3-4
smd,./data/SMD,machine-3-6,machine-3-7,shift_gate_gbuf5k,100,256,128,0.15,50,64,0.001,1,1,1,1,0.001,adam,0.1,0.99,adaptive,gated,5000,unc,8,0.95,"[0.5, 1.0, 2.0]",0,0,0,38,2.01569,8,0.0003718996304087341,0.0003277758660260588,38.23453712463379,0.8426824592851903,0.31796367616255156,0.15572232645403378,0.0977620730270907,0.3824884792626728,0.4144144144144144,28606,26355,444,929,423,0.9839498996734619,0.4553283154964447,0.9369512796401978,0.1128901553839093,0.8753031676465126,0.3456292805166344,0.8763612286417486,0.3635359653259443,0.8708989541154268,0.38996314515426345,0.8214647991371202,0.4756138125223344,0.06699289381504059,0.030542168611039717,3-6→3-7
smd,./data/SMD,machine-3-5,machine-3-6,shift_fixed,100,256,128,0.15,50,64,0.001,1,1,1,1,0.001,adam,0.1,0.99,fixed,gated,5000,none,8,0.95,"[0.5, 1.0, 2.0]",0,0,1,38,2.01569,8,0.00127759191673249,0.0004484606033656746,29.49062418937683,0.7170085742772656,0.16693947852140145,0.17509656060327386,0.11218477492340326,0.39865996649916247,0.18414918414918413,28627,25096,435,2283,1022,0.9592763781547546,0.4476566016674042,0.9138323664665222,0.08721760050793309,0.7817293797429202,0.17914466761415287,0.8053988068338203,0.18450762752568697,0.8248626662782653,0.18825432732653202,0.8437171084732588,0.15609215351291364,0.08928176139791806,0.08375078439712524,3-5→3-6
smd,./data/SMD,machine-3-5,machine-3-6,shift_fixed,100,256,128,0.15,50,64,0.001,1,1,1,1,0.001,adam,0.1,0.99,fixed,gated,5000,none,8,0.95,"[0.5, 1.0, 2.0]",0,0,2,38,2.01569,8,0.0012552404077723622,0.0004404652863740921,29.679802894592285,0.7130149269277278,0.17059673023998315,0.17145029462079453,0.11089254979100074,0.3777219430485762,0.17631716223265517,28627,25376,436,2283,1024,0.9596469402313232,0.4485326409339905,0.9243850708007812,0.10026825058575585,0.7823029775493769,0.18285905701914923,0.8062158095431392,0.18732331752481393,0.8255866905353443,0.1885057859255605,0.846812030027614,0.1501685823720513,0.07318693523605664,0.07775767395893733,3-5→3-6
smd,./data/SMD,machine-2-5,machine-2-6,shift_gate_gbuf5k,100,256,128,0.15,50,64,0.001,1,1,1,1,0.001,adam,0.1,0.99,adaptive,gated,5000,unc,8,0.95,"[0.5, 1.0, 2.0]",0,0,3,38,2.01569,8,0.002646320965141058,0.0006963153136894107,30.086400747299194,0.7902779785822839,0.3294785096216639,0.1443661971830986,0.08485099337748345,0.4834905660377358,0.39546191247974066,28644,27773,443,1121,589,0.9787923693656921,0.5254237055778503,0.9876830577850342,0.09997237113214308,0.8739733707684753,0.3518025091235993,0.8930330959879593,0.3601612004600076,0.904920991107377,0.3664500925036976,0.8901833607945063,0.2496667540896383,0.01836412400007248,0.005726831024124597,2-5→2-6
smd,./data/SMD,machine-1-5,machine-1-6,shift_noMask_fixed,100,256,128,0.15,50,64,0.001,1,0,1,1,0.001,adam,0.1,0.99,fixed,gated,5000,none,8,0.95,"[0.5, 1.0, 2.0]",0,0,2,38,2.015652,0,0.0007152698235586286,inf,28.05868887901306,0.8482044660334546,0.5271192099957501,0.4221130526708538,0.274306958700396,0.9153182308522114,0.5415333570328238,23590,11211,254,6678,397,0.9645883440971375,0.059448935091495514,0.6394276022911072,0.023596799186651564,,,,,,,,,0.2377951741218567,0.13737882673740387,1-5→1-6
smd,./data/SMD,machine-3-6,machine-3-7,shift_noMask_fixed,100,256,128,0.15,50,64,0.001,1,0,1,1,0.001,adam,0.1,0.99,fixed,gated,5000,none,8,0.95,"[0.5, 1.0, 2.0]",0,0,3,38,2.015652,0,0.0003438511921558529,inf,34.93147587776184,0.8566676180685064,0.35040166453591176,0.13466738777717688,0.07628676470588236,0.5737327188940092,0.41566265060240964,28606,24336,425,929,358,0.9852892756462097,0.38536059856414795,0.8663511276245117,0.02826909572854956,,,,,,,,,0.22381451229254404,0.11132911841074626,3-6→3-7
smd,./data/SMD,machine-3-10,machine-3-11,shift_gate_gbuf5k,100,256,128,0.15,50,64,0.001,1,1,1,1,0.001,adam,0.1,0.99,adaptive,gated,5000,unc,8,0.95,"[0.5, 1.0, 2.0]",0,0,4,38,2.01569,8,0.0012489227810874581,0.00010603833652567118,30.110868215560913,0.8795864462577916,0.1924590738139215,0.017562508665711515,0.008862353654554784,0.9595959595959596,0.23076923076923078,28597,0,0,440,0,0.0,0.0,0.0,0.07283463738041916,0.9220777321959862,0.2372594883592916,0.931632983636633,0.26481118509113133,0.933674771435316,0.25653689721742806,0.8953848258711757,0.12497069691065117,1.0,1.0,3-10→3-11
smd,./data/SMD,machine-2-2,machine-2-3,shift_gate_gbuf5k,100,256,128,0.15,50,64,0.001,1,1,1,1,0.001,adam,0.1,0.99,adaptive,gated,5000,unc,8,0.95,"[0.5, 1.0, 2.0]",0,0,3,38,2.01569,8,0.0007739875582046807,0.00042551258229650557,29.360634803771973,0.9283005660335428,0.35254947245373147,0.20046620046620048,0.11460554371002132,0.7992565055762082,0.38383838383838387,23590,20711,362,1259,374,0.9819419384002686,0.29706114530563354,0.9107071161270142,0.10875071848585931,0.931981688830758,0.35231446364190877,0.9314335918526726,0.3501785834612751,0.9294935856939229,0.3401106134537033,0.8955319699427617,0.1295058087610445,0.06749774763981502,0.05404438575108846,2-2→2-3
smd,./data/SMD,machine-2-4,machine-2-5,shift_fixed,100,256,128,0.15,50,64,0.001,1,1,1,1,0.001,adam,0.1,0.99,fixed,gated,5000,none,8,0.95,"[0.5, 1.0, 2.0]",0,0,2,38,2.01569,8,0.0005648802034556866,0.00034931008121930063,32.77315711975098,0.8368286510517722,0.27536027452294987,0.23098176459753178,0.1409305461901551,0.639795918367347,0.29871645274212366,23590,19939,346,3016,817,0.9590250253677368,0.2708885967731476,0.9294254779815674,0.10189890810977408,0.8852685395792911,0.3099026237407609,0.9002433180767132,0.3290037895886118,0.9107112751305113,0.33566684520464274,0.9036868867058911,0.22817210907825933,0.08919250468413036,0.07140941421190898,2-4→2-5
smd,./data/SMD,machine-2-8,machine-2-9,shift_gate_gbuf5k,100,256,128,0.15,50,64,0.001,1,1,1,1,0.001,adam,0.1,0.99,adaptive,gated,5000,unc,8,0.95,"[0.5, 1.0, 2.0]",0,0,2,38,2.01569,8,0.0001118963336921297,7.632860797457397e-05,29.91690683364868,0.8441308396661236,0.2970128816134735,0.27679362267493357,0.17177408272639824,0.7122507122507122,0.3193042397887871,28623,13730,360,2745,28,0.9979606866836548,0.010200364515185356,0.5294845104217529,0.09375855811332018,0.8808112204670961,0.32910882057368995,0.8915668163378326,0.35014971260465066,0.8991602694313415,0.3753059755503632,0.889078906930355,0.4065828568231188,0.22854814926783243,0.15061933547258377,2-8→2-9
smd,./data/SMD,machine-2-6,machine-2-7,shift_fixed,100,256,128,0.15,50,64,0.001,1,1,1,1,0.001,adam,0.1,0.99,fixed,gated,5000,none,8,0.95,"[0.5, 1.0, 2.0]",0,0,0,38,2.01569,8,0.00041784188942983747,0.0001712084049358964,38.412946939468384,0.7963908352676938,0.0854714343634814,0.0728012661089758,0.03820144738403132,0.7721822541966427,0.13923076923076924,23597,17277,325,2397,1309,0.9242345094680786,0.5460993051528931,0.7532075643539429,0.10909469177062447,0.8081325652137769,0.08831963653858173,0.808908266659579,0.08983850112281637,0.8069759665440893,0.09032704924208251,0.776302743191417,0.06360419983903136,0.19963202873865762,0.290858527024587,2-6→2-7
smd,./data/SMD,machine-3-2,machine-3-3,shift_gate_gbuf5k,100,256,128,0.15,50,64,0.001,1,1,1,1,0.001,adam,0.1,0.99,adaptive,gated,5000,unc,8,0.95,"[0.5, 1.0, 2.0]",0,0,2,38,2.01569,8,0.007789973169565201,0.0009888376807793975,29.071664571762085,0.8529523817231233,0.14311199581881845,0.20998600093327113,0.14890800794176043,0.3560126582278481,0.21168305378831695,23604,23176,368,3206,3000,0.8705557584762573,0.9357454776763916,0.9891166090965271,0.10729327967077609,0.8836050066141448,0.16548344763851958,0.8820429601192576,0.16536211880892263,0.8764484730405698,0.15679472454287247,0.8494987131085165,0.10672167074906196,0.0,0.0,3-2→3-3
smd,./data/SMD,machine-1-5,machine-1-6,shift_noMask_fixed,100,256,128,0.15,50,64,0.001,1,0,1,1,0.001,adam,0.1,0.99,fixed,gated,5000,none,8,0.95,"[0.5, 1.0, 2.0]",0,0,3,38,2.015652,0,0.000705061771441251,inf,28.766218662261963,0.8534588306571934,0.5509309095493115,0.4154175588865096,0.26865553533275305,0.9155879180151025,0.5555427118252225,23590,10908,251,6678,348,0.9680967926979065,0.05211140960454941,0.6244087219238281,0.024568544398328417,,,,,,,,,0.24124382932980856,0.16156094272931418,1-5→1-6
smd,./data/SMD,machine-2-4,machine-2-5,shift_gate_gbuf5k,100,256,128,0.15,50,64,0.001,1,1,1,1,0.001,adam,0.1,0.99,adaptive,gated,5000,unc,8,0.95,"[0.5, 1.0, 2.0]",0,0,4,38,2.01569,8,0.0005665752105414867,0.00034136930480599403,28.570372104644775,0.8401593003223571,0.2794419086312279,0.2784479947831758,0.20459990416866317,0.4357142857142857,0.3098468271334792,23590,21134,362,3016,987,0.953298032283783,0.32725465297698975,0.979245662689209,0.10554631820620496,0.8918673797406583,0.31999875651650384,0.9063977601256717,0.3410064367024466,0.9158662707674113,0.34956960487277033,0.9042973162667683,0.22807214407834434,0.01818470750004053,0.007454349397448823,2-4→2-5
smd,./data/SMD,machine-2-4,machine-2-5,shift_gate_gbuf5k,100,256,128,0.15,50,64,0.001,1,1,1,1,0.001,adam,0.1,0.99,adaptive,gated,5000,unc,8,0.95,"[0.5, 1.0, 2.0]",0,0,3,38,2.01569,8,0.0005792417796328664,0.0003672029124572873,29.58486580848694,0.8370275293172446,0.2796407972765634,0.2757463938275746,0.20539730134932535,0.4193877551020408,0.3096318709026727,23590,21243,365,3016,1092,0.9485948085784912,0.36206895112991333,0.9794400930404663,0.10208338688571052,0.8868414572663359,0.3161532537509159,0.902094894499259,0.3366378278515517,0.9125520224382854,0.34617701814429014,0.9015899027716243,0.22861062852394798,0.02601158246397972,0.004236846589871372,2-4→2-5
smd,./data/SMD,machine-2-8,machine-2-9,shift_gate_gbuf5k,100,256,128,0.15,50,64,0.001,1,1,1,1,0.001,adam,0.1,0.99,adaptive,gated,5000,unc,8,0.95,"[0.5, 1.0, 2.0]",0,0,4,38,2.01569,8,0.00010495087917661294,7.058833580231294e-05,29.764399528503418,0.8646112263199814,0.3328357164957179,0.2804664121349706,0.17124495967741934,0.7743589743589744,0.3677900927391992,28623,13079,358,2745,25,0.998088538646698,0.009107467718422413,0.5044439435005188,0.09499207418577911,0.8934321013009782,0.3622196393280952,0.9019116115011099,0.38061715643875943,0.9069409831600658,0.4007671661064519,0.8868968794507415,0.4148328136300271,0.2377459555864334,0.1714041382074356,2-8→2-9
smd,./data/SMD,machine-3-7,machine-3-8,shift_noMask_fixed,100,256,128,0.15,50,64,0.001,1,0,1,1,0.001,adam,0.1,0.99,fixed,gated,5000,none,8,0.95,"[0.5, 1.0, 2.0]",0,0,1,38,2.015652,0,0.0001487379049649462,inf,33.2976348400116,0.7352562980233814,0.144562635264051,0.09586591395210212,0.05035361720937086,0.9970824215900802,0.19267515923566877,28605,0,0,1965,0,0.0,0.0,0.0,0.012831687093760412,,,,,,,,,1.0,1.0,3-7→3-8
smd,./data/SMD,machine-2-8,machine-2-9,shift_fixed,100,256,128,0.15,50,64,0.001,1,1,1,1,0.001,adam,0.1,0.99,fixed,gated,5000,none,8,0.95,"[0.5, 1.0, 2.0]",0,0,0,38,2.01569,8,0.00010781346645671874,8.162380254361778e-05,32.22883152961731,0.7858624612101084,0.2572483916970443,0.15645287536258576,0.08510318573432178,0.9680911680911681,0.26351813826146475,28623,2469,136,2745,0,1.0,0.0,0.09540922939777374,0.09575978151070923,0.8434972384206633,0.28548298939334155,0.8617078043154358,0.30476541340897667,0.8771495751322946,0.3327237528210052,0.8814040099870931,0.3919242439986011,0.8559785882631937,0.9730027516682943,2-8→2-9
smd,./data/SMD,machine-2-1,machine-2-2,shift_fixed,100,256,128,0.15,50,64,0.001,1,1,1,1,0.001,adam,0.1,0.99,fixed,gated,5000,none,8,0.95,"[0.5, 1.0, 2.0]",0,0,2,38,2.01569,8,0.0013885118532925844,0.00029952594195492566,30.212521076202393,0.5283030740924853,0.1337531873697018,0.15699922660479507,0.12365482233502538,0.21496646664313449,0.21883631827497102,23601,0,0,3922,0,0.0,0.0,0.0,0.07023434937795811,0.49983596715966794,0.1276077290187354,0.49112553915202717,0.12577882309641925,0.4848857278758951,0.12407271636188447,0.4712663333582053,0.11027887503153896,1.0,1.0,2-1→2-2
smd,./data/SMD,machine-3-4,machine-3-5,shift_noMask_fixed,100,256,128,0.15,50,64,0.001,1,0,1,1,0.001,adam,0.1,0.99,fixed,gated,5000,none,8,0.95,"[0.5, 1.0, 2.0]",0,0,4,38,2.015652,0,0.0015990323154255748,inf,27.545846700668335,0.8277657203338954,0.26333398834811417,0.05812719405665768,0.03011080098113846,0.8356807511737089,0.3486777668952008,23592,9157,206,1515,409,0.9553347229957581,0.2699669897556305,0.3962495028972626,0.02213062452598926,,,,,,,,,0.140021450817585,0.8607534368832906,3-4→3-5
smd,./data/SMD,machine-3-9,machine-3-10,shift_gate_gbuf5k,100,256,128,0.15,50,64,0.001,1,1,1,1,0.001,adam,0.1,0.99,adaptive,gated,5000,unc,8,0.95,"[0.5, 1.0, 2.0]",0,0,2,38,2.01569,8,0.00023958292149472982,0.00012862717267125845,35.701894998550415,0.9697431021930413,0.7185406756121685,0.4420724927729598,0.2881159420289855,0.9493791786055397,0.7397647058823529,23594,20203,350,2334,204,0.9899024963378906,0.08740359544754028,0.9406867623329163,0.1033948439303582,0.9742715864059772,0.7243228219291125,0.9753140841966055,0.7243561165835911,0.975307842199963,0.7181221555221834,0.965229168580387,0.5769129378970339,0.04531295349200567,0.026549516905409593,3-9→3-10
smd,./data/SMD,machine-3-1,machine-3-2,shift_gate_gbuf5k,100,256,128,0.15,50,64,0.001,1,1,1,1,0.001,adam,0.1,0.99,adaptive,gated,5000,unc,8,0.95,"[0.5, 1.0, 2.0]",0,0,3,38,2.01569,8,0.0004022846114821732,0.00019910273840650916,35.934526205062866,0.4865953663735905,0.04738332525397533,0.07164179104477611,0.04184354154032747,0.24887285843101895,0.09249401767837086,23604,2992,246,2018,112,0.9625668525695801,0.05550049617886543,0.13341981172561646,0.09147480693313555,0.5195001378071997,0.049711043451631215,0.5354875090324976,0.051255461899482116,0.5521824342235021,0.0532466822722624,0.5955821039172444,0.0631695456595513,0.45511431495348614,0.45187608400980633,3-1→3-2
smd,./data/SMD,machine-3-9,machine-3-10,shift_fixed,100,256,128,0.15,50,64,0.001,1,1,1,1,0.001,adam,0.1,0.99,fixed,gated,5000,none,8,0.95,"[0.5, 1.0, 2.0]",0,0,4,38,2.01569,8,0.00023342766507994384,0.00012907039490528405,34.982786417007446,0.9687620543288206,0.6323769575537245,0.2614462441015177,0.15086841330585812,0.9789875835721108,0.7378078223080637,23594,17477,310,2334,75,0.9957086443901062,0.03213367611169815,0.8185324668884277,0.08997793287364692,0.973288303232148,0.639902931103517,0.9740722220942893,0.6402818974117971,0.974023087458555,0.6345825407775956,0.965228535945592,0.5518209873812306,0.1361557419101397,0.09629925216237704,3-9→3-10
smd,./data/SMD,machine-3-9,machine-3-10,shift_noMask_fixed,100,256,128,0.15,50,64,0.001,1,0,1,1,0.001,adam,0.1,0.99,fixed,gated,5000,none,8,0.95,"[0.5, 1.0, 2.0]",0,0,4,38,2.015652,0,0.0001793030824046582,inf,34.95752763748169,0.9662820837573042,0.612692858415399,0.2288380359920018,0.12947831552482716,0.9837631327602674,0.7253796095444686,23594,16401,299,2334,54,0.9967074990272522,0.02313624694943428,0.7689087390899658,0.027148392358715072,,,,,,,,,0.24146680037180582,0.10534003314872582,3-9→3-10
smd,./data/SMD,machine-3-5,machine-3-6,shift_gate_gbuf5k,100,256,128,0.15,50,64,0.001,1,1,1,1,0.001,adam,0.1,0.99,adaptive,gated,5000,unc,8,0.95,"[0.5, 1.0, 2.0]",0,0,3,38,2.01569,8,0.0012571325059980154,0.0004549948207568377,28.616926193237305,0.7550573707318129,0.17456436405342668,0.1984084880636605,0.14518633540372672,0.3132328308207705,0.20990216424547878,28627,25071,444,2283,1136,0.9546886682510376,0.49759089946746826,0.9085560441017151,0.10119820547248796,0.7940059424684076,0.18130381409333446,0.8103188620958443,0.1829979035686237,0.8243773318381339,0.182168918966659,0.837347240342348,0.1464104687509027,0.033126152430971466,0.029438224621117115,3-5→3-6
smd,./data/SMD,machine-3-1,machine-3-2,shift_fixed,100,256,128,0.15,50,64,0.001,1,1,1,1,0.001,adam,0.1,0.99,fixed,gated,5000,none,8,0.95,"[0.5, 1.0, 2.0]",0,0,2,38,2.01569,8,0.0004183404380455613,0.00020678646978922188,35.711838722229004,0.4903756058348518,0.04874314082590579,0.08838653836362712,0.04683790200733866,0.7826871055004508,0.09128814762242725,23604,158,20,2018,0,1.0,0.0,0.0073195588774979115,0.08259846222358241,0.5210369694452743,0.051016325428664924,0.5356009515361652,0.05250560494850928,0.5502803716013245,0.05435269313920744,0.5783816462041799,0.060039427122202435,0.9975998799006144,0.9882962505022684,3-1→3-2
smd,./data/SMD,machine-2-1,machine-2-2,shift_gate_gbuf5k,100,256,128,0.15,50,64,0.001,1,1,1,1,0.001,adam,0.1,0.99,adaptive,gated,5000,unc,8,0.95,"[0.5, 1.0, 2.0]",0,0,2,38,2.01569,8,0.0013885118532925844,0.00029952594195492566,29.500622272491455,0.43111135793192157,0.11634970072423059,0.1397338403041825,0.10531972058033315,0.20755382986233675,0.2136171497584541,23601,893,218,3922,203,0.7726763486862183,0.05175930634140968,0.0350627563893795,0.08839300378773819,0.4988843838452366,0.12827970438194136,0.5176182976273631,0.13330913799880437,0.5318852471786462,0.13854955168660016,0.557868543029593,0.14345719952955505,0.9179408351580302,0.8791947960853577,2-1→2-2
smd,./data/SMD,machine-3-2,machine-3-3,shift_noMask_fixed,100,256,128,0.15,50,64,0.001,1,0,1,1,0.001,adam,0.1,0.99,fixed,gated,5000,none,8,0.95,"[0.5, 1.0, 2.0]",0,0,3,38,2.015652,0,0.008185351267457008,inf,27.940219402313232,0.8491697890222202,0.14375473176790296,0.12962962962962965,0.2413793103448276,0.08860759493670886,0.2274881516587678,23604,23604,369,3206,3206,0.86417555809021,1.0,1.0,0.03069045280646599,,,,,,,,,0.0,0.0,3-2→3-3
smd,./data/SMD,machine-3-7,machine-3-8,shift_noMask_fixed,100,256,128,0.15,50,64,0.001,1,0,1,1,0.001,adam,0.1,0.99,fixed,gated,5000,none,8,0.95,"[0.5, 1.0, 2.0]",0,0,2,38,2.015652,0,0.00018791465845424682,inf,33.909022092819214,0.7373622638243733,0.1347531488821757,0.12081339712918661,0.06447336115885097,0.9576951130561634,0.1695740365111562,28605,0,0,1965,0,0.0,0.0,0.0,0.01237374505594964,,,,,,,,,1.0,1.0,3-7→3-8
smd,./data/SMD,machine-3-3,machine-3-4,shift_noMask_fixed,100,256,128,0.15,50,64,0.001,1,0,1,1,0.001,adam,0.1,0.99,fixed,gated,5000,none,8,0.95,"[0.5, 1.0, 2.0]",0,0,4,38,2.015652,0,0.0007851605769246817,inf,28.447315216064453,0.7075621730447587,0.24423227612033968,0.11157235452625446,0.06005958914850243,0.7840327533265097,0.27896995708154504,23588,5965,149,1769,15,0.997485339641571,0.008479367010295391,0.2726981043815613,0.018476166320045215,,,,,,,,,0.9260015288988749,0.4206598401069641,3-3→3-4
smd,./data/SMD,machine-3-6,machine-3-7,shift_gate_gbuf5k,100,256,128,0.15,50,64,0.001,1,1,1,1,0.001,adam,0.1,0.99,adaptive,gated,5000,unc,8,0.95,"[0.5, 1.0, 2.0]",0,0,1,38,2.01569,8,0.0003749963652808219,0.0003246828855480999,35.50354290008545,0.812581145584531,0.3150274453187751,0.17943107221006563,0.11764705882352941,0.3778801843317972,0.393984962406015,28606,26379,443,929,423,0.9839645028114319,0.4553283154964447,0.9378184080123901,0.09915007416755096,0.8389218275326347,0.33857592652226415,0.8371619514680739,0.3543099868120551,0.8324857652408626,0.3854328500300912,0.8192099604763443,0.47523851090877,0.06209950024882952,0.018329712562263012,3-6→3-7
smd,./data/SMD,machine-2-2,machine-2-3,shift_fixed,100,256,128,0.15,50,64,0.001,1,1,1,1,0.001,adam,0.1,0.99,fixed,gated,5000,none,8,0.95,"[0.5, 1.0, 2.0]",0,0,3,38,2.01569,8,0.0007739875582046807,0.00042551258229650557,28.502930164337158,0.9222559436696625,0.3175555493523964,0.1266774020397209,0.0682672837720567,0.8773234200743495,0.34096692111959287,23590,20300,351,1259,558,0.9725123047828674,0.4432089030742645,0.8840625286102295,0.09758128812627401,0.926857386848847,0.31967653923508527,0.9270170698954601,0.319316830574953,0.9261404004457157,0.3158144521524742,0.8972625309921619,0.1365697867623476,0.1302740437289079,0.11731194208065669,2-2→2-3
smd,./data/SMD,machine-2-5,machine-2-6,shift_fixed,100,256,128,0.15,50,64,0.001,1,1,1,1,0.001,adam,0.1,0.99,fixed,gated,5000,none,8,0.95,"[0.5, 1.0, 2.0]",0,0,2,38,2.01569,8,0.0028385058976709843,0.0006879806169308722,29.643147230148315,0.788537864104838,0.320956001487535,0.18788215675375208,0.12290909090909091,0.39858490566037735,0.39871382636655944,28644,28277,444,1121,754,0.9733352065086365,0.6726137399673462,1.0,0.09638672017498466,0.8676145490693294,0.3449630670658667,0.883296233544117,0.35370835384089255,0.8931584368651756,0.3605397373052859,0.8813664004498614,0.23938392440770923,0.0,0.0,2-5→2-6
smd,./data/SMD,machine-1-5,machine-1-6,shift_noMask_fixed,100,256,128,0.15,50,64,0.001,1,0,1,1,0.001,adam,0.1,0.99,fixed,gated,5000,none,8,0.95,"[0.5, 1.0, 2.0]",0,0,1,38,2.015652,0,0.0007073904853314161,inf,28.352410554885864,0.8481878510043008,0.5251268931541565,0.42620054268946805,0.2781942499382157,0.9107335490830637,0.5380875202593194,23590,11220,254,6678,413,0.9631907343864441,0.06184486299753189,0.6390137076377869,0.023115070354337155,,,,,,,,,0.23986057316263518,0.1412332852681478,1-5→1-6
smd,./data/SMD,machine-3-5,machine-3-6,shift_fixed,100,256,128,0.15,50,64,0.001,1,1,1,1,0.001,adam,0.1,0.99,fixed,gated,5000,none,8,0.95,"[0.5, 1.0, 2.0]",0,0,4,38,2.01569,8,0.001273874193429947,0.00045404155389405787,29.357736349105835,0.7063556742013131,0.1536303681164953,0.15981735159817353,0.09923045767517213,0.4103852596314908,0.1739439119630813,28627,23970,426,2283,963,0.959824800491333,0.42181339859962463,0.8733298182487488,0.0961804300839183,0.7645790760670514,0.1625697581526879,0.7863624535822606,0.16623833946075547,0.8052695070100854,0.16766547310548258,0.8277200539722196,0.13056744836003642,0.1286786049604416,0.10678520053625107,3-5→3-6
smd,./data/SMD,machine-2-7,machine-2-8,shift_noMask_fixed,100,256,128,0.15,50,64,0.001,1,0,1,1,0.001,adam,0.1,0.99,fixed,gated,5000,none,8,0.95,"[0.5, 1.0, 2.0]",0,0,3,38,2.015652,0,0.0032640905119478703,inf,27.04017925262451,0.9988924248508415,0.97155052728281,0.8501362397820164,0.7572815533980582,0.968944099378882,0.9545454545454545,23604,23399,367,260,55,0.9976494908332825,0.21153846383094788,1.0,0.029959692386949774,,,,,,,,,0.0,0.0,2-7→2-8
smd,./data/SMD,machine-3-7,machine-3-8,shift_fixed,100,256,128,0.15,50,64,0.001,1,1,1,1,0.001,adam,0.1,0.99,fixed,gated,5000,none,8,0.95,"[0.5, 1.0, 2.0]",0,0,1,38,2.01569,8,0.00014956938684917986,0.000253025209531188,36.234015703201294,0.7385368258346963,0.14961403135482151,0.09931519390632439,0.05228254164096237,0.9890590809628009,0.18658197697499007,28605,0,0,1965,0,0.0,0.0,0.0,0.06782697268537533,0.7575111325875965,0.15477309408102152,0.7666510076188953,0.15890360303369616,0.7756659144826524,0.16595698400890613,0.7484872860834109,0.23210686407359893,1.0,1.0,3-7→3-8
smd,./data/SMD,machine-2-1,machine-2-2,shift_noMask_fixed,100,256,128,0.15,50,64,0.001,1,0,1,1,0.001,adam,0.1,0.99,fixed,gated,5000,none,8,0.95,"[0.5, 1.0, 2.0]",0,0,2,38,2.015652,0,0.0013319794088602066,inf,27.791357278823853,0.5088170992555663,0.12980252614262872,0.1722573007103394,0.11953991510338217,0.3081539004588775,0.2136171497584541,23601,0,0,3922,0,0.0,0.0,0.0,0.012608383839466093,,,,,,,,,1.0,1.0,2-1→2-2
smd,./data/SMD,machine-3-10,machine-3-11,shift_noMask_fixed,100,256,128,0.15,50,64,0.001,1,0,1,1,0.001,adam,0.1,0.99,fixed,gated,5000,none,8,0.95,"[0.5, 1.0, 2.0]",0,0,4,38,2.015652,0,0.0012273115571588278,inf,28.146966457366943,0.872669427094299,0.20776494496700607,0.017094786090242477,0.008624211338568381,0.9595959595959596,0.25966850828729277,28597,0,0,440,0,0.0,0.0,0.0,0.012659512145763453,,,,,,,,,1.0,1.0,3-10→3-11
smd,./data/SMD,machine-3-9,machine-3-10,shift_gate_gbuf5k,100,256,128,0.15,50,64,0.001,1,1,1,1,0.001,adam,0.1,0.99,adaptive,gated,5000,unc,8,0.95,"[0.5, 1.0, 2.0]",0,0,3,38,2.01569,8,0.00024273170856758952,0.00012882422015536577,37.508116006851196,0.9677710530104939,0.6730070751653616,0.4121720881427072,0.26412049488972567,0.9379178605539638,0.6995073891625616,23594,20384,347,2334,258,0.9873430132865906,0.11053984612226486,0.9466603994369507,0.10673259288221636,0.9743580464946086,0.6878072692877881,0.9753526749190923,0.6881221018468613,0.9752115551841849,0.680130095138023,0.9658416855887734,0.5731358643780466,0.02823227783665061,0.014524665661156178,3-9→3-10
smd,./data/SMD,machine-3-5,machine-3-6,shift_noMask_fixed,100,256,128,0.15,50,64,0.001,1,0,1,1,0.001,adam,0.1,0.99,fixed,gated,5000,none,8,0.95,"[0.5, 1.0, 2.0]",0,0,3,38,2.015652,0,0.0012345731956884265,inf,28.06670832633972,0.7160455560041478,0.17529237353139518,0.18318068276436303,0.12188365650969529,0.3685092127303183,0.19479733817301878,28627,25623,440,2283,1073,0.9581235647201538,0.4699956178665161,0.9319009780883789,0.029349004776331983,,,,,,,,,0.06949855387210846,0.0682911289234956,3-5→3-6
smd,./data/SMD,machine-3-4,machine-3-5,shift_noMask_fixed,100,256,128,0.15,50,64,0.001,1,0,1,1,0.001,adam,0.1,0.99,fixed,gated,5000,none,8,0.95,"[0.5, 1.0, 2.0]",0,0,0,38,2.015652,0,0.0015602303901687264,inf,29.015597105026245,0.8071391166686342,0.19416308147424668,0.05292582929556467,0.02733081838478713,0.8333333333333334,0.28210526315789475,23592,8570,198,1515,404,0.9528588056564331,0.2666666805744171,0.36988720297813416,0.02276183953322407,,,,,,,,,0.15739809970060983,0.8779375553131104,3-4→3-5
smd,./data/SMD,machine-1-2,machine-1-3,shift_noMask_fixed,100,256,128,0.15,50,64,0.001,1,0,1,1,0.001,adam,0.1,0.99,fixed,gated,5000,none,8,0.95,"[0.5, 1.0, 2.0]",0,0,1,38,2.015652,0,0.004997563548386097,inf,26.80473041534424,0.7711207837559182,0.2154907407604687,0.18558736426456068,0.47959183673469385,0.11505507955936352,0.278372591006424,23604,23484,368,2005,1885,0.9197325706481934,0.9401496052742004,1.0,0.029027956943353583,,,,,,,,,0.0,0.0,1-2→1-3
smd,./data/SMD,machine-3-10,machine-3-11,shift_gate_gbuf5k,100,256,128,0.15,50,64,0.001,1,1,1,1,0.001,adam,0.1,0.99,adaptive,gated,5000,unc,8,0.95,"[0.5, 1.0, 2.0]",0,0,2,38,2.01569,8,0.0012886007316410542,0.00010034134174929932,29.873334407806396,0.8626841437038645,0.1996932459560107,0.017653167185877464,0.00890985324947589,0.9444444444444444,0.2264705882352941,28597,0,0,440,0,0.0,0.0,0.0,0.07035698336929976,0.9174143710953311,0.24417551511870633,0.9266905847016733,0.2752610284798774,0.925268723447543,0.2505981510671578,0.8737552732745378,0.11391269705162695,1.0,1.0,3-10→3-11
smd,./data/SMD,machine-3-2,machine-3-3,shift_gate_gbuf5k,100,256,128,0.15,50,64,0.001,1,1,1,1,0.001,adam,0.1,0.99,adaptive,gated,5000,unc,8,0.95,"[0.5, 1.0, 2.0]",0,0,1,38,2.01569,8,0.008476784452795982,0.0009988476522266865,29.658439874649048,0.855428193869338,0.14535431163061438,0.21329639889196678,0.15058670143415906,0.36550632911392406,0.21518987341772153,23604,23139,368,3206,2988,0.8708673715591431,0.9320024847984314,0.9878909587860107,0.0974362309838408,0.8823627283745443,0.1692694753100331,0.8811826892109058,0.16915415685128216,0.876516918878377,0.1579496647033028,0.8533562327410871,0.10763522106575064,0.0,0.00016469038867702088,3-2→3-3
smd,./data/SMD,machine-1-7,machine-1-8,shift_noMask_fixed,100,256,128,0.15,50,64,0.001,1,0,1,1,0.001,adam,0.1,0.99,fixed,gated,5000,none,8,0.95,"[0.5, 1.0, 2.0]",0,0,1,38,2.015652,0,0.0023554451763629913,inf,27.287354469299316,0.820058184584285,0.35996363630216616,0.35738831615120276,0.37572254335260113,0.34076015727391873,0.3791554357592093,23600,23287,367,2691,2378,0.8978829383850098,0.883686363697052,1.0,0.02998530864715576,,,,,,,,,0.0,0.0,1-7→1-8
smd,./data/SMD,machine-2-7,machine-2-8,shift_fixed,100,256,128,0.15,50,64,0.001,1,1,1,1,0.001,adam,0.1,0.99,fixed,gated,5000,none,8,0.95,"[0.5, 1.0, 2.0]",0,0,4,38,2.01569,8,0.0033671001438051462,0.0008528704638592899,29.70697331428528,0.9951483564988384,0.9667704029475257,0.8297872340425532,0.7255813953488373,0.968944099378882,0.9480519480519481,23604,23398,367,260,54,0.9976921081542969,0.20769231021404266,1.0,0.10214382623175688,0.9942695254312236,0.96617623111416,0.9939996232450422,0.9658726808245316,0.9937318317308935,0.9647550247547204,0.9914285608752113,0.9343023341983525,0.0,0.0,2-7→2-8
smd,./data/SMD,machine-2-3,machine-2-4,shift_gate_gbuf5k,100,256,128,0.15,50,64,0.001,1,1,1,1,0.001,adam,0.1,0.99,adaptive,gated,5000,unc,8,0.95,"[0.5, 1.0, 2.0]",0,0,2,38,2.01569,8,0.0006620982312597334,0.0002216320572188124,29.84293794631958,0.7674506495385208,0.35624490860177216,0.2791430371770637,0.19037387193811775,0.5230224321133412,0.3591528865680301,23590,17530,356,3674,1060,0.9395322203636169,0.2885138690471649,0.8269732594490051,0.09461022272308078,0.8120205219979962,0.3878637724589461,0.8309071934079685,0.4097078694217753,0.845702549119648,0.43448000496439365,0.8385037733970342,0.4071118486751974,0.13823996484279633,0.03564102451006571,2-3→2-4
smd,./data/SMD,machine-3-7,machine-3-8,shift_noMask_fixed,100,256,128,0.15,50,64,0.001,1,0,1,1,0.001,adam,0.1,0.99,fixed,gated,5000,none,8,0.95,"[0.5, 1.0, 2.0]",0,0,4,38,2.015652,0,0.00014607346383854747,inf,33.861435890197754,0.7231257530146001,0.1420748014592216,0.0955009082017605,0.050152254466742485,0.9970824215900802,0.1823840647370059,28605,0,0,1965,0,0.0,0.0,0.0,0.012236995060238424,,,,,,,,,1.0,1.0,3-7→3-8
smd,./data/SMD,machine-1-2,machine-1-3,shift_noMask_fixed,100,256,128,0.15,50,64,0.001,1,0,1,1,0.001,adam,0.1,0.99,fixed,gated,5000,none,8,0.95,"[0.5, 1.0, 2.0]",0,0,4,38,2.015652,0,0.005066412501037121,inf,28.98579239845276,0.7781607865113135,0.22158247047403654,0.18467583497053042,0.46766169154228854,0.11505507955936352,0.28047921071176884,23604,23485,368,2005,1886,0.9196934103965759,0.9406483769416809,1.0,0.029816635179026735,,,,,,,,,0.0,0.0,1-2→1-3
smd,./data/SMD,machine-2-2,machine-2-3,shift_fixed,100,256,128,0.15,50,64,0.001,1,1,1,1,0.001,adam,0.1,0.99,fixed,gated,5000,none,8,0.95,"[0.5, 1.0, 2.0]",0,0,4,38,2.01569,8,0.0007763131288811564,0.0004015885933768004,29.77741575241089,0.9264369093235216,0.3401365444289806,0.13414973559699414,0.07250300842358604,0.895910780669145,0.3554502369668247,23590,20317,352,1259,564,0.9722399711608887,0.4479745924472809,0.8845551013946533,0.10110918573021332,0.9301332702643501,0.3455431437101895,0.9307085101857467,0.3474830658843129,0.9305383509153998,0.3441192351381144,0.9003096835228049,0.15520946268389865,0.12795860568682352,0.11659853408734004,2-2→2-3
smd,./data/SMD,machine-2-2,machine-2-3,shift_noMask_fixed,100,256,128,0.15,50,64,0.001,1,0,1,1,0.001,adam,0.1,0.99,fixed,gated,5000,none,8,0.95,"[0.5, 1.0, 2.0]",0,0,4,38,2.015652,0,0.0007533530588261783,inf,28.45542621612549,0.9183078358978918,0.31340472872746594,0.1339659503209601,0.07242003621001811,0.8921933085501859,0.34673366834170855,23590,20265,352,1259,527,0.9739945530891418,0.4185861647129059,0.8838834166526794,0.029743834540418467,,,,,,,,,0.12879825135072073,0.11782775570948918,2-2→2-3
smd,./data/SMD,machine-3-9,machine-3-10,shift_fixed,100,256,128,0.15,50,64,0.001,1,1,1,1,0.001,adam,0.1,0.99,fixed,gated,5000,none,8,0.95,"[0.5, 1.0, 2.0]",0,0,0,38,2.01569,8,0.00023589178454130888,0.0001245651947101578,36.089865922927856,0.9637574913449233,0.5536483745107303,0.26480926962635076,0.15330117576123004,0.9713467048710601,0.6936114732724902,23594,17541,314,2334,75,0.9957243204116821,0.03213367611169815,0.8215427994728088,0.08931794166160739,0.9701947190852673,0.5683753809381294,0.9714170538602489,0.5721082326123923,0.9715697508119024,0.5692363482166835,0.9641528880917128,0.5191932155011588,0.1367849533756574,0.08287678038080533,3-9→3-10
smd,./data/SMD,machine-1-1,machine-1-2,shift_gate_gbuf5k,100,256,128,0.15,50,64,0.001,1,1,1,1,0.001,adam,0.1,0.99,adaptive,gated,5000,unc,8,0.95,"[0.5, 1.0, 2.0]",0,0,3,38,2.01569,8,0.0001613499625818804,0.0001706123584881425,36.7691490650177,0.8739438480684046,0.16799245182827077,0.07753873265291136,0.04037623308098188,0.974169741697417,0.28398268398268395,23595,3253,209,1532,14,0.9956963062286377,0.009138381108641624,0.14680686593055725,0.09006112024525915,0.8777974120014179,0.17190916006599746,0.8802908804830964,0.1750794303938754,0.8831684621701088,0.1798796463034273,0.8457516920107003,0.14610238703675799,0.7827281753222147,0.3740933785835902,1-1→1-2
smd,./data/SMD,machine-3-7,machine-3-8,shift_fixed,100,256,128,0.15,50,64,0.001,1,1,1,1,0.001,adam,0.1,0.99,fixed,gated,5000,none,8,0.95,"[0.5, 1.0, 2.0]",0,0,4,38,2.01569,8,0.00015999452443793416,0.0002631241222843528,36.80399131774902,0.7388175438868964,0.1478402159663968,0.10699686470611582,0.05657684882061614,0.9832239241429613,0.18679294922388845,28605,0,0,1965,0,0.0,0.0,0.0,0.0726281335941042,0.7575189647800316,0.15320194913276147,0.7658042368718645,0.157528096391641,0.774137649594542,0.16478006663895936,0.7530090362686015,0.23854279120419708,1.0,1.0,3-7→3-8
smd,./data/SMD,machine-1-5,machine-1-6,shift_gate_gbuf5k,100,256,128,0.15,50,64,0.001,1,1,1,1,0.001,adam,0.1,0.99,adaptive,gated,5000,unc,8,0.95,"[0.5, 1.0, 2.0]",0,0,0,38,2.01569,8,0.0008198069990612566,0.0002962397993542254,31.192604303359985,0.8569410087371568,0.557977773481582,0.46944353339892864,0.3947416804559662,0.5790183387270766,0.5697492163009404,23590,16712,329,6678,994,0.940521776676178,0.14884695410728455,0.9293992519378662,0.10797980479539174,0.8878832747096798,0.5868919940012962,0.8951684251063322,0.5867587600534587,0.8964460682092432,0.5687489989171859,0.871933879256491,0.42296116127253275,0.09237955081819867,0.00039777248942603666,1-5→1-6
smd,./data/SMD,machine-1-5,machine-1-6,shift_gate_gbuf5k,100,256,128,0.15,50,64,0.001,1,1,1,1,0.001,adam,0.1,0.99,adaptive,gated,5000,unc,8,0.95,"[0.5, 1.0, 2.0]",0,0,4,38,2.01569,8,0.0008110709022730589,0.0002872488694265485,28.672450304031372,0.8519727573449362,0.5608492141821562,0.46773000950670746,0.3844417433582219,0.5970873786407767,0.5556876734046771,23590,16565,321,6678,956,0.9422879815101624,0.14315663278102875,0.9229541420936584,0.09363874028728593,0.8849590295786391,0.5922701493804359,0.8924766216686866,0.5929326304131308,0.8938479082096709,0.5761727283605932,0.8694171072551286,0.4259122785126956,0.09343987563624978,0.0011933174294730027,1-5→1-6
smd,./data/SMD,machine-1-5,machine-1-6,shift_gate_gbuf5k,100,256,128,0.15,50,64,0.001,1,1,1,1,0.001,adam,0.1,0.99,adaptive,gated,5000,unc,8,0.95,"[0.5, 1.0, 2.0]",0,0,3,38,2.01569,8,0.0008147303597070277,0.0002932272618636489,28.746357917785645,0.8550364485959612,0.5706217919886895,0.4619712214648924,0.3857271906052394,0.575782092772384,0.5642633228840125,23590,16638,325,6678,962,0.9421805739402771,0.14405511319637299,0.9269158244132996,0.10366905741188273,0.8869841802787082,0.5988502478692667,0.8943081080748394,0.5976921955554612,0.8953556309993956,0.5782261592800712,0.8696292289433322,0.4174113837849677,0.09064917763074239,0.0015910899577041466,1-5→1-6
smd,./data/SMD,machine-3-3,machine-3-4,shift_fixed,100,256,128,0.15,50,64,0.001,1,1,1,1,0.001,adam,0.1,0.99,fixed,gated,5000,none,8,0.95,"[0.5, 1.0, 2.0]",0,0,1,38,2.01569,8,0.0008444491541013122,0.0002952646464109421,28.05273675918579,0.7181768522787657,0.23895186900091872,0.12028130304744969,0.06529752501316483,0.7615148413510747,0.26373626373626374,23588,8093,184,1769,20,0.9975287318229675,0.011305822059512138,0.36999863386154175,0.08224327119099845,0.7565998818262574,0.288507749863976,0.7710553654349465,0.3215740312219767,0.7824612724094058,0.3539560673380945,0.7819112822572176,0.328733185680192,0.8795373837153116,0.2846932113170624,3-3→3-4
smd,./data/SMD,machine-2-3,machine-2-4,shift_noMask_fixed,100,256,128,0.15,50,64,0.001,1,0,1,1,0.001,adam,0.1,0.99,fixed,gated,5000,none,8,0.95,"[0.5, 1.0, 2.0]",0,0,1,38,2.015652,0,0.0005875963834114373,inf,26.470196962356567,0.7526572798959085,0.3327314689091463,0.18759415733280932,0.10550357327046342,0.8453364817001181,0.33584905660377357,23590,5482,136,3674,209,0.9618752002716064,0.056886225938797,0.2647620141506195,0.01816830426871448,,,,,,,,,0.30105083497862023,0.8881412545839945,2-3→2-4
smd,./data/SMD,machine-1-3,machine-1-4,shift_gate_gbuf5k,100,256,128,0.15,50,64,0.001,1,1,1,1,0.001,adam,0.1,0.99,adaptive,gated,5000,unc,8,0.95,"[0.5, 1.0, 2.0]",0,0,4,38,2.01569,8,0.0006630768184550107,0.00020554961520247161,29.002643823623657,0.8060227580323179,0.25305792668934274,0.2670931627349061,0.1875350926445817,0.4638888888888889,0.3261261261261261,23608,22052,360,1908,587,0.9733811020851135,0.30765199661254883,0.989170491695404,0.10698172287470767,0.9034347312248953,0.3128130217968878,0.9232663510293259,0.3445620274165978,0.9314088156107558,0.3559102593437829,0.9228808674468177,0.2891945009178489,0.0048116787026325865,0.0,1-3→1-4
smd,./data/SMD,machine-2-4,machine-2-5,shift_fixed,100,256,128,0.15,50,64,0.001,1,1,1,1,0.001,adam,0.1,0.99,fixed,gated,5000,none,8,0.95,"[0.5, 1.0, 2.0]",0,0,4,38,2.01569,8,0.0005665752105414867,0.00034136930480599403,28.346369743347168,0.8380863561242013,0.2584853533017678,0.2316546762589928,0.1406113537117904,0.6571428571428571,0.2992557775166471,23590,19924,348,3016,815,0.9590945839881897,0.270225465297699,0.9287936091423035,0.09862200190021407,0.8869371668699184,0.294264429018392,0.9016762885523225,0.31390807969917695,0.9116764817688934,0.32317202730584516,0.902723769502517,0.2270900427577669,0.08509654955317576,0.07940369099378586,2-4→2-5
smd,./data/SMD,machine-2-5,machine-2-6,shift_noMask_fixed,100,256,128,0.15,50,64,0.001,1,0,1,1,0.001,adam,0.1,0.99,fixed,gated,5000,none,8,0.95,"[0.5, 1.0, 2.0]",0,0,2,38,2.015652,0,0.002681978279724717,inf,28.150047302246094,0.8004838490992447,0.308415779393282,0.17650186071238702,0.11393273850377487,0.3915094339622642,0.36769759450171824,28644,28276,444,1121,753,0.9733696579933167,0.6717216968536377,1.0,0.030934652491765156,,,,,,,,,0.0,0.0,2-5→2-6
smd,./data/SMD,machine-1-1,machine-1-2,shift_noMask_fixed,100,256,128,0.15,50,64,0.001,1,0,1,1,0.001,adam,0.1,0.99,fixed,gated,5000,none,8,0.95,"[0.5, 1.0, 2.0]",0,0,0,38,2.015652,0,0.0001332108658971265,inf,32.56630206108093,0.8881493027309333,0.20157990550141414,0.044726852615943224,0.022874989448805606,1.0,0.2883720930232558,23595,0,0,1532,0,0.0,0.0,0.0,0.01110612247222105,,,,,,,,,1.0,1.0,1-1→1-2
smd,./data/SMD,machine-3-4,machine-3-5,shift_noMask_fixed,100,256,128,0.15,50,64,0.001,1,0,1,1,0.001,adam,0.1,0.99,fixed,gated,5000,none,8,0.95,"[0.5, 1.0, 2.0]",0,0,2,38,2.015652,0,0.00157496880274266,inf,28.238183736801147,0.8290439102845456,0.2700297697263304,0.05709301403536595,0.029544521953221173,0.8450704225352113,0.3541666666666667,23592,8724,197,1515,401,0.9540348649024963,0.2646864652633667,0.3769986927509308,0.02222129473163945,,,,,,,,,0.1525952418645223,0.8812613089879354,3-4→3-5
smd,./data/SMD,machine-2-2,machine-2-3,shift_gate_gbuf5k,100,256,128,0.15,50,64,0.001,1,1,1,1,0.001,adam,0.1,0.99,adaptive,gated,5000,unc,8,0.95,"[0.5, 1.0, 2.0]",0,0,1,38,2.01569,8,0.0007867874810472131,0.0004185909347143024,29.257713317871094,0.929579617713072,0.38125102472707983,0.18731117824773416,0.10595703125,0.8066914498141264,0.4107142857142857,23590,20656,361,1259,374,0.9818938970565796,0.29706114530563354,0.9082441329956055,0.0983250449400122,0.9328966123701979,0.38104623377703445,0.931938037898533,0.37626737338123906,0.9295375540874733,0.3615484991775878,0.8899586982815819,0.12093218093049887,0.06414575005571048,0.05765105411410332,2-2→2-3
smd,./data/SMD,machine-3-7,machine-3-8,shift_noMask_fixed,100,256,128,0.15,50,64,0.001,1,0,1,1,0.001,adam,0.1,0.99,fixed,gated,5000,none,8,0.95,"[0.5, 1.0, 2.0]",0,0,3,38,2.015652,0,0.00015145323413889855,inf,34.81019067764282,0.7389453940877702,0.1433531086796884,0.09863550587893744,0.051899942715295015,0.9912472647702407,0.1846252814409778,28605,0,0,1965,0,0.0,0.0,0.0,0.012780052655811306,,,,,,,,,1.0,1.0,3-7→3-8
smd,./data/SMD,machine-1-7,machine-1-8,shift_fixed,100,256,128,0.15,50,64,0.001,1,1,1,1,0.001,adam,0.1,0.99,fixed,gated,5000,none,8,0.95,"[0.5, 1.0, 2.0]",0,0,0,38,2.01569,8,0.0024933419190347195,0.0006812465726397932,33.12896203994751,0.8124402005740745,0.363567868474393,0.3742372881355932,0.38764044943820225,0.3617300131061599,0.3976897689768977,23600,23279,367,2691,2370,0.898191511631012,0.8807134628295898,1.0,0.11117767479460118,0.8765642135549785,0.3938884512789374,0.8966474493273435,0.41123554415449576,0.9115186779921197,0.4181218063291763,0.9111770812714483,0.31273762849541864,0.0,0.0,1-7→1-8
smd,./data/SMD,machine-3-1,machine-3-2,shift_noMask_fixed,100,256,128,0.15,50,64,0.001,1,0,1,1,0.001,adam,0.1,0.99,fixed,gated,5000,none,8,0.95,"[0.5, 1.0, 2.0]",0,0,3,38,2.015652,0,0.000353865121724084,inf,33.12584924697876,0.4766132841032112,0.04794190095515762,0.0878507282118096,0.04631537631243254,0.8512173128944995,0.09026264951292697,23604,47,4,2018,0,1.0,0.0,0.002177337184548378,0.013199181420139247,,,,,,,,,1.0,0.9964689215024313,3-1→3-2
smd,./data/SMD,machine-1-5,machine-1-6,shift_fixed,100,256,128,0.15,50,64,0.001,1,1,1,1,0.001,adam,0.1,0.99,fixed,gated,5000,none,8,0.95,"[0.5, 1.0, 2.0]",0,0,0,38,2.01569,8,0.0008198069990612566,0.0002962397993542254,31.610231637954712,0.8547503961017551,0.5702384319427699,0.4505177150102135,0.3048908380207837,0.8624595469255664,0.5641291661263131,23590,13377,281,6678,554,0.9585856199264526,0.08295896649360657,0.7582190036773682,0.10247208294902832,0.8862187011857597,0.5982678009874804,0.8937059313683491,0.5980115447462462,0.8951238979079749,0.5802628137339922,0.8710648632921881,0.42416219082105555,0.17343383627788475,0.10780616352955501,1-5→1-6
smd,./data/SMD,machine-3-9,machine-3-10,shift_fixed,100,256,128,0.15,50,64,0.001,1,1,1,1,0.001,adam,0.1,0.99,fixed,gated,5000,none,8,0.95,"[0.5, 1.0, 2.0]",0,0,1,38,2.01569,8,0.00024453605874441564,0.00012805966252926737,36.900357484817505,0.9667754967216443,0.5991675431622782,0.27485852869846406,0.16,0.9742120343839542,0.6903283052351374,23594,17523,312,2334,80,0.995434582233429,0.03427592292428017,0.8204609751701355,0.09055144505712191,0.9722816969222148,0.6088265289027196,0.9731359647735449,0.6075974237922475,0.9729015524942218,0.5972130818104853,0.9634617556661513,0.5127532838707627,0.13209255039691925,0.09238900989294052,3-9→3-10
smd,./data/SMD,machine-3-10,machine-3-11,shift_fixed,100,256,128,0.15,50,64,0.001,1,1,1,1,0.001,adam,0.1,0.99,fixed,gated,5000,none,8,0.95,"[0.5, 1.0, 2.0]",0,0,4,38,2.01569,8,0.0012489227810874581,0.00010603833652567118,30.12992215156555,0.8795864462577916,0.1924590738139215,0.017562508665711515,0.008862353654554784,0.9595959595959596,0.23076923076923078,28597,0,0,440,0,0.0,0.0,0.0,0.0725678556860921,0.9220777321959862,0.2372594883592916,0.931632983636633,0.26481118509113133,0.933674771435316,0.25653689721742806,0.8953848258711757,0.12497069691065117,1.0,1.0,3-10→3-11
smd,./data/SMD,machine-2-5,machine-2-6,shift_noMask_fixed,100,256,128,0.15,50,64,0.001,1,0,1,1,0.001,adam,0.1,0.99,fixed,gated,5000,none,8,0.95,"[0.5, 1.0, 2.0]",0,0,3,38,2.015652,0,0.002656936878338456,inf,28.47366452217102,0.7980635209243478,0.307907258158504,0.19707207207207209,0.1294378698224852,0.41273584905660377,0.3593004769475358,28644,28229,444,1121,750,0.9734315872192383,0.6690455079078674,0.9984013438224792,0.028321062481415003,,,,,,,,,0.0,0.0054454500786960125,2-5→2-6
smd,./data/SMD,machine-3-1,machine-3-2,shift_gate_gbuf5k,100,256,128,0.15,50,64,0.001,1,1,1,1,0.001,adam,0.1,0.99,adaptive,gated,5000,unc,8,0.95,"[0.5, 1.0, 2.0]",0,0,4,38,2.01569,8,0.0003969859972130507,0.0002033631899394095,35.146289110183716,0.47247771119202786,0.04774733381369706,0.06645898234683281,0.03977272727272727,0.20198376916140667,0.09112333071484681,23604,3274,264,2018,158,0.9517409801483154,0.07829534262418747,0.14435282349586487,0.09113826947259895,0.5075227445734574,0.050822818359871194,0.5242549451552887,0.052491151272386495,0.5421886385406948,0.054856656658015916,0.592588798242198,0.06362139961746552,0.4324151376883189,0.43487536410490674,3-1→3-2
smd,./data/SMD,machine-1-3,machine-1-4,shift_noMask_fixed,100,256,128,0.15,50,64,0.001,1,0,1,1,0.001,adam,0.1,0.99,fixed,gated,5000,none,8,0.95,"[0.5, 1.0, 2.0]",0,0,0,38,2.015652,0,0.0006563803763128817,inf,30.4094135761261,0.8072201437527491,0.22519800177125213,0.2607003891050584,0.20059880239520958,0.37222222222222223,0.32334384858044163,23608,22536,363,1908,885,0.9607294797897339,0.4638364911079407,0.9977419376373291,0.03228630707733351,,,,,,,,,0.00405718960488836,0.0,1-3→1-4
smd,./data/SMD,machine-2-3,machine-2-4,shift_fixed,100,256,128,0.15,50,64,0.001,1,1,1,1,0.001,adam,0.1,0.99,fixed,gated,5000,none,8,0.95,"[0.5, 1.0, 2.0]",0,0,0,38,2.01569,8,0.0006586731760762632,0.00023393162700813264,31.80610466003418,0.7472115724487132,0.3264873576869405,0.19377359834722518,0.11018390990845013,0.8028335301062574,0.32674490426189,23590,7461,170,3674,424,0.9431711435317993,0.11540555208921432,0.3533340096473694,0.0977562463298699,0.7814720556056397,0.3508709476364856,0.7982838350349561,0.3692018433037376,0.8135220573099017,0.39256286782962796,0.8139071131600425,0.3794578410720986,0.2724446104548406,0.6315202116966248,2-3→2-4
smd,./data/SMD,machine-2-7,machine-2-8,shift_fixed,100,256,128,0.15,50,64,0.001,1,1,1,1,0.001,adam,0.1,0.99,fixed,gated,5000,none,8,0.95,"[0.5, 1.0, 2.0]",0,0,2,38,2.01569,8,0.003300015116110444,0.0008499365067109466,29.82864546775818,0.9916425302525261,0.9571335848327392,0.8275862068965517,0.7222222222222222,0.968944099378882,0.9189189189189189,23604,23397,367,260,53,0.9977347254753113,0.20384615659713745,1.0,0.0975831567867391,0.9915158899305642,0.9580035036538639,0.9917142931016378,0.958139850236648,0.9920353790846121,0.9583285337697252,0.9920432941047348,0.9207012284398453,0.0,0.0,2-7→2-8
smd,./data/SMD,machine-2-6,machine-2-7,shift_gate_gbuf5k,100,256,128,0.15,50,64,0.001,1,1,1,1,0.001,adam,0.1,0.99,adaptive,gated,5000,unc,8,0.95,"[0.5, 1.0, 2.0]",0,0,1,38,2.01569,8,0.00041870775748975575,0.00015932723181322217,34.299166440963745,0.7769851132282027,0.06691800638491281,0.08207094918504315,0.04460191746561067,0.513189448441247,0.14897824653922215,23597,17973,352,2397,572,0.9681744575500488,0.23863162100315094,0.8208019137382507,0.10168097223998905,0.7816356133702085,0.06686676829402233,0.7811778155979447,0.06665020909481124,0.7798523241632649,0.06571959525417828,0.7554823189002389,0.04868073240450488,0.14270587638020515,0.0914252499739329,2-6→2-7
smd,./data/SMD,machine-3-8,machine-3-9,shift_noMask_fixed,100,256,128,0.15,50,64,0.001,1,0,1,1,0.001,adam,0.1,0.99,fixed,gated,5000,none,8,0.95,"[0.5, 1.0, 2.0]",0,0,2,38,2.015652,0,0.0006208593840710819,inf,34.366859912872314,0.8316398376902103,0.24767548439379655,0.023882832653740537,0.012093885634823649,0.9471947194719472,0.3361921097770154,28614,0,0,699,0,0.0,0.0,0.0,0.012450692471513343,,,,,,,,,1.0,1.0,3-8→3-9
smd,./data/SMD,machine-1-6,machine-1-7,shift_noMask_fixed,100,256,128,0.15,50,64,0.001,1,0,1,1,0.001,adam,0.1,0.99,fixed,gated,5000,none,8,0.95,"[0.5, 1.0, 2.0]",0,0,2,38,2.015652,0,0.0005728784599341452,inf,27.259220361709595,0.6117073084010843,0.22541043505467825,0.22349570200573068,0.29770992366412213,0.17889908256880735,0.23563081326019558,23598,21891,361,3677,2174,0.9006897807121277,0.5912428498268127,0.9897595643997192,0.030475376480584914,,,,,,,,,0.0025493944995105267,0.009309309224287668,1-6→1-7
smd,./data/SMD,machine-1-1,machine-1-2,shift_fixed,100,256,128,0.15,50,64,0.001,1,1,1,1,0.001,adam,0.1,0.99,fixed,gated,5000,none,8,0.95,"[0.5, 1.0, 2.0]",0,0,4,38,2.01569,8,0.00015781492402311414,0.0001802831538952887,37.37972068786621,0.9007163790971013,0.2398979315490041,0.044726852615943224,0.022874989448805606,1.0,0.33692458374143,23595,0,0,1532,0,0.0,0.0,0.0,0.08252189936944049,0.9051106501044278,0.24347115829043772,0.9078619605520519,0.24627019451189405,0.9108458109028222,0.24949588475890325,0.8578073479421733,0.1550386095249545,1.0,1.0,1-1→1-2
smd,./data/SMD,machine-1-2,machine-1-3,shift_noMask_fixed,100,256,128,0.15,50,64,0.001,1,0,1,1,0.001,adam,0.1,0.99,fixed,gated,5000,none,8,0.95,"[0.5, 1.0, 2.0]",0,0,3,38,2.015652,0,0.005261195357888937,inf,28.76303768157959,0.7772363225271424,0.2194084092903342,0.18289085545722714,0.465,0.11383108935128519,0.2747505755947812,23604,23485,368,2005,1886,0.9196934103965759,0.9406483769416809,1.0,0.029474219070250978,,,,,,,,,0.0,0.0,1-2→1-3
smd,./data/SMD,machine-1-5,machine-1-6,shift_noMask_fixed,100,256,128,0.15,50,64,0.001,1,0,1,1,0.001,adam,0.1,0.99,fixed,gated,5000,none,8,0.95,"[0.5, 1.0, 2.0]",0,0,0,38,2.015652,0,0.0007187414448708296,inf,29.27394962310791,0.8565688644773483,0.5536508757111747,0.43102352193261284,0.28198303110963235,0.9142394822006472,0.5539520426287745,23590,11598,256,6678,436,0.9624072909355164,0.06528900563716888,0.660004734992981,0.026181988313876255,,,,,,,,,0.22444414099057516,0.13197452078262964,1-5→1-6
smd,./data/SMD,machine-2-1,machine-2-2,shift_gate_gbuf5k,100,256,128,0.15,50,64,0.001,1,1,1,1,0.001,adam,0.1,0.99,adaptive,gated,5000,unc,8,0.95,"[0.5, 1.0, 2.0]",0,0,3,38,2.01569,8,0.0013785883784294128,0.0003107080701738596,28.205131769180298,0.47810978616339267,0.12230710968207709,0.1254587921254588,0.11894969946219551,0.1327214966466643,0.21435023367238737,23601,849,199,3922,179,0.7891637086868286,0.04563998058438301,0.03404644504189491,0.09685295890192931,0.5118101361401528,0.13181607774209875,0.5193549447883254,0.13421661353074685,0.5241434874775719,0.13575191027166575,0.5340651061009306,0.13335972340941826,0.9050847490628561,0.8094059824943542,2-1→2-2
smd,./data/SMD,machine-2-4,machine-2-5,shift_gate_gbuf5k,100,256,128,0.15,50,64,0.001,1,1,1,1,0.001,adam,0.1,0.99,adaptive,gated,5000,unc,8,0.95,"[0.5, 1.0, 2.0]",0,0,1,38,2.01569,8,0.0005676366272382438,0.00032319597085006535,29.90272855758667,0.8537550517146398,0.3180944371017316,0.3023179888997714,0.22227556409025445,0.47244897959183674,0.34522236900044034,23590,21058,363,3016,935,0.9555988311767578,0.3100132644176483,0.9780791401863098,0.09671713953151598,0.9030497213637315,0.36183983472918757,0.9148226766156724,0.37854612168432966,0.9213057216369308,0.37635506487482695,0.9055219049176763,0.23188335454332792,0.016616471111774445,0.003378845489351079,2-4→2-5
smd,./data/SMD,machine-3-8,machine-3-9,shift_fixed,100,256,128,0.15,50,64,0.001,1,1,1,1,0.001,adam,0.1,0.99,fixed,gated,5000,none,8,0.95,"[0.5, 1.0, 2.0]",0,0,4,38,2.01569,8,0.0006340171094052494,0.0001817675365600735,35.52361249923706,0.816100173903346,0.2279247060314403,0.022531067322209747,0.01139924788467565,0.9603960396039604,0.3170731707317073,28614,0,0,699,0,0.0,0.0,0.0,0.07506438235512668,0.8370962439432961,0.2500679277497281,0.8441086030461546,0.27064520779728546,0.8482315760615132,0.2949097922067025,0.8140213493366232,0.18630465157904721,1.0,1.0,3-8→3-9
smd,./data/SMD,machine-3-10,machine-3-11,shift_noMask_fixed,100,256,128,0.15,50,64,0.001,1,0,1,1,0.001,adam,0.1,0.99,fixed,gated,5000,none,8,0.95,"[0.5, 1.0, 2.0]",0,0,2,38,2.015652,0,0.0010660788975656033,inf,27.02955913543701,0.8664823900454469,0.1744836716797956,0.016364750153146056,0.00825388418079096,0.9444444444444444,0.228476821192053,28597,0,0,440,0,0.0,0.0,0.0,0.01215356986255968,,,,,,,,,1.0,1.0,3-10→3-11
smd,./data/SMD,machine-1-6,machine-1-7,shift_fixed,100,256,128,0.15,50,64,0.001,1,1,1,1,0.001,adam,0.1,0.99,fixed,gated,5000,none,8,0.95,"[0.5, 1.0, 2.0]",0,0,2,38,2.01569,8,0.0006085451459512115,0.0003863985475618392,29.348663330078125,0.640358604391244,0.24364482056432535,0.2383419689119171,0.3146374829001368,0.19182652210175147,0.25760286225402507,23598,22008,361,3677,2286,0.8961286544799805,0.6217024922370911,0.9900105595588684,0.09642923188437869,0.7012758413597321,0.29390058223491605,0.7113131977948821,0.31320584884065533,0.7176715626951908,0.3249512867543004,0.7202215968586746,0.29569163098195994,0.005736137429873149,0.007057057072718938,1-6→1-7
smd,./data/SMD,machine-2-7,machine-2-8,shift_noMask_fixed,100,256,128,0.15,50,64,0.001,1,0,1,1,0.001,adam,0.1,0.99,fixed,gated,5000,none,8,0.95,"[0.5, 1.0, 2.0]",0,0,4,38,2.015652,0,0.0038140679243952036,inf,26.93485116958618,0.9958720531720499,0.961677823857063,0.8715083798882681,0.7918781725888325,0.968944099378882,0.9230769230769231,23604,23402,367,260,58,0.9975215792655945,0.2230769246816635,1.0,0.02981036260075093,,,,,,,,,0.0,0.0,2-7→2-8
smd,./data/SMD,machine-3-9,machine-3-10,shift_fixed,100,256,128,0.15,50,64,0.001,1,1,1,1,0.001,adam,0.1,0.99,fixed,gated,5000,none,8,0.95,"[0.5, 1.0, 2.0]",0,0,3,38,2.01569,8,0.00024273170856758952,0.00012882422015536577,36.90820670127869,0.9650739200017274,0.5630689684740517,0.25249169435215946,0.14491525423728813,0.9799426934097422,0.6815434681543469,23594,17643,311,2334,76,0.9956923723220825,0.032562125474214554,0.8262935280799866,0.09420180387433084,0.9720058681516545,0.5790763022140161,0.9731011276841746,0.5811885213761327,0.9731141599609489,0.5759385017592377,0.9650053423899644,0.5265624655685082,0.1377578725417455,0.0741737602899472,3-9→3-10
smd,./data/SMD,machine-1-7,machine-1-8,shift_fixed,100,256,128,0.15,50,64,0.001,1,1,1,1,0.001,adam,0.1,0.99,fixed,gated,5000,none,8,0.95,"[0.5, 1.0, 2.0]",0,0,1,38,2.01569,8,0.002437320537865162,0.0007249242626130581,29.508055925369263,0.8248446529199033,0.3749278532221643,0.3730846102598268,0.3794037940379404,0.3669724770642202,0.3980016652789342,23600,23261,367,2691,2352,0.8988865613937378,0.874024510383606,1.0,0.09916793491880772,0.8758153636010808,0.4002581955934131,0.8939422752970142,0.41404733765081747,0.9079744263026504,0.4191557075519629,0.9073859748089275,0.30399671462846667,0.0,0.0,1-7→1-8
smd,./data/SMD,machine-2-7,machine-2-8,shift_gate_gbuf5k,100,256,128,0.15,50,64,0.001,1,1,1,1,0.001,adam,0.1,0.99,adaptive,gated,5000,unc,8,0.95,"[0.5, 1.0, 2.0]",0,0,2,38,2.01569,8,0.003300015116110444,0.0008499365067109466,30.14267897605896,0.9933279018706358,0.9592341986392926,0.33945945945945943,0.2054973821989529,0.9751552795031055,0.9216867469879517,23604,23139,366,260,23,0.9990060329437256,0.08846154063940048,0.9902330636978149,0.09630634873181233,0.9928878267518182,0.9600338113574685,0.9929350530385499,0.960299417351442,0.9930994216230962,0.9598885500223258,0.9930659147045772,0.9223121744261035,0.010871099618573984,0.0,2-7→2-8
smd,./data/SMD,machine-2-5,machine-2-6,shift_fixed,100,256,128,0.15,50,64,0.001,1,1,1,1,0.001,adam,0.1,0.99,fixed,gated,5000,none,8,0.95,"[0.5, 1.0, 2.0]",0,0,1,38,2.01569,8,0.002835979452356696,0.00063708407105878,28.507405042648315,0.7985000069957698,0.3101049427985851,0.21224984839296543,0.14285714285714285,0.41273584905660377,0.36834094368340947,28644,28279,444,1121,756,0.9732663631439209,0.674397885799408,1.0,0.09232318329754496,0.864172172226527,0.3353662462939176,0.8777506700948159,0.3460456593558888,0.8859736979040007,0.35439131887285047,0.872475859596897,0.2532382016099703,0.0,0.0,2-5→2-6
smd,./data/SMD,machine-1-2,machine-1-3,shift_gate_gbuf5k,100,256,128,0.15,50,64,0.001,1,1,1,1,0.001,adam,0.1,0.99,adaptive,gated,5000,unc,8,0.95,"[0.5, 1.0, 2.0]",0,0,4,38,2.01569,8,0.004180619027465582,0.0008277143933810294,29.017817735671997,0.7894674802926667,0.2171672759293053,0.3204747774480712,0.2688796680497925,0.39657282741738065,0.2835408022130014,23604,23057,366,2005,1489,0.9354209303855896,0.742643415927887,0.9985647201538086,0.10446233681512473,0.853399281693276,0.24436721584981977,0.8695596320049855,0.2559015402815051,0.8798912410413555,0.26294620550734427,0.8809053676832143,0.24977987907477478,0.0,0.0,1-2→1-3
smd,./data/SMD,machine-3-8,machine-3-9,shift_gate_gbuf5k,100,256,128,0.15,50,64,0.001,1,1,1,1,0.001,adam,0.1,0.99,adaptive,gated,5000,unc,8,0.95,"[0.5, 1.0, 2.0]",0,0,0,38,2.01569,8,0.0006635029567405581,0.00018357826047576964,35.963058948516846,0.8269154053736948,0.210294303290247,0.039416807092094656,0.020155851940656378,0.8877887788778878,0.2920353982300885,28614,702,195,699,2,0.9971510171890259,0.0028612304013222456,0.02507612481713295,0.07924840594767825,0.8504937716580528,0.23752316490775274,0.8558451621297295,0.2620128190810294,0.8579569783799923,0.29931261296632455,0.8126501615314646,0.2383826594434303,0.8951781988143921,0.5802469253540039,3-8→3-9
smd,./data/SMD,machine-3-1,machine-3-2,shift_gate_gbuf5k,100,256,128,0.15,50,64,0.001,1,1,1,1,0.001,adam,0.1,0.99,adaptive,gated,5000,unc,8,0.95,"[0.5, 1.0, 2.0]",0,0,2,38,2.01569,8,0.0004183404380455613,0.00020678646978922188,34.72132062911987,0.4967701113304976,0.050282287605426836,0.07655632747582074,0.04508985879332478,0.2533814247069432,0.09242854025747327,23604,3470,272,2018,168,0.9515849947929382,0.0832507461309433,0.15296952426433563,0.10101094405098783,0.5333988699091254,0.05327247202080147,0.550747371586079,0.05517270664021471,0.5684702634571943,0.05763684948652616,0.6043607777322721,0.06653442101079601,0.4143035312493642,0.419596071044604,3-1→3-2
smd,./data/SMD,machine-3-6,machine-3-7,shift_fixed,100,256,128,0.15,50,64,0.001,1,1,1,1,0.001,adam,0.1,0.99,fixed,gated,5000,none,8,0.95,"[0.5, 1.0, 2.0]",0,0,2,38,2.01569,8,0.00038121192483231425,0.0003124845679849386,35.54629611968994,0.8122439304121548,0.3212344322307421,0.1360248447204969,0.07860732232591529,0.5046082949308756,0.406015037593985,28606,25170,432,929,417,0.9834326505661011,0.4488697648048401,0.8943527340888977,0.09382467857317633,0.8334259741178492,0.35509306062762613,0.833303231870212,0.3781553627608376,0.8308491204368775,0.4157181230903869,0.8218505488436718,0.4875020219427574,0.1551904926697413,0.10481957718729973,3-6→3-7
smd,./data/SMD,machine-3-8,machine-3-9,shift_gate_gbuf5k,100,256,128,0.15,50,64,0.001,1,1,1,1,0.001,adam,0.1,0.99,adaptive,gated,5000,unc,8,0.95,"[0.5, 1.0, 2.0]",0,0,2,38,2.01569,8,0.0006503278855234385,0.00018674368038773537,36.11892509460449,0.8455214370433877,0.2567935593506864,0.04078888390856118,0.02086677367576244,0.900990099009901,0.3313253012048193,28614,778,195,699,0,1.0,0.0,0.02787031978368759,0.08777240757973195,0.8721509532157018,0.29086830066063335,0.8798858766552473,0.31797504525814985,0.8835598026539718,0.34153739990521265,0.8405351041967977,0.2125156057407413,0.9136967062950134,0.5713099837303162,3-8→3-9
smd,./data/SMD,machine-1-3,machine-1-4,shift_noMask_fixed,100,256,128,0.15,50,64,0.001,1,0,1,1,0.001,adam,0.1,0.99,fixed,gated,5000,none,8,0.95,"[0.5, 1.0, 2.0]",0,0,1,38,2.015652,0,0.0006719745579175651,inf,27.03296685218811,0.792618261287781,0.23886729089284145,0.26520438683948155,0.20684292379471228,0.36944444444444446,0.32789699570815456,23608,22548,363,1908,901,0.960040807723999,0.4722222089767456,0.9975575804710388,0.030584767162900827,,,,,,,,,0.0048116787026325865,0.0,1-3→1-4
smd,./data/SMD,machine-2-1,machine-2-2,shift_fixed,100,256,128,0.15,50,64,0.001,1,1,1,1,0.001,adam,0.1,0.99,fixed,gated,5000,none,8,0.95,"[0.5, 1.0, 2.0]",0,0,3,38,2.01569,8,0.0013785883784294128,0.0003107080701738596,30.103166580200195,0.5471645078876927,0.13664032525020098,0.15635715265395694,0.1278600269179004,0.20120014119308155,0.2266360505166475,23601,0,0,3922,0,0.0,0.0,0.0,0.06925751105147264,0.5029784300621026,0.12797553272517784,0.4929071655150564,0.12576254769533962,0.4862146611527589,0.12393580386485073,0.47073566673615125,0.11073882364315558,1.0,1.0,2-1→2-2
smd,./data/SMD,machine-2-6,machine-2-7,shift_noMask_fixed,100,256,128,0.15,50,64,0.001,1,0,1,1,0.001,adam,0.1,0.99,fixed,gated,5000,none,8,0.95,"[0.5, 1.0, 2.0]",0,0,3,38,2.015652,0,0.0004033440782222897,inf,34.098854541778564,0.7940474545918487,0.098608404093238,0.0647607934655776,0.03374885983581636,0.7985611510791367,0.15676359039190899,23597,15543,303,2397,1148,0.9261403679847717,0.4789319932460785,0.6790094375610352,0.02546567464625527,,,,,,,,,0.2650536894798279,0.3581581463416417,2-6→2-7
smd,./data/SMD,machine-2-7,machine-2-8,shift_fixed,100,256,128,0.15,50,64,0.001,1,1,1,1,0.001,adam,0.1,0.99,fixed,gated,5000,none,8,0.95,"[0.5, 1.0, 2.0]",0,0,3,38,2.01569,8,0.0034031190443784,0.0008348831324838102,29.33506751060486,0.9977096570105181,0.9642298877171657,0.8501362397820164,0.7572815533980582,0.968944099378882,0.9570552147239264,23604,23399,367,260,55,0.9976494908332825,0.21153846383094788,1.0,0.10204723256661759,0.9967648674418813,0.9641831271337806,0.9962551401459847,0.9640314556251132,0.9958380185855226,0.9634865887191586,0.9940204661313651,0.928301154596222,0.0,0.0,2-7→2-8
smd,./data/SMD,machine-3-6,machine-3-7,shift_fixed,100,256,128,0.15,50,64,0.001,1,1,1,1,0.001,adam,0.1,0.99,fixed,gated,5000,none,8,0.95,"[0.5, 1.0, 2.0]",0,0,0,38,2.01569,8,0.0003718996304087341,0.0003277758660260588,36.42013239860535,0.7924320602098811,0.30808180519901573,0.11441075336042514,0.06618444846292948,0.4216589861751152,0.41818181818181815,28606,24200,430,929,358,0.9852066040039062,0.38536059856414795,0.8614373207092285,0.09830645778783759,0.8372005834902386,0.3427005634719007,0.8377995428381041,0.36724090964933226,0.8342637347841586,0.3935435710136806,0.8160279532836159,0.4750006559812022,0.18012350300947824,0.1433558166027069,3-6→3-7
smd,./data/SMD,machine-3-8,machine-3-9,shift_fixed,100,256,128,0.15,50,64,0.001,1,1,1,1,0.001,adam,0.1,0.99,fixed,gated,5000,none,8,0.95,"[0.5, 1.0, 2.0]",0,0,2,38,2.01569,8,0.0006503278855234385,0.00018674368038773537,36.92279076576233,0.8255837727384142,0.2507457003751799,0.024097390144250812,0.012202845923236076,0.9537953795379538,0.311804008908686,28614,0,0,699,0,0.0,0.0,0.0,0.06884673510472997,0.8557269032077441,0.2797378884314119,0.8660546941705787,0.3035674487232443,0.8723391452133598,0.3293340790896512,0.8364349581737477,0.19991410428651085,1.0,1.0,3-8→3-9
smd,./data/SMD,machine-1-1,machine-1-2,shift_gate_gbuf5k,100,256,128,0.15,50,64,0.001,1,1,1,1,0.001,adam,0.1,0.99,adaptive,gated,5000,unc,8,0.95,"[0.5, 1.0, 2.0]",0,0,1,38,2.01569,8,0.00015968586376402527,0.00016941608919296414,33.842825174331665,0.8833696832994592,0.2273457801835987,0.07587768969422423,0.039452377447372296,0.988929889298893,0.29732408325074333,23595,3070,196,1532,9,0.9970684051513672,0.0058746738359332085,0.13873906433582306,0.09972595971477918,0.8881887500414396,0.22948935852490088,0.8910321839051147,0.2311789570682728,0.8939134712485689,0.2323422444374743,0.8450706481408283,0.14598084066222086,0.8042217691739401,0.39630772670110065,1-1→1-2
smd,./data/SMD,machine-3-7,machine-3-8,shift_gate_gbuf5k,100,256,128,0.15,50,64,0.001,1,1,1,1,0.001,adam,0.1,0.99,adaptive,gated,5000,unc,8,0.95,"[0.5, 1.0, 2.0]",0,0,4,38,2.01569,8,0.00015999452443793416,0.0002631241222843528,36.35636258125305,0.776809281150704,0.17358291751817645,0.1636715510091236,0.10097219853317414,0.43180160466812545,0.21359223300970873,28605,19090,427,1965,434,0.9772655963897705,0.2208651453256607,0.7003002762794495,0.09714713194136478,0.7947898868276213,0.17980291943704063,0.8038552826456787,0.18518031827361986,0.8127955768687257,0.19431158588791142,0.776755563251652,0.23430890897325835,0.06466270408903559,0.1869979277253151,3-7→3-8
smd,./data/SMD,machine-1-1,machine-1-2,shift_gate_gbuf5k,100,256,128,0.15,50,64,0.001,1,1,1,1,0.001,adam,0.1,0.99,adaptive,gated,5000,unc,8,0.95,"[0.5, 1.0, 2.0]",0,0,4,38,2.01569,8,0.00015781492402311414,0.0001802831538952887,37.07155203819275,0.8988654634732248,0.28590848254839013,0.08123940188068446,0.042390604890604894,0.9723247232472325,0.36707663197729423,23595,3745,224,1532,14,0.9962616562843323,0.009138381108641624,0.1691066473722458,0.09291635324551308,0.902077988687627,0.2909929448294724,0.9036613798238882,0.294778272638828,0.9051284213170396,0.29940960402655087,0.849494803474296,0.16017638443596124,0.7320388555526733,0.3550623108943303,1-1→1-2
smd,./data/SMD,machine-3-2,machine-3-3,shift_gate_gbuf5k,100,256,128,0.15,50,64,0.001,1,1,1,1,0.001,adam,0.1,0.99,adaptive,gated,5000,unc,8,0.95,"[0.5, 1.0, 2.0]",0,0,3,38,2.01569,8,0.006939989980310202,0.0010106670670211315,29.855708360671997,0.8585208072603614,0.1481022328227628,0.22448979591836732,0.15879265091863518,0.3829113924050633,0.22301024428684005,23604,23103,368,3206,2944,0.8725706338882446,0.9182782173156738,0.9882831573486328,0.10523267205216848,0.8859819563603603,0.17117870014659547,0.8842345985891654,0.17244867672176042,0.8782787476633769,0.16413928620411383,0.8494384629396651,0.10829794123081622,0.0,0.0,3-2→3-3
smd,./data/SMD,machine-3-5,machine-3-6,shift_fixed,100,256,128,0.15,50,64,0.001,1,1,1,1,0.001,adam,0.1,0.99,fixed,gated,5000,none,8,0.95,"[0.5, 1.0, 2.0]",0,0,0,38,2.01569,8,0.0015995223075151443,0.00045077019603922963,30.04457950592041,0.7144410883172705,0.15513379242859526,0.1707364719671811,0.1113375796178344,0.3659966499162479,0.17437834435001573,28627,25183,427,2283,1085,0.9569153785705566,0.47525185346603394,0.9147434234619141,0.09724469790687046,0.7799374189461521,0.16371399746930412,0.8018810333326762,0.16604343129799062,0.8184454647687563,0.16417576557103683,0.8297422022213348,0.1268940695916922,0.09490971143047015,0.07750130817294121,3-5→3-6
smd,./data/SMD,machine-2-7,machine-2-8,shift_gate_gbuf5k,100,256,128,0.15,50,64,0.001,1,1,1,1,0.001,adam,0.1,0.99,adaptive,gated,5000,unc,8,0.95,"[0.5, 1.0, 2.0]",0,0,4,38,2.01569,8,0.0033671001438051462,0.0008528704638592899,30.14961290359497,0.9990594317754287,0.9721620511407619,0.3186372745490982,0.18996415770609318,0.9875776397515528,0.9483870967741935,23604,22988,367,260,24,0.9989559650421143,0.0923076942563057,0.9837217330932617,0.09837653188054146,0.9984177874774884,0.9695674353063642,0.9978341866604472,0.9677149585182205,0.9971455799097794,0.9658156033439923,0.9931999423786535,0.934018512833989,0.015953691443428397,0.0,2-7→2-8
smd,./data/SMD,machine-3-9,machine-3-10,shift_gate_gbuf5k,100,256,128,0.15,50,64,0.001,1,1,1,1,0.001,adam,0.1,0.99,adaptive,gated,5000,unc,8,0.95,"[0.5, 1.0, 2.0]",0,0,1,38,2.01569,8,0.00024453605874441564,0.00012805966252926737,36.153334856033325,0.9691755022550899,0.6715245354097004,0.4325274725274725,0.28090208392806165,0.9398280802292264,0.7126213592233009,23594,20335,347,2334,242,0.9880993366241455,0.10368466377258301,0.94510817527771,0.09735486280456321,0.9745298701048934,0.6820180731206469,0.9750975965698033,0.6801709716355421,0.9746570718743137,0.6707233184149518,0.9645086397246908,0.5651132902655697,0.03273404389619827,0.029001796928544838,3-9→3-10
smd,./data/SMD,machine-2-3,machine-2-4,shift_fixed,100,256,128,0.15,50,64,0.001,1,1,1,1,0.001,adam,0.1,0.99,fixed,gated,5000,none,8,0.95,"[0.5, 1.0, 2.0]",0,0,3,38,2.01569,8,0.0006876767729409039,0.0002329065027879551,29.968616247177124,0.7495146610813395,0.3342017439431915,0.19951374051425624,0.11398265847293543,0.7992916174734357,0.3335471456061578,23590,8066,176,3674,467,0.9421026706695557,0.12710942327976227,0.381552517414093,0.08553285222783236,0.7892205967171352,0.3628306553668179,0.8073138737928256,0.3838674371098613,0.822691295354504,0.4098015583113725,0.8142742541304198,0.3807696847246666,0.2701565098347298,0.5522420207659403,2-3→2-4
smd,./data/SMD,machine-1-1,machine-1-2,shift_fixed,100,256,128,0.15,50,64,0.001,1,1,1,1,0.001,adam,0.1,0.99,fixed,gated,5000,none,8,0.95,"[0.5, 1.0, 2.0]",0,0,1,38,2.01569,8,0.00015968586376402527,0.00016941608919296414,33.79497528076172,0.900281980532314,0.2640121991105309,0.044726852615943224,0.022874989448805606,1.0,0.33829973707274325,23595,0,0,1532,0,0.0,0.0,0.0,0.07020007960244139,0.9049570048222941,0.26845304744736276,0.9074179591571313,0.2720300797172586,0.9098613813539657,0.2764129995411234,0.8573104712128669,0.1709634090423533,1.0,1.0,1-1→1-2
smd,./data/SMD,machine-1-1,machine-1-2,shift_noMask_fixed,100,256,128,0.15,50,64,0.001,1,0,1,1,0.001,adam,0.1,0.99,fixed,gated,5000,none,8,0.95,"[0.5, 1.0, 2.0]",0,0,2,38,2.015652,0,0.00013608096924144775,inf,31.856424570083618,0.893735002052854,0.22706989538868075,0.044726852615943224,0.022874989448805606,1.0,0.3065250379362671,23595,0,0,1532,0,0.0,0.0,0.0,0.012353649329371209,,,,,,,,,1.0,1.0,1-1→1-2
smd,./data/SMD,machine-3-9,machine-3-10,shift_noMask_fixed,100,256,128,0.15,50,64,0.001,1,0,1,1,0.001,adam,0.1,0.99,fixed,gated,5000,none,8,0.95,"[0.5, 1.0, 2.0]",0,0,0,38,2.015652,0,0.0001759803999448195,inf,33.59983420372009,0.9671661697952988,0.6847140626859254,0.22954494507957857,0.13003174603174603,0.9780324737344794,0.7264653641207816,23594,16588,293,2334,51,0.9969254732131958,0.02185089886188507,0.7778457403182983,0.025209495755912106,,,,,,,,,0.23321610192457834,0.10069245162109534,3-9→3-10
smd,./data/SMD,machine-2-6,machine-2-7,shift_noMask_fixed,100,256,128,0.15,50,64,0.001,1,0,1,1,0.001,adam,0.1,0.99,fixed,gated,5000,none,8,0.95,"[0.5, 1.0, 2.0]",0,0,0,38,2.015652,0,0.0004008596879430115,inf,36.00372672080994,0.8253265594921287,0.08591956411262631,0.06983948183610252,0.03634232121922626,0.8920863309352518,0.17510648367250356,23597,15410,302,2397,1131,0.9266061186790466,0.4718397855758667,0.6735377311706543,0.02759580122756166,,,,,,,,,0.26461099088191986,0.3724569280942281,2-6→2-7
smd,./data/SMD,machine-2-6,machine-2-7,shift_fixed,100,256,128,0.15,50,64,0.001,1,1,1,1,0.001,adam,0.1,0.99,fixed,gated,5000,none,8,0.95,"[0.5, 1.0, 2.0]",0,0,1,38,2.01569,8,0.00041870775748975575,0.00015932723181322217,35.74059844017029,0.8006191807583187,0.11008592151117794,0.07502679528403,0.039473684210526314,0.7553956834532374,0.15312499999999998,23597,17673,324,2397,1352,0.9234991073608398,0.5640383958816528,0.7698584794998169,0.08692735129707713,0.8095344936302343,0.10981302785004814,0.8104169184090847,0.10828848974684094,0.8091675549117817,0.10398105886825833,0.7896833355945082,0.06630246467630181,0.20187579095363617,0.28885285059611004,2-6→2-7
smd,./data/SMD,machine-2-3,machine-2-4,shift_noMask_fixed,100,256,128,0.15,50,64,0.001,1,0,1,1,0.001,adam,0.1,0.99,fixed,gated,5000,none,8,0.95,"[0.5, 1.0, 2.0]",0,0,3,38,2.015652,0,0.0006282434915192425,inf,27.924930334091187,0.7529375840221281,0.3443490048403937,0.1918544552408518,0.10860575797768589,0.8217237308146399,0.3385853167951727,23590,6540,165,3674,292,0.955351710319519,0.07947740703821182,0.3137176036834717,0.01986408799621401,,,,,,,,,0.2805242066582044,0.7537216941515604,2-3→2-4
smd,./data/SMD,machine-3-8,machine-3-9,shift_fixed,100,256,128,0.15,50,64,0.001,1,1,1,1,0.001,adam,0.1,0.99,fixed,gated,5000,none,8,0.95,"[0.5, 1.0, 2.0]",0,0,3,38,2.01569,8,0.0006292931502684951,0.0001813923881854862,37.209611892700195,0.8199674032873194,0.28502411768321895,0.022711578301235328,0.011489345184955169,0.976897689768977,0.34883720930232553,28614,0,0,699,0,0.0,0.0,0.0,0.07634545519074162,0.8402924875380886,0.30943484724785103,0.8472029673928323,0.3307522986073281,0.8528565105718596,0.36043858466131995,0.8257942689728318,0.2224202447430504,1.0,1.0,3-8→3-9
smd,./data/SMD,machine-1-3,machine-1-4,shift_fixed,100,256,128,0.15,50,64,0.001,1,1,1,1,0.001,adam,0.1,0.99,fixed,gated,5000,none,8,0.95,"[0.5, 1.0, 2.0]",0,0,1,38,2.01569,8,0.0006622082437388599,0.0001969602017197758,29.116272449493408,0.7947175456659078,0.22855492486680962,0.23877834335955578,0.17904233171408743,0.35833333333333334,0.3242258652094717,23608,22539,363,1908,875,0.9611784219741821,0.4585953950881958,0.9983410239219666,0.09918761269515428,0.9035282019305597,0.2984153644394286,0.9238171454396928,0.3338187803582709,0.9323989888004331,0.34910528309336514,0.9228593879149085,0.29444773149277115,0.0030009047283480563,0.0,1-3→1-4
smd,./data/SMD,machine-2-4,machine-2-5,shift_noMask_fixed,100,256,128,0.15,50,64,0.001,1,0,1,1,0.001,adam,0.1,0.99,fixed,gated,5000,none,8,0.95,"[0.5, 1.0, 2.0]",0,0,2,38,2.015652,0,0.0005492162890732288,inf,27.054729461669922,0.82850231994687,0.2718202694231508,0.22613854475658698,0.1363923384550621,0.6612244897959184,0.2983751846381093,23590,19862,345,3016,726,0.9634478092193604,0.24071617424488068,0.930105984210968,0.028579333112521817,,,,,,,,,0.08946195462097724,0.06100521981716156,2-4→2-5
smd,./data/SMD,machine-1-3,machine-1-4,shift_noMask_fixed,100,256,128,0.15,50,64,0.001,1,0,1,1,0.001,adam,0.1,0.99,fixed,gated,5000,none,8,0.95,"[0.5, 1.0, 2.0]",0,0,4,38,2.015652,0,0.0006558469613082707,inf,28.594333171844482,0.8085635661219142,0.2505836843125751,0.2653631284916201,0.19957983193277312,0.3958333333333333,0.3258728737690242,23608,22508,363,1908,873,0.9612137675285339,0.4575471580028534,0.9970046281814575,0.030836354914619654,,,,,,,,,0.0054166911480327444,0.0,1-3→1-4
smd,./data/SMD,machine-3-9,machine-3-10,shift_noMask_fixed,100,256,128,0.15,50,64,0.001,1,0,1,1,0.001,adam,0.1,0.99,fixed,gated,5000,none,8,0.95,"[0.5, 1.0, 2.0]",0,0,1,38,2.015652,0,0.00017268543888349086,inf,33.786601066589355,0.9674994839808856,0.6788460091204542,0.22590559824368822,0.12761999255860101,0.9828080229226361,0.7303543913713406,23594,16471,293,2334,50,0.9969643354415894,0.021422451362013817,0.7723894715309143,0.025240871940031388,,,,,,,,,0.23781727254390717,0.10584359616041183,3-9→3-10
smd,./data/SMD,machine-1-7,machine-1-8,shift_gate_gbuf5k,100,256,128,0.15,50,64,0.001,1,1,1,1,0.001,adam,0.1,0.99,adaptive,gated,5000,unc,8,0.95,"[0.5, 1.0, 2.0]",0,0,4,38,2.01569,8,0.002375692129135132,0.0006557992892339826,29.942001581192017,0.8279533659334013,0.3708018229904418,0.2717438338381653,0.20284237726098192,0.41153342070773263,0.40241796200345425,23600,23010,366,2691,2152,0.9064754247665405,0.7997027039527893,0.9975608587265015,0.10086206056303897,0.8815082803776513,0.39887924316790035,0.8995917639190665,0.41243879183428933,0.9131983190104233,0.4138275581416126,0.9134724878069742,0.31021209806519057,0.0,0.0,1-7→1-8
smd,./data/SMD,machine-3-2,machine-3-3,shift_noMask_fixed,100,256,128,0.15,50,64,0.001,1,0,1,1,0.001,adam,0.1,0.99,fixed,gated,5000,none,8,0.95,"[0.5, 1.0, 2.0]",0,0,2,38,2.015652,0,0.008208573795855045,inf,27.873993396759033,0.8499978602102811,0.1420202995299911,0.1342434584755404,0.2388663967611336,0.09335443037974683,0.2198908938313051,23604,23604,369,3206,3206,0.86417555809021,1.0,1.0,0.03158514872584741,,,,,,,,,0.0,0.0,3-2→3-3
smd,./data/SMD,machine-1-5,machine-1-6,shift_fixed,100,256,128,0.15,50,64,0.001,1,1,1,1,0.001,adam,0.1,0.99,fixed,gated,5000,none,8,0.95,"[0.5, 1.0, 2.0]",0,0,1,38,2.01569,8,0.0008458358352072537,0.0003280056989751756,27.649781942367554,0.8431156780710823,0.54346139555034,0.44686840253342713,0.30232336697771856,0.8562567421790723,0.5414475331830705,23590,14002,283,6678,591,0.9577917456626892,0.08849955350160599,0.7929872274398804,0.08417703985106698,0.876814810639687,0.5749022178811248,0.8863116292732681,0.5804698794925777,0.8900076026918128,0.5699115401149674,0.8691143317543253,0.41919431970055904,0.16801369880946973,0.09171699980894725,1-5→1-6
smd,./data/SMD,machine-3-6,machine-3-7,shift_noMask_fixed,100,256,128,0.15,50,64,0.001,1,0,1,1,0.001,adam,0.1,0.99,fixed,gated,5000,none,8,0.95,"[0.5, 1.0, 2.0]",0,0,1,38,2.015652,0,0.00032116807415150106,inf,33.63355731964111,0.8273065884550239,0.3192462650737213,0.12177301509985389,0.06808278867102396,0.576036866359447,0.3932411674347159,28606,23528,422,929,351,0.9850816130638123,0.37782561779022217,0.8374101519584656,0.027980486396342017,,,,,,,,,0.23115461071332297,0.15664744873841605,3-6→3-7
smd,./data/SMD,machine-1-1,machine-1-2,shift_gate_gbuf5k,100,256,128,0.15,50,64,0.001,1,1,1,1,0.001,adam,0.1,0.99,adaptive,gated,5000,unc,8,0.95,"[0.5, 1.0, 2.0]",0,0,2,38,2.01569,8,0.00015716528287157416,0.00017596472753211856,36.06459617614746,0.8710179733103481,0.179766034456006,0.07765392384229819,0.040467836257309944,0.9575645756457565,0.2750809061488673,23595,3555,210,1532,10,0.997187077999115,0.006527415011078119,0.1606762409210205,0.08658094662785354,0.8767821019822155,0.18580923345684872,0.8800975488158476,0.19109134305659783,0.8836963787528337,0.19930281832369243,0.8475523222751232,0.1779040669204122,0.7589331666628519,0.4004688858985901,1-1→1-2
smd,./data/SMD,machine-2-4,machine-2-5,shift_noMask_fixed,100,256,128,0.15,50,64,0.001,1,0,1,1,0.001,adam,0.1,0.99,fixed,gated,5000,none,8,0.95,"[0.5, 1.0, 2.0]",0,0,3,38,2.015652,0,0.0005657922592945397,inf,28.256362438201904,0.8400893828842472,0.28337672549698034,0.24560754577399668,0.14998870566975378,0.6775510204081633,0.2985889849795175,23590,20181,346,3016,769,0.9618948698043823,0.25497347116470337,0.9435209631919861,0.029460117441964077,,,,,,,,,0.0726400778318445,0.05427116900682449,2-4→2-5
smd,./data/SMD,machine-2-7,machine-2-8,shift_noMask_fixed,100,256,128,0.15,50,64,0.001,1,0,1,1,0.001,adam,0.1,0.99,fixed,gated,5000,none,8,0.95,"[0.5, 1.0, 2.0]",0,0,1,38,2.015652,0,0.0030111544765532017,inf,26.923914909362793,0.9951019217141189,0.9586217491679637,0.8642659279778394,0.78,0.968944099378882,0.9190938511326862,23604,23398,367,260,54,0.9976921081542969,0.20769231021404266,1.0,0.029670941670089226,,,,,,,,,0.0,0.0,2-7→2-8
smd,./data/SMD,machine-2-5,machine-2-6,shift_noMask_fixed,100,256,128,0.15,50,64,0.001,1,0,1,1,0.001,adam,0.1,0.99,fixed,gated,5000,none,8,0.95,"[0.5, 1.0, 2.0]",0,0,4,38,2.015652,0,0.003054993227124214,inf,28.434399604797363,0.7877621664766704,0.3224129714574195,0.22706270627062705,0.15765352887259396,0.4056603773584906,0.38578680203045684,28644,28263,445,1121,774,0.9726143479347229,0.6904549598693848,0.99876469373703,0.030353588359413524,,,,,,,,,0.0,0.004272035274577017,2-5→2-6
smd,./data/SMD,machine-2-8,machine-2-9,shift_noMask_fixed,100,256,128,0.15,50,64,0.001,1,0,1,1,0.001,adam,0.1,0.99,fixed,gated,5000,none,8,0.95,"[0.5, 1.0, 2.0]",0,0,4,38,2.015652,0,0.00010180067329201847,inf,28.2798810005188,0.7796690837815174,0.23966452635666313,0.14640230527719236,0.07917752139933011,0.9698005698005698,0.28743090603220384,28623,708,126,2745,0,1.0,0.0,0.027359146624803543,0.017594371548164768,,,,,,,,,0.961345911026001,0.9919077754020691,2-8→2-9
smd,./data/SMD,machine-1-7,machine-1-8,shift_noMask_fixed,100,256,128,0.15,50,64,0.001,1,0,1,1,0.001,adam,0.1,0.99,fixed,gated,5000,none,8,0.95,"[0.5, 1.0, 2.0]",0,0,4,38,2.015652,0,0.00234741298481822,inf,27.704235076904297,0.819978699633055,0.37492684292727296,0.3613445378151261,0.3879699248120301,0.3381389252948886,0.39928698752228164,23600,23272,367,2691,2363,0.8984616994857788,0.8781121969223022,1.0,0.029127355349265922,,,,,,,,,0.0,0.0,1-7→1-8
smd,./data/SMD,machine-3-8,machine-3-9,shift_fixed,100,256,128,0.15,50,64,0.001,1,1,1,1,0.001,adam,0.1,0.99,fixed,gated,5000,none,8,0.95,"[0.5, 1.0, 2.0]",0,0,0,38,2.01569,8,0.0006635029567405581,0.00018357826047576964,35.06305503845215,0.8155136421773117,0.2064232812118859,0.02354287582767923,0.011919049786864214,0.9504950495049505,0.2863157894736842,28614,0,0,699,0,0.0,0.0,0.0,0.07610599508223531,0.8398099260823654,0.23524493937409494,0.8450184300373014,0.2614413245293211,0.8469105727890635,0.301609332187734,0.8065414144371144,0.24423477416756914,1.0,1.0,3-8→3-9
smd,./data/SMD,machine-1-7,machine-1-8,shift_fixed,100,256,128,0.15,50,64,0.001,1,1,1,1,0.001,adam,0.1,0.99,fixed,gated,5000,none,8,0.95,"[0.5, 1.0, 2.0]",0,0,3,38,2.01569,8,0.0024281791411340237,0.0006619528867304325,29.028058767318726,0.8047828455132545,0.3590793535265819,0.3514246947082768,0.36427566807313644,0.3394495412844037,0.3944700460829493,23600,23294,367,2691,2385,0.8976131081581116,0.8862876296043396,1.0,0.1070086531719919,0.8746466891060704,0.39199081823603044,0.8968952755196407,0.4103533559728664,0.9132251187531457,0.4183494742563031,0.9139582831433389,0.3035423360700007,0.0,0.0,1-7→1-8
smd,./data/SMD,machine-2-4,machine-2-5,shift_noMask_fixed,100,256,128,0.15,50,64,0.001,1,0,1,1,0.001,adam,0.1,0.99,fixed,gated,5000,none,8,0.95,"[0.5, 1.0, 2.0]",0,0,4,38,2.015652,0,0.0005626926431432366,inf,28.46312141418457,0.8370881453995133,0.2765228728133765,0.23668639053254442,0.14357189471394388,0.673469387755102,0.291327264015333,23590,20006,347,3016,749,0.9625612497329712,0.24834217131137848,0.9359871745109558,0.029997767003323374,,,,,,,,,0.08055869055291016,0.06112581863999367,2-4→2-5
smd,./data/SMD,machine-3-3,machine-3-4,shift_gate_gbuf5k,100,256,128,0.15,50,64,0.001,1,1,1,1,0.001,adam,0.1,0.99,adaptive,gated,5000,unc,8,0.95,"[0.5, 1.0, 2.0]",0,0,3,38,2.01569,8,0.0008393939351662993,0.00029042037203907967,28.328295469284058,0.7118047320876866,0.24205559003344018,0.15095215977705528,0.09762691498948634,0.33265097236438074,0.273972602739726,23588,19884,356,1769,548,0.9724401235580444,0.3097795248031616,0.8862001299858093,0.09776637455922618,0.7566754418106993,0.2961695416774759,0.7723829270941924,0.3343581110766232,0.7855321446551171,0.3687336161943839,0.7953550553077453,0.3478273897646273,0.09975089101741712,0.005654509489734967,3-3→3-4
smd,./data/SMD,machine-1-1,machine-1-2,shift_fixed,100,256,128,0.15,50,64,0.001,1,1,1,1,0.001,adam,0.1,0.99,fixed,gated,5000,none,8,0.95,"[0.5, 1.0, 2.0]",0,0,0,38,2.01569,8,0.00015585284563712776,0.00017956466763280332,33.6364631652832,0.8852453032996123,0.2506240322328066,0.044726852615943224,0.022874989448805606,1.0,0.33648393194706994,23595,0,0,1532,0,0.0,0.0,0.0,0.06742441040349477,0.8909938522761178,0.25377870439140804,0.8945688942894958,0.25706524288653615,0.8986759171539538,0.26073829435334306,0.8579144932128313,0.18314313924737463,1.0,1.0,1-1→1-2
smd,./data/SMD,machine-2-2,machine-2-3,shift_noMask_fixed,100,256,128,0.15,50,64,0.001,1,0,1,1,0.001,adam,0.1,0.99,fixed,gated,5000,none,8,0.95,"[0.5, 1.0, 2.0]",0,0,0,38,2.015652,0,0.000723979901522398,inf,29.92944622039795,0.9176047384277413,0.31055236459635976,0.1292257360959651,0.06972639011473963,0.8810408921933085,0.34183673469387754,23590,20202,351,1259,493,0.9755964875221252,0.39158061146736145,0.8825847506523132,0.02956305484035956,,,,,,,,,0.1299432304998239,0.12016959736744563,2-2→2-3
smd,./data/SMD,machine-1-5,machine-1-6,shift_gate_gbuf5k,100,256,128,0.15,50,64,0.001,1,1,1,1,0.001,adam,0.1,0.99,adaptive,gated,5000,unc,8,0.95,"[0.5, 1.0, 2.0]",0,0,1,38,2.01569,8,0.0008458358352072537,0.0003280056989751756,27.889947175979614,0.8436453006839778,0.5366016016349147,0.4429530201342282,0.37409403456606577,0.5428802588996764,0.5440871369294606,23590,17061,328,6678,1212,0.9289608001708984,0.18149146437644958,0.9371452331542969,0.09769800104494568,0.8772288299018912,0.5685013494700413,0.8866107470381651,0.5741382237089673,0.8901843280242444,0.5630131576798821,0.86880600216376,0.41784883826331126,0.08391694324867179,0.0015910899577041466,1-5→1-6
smd,./data/SMD,machine-3-2,machine-3-3,shift_fixed,100,256,128,0.15,50,64,0.001,1,1,1,1,0.001,adam,0.1,0.99,fixed,gated,5000,none,8,0.95,"[0.5, 1.0, 2.0]",0,0,4,38,2.01569,8,0.008319107815623283,0.0010485926177352667,30.257416009902954,0.8477214188561562,0.1503544770606523,0.14678899082568808,0.26666666666666666,0.10126582278481013,0.21994884910485935,23604,23604,369,3206,3206,0.86417555809021,1.0,1.0,0.09806140805276607,0.8808512618449705,0.17642199350858456,0.8803404899240593,0.1797885864202218,0.8759347520504945,0.1722210705609212,0.8520583679768946,0.11410982306590138,0.0,0.0,3-2→3-3
smd,./data/SMD,machine-3-1,machine-3-2,shift_gate_gbuf5k,100,256,128,0.15,50,64,0.001,1,1,1,1,0.001,adam,0.1,0.99,adaptive,gated,5000,unc,8,0.95,"[0.5, 1.0, 2.0]",0,0,1,38,2.01569,8,0.0003920056624338031,0.00020624585158657283,34.7691490650177,0.4910666572586879,0.048158411771721206,0.07601231352119346,0.04375085184680387,0.2894499549143372,0.09329971181556196,23604,3329,265,2018,139,0.9582456946372986,0.06888008117675781,0.14778096973896027,0.0919958248600639,0.522682314774632,0.050588616036358024,0.539212633595759,0.05216183570990174,0.5570050676173195,0.05420614460932203,0.6030525671609553,0.0655400129101123,0.45380423466364544,0.43956102430820465,3-1→3-2
smd,./data/SMD,machine-1-6,machine-1-7,shift_gate_gbuf5k,100,256,128,0.15,50,64,0.001,1,1,1,1,0.001,adam,0.1,0.99,adaptive,gated,5000,unc,8,0.95,"[0.5, 1.0, 2.0]",0,0,0,38,2.01569,8,0.0006204384844750166,0.00039610188105143607,31.089897394180298,0.6421191133776167,0.24374187716826207,0.2171799027552674,0.30828220858895705,0.16763969974979148,0.2569343065693431,23598,21937,362,3677,2229,0.8983908295631409,0.6062006950378418,0.9893077611923218,0.1112743296535533,0.7051911520238413,0.2950530951367416,0.7153920816292871,0.3151947516778507,0.7216539413938741,0.32705706060169504,0.7240890954835402,0.29864864633807764,0.004142766197522481,0.008108107994000116,1-6→1-7
smd,./data/SMD,machine-3-9,machine-3-10,shift_gate_gbuf5k,100,256,128,0.15,50,64,0.001,1,1,1,1,0.001,adam,0.1,0.99,adaptive,gated,5000,unc,8,0.95,"[0.5, 1.0, 2.0]",0,0,0,38,2.01569,8,0.00023589178454130888,0.0001245651947101578,34.194225549697876,0.962503229600628,0.5901263513120987,0.3946206342834203,0.24980940279542566,0.938872970391595,0.6798528058877645,23594,20081,350,2334,226,0.9887455701828003,0.09682947397232056,0.9339134693145752,0.09939085884479039,0.9702624953596237,0.6113412349747885,0.9717274666662618,0.6165315158495455,0.9721399867281657,0.616846379266169,0.9656289515950873,0.557771506714427,0.03715317137539387,0.014963985537178814,3-9→3-10
smd,./data/SMD,machine-2-8,machine-2-9,shift_noMask_fixed,100,256,128,0.15,50,64,0.001,1,0,1,1,0.001,adam,0.1,0.99,fixed,gated,5000,none,8,0.95,"[0.5, 1.0, 2.0]",0,0,2,38,2.015652,0,9.972075349651277e-05,inf,28.046111822128296,0.7736546947693905,0.22322119471828153,0.14797136038186157,0.0800845467355566,0.9715099715099715,0.26552206029147535,28623,695,129,2745,0,1.0,0.0,0.026856789365410805,0.019128453459574927,,,,,,,,,0.9618116219838461,0.9927116632461548,2-8→2-9
smd,./data/SMD,machine-2-6,machine-2-7,shift_gate_gbuf5k,100,256,128,0.15,50,64,0.001,1,1,1,1,0.001,adam,0.1,0.99,adaptive,gated,5000,unc,8,0.95,"[0.5, 1.0, 2.0]",0,0,2,38,2.01569,8,0.0004267705080565065,0.000156191541464068,36.51869773864746,0.7788405127953137,0.06882065836489058,0.0866626913138541,0.047247507585609014,0.5227817745803357,0.14272809394760613,23597,18219,350,2397,521,0.9714034795761108,0.21735502779483795,0.8348113298416138,0.0974209413602402,0.7907625186418158,0.06959857078619881,0.7922821929749468,0.06889420821857595,0.7914341751393764,0.06582005011827217,0.7678441979437628,0.048789117701562836,0.14754556057353815,0.0820375334781905,2-6→2-7
smd,./data/SMD,machine-2-5,machine-2-6,shift_gate_gbuf5k,100,256,128,0.15,50,64,0.001,1,1,1,1,0.001,adam,0.1,0.99,adaptive,gated,5000,unc,8,0.95,"[0.5, 1.0, 2.0]",0,0,0,38,2.01569,8,0.002692374400794506,0.0006882042507641017,31.589481353759766,0.7924980112025596,0.32434140976044007,0.14500875656742557,0.08515014397367339,0.4882075471698113,0.38743455497382195,28644,27690,444,1121,583,0.9789454936981201,0.5200713872909546,0.9848853945732117,0.11607657063525077,0.871537926733635,0.3473600318233472,0.8889132537858775,0.3559387976037869,0.8990586192215774,0.36190465876357536,0.8844576146290211,0.2402432429880887,0.023473238572478294,0.007900737458840013,2-5→2-6
smd,./data/SMD,machine-3-10,machine-3-11,shift_noMask_fixed,100,256,128,0.15,50,64,0.001,1,0,1,1,0.001,adam,0.1,0.99,fixed,gated,5000,none,8,0.95,"[0.5, 1.0, 2.0]",0,0,3,38,2.015652,0,0.0011337930336594582,inf,29.283620834350586,0.8794368699274308,0.22106393445942057,0.01807372175980975,0.00912277332309022,0.9595959595959596,0.25993883792048933,28597,0,0,440,0,0.0,0.0,0.0,0.012313810625238703,,,,,,,,,1.0,1.0,3-10→3-11
smd,./data/SMD,machine-3-9,machine-3-10,shift_fixed,100,256,128,0.15,50,64,0.001,1,1,1,1,0.001,adam,0.1,0.99,fixed,gated,5000,none,8,0.95,"[0.5, 1.0, 2.0]",0,0,2,38,2.01569,8,0.00023958292149472982,0.00012862717267125845,36.05609965324402,0.9671638501343844,0.6137014019001387,0.2641264904095386,0.15279652121757384,0.9732569245463228,0.7247292418772564,23594,17565,315,2334,83,0.9952747225761414,0.03556126728653908,0.8222953677177429,0.09121274992582343,0.972438843405259,0.6225335876154126,0.973547641322389,0.6238289050208013,0.9737568747368767,0.6198170199930786,0.965215461493165,0.5386475435638686,0.13131153707702956,0.087990611170729,3-9→3-10
smd,./data/SMD,machine-1-5,machine-1-6,shift_noMask_fixed,100,256,128,0.15,50,64,0.001,1,0,1,1,0.001,adam,0.1,0.99,fixed,gated,5000,none,8,0.95,"[0.5, 1.0, 2.0]",0,0,4,38,2.015652,0,0.0007291369256563485,inf,26.96857237815857,0.8552718731662392,0.5465174651402853,0.43246399377189565,0.28472578165043566,0.8988673139158576,0.5574521709245046,23590,11869,262,6678,447,0.9623388648033142,0.06693620979785919,0.6753784418106079,0.025185825158701755,,,,,,,,,0.22573789954185486,0.1283258224527041,1-5→1-6
smd,./data/SMD,machine-3-7,machine-3-8,shift_gate_gbuf5k,100,256,128,0.15,50,64,0.001,1,1,1,1,0.001,adam,0.1,0.99,adaptive,gated,5000,unc,8,0.95,"[0.5, 1.0, 2.0]",0,0,3,38,2.01569,8,0.00016679010877851397,0.00025798380374908447,35.13827443122864,0.7702351362933577,0.17863614069924744,0.16325985303941215,0.09993457638207393,0.44566010211524437,0.22464022464022462,28605,18607,418,1965,396,0.9787176847457886,0.2015267163515091,0.6835960745811462,0.10785285544299596,0.7906765447825417,0.18565630245411324,0.8002303118229307,0.19163673453943764,0.8092929456923783,0.20170453055215518,0.7796399449072643,0.23709981468148703,0.06792496734609206,0.25178910543521243,3-7→3-8
smd,./data/SMD,machine-2-6,machine-2-7,shift_noMask_fixed,100,256,128,0.15,50,64,0.001,1,0,1,1,0.001,adam,0.1,0.99,fixed,gated,5000,none,8,0.95,"[0.5, 1.0, 2.0]",0,0,1,38,2.015652,0,0.00039783469401299953,inf,33.84608697891235,0.768167046327713,0.10766781177338997,0.06260525012382367,0.03265137425087828,0.7577937649880095,0.1491442542787286,23597,15394,303,2397,1126,0.9268546104431152,0.46975386142730713,0.6730188727378845,0.02535816046647734,,,,,,,,,0.2651788542668025,0.36355077226956684,2-6→2-7
smd,./data/SMD,machine-1-6,machine-1-7,shift_fixed,100,256,128,0.15,50,64,0.001,1,1,1,1,0.001,adam,0.1,0.99,fixed,gated,5000,none,8,0.95,"[0.5, 1.0, 2.0]",0,0,0,38,2.01569,8,0.0006204384844750166,0.00039610188105143607,31.16851806640625,0.6422357653554278,0.23754455023579107,0.2275689223057644,0.2851758793969849,0.18932443703085905,0.258985721319547,23598,21961,361,3677,2287,0.8958608508110046,0.6219744086265564,0.9876010417938232,0.10559326289558685,0.7027144022431951,0.28717636382507206,0.7130908090811234,0.30693319704629396,0.719732022722192,0.3196888123947705,0.7235614694640639,0.2972109441479932,0.0015933715427915256,0.014564565072456995,1-6→1-7
smd,./data/SMD,machine-3-2,machine-3-3,shift_noMask_fixed,100,256,128,0.15,50,64,0.001,1,0,1,1,0.001,adam,0.1,0.99,fixed,gated,5000,none,8,0.95,"[0.5, 1.0, 2.0]",0,0,4,38,2.015652,0,0.006663316860795021,inf,27.590075254440308,0.8491516831092132,0.1494270811687931,0.17435897435897438,0.2478134110787172,0.13449367088607594,0.22213911742707557,23604,23604,369,3206,3206,0.86417555809021,1.0,1.0,0.02904912815763069,,,,,,,,,0.0,0.0,3-2→3-3
smd,./data/SMD,machine-2-4,machine-2-5,shift_fixed,100,256,128,0.15,50,64,0.001,1,1,1,1,0.001,adam,0.1,0.99,fixed,gated,5000,none,8,0.95,"[0.5, 1.0, 2.0]",0,0,3,38,2.01569,8,0.0005792417796328664,0.0003672029124572873,29.95958399772644,0.8357729022297192,0.26795974904040776,0.23994038748137106,0.14676390154968094,0.6571428571428571,0.2997145575642246,23590,19990,348,3016,892,0.9553776979446411,0.2957559823989868,0.9282589554786682,0.09951299406199599,0.8844050637120409,0.3009745204841789,0.8993037463345019,0.3200989695477294,0.9097738377573936,0.3308901864773194,0.8999932149529855,0.2261458374664791,0.084408529723684,0.0713787352045377,2-4→2-5
smd,./data/SMD,machine-2-7,machine-2-8,shift_gate_gbuf5k,100,256,128,0.15,50,64,0.001,1,1,1,1,0.001,adam,0.1,0.99,adaptive,gated,5000,unc,8,0.95,"[0.5, 1.0, 2.0]",0,0,0,38,2.01569,8,0.003330853534862399,0.0008358260965906084,31.62096095085144,0.9948196193297455,0.9650743735256897,0.34210526315789475,0.20772303595206393,0.968944099378882,0.9490445859872612,23604,23108,366,260,26,0.998874843120575,0.10000000149011612,0.9887765645980835,0.1088571314124046,0.9943064621917957,0.9653142642357931,0.994237865350733,0.9646823710685053,0.9942634572491296,0.9628652200308297,0.9943803357129402,0.9148910159652968,0.014541860669851303,0.0,2-7→2-8
smd,./data/SMD,machine-1-4,machine-1-5,shift_fixed,100,256,128,0.15,50,64,0.001,1,1,1,1,0.001,adam,0.1,0.99,fixed,gated,5000,none,8,0.95,"[0.5, 1.0, 2.0]",0,0,2,38,2.01569,8,0.0009402090799994767,0.00027194421272724867,28.53613543510437,0.8934398034398034,0.3230033159528299,0.010564722539889998,0.0053112851119750315,0.97,0.3950617283950617,23607,0,0,793,0,0.0,0.0,0.0,0.07631769930487713,0.9023930356688977,0.3334495117339086,0.9048225027535373,0.34336406743481124,0.9071935101245445,0.3569580189930077,0.8189938998559688,0.03970850480325298,1.0,1.0,1-4→1-5
smd,./data/SMD,machine-2-5,machine-2-6,shift_fixed,100,256,128,0.15,50,64,0.001,1,1,1,1,0.001,adam,0.1,0.99,fixed,gated,5000,none,8,0.95,"[0.5, 1.0, 2.0]",0,0,4,38,2.01569,8,0.002820385852828622,0.0006824890151619911,30.26150608062744,0.7984332140499044,0.3151862923373208,0.21058688147295743,0.13926940639269406,0.43160377358490565,0.3685092127303183,28644,28279,444,1121,756,0.9732663631439209,0.674397885799408,1.0,0.09696466299162748,0.8794677568297036,0.34343346161822197,0.8973095934658177,0.3573258770629825,0.9086424908405386,0.37073171963712265,0.8979466249407858,0.25881562704359873,0.0,0.0,2-5→2-6
smd,./data/SMD,machine-1-4,machine-1-5,shift_fixed,100,256,128,0.15,50,64,0.001,1,1,1,1,0.001,adam,0.1,0.99,fixed,gated,5000,none,8,0.95,"[0.5, 1.0, 2.0]",0,0,0,38,2.01569,8,0.0009657125920057297,0.00028482702327892184,31.244220495224,0.8538066593239007,0.2945120485663157,0.010965034965034965,0.005513361462728551,0.98,0.352112676056338,23607,0,0,793,0,0.0,0.0,0.0,0.080275213409875,0.8696153520291451,0.3035715318900862,0.8779356943150045,0.31477400177292164,0.8879844107430314,0.3307584623331984,0.8133139879691605,0.04476196845659049,1.0,1.0,1-4→1-5
smd,./data/SMD,machine-2-3,machine-2-4,shift_fixed,100,256,128,0.15,50,64,0.001,1,1,1,1,0.001,adam,0.1,0.99,fixed,gated,5000,none,8,0.95,"[0.5, 1.0, 2.0]",0,0,2,38,2.01569,8,0.0006620982312597334,0.0002216320572188124,28.22497820854187,0.7512759151819683,0.3392193322812607,0.19875062827601062,0.11313659772745852,0.8170011806375442,0.34093300596282006,23590,7461,169,3674,413,0.9446454644203186,0.11241154372692108,0.35388633608818054,0.08330091474014806,0.7887526895803569,0.3651350154748968,0.8056325858109321,0.3832750359662233,0.8203314829789856,0.4057682132216922,0.8170097556249367,0.3837345771802353,0.27522988120714825,0.632493774096171,2-3→2-4
smd,./data/SMD,machine-2-1,machine-2-2,shift_noMask_fixed,100,256,128,0.15,50,64,0.001,1,0,1,1,0.001,adam,0.1,0.99,fixed,gated,5000,none,8,0.95,"[0.5, 1.0, 2.0]",0,0,3,38,2.015652,0,0.0013330678921192884,inf,28.74377942085266,0.5380716889991479,0.13612762177467347,0.1664167916041979,0.1287952040224328,0.23508648076244265,0.22281544758853888,23601,0,0,3922,0,0.0,0.0,0.0,0.012055660050772271,,,,,,,,,1.0,1.0,2-1→2-2
smd,./data/SMD,machine-1-4,machine-1-5,shift_fixed,100,256,128,0.15,50,64,0.001,1,1,1,1,0.001,adam,0.1,0.99,fixed,gated,5000,none,8,0.95,"[0.5, 1.0, 2.0]",0,0,3,38,2.01569,8,0.000978787080384791,0.00027919409330934286,30.542779684066772,0.867359569600949,0.2437699238595682,0.010926473935806966,0.005494505494505495,0.96,0.29508196721311475,23607,0,0,793,0,0.0,0.0,0.0,0.07928579701055094,0.8796767770905701,0.2496370844782126,0.8856417859866136,0.25510632000992856,0.8909412861137,0.2649473156593513,0.7971719054477676,0.033720149552585406,1.0,1.0,1-4→1-5
smd,./data/SMD,machine-2-5,machine-2-6,shift_noMask_fixed,100,256,128,0.15,50,64,0.001,1,0,1,1,0.001,adam,0.1,0.99,fixed,gated,5000,none,8,0.95,"[0.5, 1.0, 2.0]",0,0,0,38,2.015652,0,0.002449042396619916,inf,29.390589714050293,0.7927951232154956,0.3136814275074704,0.1893617021276596,0.12225274725274725,0.419811320754717,0.37123745819398,28644,28235,444,1121,748,0.9735080599784851,0.6672613620758057,0.998691976070404,0.03139246210940739,,,,,,,,,0.0,0.004155647940933704,2-5→2-6
smd,./data/SMD,machine-2-2,machine-2-3,shift_gate_gbuf5k,100,256,128,0.15,50,64,0.001,1,1,1,1,0.001,adam,0.1,0.99,adaptive,gated,5000,unc,8,0.95,"[0.5, 1.0, 2.0]",0,0,2,38,2.01569,8,0.0008101370185613632,0.0003923302283510566,28.167389392852783,0.9178435487096785,0.3819915735471644,0.16564885496183207,0.09230114844746916,0.8066914498141264,0.4181034482758621,23590,20548,357,1259,351,0.9829180240631104,0.27879267930984497,0.904437780380249,0.09861417926434189,0.9266600846351893,0.3808833568070488,0.9262313531154068,0.3748530493279817,0.9241978545963637,0.3585090464223643,0.8865053539852508,0.1351116977408769,0.0698798435429732,0.060526510079701744,2-2→2-3
smd,./data/SMD,machine-2-7,machine-2-8,shift_gate_gbuf5k,100,256,128,0.15,50,64,0.001,1,1,1,1,0.001,adam,0.1,0.99,adaptive,gated,5000,unc,8,0.95,"[0.5, 1.0, 2.0]",0,0,1,38,2.01569,8,0.0032813369762152433,0.000807326752692461,28.13287115097046,0.9992153576718443,0.9664239854267247,0.2984790874524715,0.17620650953984288,0.9751552795031055,0.9271523178807947,23604,22972,366,260,25,0.9989117383956909,0.09615384787321091,0.982993483543396,0.0980234796607763,0.9987736995490022,0.9646524133311596,0.9982885088154856,0.9634872678331144,0.9976977844803341,0.9621225699049001,0.9958554316297923,0.9264907445383581,0.016094874978686374,0.0,2-7→2-8
smd,./data/SMD,machine-2-2,machine-2-3,shift_noMask_fixed,100,256,128,0.15,50,64,0.001,1,0,1,1,0.001,adam,0.1,0.99,fixed,gated,5000,none,8,0.95,"[0.5, 1.0, 2.0]",0,0,2,38,2.015652,0,0.0006764787249267101,inf,28.14611577987671,0.9234529315966084,0.3141244241883573,0.12631027253668764,0.06794474203552298,0.895910780669145,0.3282828282828283,23590,20093,350,1259,454,0.9774050712585449,0.3606036603450775,0.8794500827789307,0.02778052475150231,,,,,,,,,0.13359781727194786,0.12359245866537094,2-2→2-3
smd,./data/SMD,machine-3-1,machine-3-2,shift_noMask_fixed,100,256,128,0.15,50,64,0.001,1,0,1,1,0.001,adam,0.1,0.99,fixed,gated,5000,none,8,0.95,"[0.5, 1.0, 2.0]",0,0,2,38,2.015652,0,0.0003464532201178372,inf,34.581905126571655,0.4912643485311301,0.047717752170674865,0.09112929025181664,0.047997304063161945,0.8990081154192967,0.09217817104076284,23604,41,4,2018,0,1.0,0.0,0.0018993791891261935,0.011607522258231688,,,,,,,,,1.0,0.9970338940620422,3-1→3-2
smd,./data/SMD,machine-3-3,machine-3-4,shift_gate_gbuf5k,100,256,128,0.15,50,64,0.001,1,1,1,1,0.001,adam,0.1,0.99,adaptive,gated,5000,unc,8,0.95,"[0.5, 1.0, 2.0]",0,0,0,38,2.01569,8,0.0008698359015397727,0.0002911796618718654,31.872008323669434,0.7137335285769077,0.23943977336327785,0.1596441947565543,0.10349013657056146,0.3490276356192426,0.2626262626262626,23588,19964,355,1769,568,0.9715487957000732,0.3210853636264801,0.888949990272522,0.10478214548870085,0.7605253728760162,0.29739230575654474,0.7762581199377854,0.3354336039623385,0.7886461714997565,0.36955216168437205,0.7927818468545818,0.34864582100643293,0.11309503763914108,0.006361323331172268,3-3→3-4
smd,./data/SMD,machine-2-8,machine-2-9,shift_gate_gbuf5k,100,256,128,0.15,50,64,0.001,1,1,1,1,0.001,adam,0.1,0.99,adaptive,gated,5000,unc,8,0.95,"[0.5, 1.0, 2.0]",0,0,1,38,2.01569,8,0.00011035853822249919,7.894731243140996e-05,29.248009204864502,0.8725403223122659,0.3286825391156371,0.29670204267944766,0.18550228310502284,0.7407407407407407,0.3745410036719706,28623,13932,368,2745,31,0.9977748990058899,0.011293260380625725,0.5371744632720947,0.09527606409025764,0.9004030567274532,0.3581052033033825,0.9075905689099593,0.375050312549658,0.9109415781681884,0.3918270497899485,0.8887888404705254,0.4030536993824957,0.22307602067788443,0.12501744677623114,2-8→2-9
smd,./data/SMD,machine-3-5,machine-3-6,shift_noMask_fixed,100,256,128,0.15,50,64,0.001,1,0,1,1,0.001,adam,0.1,0.99,fixed,gated,5000,none,8,0.95,"[0.5, 1.0, 2.0]",0,0,0,38,2.015652,0,0.0012427730252966285,inf,28.350784063339233,0.7220592982589349,0.1801235272351892,0.18502564102564104,0.12252105406139636,0.3777219430485762,0.19125939849624057,28627,25595,438,2283,1090,0.9574135541915894,0.4774419665336609,0.9301928281784058,0.028897860890792017,,,,,,,,,0.06438736617565155,0.07593444486459096,3-5→3-6
smd,./data/SMD,machine-3-5,machine-3-6,shift_gate_gbuf5k,100,256,128,0.15,50,64,0.001,1,1,1,1,0.001,adam,0.1,0.99,adaptive,gated,5000,unc,8,0.95,"[0.5, 1.0, 2.0]",0,0,0,38,2.01569,8,0.0015995223075151443,0.00045077019603922963,29.91573166847229,0.7098208212596713,0.15576492682925608,0.18277449046679817,0.12377560106856635,0.3492462311557789,0.18917975567190226,28627,24947,434,2283,1050,0.9579107761383057,0.4599211513996124,0.9071135520935059,0.10293565369611782,0.7725679982312648,0.16506015483934147,0.7951077515769074,0.1683931889328444,0.8130804879158736,0.16811514418758283,0.8297071889059322,0.13255263829872094,0.06589227169752121,0.060337783147891365,3-5→3-6
smd,./data/SMD,machine-3-10,machine-3-11,shift_fixed,100,256,128,0.15,50,64,0.001,1,1,1,1,0.001,adam,0.1,0.99,fixed,gated,5000,none,8,0.95,"[0.5, 1.0, 2.0]",0,0,3,38,2.01569,8,0.0011326620588079095,0.00010460303747095168,30.418436527252197,0.8667505286566275,0.19561877058113286,0.016183179822673668,0.008161139086646988,0.9494949494949495,0.22857142857142856,28597,0,0,440,0,0.0,0.0,0.0,0.08660633047006304,0.9192959491752389,0.24067838337329817,0.9316048051573355,0.2726497737950972,0.9360337886550253,0.2855000467274348,0.8996011416005801,0.1521285982394569,1.0,1.0,3-10→3-11
smd,./data/SMD,machine-2-7,machine-2-8,shift_noMask_fixed,100,256,128,0.15,50,64,0.001,1,0,1,1,0.001,adam,0.1,0.99,fixed,gated,5000,none,8,0.95,"[0.5, 1.0, 2.0]",0,0,0,38,2.015652,0,0.0034626363776624203,inf,29.586414337158203,0.998577143215957,0.9628586598766162,0.8342245989304814,0.7323943661971831,0.968944099378882,0.9185667752442996,23604,23399,367,260,55,0.9976494908332825,0.21153846383094788,1.0,0.030199615980806723,,,,,,,,,0.0,0.0,2-7→2-8
smd,./data/SMD,machine-3-3,machine-3-4,shift_noMask_fixed,100,256,128,0.15,50,64,0.001,1,0,1,1,0.001,adam,0.1,0.99,fixed,gated,5000,none,8,0.95,"[0.5, 1.0, 2.0]",0,0,3,38,2.015652,0,0.0007703269366174936,inf,26.959787130355835,0.6965242181806383,0.22077123031095397,0.10968063162387083,0.058935942516434796,0.789150460593654,0.2483847810480976,23588,5537,143,1769,15,0.9972909688949585,0.008479367010295391,0.25308218598365784,0.018543472972505675,,,,,,,,,0.9338110486666361,0.452550341685613,3-3→3-4
smd,./data/SMD,machine-1-3,machine-1-4,shift_gate_gbuf5k,100,256,128,0.15,50,64,0.001,1,1,1,1,0.001,adam,0.1,0.99,adaptive,gated,5000,unc,8,0.95,"[0.5, 1.0, 2.0]",0,0,3,38,2.01569,8,0.0006597439642064273,0.0002067770401481539,28.95787739753723,0.7967232082868094,0.2423655888386025,0.26242544731610334,0.18384401114206128,0.4583333333333333,0.3175182481751825,23608,22017,361,1908,581,0.9736112952232361,0.3045073449611664,0.987834095954895,0.0978790574540772,0.9014261684140311,0.3040915286054669,0.922723471720731,0.33878680554150986,0.9308641236834346,0.35162070660233,0.9215011020721858,0.2886846305900242,0.00662245290974776,0.0,1-3→1-4
smd,./data/SMD,machine-3-7,machine-3-8,shift_fixed,100,256,128,0.15,50,64,0.001,1,1,1,1,0.001,adam,0.1,0.99,fixed,gated,5000,none,8,0.95,"[0.5, 1.0, 2.0]",0,0,2,38,2.01569,8,0.00016588221478741616,0.0002598377177491784,36.295143842697144,0.7389974174579651,0.14089263491580867,0.1176418945612572,0.06258757589911257,0.9773887673231219,0.18902300159416988,28605,0,0,1965,0,0.0,0.0,0.0,0.07161666538056492,0.7578223921874694,0.1460946719569502,0.7660075002782629,0.150212580046781,0.7741490176149076,0.15744244413030026,0.7375613376082427,0.23617696608362043,1.0,1.0,3-7→3-8
smd,./data/SMD,machine-1-2,machine-1-3,shift_gate_gbuf5k,100,256,128,0.15,50,64,0.001,1,1,1,1,0.001,adam,0.1,0.99,adaptive,gated,5000,unc,8,0.95,"[0.5, 1.0, 2.0]",0,0,3,38,2.01569,8,0.004383048973977566,0.0008435866911895573,29.76069402694702,0.783621785207314,0.22668781262013823,0.32036382011116726,0.2728055077452668,0.3880048959608323,0.28851963746223563,23604,23053,366,2005,1489,0.9354097247123718,0.742643415927887,0.9983795285224915,0.10647931920736649,0.8592678670962488,0.2578213627044547,0.875829011894515,0.2730740967303605,0.88557814791873,0.28445331288795894,0.8849554029225374,0.2549437760858117,0.0,0.00030807147656256956,1-2→1-3
smd,./data/SMD,machine-2-2,machine-2-3,shift_noMask_fixed,100,256,128,0.15,50,64,0.001,1,0,1,1,0.001,adam,0.1,0.99,fixed,gated,5000,none,8,0.95,"[0.5, 1.0, 2.0]",0,0,3,38,2.015652,0,0.0007175771752372384,inf,28.21402668952942,0.9138290915209254,0.3017746235330073,0.12727272727272726,0.06856813598386632,0.8847583643122676,0.35175879396984916,23590,20163,350,1259,470,0.9766899943351746,0.3733121454715729,0.8818682432174683,0.02843051100242133,,,,,,,,,0.13129515076677004,0.12061820179224014,2-2→2-3
smd,./data/SMD,machine-3-7,machine-3-8,shift_noMask_fixed,100,256,128,0.15,50,64,0.001,1,0,1,1,0.001,adam,0.1,0.99,fixed,gated,5000,none,8,0.95,"[0.5, 1.0, 2.0]",0,0,0,38,2.015652,0,0.00015857985999900848,inf,34.03366732597351,0.7226563018073845,0.13352379288670976,0.10477705770499439,0.055332404295434054,0.9846827133479212,0.17150466045272972,28605,0,0,1965,0,0.0,0.0,0.0,0.011867877591471013,,,,,,,,,1.0,1.0,3-7→3-8
smd,./data/SMD,machine-3-7,machine-3-8,shift_fixed,100,256,128,0.15,50,64,0.001,1,1,1,1,0.001,adam,0.1,0.99,fixed,gated,5000,none,8,0.95,"[0.5, 1.0, 2.0]",0,0,0,38,2.01569,8,0.0001507573906565085,0.00026332109700888395,36.576666831970215,0.7323595609841321,0.15082553973813867,0.10809285829437369,0.05720745701975172,0.9781181619256017,0.19525648097076667,28605,0,0,1965,0,0.0,0.0,0.0,0.07042318889882634,0.7536083657742211,0.15632242091941212,0.7638674571016677,0.16069514623704523,0.7746770034528094,0.1680912162652201,0.7496572448460505,0.23973847375637283,1.0,1.0,3-7→3-8
smd,./data/SMD,machine-2-7,machine-2-8,shift_noMask_fixed,100,256,128,0.15,50,64,0.001,1,0,1,1,0.001,adam,0.1,0.99,fixed,gated,5000,none,8,0.95,"[0.5, 1.0, 2.0]",0,0,2,38,2.015652,0,0.003504412481561303,inf,28.242146968841553,0.9975943615507319,0.9659061227817297,0.8571428571428571,0.7684729064039408,0.968944099378882,0.9396825396825396,23604,23401,367,260,57,0.9975641965866089,0.2192307710647583,1.0,0.030074770461500873,,,,,,,,,0.0,0.0,2-7→2-8
smd,./data/SMD,machine-3-6,machine-3-7,shift_fixed,100,256,128,0.15,50,64,0.001,1,1,1,1,0.001,adam,0.1,0.99,fixed,gated,5000,none,8,0.95,"[0.5, 1.0, 2.0]",0,0,3,38,2.01569,8,0.00038514798507094383,0.000328199501382187,34.86975336074829,0.8354831700491963,0.3068712184999259,0.13478122005748963,0.0782350760103819,0.4861751152073733,0.4066265060240964,28606,25289,432,929,390,0.9845782518386841,0.41980624198913574,0.8996278643608093,0.09584228517225236,0.8662365417526581,0.3429836389063068,0.8654625972748614,0.3677676491618225,0.8598679632464397,0.40409862733150514,0.8269879557743218,0.4832132152330396,0.14645229279994965,0.11182202522953351,3-6→3-7
smd,./data/SMD,machine-3-4,machine-3-5,shift_fixed,100,256,128,0.15,50,64,0.001,1,1,1,1,0.001,adam,0.1,0.99,fixed,gated,5000,none,8,0.95,"[0.5, 1.0, 2.0]",0,0,1,38,2.01569,8,0.0016675631050020456,0.0002813141036313027,27.86112666130066,0.8150253912615314,0.23845659607759062,0.06118015121230556,0.03176608609331288,0.8262910798122066,0.31501831501831495,23592,10564,216,1515,482,0.9543733596801758,0.3181518018245697,0.45667436718940735,0.08382728318919082,0.8259886851735819,0.2615797767980593,0.8299179992916882,0.270274495985894,0.8314183690869337,0.2606294216687643,0.8064950776368218,0.13316160755450857,0.11007016276319821,0.8367723226547241,3-4→3-5
smd,./data/SMD,machine-1-2,machine-1-3,shift_fixed,100,256,128,0.15,50,64,0.001,1,1,1,1,0.001,adam,0.1,0.99,fixed,gated,5000,none,8,0.95,"[0.5, 1.0, 2.0]",0,0,4,38,2.01569,8,0.004180619027465582,0.0008277143933810294,30.810073375701904,0.7895082336151588,0.21716829148248612,0.2030075187969925,0.43724696356275305,0.13219094247246022,0.2815789473684211,23604,23402,367,2005,1803,0.9229552745819092,0.8992518782615662,1.0,0.10574082159789977,0.8533113037201794,0.24493045931158242,0.8694639526166147,0.2565745220515429,0.8798859998004049,0.2644450669906115,0.8812066320737634,0.25115263581468605,0.0,0.0,1-2→1-3
smd,./data/SMD,machine-2-7,machine-2-8,shift_fixed,100,256,128,0.15,50,64,0.001,1,1,1,1,0.001,adam,0.1,0.99,fixed,gated,5000,none,8,0.95,"[0.5, 1.0, 2.0]",0,0,0,38,2.01569,8,0.003330853534862399,0.0008358260965906084,31.315120935440063,0.9957649365663904,0.9642212579107681,0.8342245989304814,0.7323943661971831,0.968944099378882,0.9426751592356687,23604,23399,367,260,55,0.9976494908332825,0.21153846383094788,1.0,0.10798910152627299,0.9947953466013695,0.9639233220292579,0.9944626519222154,0.9637948392704867,0.994123097558955,0.9623091293991528,0.9928487793192133,0.9154558513411334,0.0,0.0,2-7→2-8
smd,./data/SMD,machine-2-1,machine-2-2,shift_noMask_fixed,100,256,128,0.15,50,64,0.001,1,0,1,1,0.001,adam,0.1,0.99,fixed,gated,5000,none,8,0.95,"[0.5, 1.0, 2.0]",0,0,4,38,2.015652,0,0.0013550638686865568,inf,26.918076992034912,0.5568903511085986,0.14131873011606313,0.19779485466087535,0.14448421737715586,0.3134486410165902,0.22672901261418002,23601,0,0,3922,0,0.0,0.0,0.0,0.011843122934306114,,,,,,,,,1.0,1.0,2-1→2-2
smd,./data/SMD,machine-2-2,machine-2-3,shift_noMask_fixed,100,256,128,0.15,50,64,0.001,1,0,1,1,0.001,adam,0.1,0.99,fixed,gated,5000,none,8,0.95,"[0.5, 1.0, 2.0]",0,0,1,38,2.015652,0,0.0007029258995316923,inf,27.58437705039978,0.9218289581871689,0.31716271488618236,0.12681354110693177,0.06834636547929338,0.8773234200743495,0.3507972665148063,23590,20129,350,1259,457,0.9772964119911194,0.3629865050315857,0.8809278607368469,0.029421459067014377,,,,,,,,,0.13314108674724898,0.1205194021264712,2-2→2-3
smd,./data/SMD,machine-1-7,machine-1-8,shift_fixed,100,256,128,0.15,50,64,0.001,1,1,1,1,0.001,adam,0.1,0.99,fixed,gated,5000,none,8,0.95,"[0.5, 1.0, 2.0]",0,0,4,38,2.01569,8,0.002375692129135132,0.0006557992892339826,30.43393039703369,0.8271013741125227,0.37687104978889147,0.3704206241519674,0.38396624472573837,0.3577981651376147,0.3943661971830986,23600,23278,367,2691,2369,0.8982300758361816,0.8803418874740601,1.0,0.09206422304703017,0.8812923395935399,0.4066945307260407,0.8995768497765279,0.42083767290133434,0.9133365176837159,0.42339315838836633,0.913803113204399,0.3155135135619145,0.0,0.0,1-7→1-8
smd,./data/SMD,machine-2-3,machine-2-4,shift_gate_gbuf5k,100,256,128,0.15,50,64,0.001,1,1,1,1,0.001,adam,0.1,0.99,adaptive,gated,5000,unc,8,0.95,"[0.5, 1.0, 2.0]",0,0,4,38,2.01569,8,0.0006393729127012193,0.00023731612600386143,30.319124221801758,0.7618150846239875,0.3586701704933215,0.2742987606001305,0.18949977467327625,0.4964580873671783,0.35588507877664505,23590,18209,358,3674,1244,0.9316821098327637,0.33859553933143616,0.8518276810646057,0.0999863848134389,0.8027999548035093,0.3867364157976426,0.8226489437735794,0.4081217547565412,0.8401274922147435,0.43599988096453446,0.8394051669465503,0.4215547496555342,0.09086872854580481,0.02512820561726888,2-3→2-4
smd,./data/SMD,machine-3-5,machine-3-6,shift_gate_gbuf5k,100,256,128,0.15,50,64,0.001,1,1,1,1,0.001,adam,0.1,0.99,adaptive,gated,5000,unc,8,0.95,"[0.5, 1.0, 2.0]",0,0,2,38,2.01569,8,0.0012552404077723622,0.0004404652863740921,30.180871963500977,0.7229389355611415,0.17696636762753237,0.189010989010989,0.13340227507755947,0.3241206030150754,0.1945832237707073,28627,25156,439,2283,1124,0.955318808555603,0.49233463406562805,0.9122380614280701,0.10018245920757003,0.7850011474389722,0.18768195867095136,0.8079023805647443,0.19112048901374099,0.8271506693231764,0.19058525187337225,0.8480906700678561,0.14847645738378323,0.06418287009000778,0.03249639024337133,3-5→3-6
smd,./data/SMD,machine-3-2,machine-3-3,shift_fixed,100,256,128,0.15,50,64,0.001,1,1,1,1,0.001,adam,0.1,0.99,fixed,gated,5000,none,8,0.95,"[0.5, 1.0, 2.0]",0,0,2,38,2.01569,8,0.007789973169565201,0.0009888376807793975,29.757882356643677,0.8521510579065504,0.14308688408837944,0.14205186020293126,0.24705882352941178,0.09968354430379747,0.20980274955170355,23604,23604,369,3206,3206,0.86417555809021,1.0,1.0,0.10237353794697159,0.8838739548636048,0.16599976591527305,0.8824138227123863,0.1660616339501084,0.8770008405532946,0.15806765525205438,0.8504626815186361,0.10721471212724336,0.0,0.0,3-2→3-3
smd,./data/SMD,machine-3-5,machine-3-6,shift_gate_gbuf5k,100,256,128,0.15,50,64,0.001,1,1,1,1,0.001,adam,0.1,0.99,adaptive,gated,5000,unc,8,0.95,"[0.5, 1.0, 2.0]",0,0,1,38,2.01569,8,0.00127759191673249,0.0004484606033656746,28.392818689346313,0.732792111436158,0.1748699154425775,0.18177480916030536,0.12708472314876584,0.31909547738693467,0.19865168539325842,28627,25220,442,2283,1155,0.9542030096054077,0.505913257598877,0.9134907126426697,0.09802490723688179,0.7849413875274966,0.18602664869574548,0.8062780486772084,0.19057461431871092,0.8249085851310891,0.19333823582097473,0.8445948749510543,0.15991831321132105,0.052781584983070694,0.02640898740113092,3-5→3-6
smd,./data/SMD,machine-3-5,machine-3-6,shift_noMask_fixed,100,256,128,0.15,50,64,0.001,1,0,1,1,0.001,adam,0.1,0.99,fixed,gated,5000,none,8,0.95,"[0.5, 1.0, 2.0]",0,0,1,38,2.015652,0,0.0012273190077394247,inf,27.221612215042114,0.7147496222455685,0.17137684445105522,0.18049666868564507,0.1189146049481245,0.3743718592964824,0.18234683281412256,28627,25429,437,2283,1096,0.9568995833396912,0.4800700843334198,0.923663854598999,0.028445084628771673,,,,,,,,,0.06910956526796024,0.08092851688464482,3-5→3-6
smd,./data/SMD,machine-1-3,machine-1-4,shift_gate_gbuf5k,100,256,128,0.15,50,64,0.001,1,1,1,1,0.001,adam,0.1,0.99,adaptive,gated,5000,unc,8,0.95,"[0.5, 1.0, 2.0]",0,0,0,38,2.01569,8,0.000657468568533659,0.00021704897517338395,33.980759143829346,0.8107889785530953,0.24465445549908654,0.27863247863247864,0.20123456790123456,0.4527777777777778,0.32778264680105174,23608,22115,361,1908,624,0.9717838764190674,0.3270440399646759,0.990368664264679,0.12102669596631661,0.9060055683647277,0.3091899995119528,0.9268729789301199,0.34296979829787144,0.9356499809070827,0.35806961838938434,0.9243855222517076,0.294963017083209,0.008430384720365206,0.0,1-3→1-4
smd,./data/SMD,machine-3-10,machine-3-11,shift_fixed,100,256,128,0.15,50,64,0.001,1,1,1,1,0.001,adam,0.1,0.99,fixed,gated,5000,none,8,0.95,"[0.5, 1.0, 2.0]",0,0,0,38,2.01569,8,0.0012471855152398348,0.0001086146803572774,28.325076580047607,0.8663459282274638,0.21875667102741586,0.01679790026246719,0.008472332539052158,0.9696969696969697,0.27672955974842767,28597,0,0,440,0,0.0,0.0,0.0,0.07485614713515486,0.9137894489849011,0.27701868439520727,0.9239388410031962,0.30964634075818104,0.9254914929348222,0.29352871298835476,0.8870503760320589,0.13224626990989988,1.0,1.0,3-10→3-11
smd,./data/SMD,machine-1-1,machine-1-2,shift_fixed,100,256,128,0.15,50,64,0.001,1,1,1,1,0.001,adam,0.1,0.99,fixed,gated,5000,none,8,0.95,"[0.5, 1.0, 2.0]",0,0,3,38,2.01569,8,0.0001613499625818804,0.0001706123584881425,36.49996876716614,0.8821605236180212,0.24556056071202445,0.044726852615943224,0.022874989448805606,1.0,0.3156862745098039,23595,0,0,1532,0,0.0,0.0,0.0,0.07238146561034328,0.8877354247367629,0.24994217891344875,0.8911310014102214,0.2531261124638377,0.8948910871710654,0.2572839760138129,0.8531888249514837,0.15901496686529432,1.0,1.0,1-1→1-2
smd,./data/SMD,machine-2-2,machine-2-3,shift_fixed,100,256,128,0.15,50,64,0.001,1,1,1,1,0.001,adam,0.1,0.99,fixed,gated,5000,none,8,0.95,"[0.5, 1.0, 2.0]",0,0,1,38,2.01569,8,0.0007867874810472131,0.0004185909347143024,27.836637258529663,0.924485474557062,0.35047480387862473,0.12726304579339723,0.06854029251505592,0.8884758364312267,0.3866666666666666,23590,20316,352,1259,569,0.9719924926757812,0.4519459903240204,0.8842864036560059,0.09426300482206194,0.9288464407823517,0.35501966682016667,0.9286680275175476,0.35745021127519677,0.9275019920698162,0.3506930625803549,0.8961896704433983,0.14377434262721092,0.12883196646968523,0.11614992469549179,2-2→2-3
smd,./data/SMD,machine-3-2,machine-3-3,shift_fixed,100,256,128,0.15,50,64,0.001,1,1,1,1,0.001,adam,0.1,0.99,fixed,gated,5000,none,8,0.95,"[0.5, 1.0, 2.0]",0,0,0,38,2.01569,8,0.007416234351694584,0.0010278199333697557,33.07274675369263,0.8473942436364573,0.14576061789849776,0.15317286652078774,0.24822695035460993,0.11075949367088607,0.21383203952011293,23604,23604,369,3206,3206,0.86417555809021,1.0,1.0,0.12011286404714243,0.8781401414126673,0.16997924700223513,0.8790012696085665,0.17238557592283352,0.8760890295175761,0.16502014643439203,0.8549619666094044,0.11068199666633025,0.0,0.0,3-2→3-3
smd,./data/SMD,machine-3-5,machine-3-6,shift_fixed,100,256,128,0.15,50,64,0.001,1,1,1,1,0.001,adam,0.1,0.99,fixed,gated,5000,none,8,0.95,"[0.5, 1.0, 2.0]",0,0,3,38,2.01569,8,0.0012571325059980154,0.0004549948207568377,29.635058879852295,0.7109561226881174,0.15294687380622524,0.1668698832955931,0.10534418297778755,0.40117252931323283,0.17153718222855785,28627,24618,433,2283,970,0.9605979323387146,0.4248795509338379,0.8976616859436035,0.09421255026610877,0.7710350325407851,0.16266967022907028,0.7933853002724893,0.16665595912451814,0.812341892522324,0.16890056001093692,0.8358082667198161,0.14257261875784058,0.11360864341259003,0.09594143182039261,3-5→3-6
smd,./data/SMD,machine-1-7,machine-1-8,shift_noMask_fixed,100,256,128,0.15,50,64,0.001,1,0,1,1,0.001,adam,0.1,0.99,fixed,gated,5000,none,8,0.95,"[0.5, 1.0, 2.0]",0,0,2,38,2.015652,0,0.0023009832948446274,inf,28.547395944595337,0.813201136126236,0.36594975441513733,0.34706279540850776,0.3579387186629526,0.33682830930537355,0.38058252427184464,23600,23281,367,2691,2372,0.8981143236160278,0.881456732749939,1.0,0.02925436375504833,,,,,,,,,0.0,0.0,1-7→1-8
smd,./data/SMD,machine-2-5,machine-2-6,shift_gate_gbuf5k,100,256,128,0.15,50,64,0.001,1,1,1,1,0.001,adam,0.1,0.99,adaptive,gated,5000,unc,8,0.95,"[0.5, 1.0, 2.0]",0,0,1,38,2.01569,8,0.002835979452356696,0.00063708407105878,29.31343388557434,0.801649269408431,0.30929572728172045,0.14635854341736695,0.0859375,0.49292452830188677,0.3683360258481422,28644,27686,444,1121,539,0.9805316925048828,0.4808206856250763,0.9863386750221252,0.0970334984073924,0.8662378814943231,0.33417672541991233,0.8791328759876528,0.34517766458087584,0.8867080038936457,0.3539701266681924,0.8719684164308648,0.252669119274457,0.019492461035648983,0.0073802350865056114,2-5→2-6
smd,./data/SMD,machine-2-1,machine-2-2,shift_fixed,100,256,128,0.15,50,64,0.001,1,1,1,1,0.001,adam,0.1,0.99,fixed,gated,5000,none,8,0.95,"[0.5, 1.0, 2.0]",0,0,0,38,2.01569,8,0.0013637166703119874,0.0003107447410002351,32.958537340164185,0.5379487108874417,0.13660494310962196,0.16960408684546616,0.13287972783670202,0.2343805153547476,0.22155291234876714,23601,0,0,3922,0,0.0,0.0,0.0,0.08824768573933449,0.5025041439140949,0.12919408927216475,0.4922058181299881,0.12676837916604541,0.48487880084195517,0.12464268014525426,0.46616505073371495,0.10938787391055241,1.0,1.0,2-1→2-2
smd,./data/SMD,machine-2-7,machine-2-8,shift_fixed,100,256,128,0.15,50,64,0.001,1,1,1,1,0.001,adam,0.1,0.99,fixed,gated,5000,none,8,0.95,"[0.5, 1.0, 2.0]",0,0,1,38,2.01569,8,0.0032813369762152433,0.000807326752692461,29.497003316879272,0.9978194119562184,0.9622202205754488,0.8547945205479451,0.7647058823529411,0.968944099378882,0.9221183800623053,23604,23398,367,260,54,0.9976921081542969,0.20769231021404266,1.0,0.0880567063074802,0.9969598407709018,0.9620862648695603,0.9964838842275283,0.9619418444374453,0.9960883970554015,0.9615269474285822,0.9942452527028475,0.9262275080136299,0.0,0.0,2-7→2-8
smd,./data/SMD,machine-3-5,machine-3-6,shift_noMask_fixed,100,256,128,0.15,50,64,0.001,1,0,1,1,0.001,adam,0.1,0.99,fixed,gated,5000,none,8,0.95,"[0.5, 1.0, 2.0]",0,0,2,38,2.015652,0,0.0012658028863370419,inf,26.609070539474487,0.7189692438900396,0.18227702421225866,0.1921452702702703,0.12845849802371542,0.38107202680067004,0.20238741182854045,28627,25814,441,2283,1109,0.9570388197898865,0.48576435446739197,0.9377846717834473,0.029439609999444633,,,,,,,,,0.06329115107655525,0.06302125503619511,3-5→3-6
smd,./data/SMD,machine-1-3,machine-1-4,shift_fixed,100,256,128,0.15,50,64,0.001,1,1,1,1,0.001,adam,0.1,0.99,fixed,gated,5000,none,8,0.95,"[0.5, 1.0, 2.0]",0,0,2,38,2.01569,8,0.0006582366186194122,0.0002069120528176427,30.17353057861328,0.8013490112769053,0.25619076211428726,0.25145413870246086,0.18547854785478549,0.3902777777777778,0.3225806451612903,23608,22498,363,1908,857,0.9619077444076538,0.44916144013404846,0.9972811341285706,0.09202840004238748,0.9007244432843683,0.30881455664582236,0.921839427357492,0.33837039813728365,0.9310879216755363,0.35119228404739483,0.9221067281990304,0.28548206791618735,0.0030009047283480563,0.0,1-3→1-4
smd,./data/SMD,machine-3-3,machine-3-4,shift_fixed,100,256,128,0.15,50,64,0.001,1,1,1,1,0.001,adam,0.1,0.99,fixed,gated,5000,none,8,0.95,"[0.5, 1.0, 2.0]",0,0,3,38,2.01569,8,0.0008393939351662993,0.00029042037203907967,28.649008989334106,0.7188683624733918,0.24053828654538156,0.11938180097776376,0.06467321657411362,0.77482088024565,0.2657555049354594,23588,8190,185,1769,23,0.9971916675567627,0.013001696206629276,0.3743067979812622,0.08344844334890059,0.7576132374422371,0.2876001743623931,0.771852970591324,0.3224989081066511,0.7831830922309553,0.3558426676693789,0.7852022316899431,0.3322373171133137,0.8793700933456421,0.2892199556032817,3-3→3-4
smd,./data/SMD,machine-2-6,machine-2-7,shift_gate_gbuf5k,100,256,128,0.15,50,64,0.001,1,1,1,1,0.001,adam,0.1,0.99,adaptive,gated,5000,unc,8,0.95,"[0.5, 1.0, 2.0]",0,0,0,38,2.01569,8,0.00041784188942983747,0.0001712084049358964,38.7733678817749,0.7901872839972791,0.09950423621290558,0.09018153425727114,0.04908627284317892,0.5539568345323741,0.1610337972166998,23597,18645,354,2397,642,0.9655671715736389,0.26783478260040283,0.8491981029510498,0.11510117890476428,0.801860406086403,0.10170361738190108,0.8021918046987729,0.10154137104136123,0.8004725906975781,0.09886235918334006,0.7710139633471281,0.06215730164029021,0.14626997833450636,0.07241673273771691,2-6→2-7
smd,./data/SMD,machine-3-6,machine-3-7,shift_gate_gbuf5k,100,256,128,0.15,50,64,0.001,1,1,1,1,0.001,adam,0.1,0.99,adaptive,gated,5000,unc,8,0.95,"[0.5, 1.0, 2.0]",0,0,4,38,2.01569,8,0.0003899031435139477,0.0003389403864275664,35.50084710121155,0.8363054453057774,0.3283558426990221,0.1984478935698448,0.13065693430656936,0.41244239631336405,0.4029629629629629,28606,26435,444,929,442,0.9832797646522522,0.4757803976535797,0.9391552805900574,0.10482016238500828,0.8550960119853812,0.3501384170934725,0.853785457309415,0.3671193745042229,0.8503171330410232,0.4049280683072615,0.8327329612814225,0.47088480679821537,0.06606081749002139,0.03430257007130422,3-6→3-7
smd,./data/SMD,machine-2-2,machine-2-3,shift_gate_gbuf5k,100,256,128,0.15,50,64,0.001,1,1,1,1,0.001,adam,0.1,0.99,adaptive,gated,5000,unc,8,0.95,"[0.5, 1.0, 2.0]",0,0,4,38,2.01569,8,0.0007763131288811564,0.0004015885933768004,30.2733633518219,0.9344559823999442,0.36986296890423176,0.19547511312217197,0.11128284389489954,0.8029739776951673,0.4050632911392405,23590,20514,362,1259,353,0.9827922582626343,0.2803812623023987,0.902825653553009,0.10497158692518803,0.9362486865037666,0.37045270309477046,0.9356859863047186,0.36757843129082435,0.9337761389718697,0.3581655599075415,0.8933707726056274,0.13820858868483923,0.07205404217044513,0.05803245926896731,2-2→2-3
smd,./data/SMD,machine-3-1,machine-3-2,shift_gate_gbuf5k,100,256,128,0.15,50,64,0.001,1,1,1,1,0.001,adam,0.1,0.99,adaptive,gated,5000,unc,8,0.95,"[0.5, 1.0, 2.0]",0,0,0,38,2.01569,8,0.00039924803422763944,0.0001951724843820557,41.949419260025024,0.4824407367181677,0.04828893757141639,0.06966998428496596,0.04075379194116746,0.23985572587917042,0.09081962603683397,23604,2826,253,2018,116,0.9589526057243347,0.057482656091451645,0.12554433941841125,0.11080304478572761,0.5203311315842847,0.05106177530631266,0.5371851556463078,0.05277250303067048,0.5537890275137881,0.05482510010236267,0.5924410735536051,0.06252964374791334,0.5100748936335245,0.4774586657683055,3-1→3-2
smd,./data/SMD,machine-1-7,machine-1-8,shift_gate_gbuf5k,100,256,128,0.15,50,64,0.001,1,1,1,1,0.001,adam,0.1,0.99,adaptive,gated,5000,unc,8,0.95,"[0.5, 1.0, 2.0]",0,0,0,38,2.01569,8,0.0024933419190347195,0.0006812465726397932,32.12221145629883,0.8146462365389864,0.36122226779514804,0.2796833773087071,0.21045665122435472,0.4167758846657929,0.39802631578947373,23600,23014,366,2691,2160,0.9061440825462341,0.8026756048202515,0.9973695278167725,0.12246439012430482,0.8774389480146704,0.390803022979586,0.8971366160599145,0.40677367699064393,0.9117454186725521,0.4122603130500302,0.9111690242059389,0.3097637866128444,0.0,0.0,1-7→1-8
smd,./data/SMD,machine-2-4,machine-2-5,shift_gate_gbuf5k,100,256,128,0.15,50,64,0.001,1,1,1,1,0.001,adam,0.1,0.99,adaptive,gated,5000,unc,8,0.95,"[0.5, 1.0, 2.0]",0,0,0,38,2.01569,8,0.0005679897149093449,0.0003561358025763184,31.731613874435425,0.8401971348229282,0.27349483129476804,0.2820086464915198,0.20917612234829797,0.4326530612244898,0.3060200668896321,23590,21199,364,3016,1054,0.9502806663513184,0.34946948289871216,0.9791484475135803,0.11461423887646567,0.8885949201116882,0.3099535741394529,0.9030959585384201,0.3285624544629808,0.9128968466156996,0.33473791079930443,0.9041221182647176,0.22572374133954043,0.025073935588200886,0.0056851898358824355,2-4→2-5
smd,./data/SMD,machine-2-8,machine-2-9,shift_gate_gbuf5k,100,256,128,0.15,50,64,0.001,1,1,1,1,0.001,adam,0.1,0.99,adaptive,gated,5000,unc,8,0.95,"[0.5, 1.0, 2.0]",0,0,0,38,2.01569,8,0.00010781346645671874,8.162380254361778e-05,31.31563687324524,0.8471778580911967,0.29586790437322413,0.27982426495437646,0.17438921651221567,0.7076923076923077,0.3269338303821062,28623,14255,365,2745,36,0.9974745512008667,0.013114754110574722,0.5494628548622131,0.114219949933729,0.8823499693674351,0.3288586154171306,0.8922869430897762,0.3507057568098703,0.8988273205501669,0.3776371810089778,0.8847284171421079,0.4177964015148806,0.2160903513431549,0.13573598861694336,2-8→2-9
smd,./data/SMD,machine-3-1,machine-3-2,shift_noMask_fixed,100,256,128,0.15,50,64,0.001,1,0,1,1,0.001,adam,0.1,0.99,fixed,gated,5000,none,8,0.95,"[0.5, 1.0, 2.0]",0,0,4,38,2.015652,0,0.0003585857921279967,inf,34.38185739517212,0.4948772278730845,0.049077597036492504,0.09144529285355037,0.04816491667469415,0.9017132551848512,0.09200335914901558,23604,51,5,2018,0,1.0,0.0,0.0023626424372196198,0.01127125751848969,,,,,,,,,1.0,0.9961667060852051,3-1→3-2
smd,./data/SMD,machine-2-6,machine-2-7,shift_gate_gbuf5k,100,256,128,0.15,50,64,0.001,1,1,1,1,0.001,adam,0.1,0.99,adaptive,gated,5000,unc,8,0.95,"[0.5, 1.0, 2.0]",0,0,4,38,2.01569,8,0.00042423317790962756,0.00016052948194555938,36.60273051261902,0.7938425581541724,0.11327931761281963,0.09942196531791908,0.05501535312180143,0.5155875299760192,0.15035799522673032,23597,18359,355,2397,541,0.9705321788787842,0.225698783993721,0.8404716849327087,0.09948118018837264,0.8019340616685741,0.10641924067594233,0.800687222033877,0.09809091274180015,0.796466242101469,0.08501203296544022,0.7586203557451303,0.05005672319759409,0.1467968411743641,0.06096015125513077,2-6→2-7
smd,./data/SMD,machine-2-7,machine-2-8,shift_gate_gbuf5k,100,256,128,0.15,50,64,0.001,1,1,1,1,0.001,adam,0.1,0.99,adaptive,gated,5000,unc,8,0.95,"[0.5, 1.0, 2.0]",0,0,3,38,2.01569,8,0.0034031190443784,0.0008348831324838102,30.22350311279297,0.9985130315529639,0.9655824977277939,0.29799426934097417,0.17607223476297967,0.968944099378882,0.951219512195122,23604,23045,366,260,25,0.9989151954650879,0.09615384787321091,0.9861206412315369,0.0957319987383844,0.997776143179548,0.9649471607970037,0.9972822459238966,0.9643774933701958,0.9968693457074999,0.9636741559185418,0.9955076984124053,0.9280533423969987,0.007482704803502808,0.0,2-7→2-8
smd,./data/SMD,machine-1-7,machine-1-8,shift_noMask_fixed,100,256,128,0.15,50,64,0.001,1,0,1,1,0.001,adam,0.1,0.99,fixed,gated,5000,none,8,0.95,"[0.5, 1.0, 2.0]",0,0,0,38,2.015652,0,0.0023097607772797346,inf,29.606605052947998,0.8110872135627497,0.36219137636764737,0.3692098092643052,0.3843971631205674,0.35517693315858456,0.3931469792605951,23600,23279,367,2691,2370,0.898191511631012,0.8807134628295898,1.0,0.03530482114371607,,,,,,,,,0.0,0.0,1-7→1-8
smd,./data/SMD,machine-2-3,machine-2-4,shift_fixed,100,256,128,0.15,50,64,0.001,1,1,1,1,0.001,adam,0.1,0.99,fixed,gated,5000,none,8,0.95,"[0.5, 1.0, 2.0]",0,0,1,38,2.01569,8,0.0006326418952085078,0.0002312073193024844,29.570827960968018,0.7430597353214063,0.3272192592886559,0.18555869302137956,0.1047040971168437,0.8146399055489965,0.3303621169916434,23590,6436,157,3674,384,0.9403356313705444,0.10451823472976685,0.30387628078460693,0.07471653201308176,0.7800579475908579,0.3525712778596336,0.798069594544,0.37183440897361036,0.8146542911303498,0.3968120939671335,0.8128173919531461,0.382887768991276,0.28649300020576146,0.7814737558364868,2-3→2-4
smd,./data/SMD,machine-1-2,machine-1-3,shift_gate_gbuf5k,100,256,128,0.15,50,64,0.001,1,1,1,1,0.001,adam,0.1,0.99,adaptive,gated,5000,unc,8,0.95,"[0.5, 1.0, 2.0]",0,0,0,38,2.01569,8,0.004222489893436432,0.0008267947123385966,29.696560382843018,0.7844912963845813,0.2238114580476355,0.32432432432432434,0.270935960591133,0.4039167686658507,0.29757785467128023,23604,23045,366,2005,1509,0.9345194101333618,0.7526184320449829,0.9970831871032715,0.10689180435881415,0.8528772968802529,0.25056923890818056,0.8708179042074436,0.2622882316569649,0.8824163960564048,0.2696805479663562,0.8838799858507888,0.24281321134062292,0.0,0.0,1-2→1-3
smd,./data/SMD,machine-3-3,machine-3-4,shift_fixed,100,256,128,0.15,50,64,0.001,1,1,1,1,0.001,adam,0.1,0.99,fixed,gated,5000,none,8,0.95,"[0.5, 1.0, 2.0]",0,0,4,38,2.01569,8,0.0008416348719038069,0.0002965376479551196,30.123797178268433,0.6986673904921067,0.22081046309682004,0.11355972080621128,0.06149142177679633,0.7410440122824974,0.25488663017982793,23588,8158,188,1769,24,0.997058093547821,0.013566986657679081,0.37279435992240906,0.08942377613786319,0.7460941144338274,0.26781083578714154,0.7632949967256588,0.30431347494083727,0.7773361511145604,0.3411518283266434,0.7806927451147416,0.32202150357321097,0.8814749519030253,0.2883686323960622,3-3→3-4
smd,./data/SMD,machine-1-3,machine-1-4,shift_gate_gbuf5k,100,256,128,0.15,50,64,0.001,1,1,1,1,0.001,adam,0.1,0.99,adaptive,gated,5000,unc,8,0.95,"[0.5, 1.0, 2.0]",0,0,1,38,2.01569,8,0.0006622082437388599,0.0001969602017197758,29.279717206954956,0.794339070875809,0.22836802528644126,0.2559547840129189,0.18042117245304495,0.44027777777777777,0.3247232472324723,23608,22003,360,1908,548,0.9750943183898926,0.28721174597740173,0.9887096881866455,0.09593375655846126,0.9030972216180159,0.2981650443761689,0.9234724457785319,0.3329397759847685,0.9321895104962707,0.3476742242135997,0.9228550678402769,0.29297581658152216,0.006018861507376035,0.0,1-3→1-4
smd,./data/SMD,machine-1-4,machine-1-5,shift_gate_gbuf5k,100,256,128,0.15,50,64,0.001,1,1,1,1,0.001,adam,0.1,0.99,adaptive,gated,5000,unc,8,0.95,"[0.5, 1.0, 2.0]",0,0,0,38,2.01569,8,0.0009657125920057297,0.00028482702327892184,31.446265935897827,0.8602524781835126,0.3137799375245311,0.02111024237685692,0.010694481119619752,0.81,0.3717948717948718,23607,2361,292,793,6,0.9974586963653564,0.00756620429456234,0.10322608798742294,0.10062428508885718,0.8799750063543168,0.3241839169231385,0.8881441159027367,0.33413366792105864,0.8971702109633145,0.3483038567582866,0.8129314581038719,0.03652747084549435,0.7382465104262034,0.517908106247584,1-4→1-5
smd,./data/SMD,machine-1-4,machine-1-5,shift_noMask_fixed,100,256,128,0.15,50,64,0.001,1,0,1,1,0.001,adam,0.1,0.99,fixed,gated,5000,none,8,0.95,"[0.5, 1.0, 2.0]",0,0,1,38,2.015652,0,0.000955606228671968,inf,27.90496802330017,0.8574671693637211,0.2791916160910754,0.012199036918138041,0.006138933764135703,0.95,0.33333333333333337,23607,0,0,793,0,0.0,0.0,0.0,0.010909667366335826,,,,,,,,,1.0,1.0,1-4→1-5
smd,./data/SMD,machine-2-5,machine-2-6,shift_fixed,100,256,128,0.15,50,64,0.001,1,1,1,1,0.001,adam,0.1,0.99,fixed,gated,5000,none,8,0.95,"[0.5, 1.0, 2.0]",0,0,0,38,2.01569,8,0.002692374400794506,0.0006882042507641017,32.05942726135254,0.7934458130983465,0.3246194154428695,0.19698725376593282,0.130568356374808,0.4009433962264151,0.3904109589041096,28644,28275,444,1121,752,0.973404049873352,0.6708295941352844,1.0,0.11234763047828669,0.8714606401329329,0.3470330619966083,0.8889756743755609,0.3561447338527363,0.8992329304880315,0.36242758643552564,0.8853616513215009,0.24113989476780542,0.0,0.0,2-5→2-6
smd,./data/SMD,machine-3-4,machine-3-5,shift_noMask_fixed,100,256,128,0.15,50,64,0.001,1,0,1,1,0.001,adam,0.1,0.99,fixed,gated,5000,none,8,0.95,"[0.5, 1.0, 2.0]",0,0,1,38,2.015652,0,0.0015715342015028,inf,27.90996241569519,0.8268181767732261,0.2692932207466842,0.0589648033126294,0.03056056313846682,0.8356807511737089,0.3472931562819203,23592,8898,202,1515,403,0.9547089338302612,0.26600658893585205,0.3847895860671997,0.020680184201007375,,,,,,,,,0.14609591414531073,0.8677698771158854,3-4→3-5
smd,./data/SMD,machine-2-4,machine-2-5,shift_fixed,100,256,128,0.15,50,64,0.001,1,1,1,1,0.001,adam,0.1,0.99,fixed,gated,5000,none,8,0.95,"[0.5, 1.0, 2.0]",0,0,0,38,2.01569,8,0.0005679897149093449,0.0003561358025763184,31.386221170425415,0.8349923971526169,0.26640892523124193,0.23186209509376773,0.1423586880669923,0.6244897959183674,0.2984189723320158,23590,19981,347,3016,844,0.9577598571777344,0.2798408567905426,0.93015456199646,0.1038354248654898,0.884222474052812,0.3004198846873795,0.899418126050896,0.31878684860708645,0.910247353157653,0.3281760390783556,0.9036808430712988,0.22716784456521721,0.08568321230510871,0.0660402663052082,2-4→2-5
smd,./data/SMD,machine-3-8,machine-3-9,shift_fixed,100,256,128,0.15,50,64,0.001,1,1,1,1,0.001,adam,0.1,0.99,fixed,gated,5000,none,8,0.95,"[0.5, 1.0, 2.0]",0,0,1,38,2.01569,8,0.0006636909092776477,0.00018415437079966068,33.782164573669434,0.8164566351038484,0.21424038778606302,0.02335551835368094,0.011824044980982305,0.9438943894389439,0.3024830699774267,28614,0,0,699,0,0.0,0.0,0.0,0.07442319185685302,0.8356599440303059,0.23307963289379274,0.8430636727875533,0.24817358094267525,0.8486073211333806,0.26938826125990456,0.8044731030653224,0.16999522431103964,1.0,1.0,3-8→3-9
smd,./data/SMD,machine-1-3,machine-1-4,shift_fixed,100,256,128,0.15,50,64,0.001,1,1,1,1,0.001,adam,0.1,0.99,fixed,gated,5000,none,8,0.95,"[0.5, 1.0, 2.0]",0,0,4,38,2.01569,8,0.0006630768184550107,0.00020554961520247161,30.653087615966797,0.8063105414654659,0.2544473365552729,0.2627599243856333,0.1991404011461318,0.3861111111111111,0.3302752293577982,23608,22555,363,1908,893,0.9604079127311707,0.46802935004234314,0.9982488751411438,0.09148471721428121,0.9036572603838884,0.3140977551921849,0.923458065669968,0.3457750209353247,0.9315330404141471,0.35681713543597954,0.9227651619514411,0.2896583117555177,0.0020940966496709734,0.0,1-3→1-4
smd,./data/SMD,machine-3-4,machine-3-5,shift_fixed,100,256,128,0.15,50,64,0.001,1,1,1,1,0.001,adam,0.1,0.99,fixed,gated,5000,none,8,0.95,"[0.5, 1.0, 2.0]",0,0,0,38,2.01569,8,0.0016803231555968523,0.0002761228824965656,30.280080795288086,0.8019251550567102,0.21866838825476465,0.058,0.03006739243131156,0.8169014084507042,0.3008849557522123,23592,10378,222,1515,446,0.9570244550704956,0.29438942670822144,0.4498799741268158,0.10042300301917571,0.8188182897802316,0.23526304649682409,0.82432243723823,0.2365337395784759,0.8266000328931106,0.2190613602795856,0.7988694254501867,0.10374751193963314,0.11007058185835679,0.8427786429723104,3-4→3-5
smd,./data/SMD,machine-1-2,machine-1-3,shift_fixed,100,256,128,0.15,50,64,0.001,1,1,1,1,0.001,adam,0.1,0.99,fixed,gated,5000,none,8,0.95,"[0.5, 1.0, 2.0]",0,0,0,38,2.01569,8,0.004222489893436432,0.0008267947123385966,29.123525381088257,0.7841037654465522,0.22407720470772002,0.2,0.45064377682403434,0.12851897184822522,0.2976995940460081,23604,23405,367,2005,1806,0.9228370189666748,0.9007481336593628,1.0,0.09460939914164877,0.8521883678465483,0.2506677210888726,0.8701848906575521,0.26282256469114285,0.88183707848523,0.27007170100722355,0.8830580202164291,0.24284291972282704,0.0,0.0,1-2→1-3
smd,./data/SMD,machine-3-8,machine-3-9,shift_noMask_fixed,100,256,128,0.15,50,64,0.001,1,0,1,1,0.001,adam,0.1,0.99,fixed,gated,5000,none,8,0.95,"[0.5, 1.0, 2.0]",0,0,3,38,2.015652,0,0.0006233032327145338,inf,34.65004110336304,0.8329992344535404,0.2613705810778837,0.02357627738709809,0.011935138694542761,0.9570957095709571,0.3683168316831683,28614,0,0,699,0,0.0,0.0,0.0,0.013126711713082054,,,,,,,,,1.0,1.0,3-8→3-9
smd,./data/SMD,machine-3-1,machine-3-2,shift_fixed,100,256,128,0.15,50,64,0.001,1,1,1,1,0.001,adam,0.1,0.99,fixed,gated,5000,none,8,0.95,"[0.5, 1.0, 2.0]",0,0,1,38,2.01569,8,0.0003920056624338031,0.00020624585158657283,35.85717010498047,0.4591852030586893,0.045227550766304664,0.088630175570369,0.046748873371960584,0.8512173128944995,0.09078241776801925,23604,58,12,2018,0,1.0,0.0,0.002686926629394293,0.0686664598268122,0.48201973233076634,0.046853062547102,0.4959062321979079,0.04794827729074036,0.5127204865308528,0.04945244395197859,0.5664935702345388,0.05681503635386881,0.9998588164647421,0.9946819345156351,3-1→3-2
smd,./data/SMD,machine-3-1,machine-3-2,shift_fixed,100,256,128,0.15,50,64,0.001,1,1,1,1,0.001,adam,0.1,0.99,fixed,gated,5000,none,8,0.95,"[0.5, 1.0, 2.0]",0,0,4,38,2.01569,8,0.0003969859972130507,0.0002033631899394095,37.56243968009949,0.4766082156078846,0.047727123500677295,0.08849376660535457,0.046904620050912636,0.7808836789900812,0.09119811854884369,23604,120,17,2018,0,1.0,0.0,0.005559158511459827,0.07314836346604141,0.5018241794046202,0.04959818938907157,0.5145155719741102,0.05089742598170329,0.5280204181341025,0.05253505114387857,0.5643494171190465,0.056520356248626585,0.9983057975769043,0.9917781551678976,3-1→3-2
smd,./data/SMD,machine-1-4,machine-1-5,shift_noMask_fixed,100,256,128,0.15,50,64,0.001,1,0,1,1,0.001,adam,0.1,0.99,fixed,gated,5000,none,8,0.95,"[0.5, 1.0, 2.0]",0,0,2,38,2.015652,0,0.0009725139825604856,inf,26.623024225234985,0.866352198593578,0.2830005291234013,0.01261958070425402,0.006352892957169206,0.93,0.3382352941176471,23607,0,0,793,0,0.0,0.0,0.0,0.011587342914169725,,,,,,,,,1.0,1.0,1-4→1-5
smd,./data/SMD,machine-1-3,machine-1-4,shift_fixed,100,256,128,0.15,50,64,0.001,1,1,1,1,0.001,adam,0.1,0.99,fixed,gated,5000,none,8,0.95,"[0.5, 1.0, 2.0]",0,0,3,38,2.01569,8,0.0006597439642064273,0.0002067770401481539,30.238301753997803,0.795762157838005,0.2420274850787891,0.25341841385597086,0.18860244233378562,0.3861111111111111,0.3178082191780822,23608,22545,363,1908,897,0.9602128863334656,0.47012579441070557,0.997603714466095,0.09469679354490243,0.9008886665409919,0.30300014569075934,0.9225028760217127,0.3388330224125452,0.9307621940903794,0.352325364277424,0.9212027450297994,0.29018045126412806,0.004208087455481291,0.0,1-3→1-4
smd,./data/SMD,machine-3-1,machine-3-2,shift_fixed,100,256,128,0.15,50,64,0.001,1,1,1,1,0.001,adam,0.1,0.99,fixed,gated,5000,none,8,0.95,"[0.5, 1.0, 2.0]",0,0,3,38,2.01569,8,0.0004022846114821732,0.00019910273840650916,36.65829801559448,0.4803480667441814,0.04653121186956087,0.08977267242627539,0.04742478327383988,0.8385933273219116,0.09021584593511697,23604,105,17,2018,0,1.0,0.0,0.004864263813942671,0.07900899193121647,0.5056673360539313,0.04826752074844533,0.5190953965051966,0.049392947029088474,0.5331110033202235,0.050769016792800464,0.5648527546234455,0.05568853415742967,0.9988705317179362,0.9920737942059835,3-1→3-2
smd,./data/SMD,machine-1-3,machine-1-4,shift_fixed,100,256,128,0.15,50,64,0.001,1,1,1,1,0.001,adam,0.1,0.99,fixed,gated,5000,none,8,0.95,"[0.5, 1.0, 2.0]",0,0,0,38,2.01569,8,0.000657468568533659,0.00021704897517338395,29.803534030914307,0.8097800447595984,0.24419874970213276,0.2588785046728972,0.19507042253521126,0.38472222222222224,0.32480141218005293,23608,22503,363,1908,869,0.9613829255104065,0.45545074343681335,0.9969585537910461,0.10659136395662851,0.9053661973192578,0.30966764856553414,0.926623381331477,0.34382259139902294,0.9355148803913323,0.3587031713116423,0.9243660668107093,0.29564081197992764,0.004657938921203216,0.0,1-3→1-4
smd,./data/SMD,machine-2-6,machine-2-7,shift_fixed,100,256,128,0.15,50,64,0.001,1,1,1,1,0.001,adam,0.1,0.99,fixed,gated,5000,none,8,0.95,"[0.5, 1.0, 2.0]",0,0,3,38,2.01569,8,0.0004302948946133256,0.0001638570538489148,34.69087815284729,0.8005976506650687,0.14064503818379487,0.0805774278215223,0.04262113008468694,0.7362110311750599,0.178060413354531,23597,17841,325,2397,1404,0.9213048815727234,0.5857321619987488,0.7753301858901978,0.0947313389141802,0.8108905804605853,0.13900788663462585,0.8105906013622884,0.13468308003462512,0.807918294429279,0.12754453620176978,0.7816873783073288,0.06781984020598175,0.18635672827561697,0.2915495236714681,2-6→2-7
smd,./data/SMD,machine-1-7,machine-1-8,shift_gate_gbuf5k,100,256,128,0.15,50,64,0.001,1,1,1,1,0.001,adam,0.1,0.99,adaptive,gated,5000,unc,8,0.95,"[0.5, 1.0, 2.0]",0,0,3,38,2.01569,8,0.0024281791411340237,0.0006619528867304325,29.407302379608154,0.8089118630175436,0.3670402817369714,0.2713440405748098,0.20024953212726138,0.42070773263433814,0.39596700274977087,23600,22980,366,2691,2151,0.9063968658447266,0.7993311285972595,0.9961739182472229,0.1022329572903908,0.8771231796174757,0.39754326430840115,0.8986891440127891,0.4135170018259089,0.9142865657061121,0.4172341481316904,0.9138706554131366,0.2967760982075529,0.0,0.0,1-7→1-8
smd,./data/SMD,machine-3-2,machine-3-3,shift_gate_gbuf5k,100,256,128,0.15,50,64,0.001,1,1,1,1,0.001,adam,0.1,0.99,adaptive,gated,5000,unc,8,0.95,"[0.5, 1.0, 2.0]",0,0,0,38,2.01569,8,0.007416234351694584,0.0010278199333697557,31.672306776046753,0.848577506201275,0.14432503811179648,0.2144212523719165,0.15311653116531165,0.3575949367088608,0.21346153846153845,23604,23173,368,3206,3006,0.8702800869941711,0.9376169443130493,0.9886753559112549,0.11073652111338551,0.8777819323837422,0.16787716363674834,0.8783000426860615,0.16996866808657052,0.875098828108497,0.16255388005094168,0.853748939020931,0.11015179800997632,0.0,0.0,3-2→3-3
smd,./data/SMD,machine-2-3,machine-2-4,shift_gate_gbuf5k,100,256,128,0.15,50,64,0.001,1,1,1,1,0.001,adam,0.1,0.99,adaptive,gated,5000,unc,8,0.95,"[0.5, 1.0, 2.0]",0,0,0,38,2.01569,8,0.0006586731760762632,0.00023393162700813264,31.891257286071777,0.7733150552355331,0.345244589919434,0.2913928514184965,0.2,0.5365997638724912,0.34413075780089153,23590,17980,357,3674,1231,0.9315350651741028,0.33505716919898987,0.8409821391105652,0.12003847884646711,0.8077330283017525,0.3713341607358045,0.8234613533772435,0.38996369989217483,0.8365259572517421,0.4122080126520117,0.8289730305240028,0.3892648318476263,0.11700723782996647,0.026923077801863354,2-3→2-4
smd,./data/SMD,machine-1-3,machine-1-4,shift_noMask_fixed,100,256,128,0.15,50,64,0.001,1,0,1,1,0.001,adam,0.1,0.99,fixed,gated,5000,none,8,0.95,"[0.5, 1.0, 2.0]",0,0,2,38,2.015652,0,0.0006769168539904058,inf,27.150585412979126,0.8091636335513309,0.25300419319932527,0.2742409402546523,0.2118003025718608,0.3888888888888889,0.3373676248108926,23608,22535,363,1908,878,0.9610384106636047,0.46016770601272583,0.9980184435844421,0.02978481061981315,,,,,,,,,0.004210929696758588,0.0,1-3→1-4
smd,./data/SMD,machine-2-8,machine-2-9,shift_noMask_fixed,100,256,128,0.15,50,64,0.001,1,0,1,1,0.001,adam,0.1,0.99,fixed,gated,5000,none,8,0.95,"[0.5, 1.0, 2.0]",0,0,3,38,2.015652,0,0.00010536142508499324,inf,27.681491136550903,0.7671338304482517,0.209836401675168,0.15336778087704056,0.08337476384607737,0.9555555555555556,0.24961636828644498,28623,1514,130,2745,0,1.0,0.0,0.05850529298186302,0.017767519261674327,,,,,,,,,0.9154732624689738,0.9787049293518066,2-8→2-9
smd,./data/SMD,machine-1-6,machine-1-7,shift_noMask_fixed,100,256,128,0.15,50,64,0.001,1,0,1,1,0.001,adam,0.1,0.99,fixed,gated,5000,none,8,0.95,"[0.5, 1.0, 2.0]",0,0,0,38,2.015652,0,0.0005722983041778207,inf,29.307093858718872,0.6214144250057984,0.22801938136510636,0.21904761904761907,0.2995658465991317,0.17264386989157632,0.2384418650403305,23598,21871,361,3677,2147,0.9018334746360779,0.5838999152183533,0.9901109337806702,0.031284118407923785,,,,,,,,,0.0019120459134380023,0.01051051045457522,1-6→1-7
smd,./data/SMD,machine-3-9,machine-3-10,shift_gate_gbuf5k,100,256,128,0.15,50,64,0.001,1,1,1,1,0.001,adam,0.1,0.99,adaptive,gated,5000,unc,8,0.95,"[0.5, 1.0, 2.0]",0,0,4,38,2.01569,8,0.00023342766507994384,0.00012907039490528405,36.42356729507446,0.968541517839331,0.6451535251413676,0.4239390642002176,0.27452085682074406,0.9302769818529131,0.7290552584670231,23594,20306,349,2334,225,0.9889195561408997,0.09640102833509445,0.944543719291687,0.10177141692240864,0.9729671356346224,0.6523020026941003,0.9737804087512455,0.6511867816068619,0.973750421861969,0.6439419585477777,0.9652657348715299,0.5457565396051359,0.040722119311491646,0.025592520367354155,3-9→3-10
smd,./data/SMD,machine-2-1,machine-2-2,shift_fixed,100,256,128,0.15,50,64,0.001,1,1,1,1,0.001,adam,0.1,0.99,fixed,gated,5000,none,8,0.95,"[0.5, 1.0, 2.0]",0,0,1,38,2.01569,8,0.0013761433074250817,0.0003181587962899357,28.61039662361145,0.5540326239785565,0.13835212512430367,0.16270640354409988,0.13128249566724437,0.21390751853159196,0.23005812344312201,23601,0,0,3922,0,0.0,0.0,0.0,0.06873102229730814,0.5125215822779983,0.12976419399367328,0.49986553603714556,0.12707225676043077,0.4909563638982207,0.12473875439027872,0.47213003891605976,0.1113099097299162,1.0,1.0,2-1→2-2
smd,./data/SMD,machine-1-6,machine-1-7,shift_noMask_fixed,100,256,128,0.15,50,64,0.001,1,0,1,1,0.001,adam,0.1,0.99,fixed,gated,5000,none,8,0.95,"[0.5, 1.0, 2.0]",0,0,1,38,2.015652,0,0.0005793800228275359,inf,27.628197193145752,0.640423273992236,0.23436751852147936,0.22883769091379758,0.30170648464163824,0.18432026688907424,0.25356265356265356,23598,21847,361,3677,2170,0.9006728529930115,0.5901550054550171,0.9877516031265259,0.029995700284296885,,,,,,,,,0.0019120459134380023,0.013063063224156698,1-6→1-7
smd,./data/SMD,machine-2-5,machine-2-6,shift_noMask_fixed,100,256,128,0.15,50,64,0.001,1,0,1,1,0.001,adam,0.1,0.99,fixed,gated,5000,none,8,0.95,"[0.5, 1.0, 2.0]",0,0,1,38,2.015652,0,0.002439231611788273,inf,27.83989930152893,0.8124071811244802,0.34519578516413535,0.2008830022075055,0.13112391930835735,0.42924528301886794,0.40983606557377045,28644,28228,444,1121,749,0.9734660387039185,0.6681534051895142,0.9984013438224792,0.028317017256256388,,,,,,,,,0.0,0.005321412036816279,2-5→2-6
smd,./data/SMD,machine-3-5,machine-3-6,shift_gate_gbuf5k,100,256,128,0.15,50,64,0.001,1,1,1,1,0.001,adam,0.1,0.99,adaptive,gated,5000,unc,8,0.95,"[0.5, 1.0, 2.0]",0,0,4,38,2.01569,8,0.001273874193429947,0.00045404155389405787,29.977603912353516,0.7076068146437062,0.16670144097474354,0.1671826625386997,0.12080536912751678,0.271356783919598,0.19764177428411006,28627,25018,440,2283,1175,0.9530338048934937,0.51467365026474,0.9050637483596802,0.1082503633635399,0.766180227983834,0.17552305820959688,0.7887964113511527,0.17835815788095258,0.8085731243509912,0.1789906216474566,0.8311992246086843,0.13815106113358175,0.07733296478788058,0.02951870328009439,3-5→3-6
smd,./data/SMD,machine-3-2,machine-3-3,shift_noMask_fixed,100,256,128,0.15,50,64,0.001,1,0,1,1,0.001,adam,0.1,0.99,fixed,gated,5000,none,8,0.95,"[0.5, 1.0, 2.0]",0,0,0,38,2.015652,0,0.007199068553745747,inf,29.103776693344116,0.8461158907368502,0.14911606314035822,0.1473684210526316,0.22012578616352202,0.11075949367088607,0.22735884804850326,23604,23604,369,3206,3206,0.86417555809021,1.0,1.0,0.031286721471163646,,,,,,,,,0.0,0.0,3-2→3-3
smd,./data/SMD,machine-1-1,machine-1-2,shift_noMask_fixed,100,256,128,0.15,50,64,0.001,1,0,1,1,0.001,adam,0.1,0.99,fixed,gated,5000,none,8,0.95,"[0.5, 1.0, 2.0]",0,0,3,38,2.015652,0,0.00013535268954001367,inf,32.89879894256592,0.8897272349969527,0.23347510955532905,0.044726852615943224,0.022874989448805606,1.0,0.2996987951807229,23595,0,0,1532,0,0.0,0.0,0.0,0.011783980999894252,,,,,,,,,1.0,1.0,1-1→1-2
smd,./data/SMD,machine-3-5,machine-3-6,shift_noMask_fixed,100,256,128,0.15,50,64,0.001,1,0,1,1,0.001,adam,0.1,0.99,fixed,gated,5000,none,8,0.95,"[0.5, 1.0, 2.0]",0,0,4,38,2.015652,0,0.0012432117946445942,inf,27.293304681777954,0.7281993896062715,0.18175540002403143,0.1923160408074669,0.12979783181951363,0.3710217755443886,0.20179640718562875,28627,25727,440,2283,1101,0.9572045207023621,0.48226019740104675,0.9347859025001526,0.029939308756824545,,,,,,,,,0.06247048328320185,0.0723101943731308,3-5→3-6
smd,./data/SMD,machine-2-4,machine-2-5,shift_fixed,100,256,128,0.15,50,64,0.001,1,1,1,1,0.001,adam,0.1,0.99,fixed,gated,5000,none,8,0.95,"[0.5, 1.0, 2.0]",0,0,1,38,2.01569,8,0.0005676366272382438,0.00032319597085006535,29.897727012634277,0.8434797495553772,0.29380669191686815,0.24822415153906868,0.15386497064579258,0.6418367346938776,0.3218790778599391,23590,20157,349,3016,834,0.9586247801780701,0.27652519941329956,0.9391950964927673,0.09029297668987435,0.8962585633134755,0.33406617781518927,0.9091876726030585,0.351449929533321,0.9169122913598041,0.35436230947985464,0.9038771600938584,0.23022534507080067,0.07639062125235796,0.0601517508427302,2-4→2-5
smd,./data/SMD,machine-1-7,machine-1-8,shift_gate_gbuf5k,100,256,128,0.15,50,64,0.001,1,1,1,1,0.001,adam,0.1,0.99,adaptive,gated,5000,unc,8,0.95,"[0.5, 1.0, 2.0]",0,0,1,38,2.01569,8,0.002437320537865162,0.0007249242626130581,29.681556701660156,0.8221904498288245,0.35881550932412487,0.2606112054329372,0.19271814187068426,0.40235910878112713,0.3979504696840307,23600,23052,367,2691,2204,0.9043900966644287,0.8190264105796814,0.9970825910568237,0.09507121676105564,0.8732868735888707,0.3828725844370839,0.8916731827945881,0.39635245045204887,0.9061421296069844,0.40193220833254745,0.9072387190797253,0.2980685808669076,0.0,0.0,1-7→1-8
smd,./data/SMD,machine-1-2,machine-1-3,shift_fixed,100,256,128,0.15,50,64,0.001,1,1,1,1,0.001,adam,0.1,0.99,fixed,gated,5000,none,8,0.95,"[0.5, 1.0, 2.0]",0,0,2,38,2.01569,8,0.004306463059037924,0.0008025694987736642,28.555184841156006,0.7911667654836687,0.23477043099789963,0.19842829076620824,0.5024875621890548,0.12362301101591187,0.2937062937062937,23604,23417,368,2005,1818,0.9223641157150269,0.9067331552505493,1.0,0.09650462685025682,0.8563668402301826,0.2605589925777376,0.872753740507872,0.27245579621755417,0.8827698054462056,0.2792313794134637,0.8841442941444322,0.2416902423745729,0.0,0.0,1-2→1-3
smd,./data/SMD,machine-2-5,machine-2-6,shift_gate_gbuf5k,100,256,128,0.15,50,64,0.001,1,1,1,1,0.001,adam,0.1,0.99,adaptive,gated,5000,unc,8,0.95,"[0.5, 1.0, 2.0]",0,0,4,38,2.01569,8,0.002820385852828622,0.0006824890151619911,30.379295110702515,0.8016660092863849,0.31416268439139955,0.1423345527103425,0.08284939992257065,0.5047169811320755,0.36762225969645873,28644,27687,443,1121,585,0.9788709282875061,0.5218554735183716,0.9847037196159363,0.10004296280821348,0.880408146540725,0.3424688260608469,0.8979541204085264,0.3570075139419879,0.9091628428676792,0.37031958654976255,0.8977540330613422,0.25909323365880665,0.022274641320109367,0.008761793995896975,2-5→2-6
smd,./data/SMD,machine-1-4,machine-1-5,shift_gate_gbuf5k,100,256,128,0.15,50,64,0.001,1,1,1,1,0.001,adam,0.1,0.99,adaptive,gated,5000,unc,8,0.95,"[0.5, 1.0, 2.0]",0,0,2,38,2.01569,8,0.0009402090799994767,0.00027194421272724867,29.319693088531494,0.8674417520969244,0.33002447014617214,0.024629819674534526,0.012498140157714626,0.84,0.42384105960264895,23607,1773,274,793,8,0.9954878687858582,0.010088272392749786,0.07736477255821228,0.0953566150905247,0.885958230958231,0.3401451893949053,0.8915135982377361,0.3494285994760038,0.8952846733881217,0.3631846112681666,0.7901236973650767,0.031960844592548665,0.8266271352767944,0.7209407885869344,1-4→1-5
smd,./data/SMD,machine-3-10,machine-3-11,shift_gate_gbuf5k,100,256,128,0.15,50,64,0.001,1,1,1,1,0.001,adam,0.1,0.99,adaptive,gated,5000,unc,8,0.95,"[0.5, 1.0, 2.0]",0,0,3,38,2.01569,8,0.0011326620588079095,0.00010460303747095168,30.530053853988647,0.8667505286566275,0.19561877058113286,0.016183179822673668,0.008161139086646988,0.9494949494949495,0.22857142857142856,28597,0,0,440,0,0.0,0.0,0.0,0.08481653619488708,0.9192959491752389,0.24067838337329817,0.9316048051573355,0.2726497737950972,0.9360337886550253,0.2855000467274348,0.8996011416005801,0.1521285982394569,1.0,1.0,3-10→3-11
smd,./data/SMD,machine-3-4,machine-3-5,shift_fixed,100,256,128,0.15,50,64,0.001,1,1,1,1,0.001,adam,0.1,0.99,fixed,gated,5000,none,8,0.95,"[0.5, 1.0, 2.0]",0,0,3,38,2.01569,8,0.0016659904504194856,0.0002830441517289728,30.208264112472534,0.8018090706283694,0.22479317650487066,0.06146780888457123,0.03193539506286134,0.8169014084507042,0.3026166097838453,23592,10484,224,1515,466,0.9555513262748718,0.3075907528400421,0.45377543568611145,0.08638213755276777,0.8222453281188672,0.2433697657132363,0.8298885367509881,0.24573347713215582,0.8343984243594671,0.22580258153309646,0.8111583318955211,0.1116967996673257,0.10710328382750352,0.8473497629165649,3-4→3-5
smd,./data/SMD,machine-2-2,machine-2-3,shift_fixed,100,256,128,0.15,50,64,0.001,1,1,1,1,0.001,adam,0.1,0.99,fixed,gated,5000,none,8,0.95,"[0.5, 1.0, 2.0]",0,0,2,38,2.01569,8,0.0008101370185613632,0.0003923302283510566,30.119158267974854,0.9183651376671038,0.3321931507952431,0.1307300509337861,0.07075038284839204,0.8587360594795539,0.35483870967741926,23590,20367,352,1259,590,0.9710315465927124,0.46862590312957764,0.8856298327445984,0.09168201000218475,0.9273056422401341,0.33749362076028633,0.9274173886266307,0.3386489275391562,0.9260683367248785,0.3338127872662072,0.8921109273362773,0.14548150914608637,0.12763322268923125,0.11449679483970006,2-2→2-3
smd,./data/SMD,machine-2-6,machine-2-7,shift_noMask_fixed,100,256,128,0.15,50,64,0.001,1,0,1,1,0.001,adam,0.1,0.99,fixed,gated,5000,none,8,0.95,"[0.5, 1.0, 2.0]",0,0,2,38,2.015652,0,0.0003992268175352365,inf,34.092944622039795,0.7797351963353927,0.0986217124711112,0.061361276314547346,0.03193789308176101,0.7793764988009593,0.19452887537993918,23597,15544,303,2397,1207,0.9223494529724121,0.5035461187362671,0.6762735843658447,0.025390745113576658,,,,,,,,,0.25992201268672943,0.3544725825389226,2-6→2-7
smd,./data/SMD,machine-1-3,machine-1-4,shift_gate_gbuf5k,100,256,128,0.15,50,64,0.001,1,1,1,1,0.001,adam,0.1,0.99,adaptive,gated,5000,unc,8,0.95,"[0.5, 1.0, 2.0]",0,0,2,38,2.01569,8,0.0006582366186194122,0.0002069120528176427,28.45589566230774,0.7978259753097161,0.2547571027370422,0.26894865525672373,0.1903114186851211,0.4583333333333333,0.32187499999999997,23608,22095,361,1908,609,0.9724372029304504,0.3191823959350586,0.9901382327079773,0.09778029875850645,0.9004859630805818,0.3079852987161052,0.9219847993793592,0.33808333016515224,0.93124555908412,0.3506093181776421,0.92180831073602,0.2850724368376391,0.006922827567905188,0.0,1-3→1-4
